cons_standings_ID,race_ID,constructor_ID,cumul_points,cumul_position
1,18,1,14,1
2,18,2,8,3
3,18,3,9,2
4,18,4,5,4
5,18,5,2,5
6,18,6,1,6
7,19,1,24,1
8,19,2,19,2
9,19,3,9,4
10,19,4,6,5
11,19,5,2,8
12,19,6,11,3
13,19,7,5,6
14,19,9,2,7
15,19,11,0,9
16,19,10,0,10
17,19,8,0,11
18,20,1,28,3
19,20,2,30,1
20,20,3,10,4
21,20,4,6,6
22,20,5,2,8
23,20,6,29,2
24,20,7,8,5
25,20,9,4,7
26,20,11,0,9
27,20,10,0,10
28,20,8,0,11
29,21,1,34,3
30,21,2,35,2
31,21,3,12,4
32,21,4,6,7
33,21,5,2,9
34,21,6,47,1
35,21,7,9,5
36,21,9,8,6
37,21,11,3,8
38,21,10,0,10
39,21,8,0,11
40,22,1,42,3
41,22,2,44,2
42,22,3,13,4
43,22,4,9,7
44,22,5,2,9
45,22,6,63,1
46,22,7,9,6
47,22,9,10,5
48,22,11,3,8
49,22,10,0,10
50,22,8,0,11
51,23,1,53,2
52,23,2,52,3
53,23,3,15,4
54,23,4,9,7
55,23,5,6,8
56,23,6,69,1
57,23,7,9,6
58,23,9,15,5
59,23,11,6,9
60,23,10,0,10
61,23,8,0,11
62,24,1,53,3
63,24,2,70,2
64,24,3,15,6
65,24,4,9,7
66,24,5,7,9
67,24,6,73,1
68,24,7,17,5
69,24,9,21,4
70,24,11,8,8
71,24,10,0,10
72,24,8,0,11
73,25,1,58,3
74,25,2,74,2
75,25,3,15,6
76,25,4,12,7
77,25,5,7,9
78,25,6,91,1
79,25,7,23,5
80,25,9,24,4
81,25,11,8,8
82,25,10,0,10
83,25,8,0,11
84,26,1,72,3
85,26,2,82,2
86,26,3,16,6
87,26,4,15,7
88,26,5,7,9
89,26,6,96,1
90,26,7,25,4
91,26,9,24,5
92,26,11,14,8
93,26,10,0,10
94,26,8,0,11
95,27,1,86,3
96,27,2,89,2
97,27,3,16,7
98,27,4,23,6
99,27,5,8,9
100,27,6,105,1
101,27,7,25,4
102,27,9,24,5
103,27,11,14,8
104,27,10,0,10
105,27,8,0,11
106,28,1,100,2
107,28,2,90,3
108,28,3,16,7
109,28,4,31,5
110,28,5,8,9
111,28,6,111,1
112,28,7,35,4
113,28,9,24,6
114,28,11,14,8
115,28,10,0,10
116,28,8,0,11
117,29,1,113,2
118,29,2,96,3
119,29,3,17,7
120,29,4,31,5
121,29,5,11,9
122,29,6,121,1
123,29,7,41,4
124,29,9,24,6
125,29,11,14,8
126,29,10,0,10
127,29,8,0,11
128,30,1,119,2
129,30,2,107,3
130,30,3,17,7
131,30,4,36,5
132,30,5,17,8
133,30,6,131,1
134,30,7,41,4
135,30,9,25,6
136,30,11,14,9
137,30,10,0,10
138,30,8,0,11
139,31,1,129,2
140,31,2,117,3
141,31,3,17,8
142,31,4,41,5
143,31,5,27,6
144,31,6,134,1
145,31,7,41,4
146,31,9,26,7
147,31,11,14,9
148,31,10,0,10
149,31,8,0,11
150,32,1,135,1
151,32,2,120,3
152,32,3,26,8
153,32,4,51,4
154,32,5,31,6
155,32,6,134,2
156,32,7,46,5
157,32,9,28,7
158,32,11,14,9
159,32,10,0,10
160,32,8,0,11
161,33,1,135,2
162,33,2,128,3
163,33,3,26,8
164,33,4,66,4
165,33,5,34,6
166,33,6,142,1
167,33,7,50,5
168,33,9,29,7
169,33,11,14,9
170,33,10,0,10
171,33,8,0,11
183,35,1,151,2
184,35,2,135,3
185,35,3,26,8
186,35,4,80,4
187,35,5,39,6
188,35,6,172,1
189,35,7,56,5
190,35,9,29,7
191,35,11,14,9
192,35,10,0,10
193,35,8,0,11
1454,158,6,16,1
1455,158,3,4,2
1456,158,16,4,3
1457,158,22,2,4
1458,158,18,0,5
1459,158,20,0,6
1460,159,6,26,1
1461,159,3,7,4
1462,159,16,4,5
1463,159,22,8,2
1464,159,18,0,7
1465,159,20,0,8
1466,159,17,7,3
1467,159,21,0,6
1468,160,6,39,1
1469,160,3,7,5
1470,160,16,6,6
1471,160,22,8,3
1472,160,18,0,10
1473,160,20,0,11
1474,160,17,7,4
1475,160,21,0,8
1476,160,1,10,2
1477,160,15,1,7
1478,160,19,0,9
1479,161,6,43,1
1480,161,3,12,3
1481,161,16,6,6
1482,161,22,8,4
1483,161,18,0,10
1484,161,20,0,11
1485,161,17,8,5
1486,161,21,0,8
1487,161,1,26,2
1488,161,15,1,7
1489,161,19,0,9
1490,162,6,49,1
1491,162,3,15,3
1492,162,16,6,6
1493,162,22,8,5
1494,162,18,0,10
1495,162,20,0,11
1496,162,17,9,4
1497,162,21,0,8
1498,162,1,42,2
1499,162,15,1,7
1500,162,19,0,9
1501,163,6,62,1
1502,163,3,15,3
1503,163,16,6,6
1504,163,22,10,4
1505,163,18,0,10
1506,163,20,0,11
1507,163,17,9,5
1508,163,21,1,8
1509,163,1,52,2
1510,163,15,1,7
1511,163,19,0,9
1512,164,6,68,1
1513,164,3,15,3
1514,164,16,6,6
1515,164,22,14,4
1516,164,18,0,10
1517,164,20,0,11
1518,164,17,9,5
1519,164,21,1,9
1520,164,1,63,2
1521,164,15,3,8
1522,164,19,3,7
1523,165,6,84,1
1524,165,3,15,4
1525,165,16,6,6
1526,165,22,18,3
1527,165,18,0,10
1528,165,20,0,11
1529,165,17,10,5
1530,165,21,3,9
1531,165,1,66,2
1532,165,15,3,8
1533,165,19,3,7
1534,166,6,88,1
1535,166,3,17,4
1536,166,16,9,6
1537,166,22,18,3
1538,166,18,0,10
1539,166,20,0,11
1540,166,17,11,5
1541,166,21,3,9
1542,166,1,82,2
1543,166,15,3,8
1544,166,19,3,7
1545,167,6,92,2
1546,167,3,19,3
1547,167,16,12,5
1548,167,22,18,4
1549,167,18,0,10
1550,167,20,0,11
1551,167,17,11,6
1552,167,21,3,9
1553,167,1,98,1
1554,167,15,4,7
1555,167,19,3,8
1556,168,6,102,2
1557,168,3,22,3
1558,168,16,12,5
1559,168,22,18,4
1560,168,18,0,10
1561,168,20,0,11
1562,168,17,11,6
1563,168,21,4,8
1564,168,1,108,1
1565,168,15,6,7
1566,168,19,3,9
1567,169,6,111,2
1568,169,3,24,3
1569,169,16,12,6
1570,169,22,18,4
1571,169,18,0,10
1572,169,20,0,11
1573,169,17,12,5
1574,169,21,4,8
1575,169,1,122,1
1576,169,15,6,7
1577,169,19,3,9
1578,170,6,117,2
1579,170,3,30,3
1580,170,16,12,6
1581,170,22,18,4
1582,170,18,0,10
1583,170,20,0,11
1584,170,17,13,5
1585,170,21,4,8
1586,170,1,135,1
1587,170,15,6,7
1588,170,19,3,9
1589,171,6,127,2
1590,171,3,34,3
1591,171,16,13,6
1592,171,22,20,4
1593,171,18,0,10
1594,171,20,0,11
1595,171,17,13,5
1596,171,21,7,7
1597,171,1,141,1
1598,171,15,6,8
1599,171,19,3,9
1600,172,6,143,1
1601,172,3,34,3
1602,172,16,17,6
1603,172,22,20,4
1604,172,18,0,10
1605,172,20,0,11
1606,172,17,17,5
1607,172,21,7,7
1608,172,1,143,2
1609,172,15,6,8
1610,172,19,3,9
1611,173,6,156,1
1612,173,3,36,3
1613,173,16,18,5
1614,173,22,20,4
1615,173,18,0,10
1616,173,20,0,11
1617,173,17,17,6
1618,173,21,7,7
1619,173,1,153,2
1620,173,15,6,8
1621,173,19,3,9
1622,174,6,170,1
1623,174,3,36,3
1624,174,16,20,5
1625,174,22,20,4
1626,174,18,0,10
1627,174,20,0,11
1628,174,17,17,6
1629,174,21,7,7
1630,174,1,162,2
1631,174,15,6,8
1632,174,19,4,9
1633,34,1,145,2
1634,34,2,135,3
1635,34,3,26,8
1636,34,4,72,4
1637,34,5,34,6
1638,34,6,156,1
1639,34,7,52,5
1640,34,9,29,7
1641,34,11,14,9
1642,34,10,0,10
1643,34,8,0,11
2055,191,1,16,1
2056,191,3,6,2
2057,191,6,3,3
2058,191,15,1,4
2059,191,22,0,5
2060,191,17,0,6
2061,191,20,0,7
2062,192,1,32,1
2063,192,3,8,2
2064,192,6,7,3
2065,192,15,1,5
2066,192,22,4,4
2067,192,17,0,6
2068,192,20,0,7
2069,192,24,0,8
2070,193,1,39,1
2071,193,3,8,3
2072,193,6,21,2
2073,193,15,3,5
2074,193,22,7,4
2075,193,17,0,6
2076,193,20,0,7
2077,193,24,0,8
2078,193,25,0,9
2079,193,18,0,10
2080,194,1,49,1
2081,194,3,13,3
2082,194,6,31,2
2083,194,15,4,5
2084,194,22,7,4
2085,194,17,0,6
2086,194,20,0,8
2087,194,24,0,10
2088,194,25,0,11
2089,194,18,0,7
2090,194,21,0,9
2091,195,1,65,1
2092,195,3,14,3
2093,195,6,35,2
2094,195,15,4,5
2095,195,22,10,4
2096,195,17,0,7
2097,195,20,0,9
2098,195,24,2,6
2099,195,25,0,11
2100,195,18,0,8
2101,195,21,0,10
2102,196,1,75,1
2103,196,3,16,4
2104,196,6,39,2
2105,196,15,4,6
2106,196,22,16,3
2107,196,17,0,8
2108,196,20,0,10
2109,196,24,2,7
2110,196,25,0,11
2111,196,18,0,9
2112,196,21,4,5
2113,197,1,75,1
2114,197,3,16,4
2115,197,6,53,2
2116,197,15,4,7
2117,197,22,25,3
2118,197,17,0,8
2119,197,20,0,11
2120,197,24,5,5
2121,197,25,0,10
2122,197,18,0,9
2123,197,21,4,6
2124,198,1,80,1
2125,198,3,19,4
2126,198,6,69,2
2127,198,15,4,7
2128,198,22,27,3
2129,198,17,0,8
2130,198,20,0,11
2131,198,24,5,5
2132,198,25,0,10
2133,198,18,0,9
2134,198,21,4,6
2135,199,1,86,1
2136,199,3,19,4
2137,199,6,83,2
2138,199,15,4,7
2139,199,22,32,3
2140,199,17,1,8
2141,199,20,0,11
2142,199,24,5,5
2143,199,25,0,10
2144,199,18,0,9
2145,199,21,4,6
2146,200,1,102,1
2147,200,3,20,4
2148,200,6,90,2
2149,200,15,4,7
2150,200,22,32,3
2151,200,17,3,8
2152,200,20,0,11
2153,200,24,5,5
2154,200,25,0,10
2155,200,18,0,9
2156,200,21,4,6
2157,201,1,118,1
2158,201,3,24,4
2159,201,6,92,2
2160,201,15,4,8
2161,201,22,32,3
2162,201,17,7,5
2163,201,20,0,11
2164,201,24,5,6
2165,201,25,0,10
2166,201,18,0,9
2167,201,21,4,7
2168,202,1,125,1
2169,202,3,30,4
2170,202,6,102,2
2171,202,15,4,8
2172,202,22,32,3
2173,202,17,10,5
2174,202,20,0,11
2175,202,24,5,6
2176,202,25,0,10
2177,202,18,0,9
2178,202,21,4,7
2179,203,1,125,1
2180,203,3,33,3
2181,203,6,102,2
2182,203,15,8,6
2183,203,22,32,4
2184,203,17,26,5
2185,203,20,1,9
2186,203,24,5,8
2187,203,25,0,11
2188,203,18,0,10
2189,203,21,6,7
2190,204,1,128,1
2191,204,3,33,3
2192,204,6,118,2
2193,204,15,10,6
2194,204,22,32,4
2195,204,17,31,5
2196,204,20,1,9
2197,204,24,5,8
2198,204,25,0,11
2199,204,18,0,10
2200,204,21,6,7
2201,205,1,142,1
2202,205,3,35,3
2203,205,6,127,2
2204,205,15,10,6
2205,205,22,33,4
2206,205,17,31,5
2207,205,20,1,9
2208,205,24,5,8
2209,205,25,0,11
2210,205,18,0,10
2211,205,21,6,7
2212,206,1,156,1
2213,206,3,38,3
2214,206,6,133,2
2215,206,15,10,6
2216,206,22,33,5
2217,206,17,34,4
2218,206,20,1,9
2219,206,24,5,8
2220,206,25,0,11
2221,206,18,0,10
2222,206,21,6,7
2418,224,3,16,1
2419,224,6,4,2
2420,224,22,3,3
2421,224,1,2,4
2422,224,25,1,5
2423,224,27,0,6
2424,224,15,0,7
2425,224,29,0,8
2426,225,3,26,1
2427,225,6,8,3
2428,225,22,9,2
2429,225,1,5,4
2430,225,25,3,5
2431,225,27,1,6
2432,225,15,0,7
2433,225,29,0,8
2434,225,18,0,9
2435,225,28,0,10
2436,225,17,0,11
2437,226,3,42,1
2438,226,6,10,3
2439,226,22,13,2
2440,226,1,5,4
2441,226,25,3,6
2442,226,27,1,7
2443,226,15,0,9
2444,226,29,1,8
2445,226,18,0,11
2446,226,28,0,10
2447,226,17,3,5
2448,227,3,55,1
2449,227,6,16,2
2450,227,22,13,3
2451,227,1,9,4
2452,227,25,3,6
2453,227,27,1,7
2454,227,15,0,9
2455,227,29,1,8
2456,227,18,0,11
2457,227,28,0,10
2458,227,17,6,5
2459,228,3,65,1
2460,228,6,25,2
2461,228,22,18,3
2462,228,1,9,4
2463,228,25,3,6
2464,228,27,1,7
2465,228,15,0,9
2466,228,29,1,8
2467,228,18,0,10
2468,228,28,0,11
2469,228,17,8,5
2470,229,3,65,1
2471,229,6,25,2
2472,229,22,18,3
2473,229,1,16,4
2474,229,25,5,8
2475,229,27,11,5
2476,229,15,7,7
2477,229,29,1,9
2478,229,18,0,10
2479,229,28,0,11
2480,229,17,8,6
2481,230,3,69,1
2482,230,6,35,2
2483,230,22,24,3
2484,230,1,18,4
2485,230,25,5,8
2486,230,27,12,5
2487,230,15,10,6
2488,230,29,1,9
2489,230,18,0,10
2490,230,28,0,11
2491,230,17,8,7
2492,231,3,85,1
2493,231,6,35,2
2494,231,22,28,3
2495,231,1,23,4
2496,231,25,5,8
2497,231,27,12,5
2498,231,15,10,6
2499,231,29,1,9
2500,231,18,0,10
2501,231,28,0,11
2502,231,17,9,7
2503,232,3,101,1
2504,232,6,35,2
2505,232,22,35,3
2506,232,1,26,4
2507,232,25,5,8
2508,232,27,12,5
2509,232,15,10,6
2510,232,29,1,9
2511,232,18,0,10
2512,232,28,0,11
2513,232,17,9,7
2514,233,3,111,1
2515,233,6,35,3
2516,233,22,41,2
2517,233,1,32,4
2518,233,25,5,8
2519,233,27,12,6
2520,233,15,10,7
2521,233,29,1,9
2522,233,18,0,10
2523,233,28,0,11
2524,233,17,13,5
2525,234,3,125,1
2526,234,6,38,3
2527,234,22,47,2
2528,234,1,34,4
2529,234,25,5,8
2530,234,27,12,6
2531,234,15,10,7
2532,234,29,1,9
2533,234,18,0,10
2534,234,28,0,11
2535,234,17,14,5
2536,235,3,141,1
2537,235,6,38,3
2538,235,22,51,2
2539,235,1,37,4
2540,235,25,5,8
2541,235,27,14,6
2542,235,15,10,7
2543,235,29,1,9
2544,235,18,0,10
2545,235,28,0,11
2546,235,17,15,5
2547,236,3,149,1
2548,236,6,48,3
2549,236,22,55,2
2550,236,1,41,4
2551,236,25,5,8
2552,236,27,14,6
2553,236,15,10,7
2554,236,29,1,9
2555,236,18,0,10
2556,236,28,0,11
2557,236,17,15,5
2558,237,3,149,1
2559,237,6,58,3
2560,237,22,61,2
2561,237,1,45,4
2562,237,25,5,8
2563,237,27,15,6
2564,237,15,10,7
2565,237,29,1,9
2566,237,18,0,10
2567,237,28,0,11
2568,237,17,20,5
2569,238,3,165,1
2570,238,6,64,3
2571,238,22,65,2
2572,238,1,45,4
2573,238,25,5,8
2574,238,27,15,6
2575,238,15,10,7
2576,238,29,1,9
2577,238,18,0,10
2578,238,28,0,11
2579,238,17,20,5
2580,239,3,175,1
2581,239,6,70,2
2582,239,22,68,3
2583,239,1,49,4
2584,239,25,5,8
2585,239,27,15,6
2586,239,15,11,7
2587,239,29,1,9
2588,239,18,0,10
2589,239,28,0,11
2590,239,17,22,5
3247,289,3,16,1
3248,289,1,6,2
3249,289,22,3,3
3250,289,32,1,4
3251,289,27,0,5
3252,289,29,0,6
3253,289,17,0,7
3254,289,33,0,8
3255,289,34,0,9
3256,290,3,32,1
3257,290,1,9,2
3258,290,22,7,3
3259,290,32,2,5
3260,290,27,0,6
3261,290,29,0,7
3262,290,17,0,10
3263,290,33,0,9
3264,290,34,0,11
3265,290,25,2,4
3266,290,35,0,8
3267,291,3,48,1
3268,291,1,9,3
3269,291,22,11,2
3270,291,32,2,6
3271,291,27,0,8
3272,291,29,1,7
3273,291,17,0,12
3274,291,33,0,11
3275,291,34,0,13
3276,291,25,2,5
3277,291,35,0,10
3278,291,6,5,4
3279,291,18,0,9
3308,292,3,58,1
3309,292,1,12,3
3310,292,22,17,2
3311,292,32,2,7
3312,292,27,0,9
3313,292,29,3,5
3314,292,17,0,13
3315,292,33,0,12
3316,292,34,0,14
3317,292,25,2,6
3318,292,35,1,8
3319,292,6,9,4
3320,292,18,0,10
3321,292,37,0,11
3322,293,3,74,1
3323,293,1,16,3
3324,293,22,20,2
3325,293,32,2,7
3326,293,27,0,9
3327,293,29,5,5
3328,293,17,0,10
3329,293,33,0,13
3330,293,34,0,14
3331,293,25,2,6
3332,293,35,2,8
3333,293,6,9,4
3334,293,18,0,11
3335,293,37,0,12
3336,294,3,84,1
3337,294,1,26,2
3338,294,22,25,3
3339,294,32,2,7
3340,294,27,0,11
3341,294,29,5,5
3342,294,17,0,12
3343,294,33,1,9
3344,294,34,0,14
3345,294,25,2,6
3346,294,35,2,8
3347,294,6,9,4
3348,294,18,0,10
3349,294,37,0,13
3350,295,3,84,1
3351,295,1,36,2
3352,295,22,31,3
3353,295,32,2,8
3354,295,27,1,10
3355,295,29,5,5
3356,295,17,0,13
3357,295,33,1,11
3358,295,34,0,14
3359,295,25,4,6
3360,295,35,2,9
3361,295,6,13,4
3362,295,18,0,12
3363,295,37,3,7
3364,296,3,100,1
3365,296,1,36,2
3366,296,22,35,3
3367,296,32,6,5
3368,296,27,3,9
3369,296,29,5,6
3370,296,17,0,13
3371,296,33,1,11
3372,296,34,0,14
3373,296,25,4,7
3374,296,35,2,10
3375,296,6,13,4
3376,296,18,0,12
3377,296,37,3,8
3378,297,3,116,1
3379,297,1,38,3
3380,297,22,42,2
3381,297,32,7,5
3382,297,27,3,9
3383,297,29,5,6
3384,297,17,0,13
3385,297,33,1,11
3386,297,34,0,14
3387,297,25,4,7
3388,297,35,2,10
3389,297,6,13,4
3390,297,18,0,12
3391,297,37,3,8
3392,297,36,0,15
3393,298,3,126,1
3394,298,1,44,3
3395,298,22,49,2
3396,298,32,7,5
3397,298,27,4,8
3398,298,29,5,6
3399,298,17,0,13
3400,298,33,1,11
3401,298,34,0,14
3402,298,25,4,7
3403,298,35,2,10
3404,298,6,15,4
3405,298,18,0,12
3406,298,37,3,9
3407,298,36,0,15
3408,299,3,132,1
3409,299,1,58,2
3410,299,22,51,3
3411,299,32,10,5
3412,299,27,4,8
3413,299,29,5,6
3414,299,17,0,13
3415,299,33,1,11
3416,299,34,0,14
3417,299,25,4,7
3418,299,35,2,10
3419,299,6,16,4
3420,299,18,0,12
3421,299,37,3,9
3422,299,36,0,15
3423,300,3,142,1
3424,300,1,60,3
3425,300,22,64,2
3426,300,32,11,5
3427,300,27,4,8
3428,300,29,5,6
3429,300,17,0,13
3430,300,33,1,11
3431,300,34,0,15
3432,300,25,4,7
3433,300,35,2,10
3434,300,6,16,4
3435,300,18,0,12
3436,300,37,3,9
3437,300,36,0,14
3438,301,3,144,1
3439,301,1,73,3
3440,301,22,74,2
3441,301,32,11,5
3442,301,27,4,8
3443,301,29,5,6
3444,301,17,0,13
3445,301,33,1,11
3446,301,34,0,15
3447,301,25,5,7
3448,301,35,2,10
3449,301,6,16,4
3450,301,18,0,12
3451,301,37,3,9
3452,301,36,0,14
3453,302,3,154,1
3454,302,1,83,2
3455,302,22,77,3
3456,302,32,13,5
3457,302,27,4,8
3458,302,29,6,6
3459,302,17,0,13
3460,302,33,1,11
3461,302,34,0,15
3462,302,25,5,7
3463,302,35,2,10
3464,302,6,16,4
3465,302,18,0,12
3466,302,37,3,9
3467,302,36,0,14
3468,303,3,164,1
3469,303,1,89,2
3470,303,22,81,3
3471,303,32,13,5
3472,303,27,4,8
3473,303,29,6,7
3474,303,17,0,13
3475,303,33,1,12
3476,303,34,0,15
3477,303,25,8,6
3478,303,35,2,10
3479,303,6,18,4
3480,303,18,1,11
3481,303,37,3,9
3482,303,36,0,14
3483,304,3,164,1
3484,304,1,99,2
3485,304,22,91,3
3486,304,32,13,5
3487,304,27,6,8
3488,304,29,6,7
3489,304,17,1,11
3490,304,33,1,13
3491,304,34,0,15
3492,304,25,8,6
3493,304,35,2,10
3494,304,6,21,4
3495,304,18,1,12
3496,304,37,3,9
3497,304,36,0,14
4038,1,23,18,1
4039,1,7,11,2
4040,1,4,4,3
4041,1,3,3,4
4042,1,5,3,5
4043,1,10,0,6
4044,1,2,0,7
4045,1,9,0,8
4046,1,6,0,9
4635,273,3,10,1
4636,273,1,6,2
4637,273,27,4,3
4638,273,18,3,4
4639,273,15,2,5
4640,273,6,1,6
4641,273,29,0,7
4642,274,3,16,2
4643,274,1,16,1
4644,274,27,6,3
4645,274,18,3,6
4646,274,15,2,7
4647,274,6,1,8
4648,274,29,0,9
4649,274,22,4,4
4650,274,32,4,5
4651,274,33,0,10
4652,274,26,0,11
4653,275,3,26,2
4654,275,1,26,1
4655,275,27,6,5
4656,275,18,4,6
4657,275,15,2,7
4658,275,6,1,8
4659,275,29,0,10
4660,275,22,6,4
4661,275,32,7,3
4662,275,33,0,9
4663,275,26,0,12
4664,275,17,0,11
4665,276,3,36,1
4666,276,1,26,2
4667,276,27,10,4
4668,276,18,5,7
4669,276,15,5,6
4670,276,6,1,9
4671,276,29,0,10
4672,276,22,12,3
4673,276,32,7,5
4674,276,33,2,8
4675,276,26,0,11
4676,276,17,0,12
4677,277,3,46,1
4678,277,1,34,2
4679,277,27,10,4
4680,277,18,5,7
4681,277,15,5,6
4682,277,6,2,9
4683,277,29,0,10
4684,277,22,19,3
4685,277,32,7,5
4686,277,33,2,8
4687,277,26,0,11
4688,277,17,0,12
4689,278,3,55,1
4690,278,1,44,2
4691,278,27,11,4
4692,278,18,7,6
4693,278,15,5,8
4694,278,6,6,7
4695,278,29,0,10
4696,278,22,19,3
4697,278,32,7,5
4698,278,33,2,9
4699,278,26,0,11
4700,278,17,0,12
4701,278,25,0,13
4702,279,3,69,1
4703,279,1,44,2
4704,279,27,13,4
4705,279,18,7,7
4706,279,15,6,8
4707,279,6,9,5
4708,279,29,0,10
4709,279,22,25,3
4710,279,32,7,6
4711,279,33,2,9
4712,279,26,0,11
4713,279,17,0,12
4714,279,25,0,13
4715,280,3,85,1
4716,280,1,48,2
4717,280,27,15,4
4718,280,18,7,7
4719,280,15,6,8
4720,280,6,9,5
4721,280,29,0,10
4722,280,22,29,3
4723,280,32,7,6
4724,280,33,2,9
4725,280,26,0,12
4726,280,17,0,11
4727,280,25,0,13
4728,281,3,95,1
4729,281,1,50,2
4730,281,27,15,4
4731,281,18,7,7
4732,281,15,6,8
4733,281,6,9,6
4734,281,29,1,10
4735,281,22,39,3
4736,281,32,10,5
4737,281,33,2,9
4738,281,26,0,12
4739,281,17,0,11
4740,281,25,0,13
4741,282,3,105,1
4742,282,1,53,2
4743,282,27,19,4
4744,282,18,7,7
4745,282,15,6,8
4746,282,6,10,5
4747,282,29,1,10
4748,282,22,47,3
4749,282,32,10,6
4750,282,33,2,9
4751,282,26,0,12
4752,282,17,0,11
4753,282,25,0,13
4754,283,3,115,1
4755,283,1,53,2
4756,283,27,21,4
4757,283,18,7,7
4758,283,15,7,8
4759,283,6,14,5
4760,283,29,4,9
4761,283,22,53,3
4762,283,32,10,6
4763,283,33,2,10
4764,283,26,0,12
4765,283,17,0,11
4766,283,25,0,13
4767,284,3,129,1
4768,284,1,56,3
4769,284,27,21,4
4770,284,18,7,7
4771,284,15,7,8
4772,284,6,14,5
4773,284,29,4,9
4774,284,22,60,2
4775,284,32,12,6
4776,284,33,2,10
4777,284,26,0,12
4778,284,17,0,11
4779,284,25,0,13
4780,285,3,139,1
4781,285,1,60,3
4782,285,27,21,4
4783,285,18,7,8
4784,285,15,10,7
4785,285,6,20,5
4786,285,29,4,9
4787,285,22,62,2
4788,285,32,12,6
4789,285,33,3,10
4790,285,26,0,12
4791,285,17,0,11
4792,285,25,0,13
4793,286,3,149,1
4794,286,1,60,3
4795,286,27,22,5
4796,286,18,7,8
4797,286,15,12,7
4798,286,6,23,4
4799,286,29,4,9
4800,286,22,72,2
4801,286,32,12,6
4802,286,33,3,10
4803,286,26,0,12
4804,286,17,0,11
4805,286,25,0,13
4806,287,3,158,1
4807,287,1,74,2
4808,287,27,22,5
4809,287,18,7,8
4810,287,15,12,7
4811,287,6,23,4
4812,287,29,4,9
4813,287,22,72,3
4814,287,32,12,6
4815,287,33,3,10
4816,287,26,0,12
4817,287,17,3,11
4818,287,25,0,13
4819,288,3,168,1
4820,288,1,84,2
4821,288,27,23,5
4822,288,18,7,8
4823,288,15,12,7
4824,288,6,28,4
4825,288,29,4,9
4826,288,22,72,3
4827,288,32,12,6
4828,288,33,3,10
4829,288,26,0,12
4830,288,17,3,11
4831,288,25,0,13
5037,240,22,10,1
5038,240,3,6,2
5039,240,6,6,3
5040,240,1,4,4
5041,240,25,0,5
5042,240,27,0,6
5043,240,30,0,7
5044,240,28,0,8
5045,241,22,17,1
5046,241,3,16,2
5047,241,6,13,3
5048,241,1,4,4
5049,241,25,0,7
5050,241,27,0,6
5051,241,30,0,8
5052,241,28,0,10
5053,241,15,2,5
5054,241,31,0,9
5055,242,22,17,3
5056,242,3,29,1
5057,242,6,23,2
5058,242,1,6,4
5059,242,25,0,7
5060,242,27,0,6
5061,242,30,0,9
5062,242,28,0,11
5063,242,15,3,5
5064,242,31,0,10
5065,242,17,0,8
5066,242,18,0,12
5067,242,29,0,13
5068,243,22,33,1
5069,243,3,32,2
5070,243,6,27,3
5071,243,1,6,4
5072,243,25,0,8
5073,243,27,1,7
5074,243,30,0,10
5075,243,28,0,11
5076,243,15,3,5
5077,243,31,0,9
5078,243,17,2,6
5079,243,18,0,13
5080,243,29,0,12
5081,244,22,46,1
5082,244,3,38,2
5083,244,6,31,3
5084,244,1,8,4
5085,244,25,0,8
5086,244,27,1,7
5087,244,30,0,12
5088,244,28,0,13
5089,244,15,4,5
5090,244,31,0,11
5091,244,17,2,6
5092,244,18,0,9
5093,244,29,0,10
5094,245,22,48,1
5095,245,3,38,3
5096,245,6,41,2
5097,245,1,8,5
5098,245,25,0,9
5099,245,27,4,6
5100,245,30,0,12
5101,245,28,0,13
5102,245,15,4,7
5103,245,31,0,11
5104,245,17,12,4
5105,245,18,0,10
5106,245,29,1,8
5107,246,22,58,1
5108,246,3,48,2
5109,246,6,43,3
5110,246,1,8,5
5111,246,25,0,9
5112,246,27,7,6
5113,246,30,0,12
5114,246,28,0,13
5115,246,15,4,7
5116,246,31,0,11
5117,246,17,13,4
5118,246,18,0,10
5119,246,29,1,8
5120,247,22,68,1
5121,247,3,52,2
5122,247,6,49,3
5123,247,1,10,6
5124,247,25,0,9
5125,247,27,10,5
5126,247,30,0,12
5127,247,28,0,13
5128,247,15,5,7
5129,247,31,0,11
5130,247,17,13,4
5131,247,18,0,10
5132,247,29,1,8
5133,248,22,81,1
5134,248,3,58,2
5135,248,6,53,3
5136,248,1,10,6
5137,248,25,0,9
5138,248,27,11,5
5139,248,30,0,11
5140,248,28,0,13
5141,248,15,7,7
5142,248,31,0,12
5143,248,17,13,4
5144,248,18,0,10
5145,248,29,1,8
5146,249,22,84,1
5147,249,3,74,2
5148,249,6,57,3
5149,249,1,10,6
5150,249,25,0,9
5151,249,27,12,5
5152,249,30,0,11
5153,249,28,0,13
5154,249,15,9,7
5155,249,31,0,12
5156,249,17,13,4
5157,249,18,0,10
5158,249,29,1,8
5159,250,22,94,1
5160,250,3,80,2
5161,250,6,57,3
5162,250,1,12,6
5163,250,25,0,9
5164,250,27,16,4
5165,250,30,0,11
5166,250,28,0,13
5167,250,15,12,7
5168,250,31,0,12
5169,250,17,14,5
5170,250,18,0,10
5171,250,29,1,8
5172,251,22,104,1
5173,251,3,80,2
5174,251,6,57,3
5175,251,1,21,4
5176,251,25,2,8
5177,251,27,16,6
5178,251,30,0,11
5179,251,28,0,12
5180,251,15,17,5
5181,251,31,0,13
5182,251,17,14,7
5183,251,18,0,10
5184,251,29,1,9
5185,252,22,110,1
5186,252,3,94,2
5187,252,6,62,3
5188,252,1,21,4
5189,252,25,2,8
5190,252,27,16,6
5191,252,30,0,11
5192,252,28,0,12
5193,252,15,18,5
5194,252,31,0,13
5195,252,17,14,7
5196,252,18,0,10
5197,252,29,1,9
5198,253,22,122,1
5199,253,3,98,2
5200,253,6,68,3
5201,253,1,21,4
5202,253,25,2,8
5203,253,27,16,7
5204,253,30,0,11
5205,253,28,0,12
5206,253,15,18,6
5207,253,31,0,13
5208,253,17,18,5
5209,253,18,0,10
5210,253,29,1,9
5211,254,22,133,1
5212,254,3,108,2
5213,254,6,73,3
5214,254,1,21,4
5215,254,25,2,8
5216,254,27,16,7
5217,254,30,0,11
5218,254,28,0,12
5219,254,15,18,6
5220,254,31,0,13
5221,254,17,18,5
5222,254,18,0,10
5223,254,29,1,9
5224,255,22,147,1
5225,255,3,108,2
5226,255,6,73,3
5227,255,1,27,4
5228,255,25,3,8
5229,255,27,18,6
5230,255,30,0,11
5231,255,28,0,12
5232,255,15,18,7
5233,255,31,0,13
5234,255,17,21,5
5235,255,18,0,10
5236,255,29,1,9
5237,256,22,147,1
5238,256,3,118,2
5239,256,6,73,3
5240,256,1,30,4
5241,256,25,5,9
5242,256,27,24,5
5243,256,30,0,12
5244,256,28,0,11
5245,256,15,18,7
5246,256,31,0,13
5247,256,17,21,6
5248,256,18,1,10
5249,256,29,5,8
5250,207,1,14,1
5251,207,6,6,2
5252,207,22,3,3
5253,207,20,2,4
5254,207,15,1,5
5255,207,3,0,6
5256,207,18,0,7
5257,207,21,0,8
5258,208,1,17,1
5259,208,6,8,4
5260,208,22,10,3
5261,208,20,6,5
5262,208,15,1,6
5263,208,3,10,2
5264,208,18,0,8
5265,208,21,0,9
5266,208,17,0,7
5267,208,25,0,10
5268,209,1,19,2
5269,209,6,14,3
5270,209,22,11,4
5271,209,20,6,5
5272,209,15,4,7
5273,209,3,20,1
5274,209,18,0,9
5275,209,21,0,10
5276,209,17,4,6
5277,209,25,0,8
5278,209,24,0,11
5279,210,1,20,3
5280,210,6,24,2
5281,210,22,13,4
5282,210,20,6,6
5283,210,15,4,7
5284,210,3,30,1
5285,210,18,0,9
5286,210,21,0,10
5287,210,17,7,5
5288,210,25,0,8
5289,210,24,0,11
5290,211,1,20,3
5291,211,6,38,1
5292,211,22,13,4
5293,211,20,9,5
5294,211,15,4,8
5295,211,3,30,2
5296,211,18,0,10
5297,211,21,0,11
5298,211,17,8,6
5299,211,25,2,9
5300,211,24,6,7
5445,175,6,10,1
5446,175,17,6,2
5447,175,3,4,3
5448,175,22,3,4
5449,175,24,2,5
5450,175,21,1,6
5451,176,6,18,1
5452,176,17,10,3
5453,176,3,7,4
5454,176,22,3,5
5455,176,24,2,6
5456,176,21,1,7
5457,176,1,10,2
5458,176,20,1,8
5459,176,18,0,9
5460,177,6,28,1
5461,177,17,13,3
5462,177,3,7,4
5463,177,22,5,6
5464,177,24,6,5
5465,177,21,1,7
5466,177,1,16,2
5467,177,20,1,8
5468,177,18,0,11
5469,177,15,1,9
5470,177,16,0,10
5471,178,6,44,1
5472,178,17,16,3
5473,178,3,7,5
5474,178,22,8,4
5475,178,24,6,6
5476,178,21,1,7
5477,178,1,20,2
5478,178,20,1,8
5479,178,18,0,11
5480,178,15,1,9
5481,178,16,0,10
5482,179,6,51,1
5483,179,17,16,3
5484,179,3,9,4
5485,179,22,8,5
5486,179,24,6,6
5487,179,21,1,8
5488,179,1,36,2
5489,179,20,2,7
5490,179,18,0,11
5491,179,15,1,9
5492,179,16,0,10
5493,180,6,55,1
5494,180,17,16,3
5495,180,3,12,5
5496,180,22,14,4
5497,180,24,8,6
5498,180,21,1,9
5499,180,1,46,2
5500,180,20,2,7
5501,180,18,0,11
5502,180,15,2,8
5503,180,16,0,10
5504,181,6,58,1
5505,181,17,26,3
5506,181,3,15,4
5507,181,22,14,5
5508,181,24,12,6
5509,181,21,1,9
5510,181,1,52,2
5511,181,20,2,7
5512,181,18,0,11
5513,181,15,2,8
5514,181,16,0,10
5515,182,6,64,1
5516,182,17,31,3
5517,182,3,19,4
5518,182,22,14,5
5519,182,24,12,6
5520,182,21,1,9
5521,182,1,62,2
5522,182,20,2,8
5523,182,18,0,11
5524,182,15,3,7
5525,182,16,0,10
5526,183,6,74,1
5527,183,17,34,3
5528,183,3,19,4
5529,183,22,16,5
5530,183,24,12,6
5531,183,21,1,9
5532,183,1,72,2
5533,183,20,2,8
5534,183,18,0,11
5535,183,15,4,7
5536,183,16,0,10
5537,184,6,90,1
5538,184,17,38,3
5539,184,3,22,4
5540,184,22,16,5
5541,184,24,12,6
5542,184,21,1,9
5543,184,1,74,2
5544,184,20,3,8
5545,184,18,0,11
5546,184,15,4,7
5547,184,16,0,10
5548,185,6,94,1
5549,185,17,42,3
5550,185,3,22,4
5551,185,22,16,5
5552,185,24,14,6
5553,185,21,1,9
5554,185,1,90,2
5555,185,20,3,8
5556,185,18,0,11
5557,185,15,4,7
5558,185,16,0,10
5559,186,6,97,2
5560,186,17,47,3
5561,186,3,24,4
5562,186,22,16,5
5563,186,24,14,6
5564,186,21,1,9
5565,186,1,106,1
5566,186,20,3,8
5567,186,18,0,11
5568,186,15,4,7
5569,186,16,0,10
5570,187,6,102,2
5571,187,17,57,3
5572,187,3,30,4
5573,187,22,16,6
5574,187,24,17,5
5575,187,21,1,9
5576,187,1,108,1
5577,187,20,3,8
5578,187,18,0,11
5579,187,15,4,7
5580,187,16,0,10
5581,188,6,102,2
5582,188,17,57,3
5583,188,3,33,4
5584,188,22,16,6
5585,188,24,31,5
5586,188,21,1,9
5587,188,1,110,1
5588,188,20,9,7
5589,188,18,1,10
5590,188,15,4,8
5591,188,16,0,11
5592,189,6,118,1
5593,189,17,58,3
5594,189,3,33,5
5595,189,22,16,6
5596,189,24,36,4
5597,189,21,1,9
5598,189,1,114,2
5599,189,20,9,7
5600,189,18,1,10
5601,189,15,4,8
5602,189,16,0,11
5603,190,6,128,1
5604,190,17,61,3
5605,190,3,35,5
5606,190,22,16,6
5607,190,24,36,4
5608,190,21,1,9
5609,190,1,124,2
5610,190,20,9,7
5611,190,18,1,10
5612,190,15,5,8
5613,190,16,0,11
5614,141,6,14,1
5615,141,1,6,2
5616,141,15,4,3
5617,141,17,2,4
5618,141,16,0,5
5619,141,19,0,6
5620,141,20,0,7
5621,141,21,0,8
5622,141,18,0,9
5623,141,22,0,10
5624,142,6,30,1
5625,142,1,11,2
5626,142,15,4,4
5627,142,17,5,3
5628,142,16,0,7
5629,142,19,0,8
5630,142,20,0,9
5631,142,21,0,6
5632,142,18,0,11
5633,142,22,0,10
5634,142,3,2,5
5635,143,6,36,1
5636,143,1,21,2
5637,143,15,8,3
5638,143,17,7,4
5639,143,16,3,5
5640,143,19,0,10
5641,143,20,0,9
5642,143,21,0,8
5643,143,18,0,11
5644,143,22,1,7
5645,143,3,2,6
5646,144,6,40,1
5647,144,1,30,2
5648,144,15,8,5
5649,144,17,10,4
5650,144,16,3,6
5651,144,19,0,10
5652,144,20,0,9
5653,144,21,0,8
5654,144,18,0,11
5655,144,22,1,7
5656,144,3,12,3
5657,145,6,50,1
5658,145,1,32,2
5659,145,15,9,5
5660,145,17,13,4
5661,145,16,7,6
5662,145,19,0,10
5663,145,20,0,9
5664,145,21,0,8
5665,145,18,0,11
5666,145,22,1,7
5667,145,3,18,3
5668,146,6,60,1
5669,146,1,42,2
5670,146,15,12,5
5671,146,17,13,4
5672,146,16,9,6
5673,146,19,0,9
5674,146,20,0,10
5675,146,21,1,7
5676,146,18,0,11
5677,146,22,1,8
5678,146,3,18,3
5679,147,6,76,1
5680,147,1,44,2
5681,147,15,12,6
5682,147,17,13,4
5683,147,16,12,5
5684,147,19,4,7
5685,147,20,1,10
5686,147,21,1,8
5687,147,18,0,11
5688,147,22,1,9
5689,147,3,18,3
5690,148,6,82,1
5691,148,1,48,2
5692,148,15,15,4
5693,148,17,13,5
5694,148,16,12,6
5695,148,19,5,7
5696,148,20,3,8
5697,148,21,1,9
5698,148,18,0,11
5699,148,22,1,10
5700,148,3,28,3
5701,149,6,94,1
5702,149,1,53,2
5703,149,15,15,4
5704,149,17,13,5
5705,149,16,12,6
5706,149,19,5,7
5707,149,20,3,8
5708,149,21,1,9
5709,149,18,0,11
5710,149,22,1,10
5711,149,3,37,3
5712,150,6,108,1
5713,150,1,56,2
5714,150,15,16,4
5715,150,17,15,5
5716,150,16,12,6
5717,150,19,5,7
5718,150,20,3,8
5719,150,21,1,9
5720,150,18,0,11
5721,150,22,1,10
5722,150,3,43,3
5723,151,6,118,1
5724,151,1,66,2
5725,151,15,19,4
5726,151,17,15,5
5727,151,16,12,6
5728,151,19,5,7
5729,151,20,3,8
5730,151,21,1,9
5731,151,18,0,11
5732,151,22,1,10
5733,151,3,46,3
5734,152,6,124,1
5735,152,1,66,2
5736,152,15,19,4
5737,152,17,15,6
5738,152,16,16,5
5739,152,19,5,8
5740,152,20,4,9
5741,152,21,1,10
5742,152,18,0,11
5743,152,22,6,7
5744,152,3,56,3
5745,153,6,140,1
5746,153,1,72,2
5747,153,15,20,4
5748,153,17,15,6
5749,153,16,16,5
5750,153,19,5,8
5751,153,20,4,9
5752,153,21,1,10
5753,153,18,0,11
5754,153,22,6,7
5755,153,3,59,3
5756,154,6,152,1
5757,154,1,81,2
5758,154,15,20,4
5759,154,17,16,6
5760,154,16,16,5
5761,154,19,5,8
5762,154,20,4,9
5763,154,21,1,10
5764,154,18,0,11
5765,154,22,10,7
5766,154,3,59,3
5767,155,6,161,1
5768,155,1,81,2
5769,155,15,20,4
5770,155,17,16,6
5771,155,16,17,5
5772,155,19,7,8
5773,155,20,4,9
5774,155,21,1,10
5775,155,18,0,11
5776,155,22,10,7
5777,155,3,73,3
5778,156,6,167,1
5779,156,1,95,2
5780,156,15,21,4
5781,156,17,19,5
5782,156,16,17,6
5783,156,19,9,8
5784,156,20,4,9
5785,156,21,1,10
5786,156,18,0,11
5787,156,22,10,7
5788,156,3,73,3
5789,157,6,179,1
5790,157,1,102,2
5791,157,15,21,4
5792,157,17,19,5
5793,157,16,17,6
5794,157,19,9,8
5795,157,20,4,9
5796,157,21,1,10
5797,157,18,0,11
5798,157,22,10,7
5799,157,3,80,3
5800,124,6,10,1
5801,124,3,6,2
5802,124,1,4,3
5803,124,19,3,4
5804,124,18,2,5
5805,124,7,1,6
5806,125,6,14,2
5807,125,3,22,1
5808,125,1,4,3
5809,125,19,3,4
5810,125,18,2,7
5811,125,7,1,8
5812,125,4,3,5
5813,125,15,3,6
5814,125,16,0,9
5815,125,17,0,10
5816,125,21,0,11
5817,126,6,24,2
5818,126,3,30,1
5819,126,1,8,3
5820,126,19,3,5
5821,126,18,2,7
5822,126,7,2,8
5823,126,4,6,4
5824,126,15,3,6
5825,126,16,0,9
5826,126,17,0,10
5827,126,21,0,11
5828,127,6,40,1
5829,127,3,37,2
5830,127,1,9,3
5831,127,19,3,5
5832,127,18,2,7
5833,127,7,2,8
5834,127,4,8,4
5835,127,15,3,6
5836,127,16,0,9
5837,127,17,0,10
5838,127,21,0,11
5839,128,6,50,1
5840,128,3,43,2
5841,128,1,13,3
5842,128,19,3,6
5843,128,18,2,7
5844,128,7,2,8
5845,128,4,8,4
5846,128,15,8,5
5847,128,16,0,10
5848,128,17,0,11
5849,128,21,1,9
5850,129,6,66,1
5851,129,3,50,2
5852,129,1,14,3
5853,129,19,3,6
5854,129,18,2,7
5855,129,7,2,9
5856,129,4,8,4
5857,129,15,8,5
5858,129,16,0,11
5859,129,17,2,8
5860,129,21,1,10
5861,130,6,72,1
5862,130,3,54,2
5863,130,1,24,3
5864,130,19,3,7
5865,130,18,2,8
5866,130,7,2,9
5867,130,4,11,4
5868,130,15,8,5
5869,130,16,0,11
5870,130,17,4,6
5871,130,21,2,10
5872,131,6,86,1
5873,131,3,54,2
5874,131,1,33,3
5875,131,19,3,7
5876,131,18,2,8
5877,131,7,2,9
5878,131,4,12,4
5879,131,15,8,5
5880,131,16,0,11
5881,131,17,6,6
5882,131,21,2,10
5883,132,6,102,1
5884,132,3,57,2
5885,132,1,37,3
5886,132,19,3,7
5887,132,18,2,8
5888,132,7,2,9
5889,132,4,14,4
5890,132,15,9,5
5891,132,16,0,11
5892,132,17,6,6
5893,132,21,2,10
5894,133,6,118,1
5895,133,3,61,2
5896,133,1,37,3
5897,133,19,3,8
5898,133,18,2,9
5899,133,7,2,10
5900,133,4,14,4
5901,133,15,10,5
5902,133,16,5,7
5903,133,17,6,6
5904,133,21,2,11
5905,134,6,128,1
5906,134,3,66,2
5907,134,1,47,3
5908,134,19,3,8
5909,134,18,2,9
5910,134,7,2,10
5911,134,4,15,4
5912,134,15,10,5
5913,134,16,5,7
5914,134,17,6,6
5915,134,21,2,11
5916,135,6,141,1
5917,135,3,76,2
5918,135,1,49,3
5919,135,19,3,8
5920,135,18,2,9
5921,135,7,2,10
5922,135,4,15,4
5923,135,15,11,5
5924,135,16,5,7
5925,135,17,6,6
5926,135,21,2,11
5927,136,6,157,1
5928,136,3,80,2
5929,136,1,54,3
5930,136,19,3,8
5931,136,18,2,9
5932,136,7,2,10
5933,136,4,15,4
5934,136,15,11,5
5935,136,16,5,7
5936,136,17,7,6
5937,136,21,2,11
5938,137,6,173,1
5939,137,3,86,2
5940,137,1,57,3
5941,137,19,4,8
5942,137,18,2,9
5943,137,7,2,10
5944,137,4,15,4
5945,137,15,11,5
5946,137,16,5,7
5947,137,17,7,6
5948,137,21,2,11
5949,138,6,189,1
5950,138,3,86,2
5951,138,1,57,3
5952,138,19,8,6
5953,138,18,2,9
5954,138,7,2,10
5955,138,4,20,4
5956,138,15,11,5
5957,138,16,6,8
5958,138,17,7,7
5959,138,21,2,11
5960,139,6,205,1
5961,139,3,89,2
5962,139,1,61,3
5963,139,19,8,6
5964,139,18,2,9
5965,139,7,2,10
5966,139,4,22,4
5967,139,15,11,5
5968,139,16,7,7
5969,139,17,7,8
5970,139,21,2,11
5971,140,6,221,1
5972,140,3,92,2
5973,140,1,65,3
5974,140,19,8,7
5975,140,18,2,9
5976,140,7,2,10
5977,140,4,23,4
5978,140,15,11,5
5979,140,16,7,8
5980,140,17,9,6
5981,140,21,2,11
5982,108,1,16,1
5983,108,3,9,2
5984,108,6,5,4
5985,108,4,6,3
5986,108,15,3,5
5987,108,16,0,6
5988,108,18,0,7
5989,109,1,26,1
5990,109,3,14,4
5991,109,6,16,2
5992,109,4,16,3
5993,109,15,4,5
5994,109,16,2,6
5995,109,18,0,8
5996,109,17,0,7
5997,109,7,0,9
5998,110,1,39,1
5999,110,3,16,4
6000,110,6,16,3
6001,110,4,23,2
6002,110,15,8,6
6003,110,16,5,7
6004,110,18,0,10
6005,110,17,10,5
6006,110,7,0,9
6007,110,19,0,8
6008,111,1,51,1
6009,111,3,23,4
6010,111,6,32,2
6011,111,4,26,3
6012,111,15,8,6
6013,111,16,6,7
6014,111,18,0,10
6015,111,17,10,5
6016,111,7,0,8
6017,111,19,0,9
6018,112,1,51,1
6019,112,3,32,4
6020,112,6,48,2
6021,112,4,34,3
6022,112,15,8,6
6023,112,16,6,7
6024,112,18,0,10
6025,112,17,11,5
6026,112,7,3,8
6027,112,19,2,9
6028,113,1,63,2
6029,113,3,35,4
6030,113,6,64,1
6031,113,4,35,3
6032,113,15,8,7
6033,113,16,11,6
6034,113,18,0,10
6035,113,17,11,5
6036,113,7,3,9
6037,113,19,4,8
6038,114,1,73,1
6039,114,3,50,3
6040,114,6,71,2
6041,114,4,42,4
6042,114,15,8,7
6043,114,16,11,6
6044,114,18,0,10
6045,114,17,11,5
6046,114,7,3,9
6047,114,19,4,8
6048,115,1,76,2
6049,115,3,64,3
6050,115,6,85,1
6051,115,4,47,4
6052,115,15,8,7
6053,115,16,11,6
6054,115,18,0,10
6055,115,17,11,5
6056,115,7,4,9
6057,115,19,6,8
6058,116,1,76,3
6059,116,3,82,2
6060,116,6,95,1
6061,116,4,52,4
6062,116,15,9,7
6063,116,16,13,5
6064,116,18,0,10
6065,116,17,11,6
6066,116,7,4,9
6067,116,19,9,8
6068,117,1,85,3
6069,117,3,100,2
6070,117,6,103,1
6071,117,4,52,4
6072,117,15,9,8
6073,117,16,13,5
6074,117,18,0,10
6075,117,17,11,7
6076,117,7,5,9
6077,117,19,12,6
6078,118,1,95,3
6079,118,3,108,2
6080,118,6,118,1
6081,118,4,55,4
6082,118,15,9,8
6083,118,16,14,5
6084,118,18,0,10
6085,118,17,11,7
6086,118,7,7,9
6087,118,19,12,6
6088,119,1,103,3
6089,119,3,118,2
6090,119,6,120,1
6091,119,4,66,4
6092,119,15,9,9
6093,119,16,15,5
6094,119,18,0,10
6095,119,17,11,8
6096,119,7,14,6
6097,119,19,12,7
6098,120,1,115,3
6099,120,3,129,1
6100,120,6,121,2
6101,120,4,78,4
6102,120,15,9,9
6103,120,16,15,5
6104,120,18,0,10
6105,120,17,11,8
6106,120,7,14,7
6107,120,19,15,6
6108,121,1,120,3
6109,121,3,141,1
6110,121,6,137,2
6111,121,4,79,4
6112,121,15,9,9
6113,121,16,18,5
6114,121,18,0,10
6115,121,17,11,8
6116,121,7,14,7
6117,121,19,17,6
6118,122,1,128,3
6119,122,3,144,2
6120,122,6,147,1
6121,122,4,84,4
6122,122,15,19,5
6123,122,16,18,6
6124,122,18,0,10
6125,122,17,13,9
6126,122,7,14,8
6127,122,19,18,7
6128,123,1,142,3
6129,123,3,144,2
6130,123,6,158,1
6131,123,4,88,4
6132,123,15,19,6
6133,123,16,26,5
6134,123,18,0,10
6135,123,17,13,9
6136,123,7,16,8
6137,123,19,18,7
6138,90,6,18,1
6139,90,4,8,3
6140,90,3,9,2
6141,90,16,3,4
6142,90,1,1,5
6143,90,15,0,6
6144,90,19,0,7
6145,90,7,0,8
6146,90,17,0,9
6147,91,6,33,1
6148,91,4,14,3
6149,91,3,17,2
6150,91,16,9,4
6151,91,1,4,5
6152,91,15,1,6
6153,91,19,0,8
6154,91,7,0,7
6155,91,17,0,9
6156,91,18,0,10
6157,92,6,51,1
6158,92,4,22,2
6159,92,3,19,3
6160,92,16,19,4
6161,92,1,4,5
6162,92,15,1,6
6163,92,19,1,7
6164,92,7,0,8
6165,92,17,0,9
6166,92,18,0,10
6167,93,6,64,1
6168,93,4,31,2
6169,93,3,27,4
6170,93,16,27,3
6171,93,1,5,5
6172,93,15,1,6
6173,93,19,1,7
6174,93,7,0,8
6175,93,17,0,9
6176,93,18,0,10
6177,94,6,82,1
6178,94,4,42,2
6179,94,3,30,4
6180,94,16,32,3
6181,94,1,5,5
6182,94,15,3,6
6183,94,19,1,7
6184,94,7,0,8
6185,94,17,0,9
6186,94,18,0,10
6187,95,6,88,1
6188,95,4,52,2
6189,95,3,35,4
6190,95,16,40,3
6191,95,1,5,6
6192,95,15,7,5
6193,95,19,1,9
6194,95,7,4,7
6195,95,17,2,8
6196,95,18,0,10
6197,96,6,106,1
6198,96,4,61,2
6199,96,3,36,4
6200,96,16,46,3
6201,96,1,5,6
6202,96,15,10,5
6203,96,19,3,8
6204,96,7,4,7
6205,96,17,2,9
6206,96,18,0,10
6207,97,6,124,1
6208,97,4,61,2
6209,97,3,36,4
6210,97,16,52,3
6211,97,1,12,6
6212,97,15,15,5
6213,97,19,3,9
6214,97,7,4,8
6215,97,17,5,7
6216,97,18,0,10
6217,98,6,142,1
6218,98,4,66,2
6219,98,3,36,4
6220,98,16,58,3
6221,98,1,17,5
6222,98,15,15,6
6223,98,19,3,9
6224,98,7,8,7
6225,98,17,5,8
6226,98,18,1,10
6227,99,6,158,1
6228,99,4,79,2
6229,99,3,37,4
6230,99,16,62,3
6231,99,1,22,5
6232,99,15,15,6
6233,99,19,3,9
6234,99,7,8,7
6235,99,17,5,8
6236,99,18,1,10
6237,100,6,174,1
6238,100,4,79,2
6239,100,3,41,4
6240,100,16,67,3
6241,100,1,32,5
6242,100,15,18,6
6243,100,19,4,9
6244,100,7,8,7
6245,100,17,5,8
6246,100,18,1,10
6247,101,6,184,1
6248,101,4,85,2
6249,101,3,47,4
6250,101,16,76,3
6251,101,1,37,5
6252,101,15,18,6
6253,101,19,7,8
6254,101,7,8,7
6255,101,17,5,9
6256,101,18,1,10
6257,102,6,202,1
6258,102,4,91,2
6259,102,3,54,4
6260,102,16,83,3
6261,102,1,37,5
6262,102,15,19,6
6263,102,19,7,8
6264,102,7,8,7
6265,102,17,5,9
6266,102,18,1,10
6267,103,6,216,1
6268,103,4,91,2
6269,103,3,54,4
6270,103,16,83,3
6271,103,1,49,5
6272,103,15,28,6
6273,103,19,10,7
6274,103,7,9,8
6275,103,17,5,9
6276,103,18,1,10
6277,104,6,234,1
6278,104,4,91,3
6279,104,3,60,4
6280,104,16,94,2
6281,104,1,52,5
6282,104,15,29,6
6283,104,19,10,7
6284,104,7,9,8
6285,104,17,5,9
6286,104,18,1,10
6287,105,6,244,1
6288,105,4,96,3
6289,105,3,64,4
6290,105,16,105,2
6291,105,1,58,5
6292,105,15,32,6
6293,105,19,10,7
6294,105,7,9,8
6295,105,17,5,9
6296,105,18,1,10
6297,106,6,254,1
6298,106,4,100,3
6299,106,3,74,4
6300,106,16,116,2
6301,106,1,61,5
6302,106,15,33,6
6303,106,19,10,7
6304,106,7,9,8
6305,106,17,5,9
6306,106,18,1,10
6307,107,6,262,1
6308,107,4,105,3
6309,107,3,88,4
6310,107,16,119,2
6311,107,1,69,5
6312,107,15,34,6
6313,107,19,10,7
6314,107,7,9,8
6315,107,17,5,9
6316,107,18,1,10
6317,53,4,10,1
6318,53,6,8,3
6319,53,1,10,2
6320,53,11,5,4
6321,53,3,5,5
6322,53,9,1,6
6323,53,5,0,7
6324,53,2,0,8
6325,53,7,0,9
6326,53,13,0,10
6327,53,8,0,11
6328,54,4,28,1
6329,54,6,15,2
6330,54,1,15,3
6331,54,11,11,4
6332,54,3,5,5
6333,54,9,1,8
6334,54,5,0,9
6335,54,2,2,6
6336,54,7,1,7
6337,54,13,0,10
6338,54,8,0,11
6339,55,4,42,1
6340,55,6,15,3
6341,55,1,23,2
6342,55,11,13,4
6343,55,3,5,7
6344,55,9,2,8
6345,55,5,0,9
6346,55,2,10,5
6347,55,7,7,6
6348,55,13,0,10
6349,55,8,0,11
6350,56,4,51,1
6351,56,6,30,3
6352,56,1,33,2
6353,56,11,15,4
6354,56,3,8,6
6355,56,9,2,8
6356,56,5,0,9
6357,56,2,10,5
6358,56,7,7,7
6359,56,13,0,10
6360,56,8,0,11
6361,57,4,62,1
6362,57,6,46,2
6363,57,1,38,3
6364,57,11,19,4
6365,57,3,10,6
6366,57,9,2,8
6367,57,5,0,9
6368,57,2,11,5
6369,57,7,7,7
6370,57,13,0,10
6371,57,8,0,11
6372,58,4,78,1
6373,58,6,59,2
6374,58,1,42,3
6375,58,11,24,4
6376,58,3,10,6
6377,58,9,2,8
6378,58,5,0,9
6379,58,2,12,5
6380,58,7,7,7
6381,58,13,0,10
6382,58,8,0,11
6383,59,4,91,1
6384,59,6,63,2
6385,59,1,50,3
6386,59,11,29,4
6387,59,3,10,6
6388,59,9,8,8
6389,59,5,0,9
6390,59,2,14,5
6391,59,7,8,7
6392,59,13,0,10
6393,59,8,0,11
6394,60,4,106,1
6395,60,6,75,2
6396,60,1,59,3
6397,60,11,29,4
6398,60,3,10,6
6399,60,9,8,8
6400,60,5,0,9
6401,60,2,17,5
6402,60,7,8,7
6403,60,13,0,10
6404,60,8,0,11
6405,61,4,121,1
6406,61,6,87,2
6407,61,1,65,3
6408,61,11,29,4
6409,61,3,10,7
6410,61,9,9,8
6411,61,5,0,9
6412,61,2,19,5
6413,61,7,11,6
6414,61,13,0,10
6415,61,8,0,11
6416,62,4,131,1
6417,62,6,105,2
6418,62,1,65,3
6419,62,11,32,4
6420,62,3,10,8
6421,62,9,11,7
6422,62,5,1,9
6423,62,2,19,5
6424,62,7,16,6
6425,62,13,0,10
6426,62,8,0,11
6427,63,4,142,1
6428,63,6,121,2
6429,63,1,71,3
6430,63,11,32,4
6431,63,3,10,8
6432,63,9,11,7
6433,63,5,1,9
6434,63,2,20,6
6435,63,7,21,5
6436,63,13,0,10
6437,63,8,0,11
6438,64,4,149,1
6439,64,6,139,2
6440,64,1,77,3
6441,64,11,37,4
6442,64,3,10,8
6443,64,9,12,7
6444,64,5,1,9
6445,64,2,20,6
6446,64,7,23,5
6447,64,13,0,10
6448,64,8,0,11
6449,65,4,149,1
6450,65,6,142,2
6451,65,1,85,3
6452,65,11,52,4
6453,65,3,10,8
6454,65,9,16,7
6455,65,5,1,9
6456,65,2,26,6
6457,65,7,26,5
6458,65,13,0,10
6459,65,8,0,11
6460,66,4,160,1
6461,66,6,158,2
6462,66,1,89,3
6463,66,11,58,4
6464,66,3,10,8
6465,66,9,16,7
6466,66,5,1,9
6467,66,2,26,6
6468,66,7,28,5
6469,66,13,0,10
6470,66,8,0,11
6471,67,4,165,2
6472,67,6,168,1
6473,67,1,97,3
6474,67,11,65,4
6475,67,3,10,8
6476,67,9,16,7
6477,67,5,1,9
6478,67,2,33,5
6479,67,7,30,6
6480,67,13,0,10
6481,67,8,0,11
6482,67,14,0,12
6483,68,4,179,1
6484,68,6,178,2
6485,68,1,101,3
6486,68,11,73,4
6487,68,3,11,8
6488,68,9,16,7
6489,68,5,1,9
6490,68,2,35,5
6491,68,7,30,6
6492,68,13,0,10
6493,68,8,0,11
6494,68,14,0,12
6495,69,4,195,1
6496,69,6,186,2
6497,69,1,105,3
6498,69,11,78,4
6499,69,3,11,8
6500,69,9,16,7
6501,69,5,1,9
6502,69,2,36,5
6503,69,7,35,6
6504,69,13,0,10
6505,69,8,0,11
6506,69,14,0,12
6507,70,4,206,1
6508,70,6,201,2
6509,70,1,110,3
6510,70,11,86,4
6511,70,3,11,8
6512,70,9,16,7
6513,70,5,1,9
6514,70,2,36,5
6515,70,7,35,6
6516,70,13,0,10
6517,70,8,0,11
6518,70,14,0,12
7624,321,1,9,1
7625,321,25,7,2
7626,321,3,4,3
7627,321,22,3,4
7628,321,34,2,5
7629,321,18,0,6
7630,321,33,0,7
7631,321,21,0,8
7632,321,44,0,9
7633,321,41,0,10
7634,321,6,0,11
7635,321,45,0,12
7636,321,35,0,13
7637,321,32,0,14
7638,321,27,0,15
7639,321,46,0,16
7640,321,39,0,17
7641,321,47,0,18
7642,321,42,0,19
7643,322,1,19,1
7644,322,25,7,3
7645,322,3,6,4
7646,322,22,4,5
7647,322,34,2,6
7648,322,18,0,7
7649,322,33,0,8
7650,322,21,0,9
7651,322,44,0,11
7652,322,41,0,13
7653,322,6,12,2
7654,322,45,0,16
7655,322,35,0,12
7656,322,32,0,14
7657,322,27,0,10
7658,322,46,0,17
7659,322,39,0,15
7660,322,47,0,19
7661,322,42,0,18
7662,323,1,25,1
7663,323,25,8,5
7664,323,3,15,2
7665,323,22,10,4
7666,323,34,2,6
7667,323,18,0,8
7668,323,33,0,9
7669,323,21,0,11
7670,323,44,0,13
7671,323,41,0,15
7672,323,6,15,3
7673,323,45,0,16
7674,323,35,0,14
7675,323,32,0,7
7676,323,27,0,10
7677,323,46,0,12
7678,323,39,0,17
7679,323,47,0,19
7680,323,42,0,18
7681,324,1,38,1
7682,324,25,14,4
7683,324,3,18,2
7684,324,22,10,5
7685,324,34,2,7
7686,324,18,0,10
7687,324,33,1,8
7688,324,21,2,6
7689,324,44,0,13
7690,324,41,0,15
7691,324,6,15,3
7692,324,45,0,16
7693,324,35,0,14
7694,324,32,0,9
7695,324,27,0,12
7696,324,46,0,11
7697,324,39,0,17
7698,324,47,0,19
7699,324,42,0,18
7700,325,1,50,1
7701,325,25,14,5
7702,325,3,18,3
7703,325,22,16,4
7704,325,34,2,6
7705,325,18,0,10
7706,325,33,1,9
7707,325,21,2,7
7708,325,44,0,15
7709,325,41,0,13
7710,325,6,21,2
7711,325,45,0,14
7712,325,35,0,16
7713,325,32,1,8
7714,325,27,0,12
7715,325,46,0,11
7716,325,39,0,17
7717,325,47,0,19
7718,325,42,0,18
7719,326,1,54,1
7720,326,25,14,5
7721,326,3,20,3
7722,326,22,20,4
7723,326,34,2,6
7724,326,18,0,10
7725,326,33,1,9
7726,326,21,2,7
7727,326,44,0,16
7728,326,41,0,13
7729,326,6,36,2
7730,326,45,0,15
7731,326,35,0,14
7732,326,32,1,8
7733,326,27,0,12
7734,326,46,0,11
7735,326,39,0,17
7736,326,47,0,19
7737,326,42,0,18
7738,327,1,60,1
7739,327,25,14,5
7740,327,3,21,4
7741,327,22,23,3
7742,327,34,2,7
7743,327,18,0,11
7744,327,33,1,9
7745,327,21,2,8
7746,327,44,0,16
7747,327,41,6,6
7748,327,6,45,2
7749,327,45,0,15
7750,327,35,0,14
7751,327,32,1,10
7752,327,27,0,13
7753,327,46,0,12
7754,327,39,0,17
7755,327,47,0,19
7756,327,42,0,18
7757,328,1,64,1
7758,328,25,14,5
7759,328,3,27,3
7760,328,22,25,4
7761,328,34,2,9
7762,328,18,0,11
7763,328,33,5,7
7764,328,21,2,8
7765,328,44,0,16
7766,328,41,6,6
7767,328,6,54,2
7768,328,45,0,15
7769,328,35,0,14
7770,328,32,1,10
7771,328,27,0,13
7772,328,46,0,12
7773,328,39,0,17
7774,328,47,0,19
7775,328,42,0,18
7776,329,1,77,1
7777,329,25,14,5
7778,329,3,30,4
7779,329,22,31,3
7780,329,34,2,9
7781,329,18,0,11
7782,329,33,5,7
7783,329,21,2,8
7784,329,44,0,16
7785,329,41,6,6
7786,329,6,57,2
7787,329,45,0,15
7788,329,35,0,14
7789,329,32,1,10
7790,329,27,0,13
7791,329,46,0,12
7792,329,39,0,17
7793,329,47,0,19
7794,329,42,0,18
7795,330,1,83,1
7796,330,25,14,5
7797,330,3,42,3
7798,330,22,35,4
7799,330,34,2,10
7800,330,18,0,11
7801,330,33,6,7
7802,330,21,2,9
7803,330,44,0,17
7804,330,41,6,6
7805,330,6,57,2
7806,330,45,0,16
7807,330,35,0,14
7808,330,32,3,8
7809,330,27,0,13
7810,330,46,0,12
7811,330,39,0,15
7812,330,47,0,19
7813,330,42,0,18
7814,331,1,96,1
7815,331,25,14,5
7816,331,3,42,3
7817,331,22,40,4
7818,331,34,2,10
7819,331,18,0,11
7820,331,33,6,7
7821,331,21,2,9
7822,331,44,0,17
7823,331,41,7,6
7824,331,6,63,2
7825,331,45,0,15
7826,331,35,0,14
7827,331,32,3,8
7828,331,27,0,13
7829,331,46,0,12
7830,331,39,0,16
7831,331,47,0,19
7832,331,42,0,18
7833,332,1,109,1
7834,332,25,15,5
7835,332,3,44,3
7836,332,22,40,4
7837,332,34,2,10
7838,332,18,0,11
7839,332,33,6,7
7840,332,21,2,9
7841,332,44,0,17
7842,332,41,7,6
7843,332,6,72,2
7844,332,45,0,15
7845,332,35,0,14
7846,332,32,3,8
7847,332,27,0,13
7848,332,46,0,12
7849,332,39,0,16
7850,332,47,0,19
7851,332,42,0,18
7852,333,1,118,1
7853,333,25,15,5
7854,333,3,44,3
7855,333,22,43,4
7856,333,34,2,10
7857,333,18,0,11
7858,333,33,6,7
7859,333,21,2,9
7860,333,44,0,17
7861,333,41,7,6
7862,333,6,85,2
7863,333,45,0,15
7864,333,35,0,14
7865,333,32,3,8
7866,333,27,0,13
7867,333,46,0,12
7868,333,39,0,16
7869,333,47,0,19
7870,333,42,0,18
7871,334,1,118,1
7872,334,25,15,5
7873,334,3,49,3
7874,334,22,47,4
7875,334,34,2,10
7876,334,18,0,12
7877,334,33,7,7
7878,334,21,2,9
7879,334,44,0,17
7880,334,41,7,6
7881,334,6,100,2
7882,334,45,0,16
7883,334,35,0,15
7884,334,32,3,8
7885,334,27,0,11
7886,334,46,0,13
7887,334,39,0,14
7888,334,47,0,19
7889,334,42,0,18
7890,335,1,118,1
7891,335,25,16,5
7892,335,3,54,4
7893,335,22,62,3
7894,335,34,2,10
7895,335,18,0,12
7896,335,33,11,6
7897,335,21,2,9
7898,335,44,0,17
7899,335,41,7,7
7900,335,6,100,2
7901,335,45,0,16
7902,335,35,0,15
7903,335,32,3,8
7904,335,27,0,11
7905,335,46,0,13
7906,335,39,0,14
7907,335,47,0,19
7908,335,42,0,18
7909,336,1,121,1
7910,336,25,16,5
7911,336,3,57,4
7912,336,22,71,3
7913,336,34,2,10
7914,336,18,0,12
7915,336,33,11,6
7916,336,21,2,9
7917,336,44,0,17
7918,336,41,7,7
7919,336,6,110,2
7920,336,45,0,16
7921,336,35,0,15
7922,336,32,3,8
7923,336,27,0,11
7924,336,46,0,13
7925,336,39,0,14
7926,336,47,0,19
7927,336,42,0,18
8230,305,1,10,1
8231,305,6,6,2
8232,305,22,4,4
8233,305,25,5,3
8234,305,33,1,5
8235,305,40,0,6
8236,305,39,0,7
8237,305,18,0,8
8238,305,17,0,9
8239,305,34,0,10
8240,305,32,0,11
8241,305,3,0,12
8242,305,29,0,13
8243,305,41,0,14
8244,305,27,0,15
8245,305,35,0,16
8246,305,42,0,17
8247,305,36,0,18
8248,306,1,24,1
8249,306,6,10,2
8250,306,22,6,4
8251,306,25,5,5
8252,306,33,1,6
8253,306,40,0,7
8254,306,39,0,9
8255,306,18,0,8
8256,306,17,0,11
8257,306,34,0,13
8258,306,32,0,10
8259,306,3,6,3
8260,306,29,0,15
8261,306,41,0,16
8262,306,27,0,12
8263,306,35,0,14
8264,306,42,0,18
8265,306,36,0,17
8266,307,1,40,1
8267,307,6,10,2
8268,307,22,6,4
8269,307,25,5,5
8270,307,33,1,9
8271,307,40,0,10
8272,307,39,0,13
8273,307,18,3,7
8274,307,17,0,14
8275,307,34,0,12
8276,307,32,3,8
8277,307,3,6,3
8278,307,29,0,16
8279,307,41,0,15
8280,307,27,0,11
8281,307,35,4,6
8282,307,42,0,19
8283,307,36,0,18
8284,307,26,0,17
8285,308,1,50,1
8286,308,6,16,2
8287,308,22,9,4
8288,308,25,5,6
8289,308,33,1,9
8290,308,40,0,11
8291,308,39,0,14
8292,308,18,3,7
8293,308,17,0,12
8294,308,34,0,13
8295,308,32,3,8
8296,308,3,12,3
8297,308,29,0,17
8298,308,41,0,16
8299,308,27,0,10
8300,308,35,5,5
8301,308,42,0,19
8302,308,36,0,18
8303,308,26,0,15
8304,309,1,50,1
8305,309,6,16,4
8306,309,22,19,2
8307,309,25,11,5
8308,309,33,1,10
8309,309,40,0,12
8310,309,39,0,14
8311,309,18,3,8
8312,309,17,5,7
8313,309,34,0,13
8314,309,32,3,9
8315,309,3,17,3
8316,309,29,0,17
8317,309,41,0,16
8318,309,27,0,11
8319,309,35,5,6
8320,309,42,0,19
8321,309,36,0,18
8322,309,26,0,15
8323,310,1,54,1
8324,310,6,16,4
8325,310,22,21,3
8326,310,25,11,5
8327,310,33,1,11
8328,310,40,0,13
8329,310,39,0,15
8330,310,18,3,8
8331,310,17,8,6
8332,310,34,0,14
8333,310,32,3,9
8334,310,3,33,2
8335,310,29,0,17
8336,310,41,0,16
8337,310,27,0,12
8338,310,35,5,7
8339,310,42,0,19
8340,310,36,0,18
8341,310,26,1,10
8342,311,1,58,1
8343,311,6,25,3
8344,311,22,21,4
8345,311,25,11,5
8346,311,33,1,11
8347,311,40,0,13
8348,311,39,0,16
8349,311,18,3,8
8350,311,17,9,6
8351,311,34,0,15
8352,311,32,3,9
8353,311,3,45,2
8354,311,29,0,17
8355,311,41,0,14
8356,311,27,0,12
8357,311,35,5,7
8358,311,42,0,19
8359,311,36,0,18
8360,311,26,1,10
8361,312,1,67,1
8362,312,6,29,3
8363,312,22,23,4
8364,312,25,11,5
8365,312,33,1,11
8366,312,40,0,13
8367,312,39,0,16
8368,312,18,3,8
8369,312,17,10,6
8370,312,34,0,15
8371,312,32,3,9
8372,312,3,55,2
8373,312,29,0,17
8374,312,41,0,14
8375,312,27,0,12
8376,312,35,5,7
8377,312,42,0,19
8378,312,36,0,18
8379,312,26,1,10
8380,313,1,70,2
8381,313,6,33,3
8382,313,22,23,4
8383,313,25,11,6
8384,313,33,1,11
8385,313,40,0,13
8386,313,39,0,16
8387,313,18,3,8
8388,313,17,13,5
8389,313,34,0,15
8390,313,32,3,9
8391,313,3,71,1
8392,313,29,0,17
8393,313,41,0,14
8394,313,27,0,12
8395,313,35,5,7
8396,313,42,0,19
8397,313,36,0,18
8398,313,26,1,10
8399,314,1,83,1
8400,314,6,35,3
8401,314,22,23,4
8402,314,25,11,6
8403,314,33,1,12
8404,314,40,0,14
8405,314,39,0,16
8406,314,18,3,8
8407,314,17,13,5
8408,314,34,0,15
8409,314,32,3,9
8410,314,3,81,2
8411,314,29,0,17
8412,314,41,1,10
8413,314,27,0,13
8414,314,35,5,7
8415,314,42,0,19
8416,314,36,0,18
8417,314,26,1,11
8418,315,1,99,1
8419,315,6,35,3
8420,315,22,30,4
8421,315,25,11,6
8422,315,33,1,13
8423,315,40,0,15
8424,315,39,0,16
8425,315,18,3,8
8426,315,17,13,5
8427,315,34,1,11
8428,315,32,3,9
8429,315,3,83,2
8430,315,29,0,18
8431,315,41,1,10
8432,315,27,0,14
8433,315,35,5,7
8434,315,42,0,19
8435,315,36,0,17
8436,315,26,1,12
8437,316,1,108,1
8438,316,6,39,3
8439,316,22,33,4
8440,316,25,11,6
8441,316,33,1,13
8442,316,40,0,15
8443,316,39,0,16
8444,316,18,3,8
8445,316,17,13,5
8446,316,34,1,11
8447,316,32,3,9
8448,316,3,93,2
8449,316,29,0,18
8450,316,41,1,10
8451,316,27,0,14
8452,316,35,5,7
8453,316,42,0,19
8454,316,36,0,17
8455,316,26,1,12
8456,317,1,114,1
8457,317,6,43,3
8458,317,22,36,4
8459,317,25,11,6
8460,317,33,1,13
8461,317,40,0,15
8462,317,39,0,16
8463,317,18,6,7
8464,317,17,13,5
8465,317,34,1,11
8466,317,32,3,9
8467,317,3,103,2
8468,317,29,0,18
8469,317,41,1,10
8470,317,27,0,14
8471,317,35,5,8
8472,317,42,0,19
8473,317,36,0,17
8474,317,26,1,12
8475,318,1,116,2
8476,318,6,52,3
8477,318,22,37,4
8478,318,25,11,6
8479,318,33,1,13
8480,318,40,0,15
8481,318,39,0,16
8482,318,18,6,7
8483,318,17,13,5
8484,318,34,1,11
8485,318,32,3,9
8486,318,3,117,1
8487,318,29,0,18
8488,318,41,1,10
8489,318,27,0,14
8490,318,35,5,8
8491,318,42,0,19
8492,318,36,0,17
8493,318,26,1,12
8494,319,1,132,1
8495,319,6,55,3
8496,319,22,37,4
8497,319,25,12,6
8498,319,33,1,13
8499,319,40,0,15
8500,319,39,0,16
8501,319,18,6,7
8502,319,17,13,5
8503,319,34,3,10
8504,319,32,3,9
8505,319,3,121,2
8506,319,29,0,18
8507,319,41,1,11
8508,319,27,0,14
8509,319,35,5,8
8510,319,42,0,19
8511,319,36,0,17
8512,319,26,1,12
8513,320,1,139,1
8514,320,6,56,3
8515,320,22,38,4
8516,320,25,12,6
8517,320,33,1,13
8518,320,40,0,15
8519,320,39,0,16
8520,320,18,6,7
8521,320,17,13,5
8522,320,34,3,10
8523,320,32,3,9
8524,320,3,125,2
8525,320,29,0,18
8526,320,41,1,11
8527,320,27,0,14
8528,320,35,5,8
8529,320,42,0,19
8530,320,36,0,17
8531,320,26,1,12
8532,2,23,25,1
8533,2,1,1,8
8534,2,7,16,2
8535,2,4,4,4
8536,2,3,4,5
8537,2,5,3,6
8538,2,10,0,9
8539,2,2,4,3
8540,2,9,2,7
8541,2,6,0,10
8562,3,23,36,1
8563,3,1,8,4
8564,3,7,18,3
8565,3,4,4,6
8566,3,3,4,8
8567,3,5,4,7
8568,3,10,0,10
8569,3,2,4,5
8570,3,9,20,2
8571,3,6,0,9
8582,4,23,50,1
8583,4,1,13,4
8584,4,7,26,3
8585,4,4,5,5
8586,4,3,4,8
8587,4,5,4,7
8588,4,10,0,10
8589,4,2,4,6
8590,4,9,28,2
8591,4,6,3,9
8592,5,23,68,1
8593,5,1,13,4
8594,5,7,26,3
8595,5,4,9,5
8596,5,3,4,8
8597,5,5,4,9
8598,5,10,0,10
8599,5,2,6,6
8600,5,9,38,2
8601,5,6,6,7
8642,7,23,96,1
8643,7,1,13,5
8644,7,7,32,3
8645,7,4,11,7
8646,7,3,12,6
8647,7,5,5,9
8648,7,10,0,10
8649,7,2,8,8
8650,7,9,56,2
8651,7,6,20,4
8662,8,23,105,1
8663,8,1,13,6
8664,8,7,34,3
8665,8,4,11,7
8666,8,3,16,5
8667,8,5,5,9
8668,8,10,0,10
8669,8,2,8,8
8670,8,9,74,2
8671,8,6,26,4
8672,6,23,86,1
8673,6,1,13,5
8674,6,7,26,3
8675,6,4,11,6
8676,6,3,8,7
8677,6,5,5,9
8678,6,10,0,10
8679,6,2,6,8
8680,6,9,42,2
8681,6,6,17,4
8682,9,23,112,1
8683,9,1,14,6
8684,9,7,34,3
8685,9,4,13,7
8686,9,3,20,5
8687,9,5,5,9
8688,9,10,0,10
8689,9,2,8,8
8690,9,9,92,2
8691,9,6,32,4
8692,10,23,114,1
8693,10,1,28,5
8694,10,7,38,4
8695,10,4,13,7
8696,10,3,26,6
8697,10,5,5,9
8698,10,10,0,10
8699,10,2,8,8
8700,10,9,98,2
8701,10,6,40,3
8702,11,23,126,1
8703,11,1,41,4
8704,11,7,38,5
8705,11,4,16,7
8706,11,3,30,6
8707,11,5,5,9
8708,11,10,0,10
8709,11,2,9,8
8710,11,9,98,2
8711,11,6,46,3
8712,12,23,128,1
8713,12,1,44,4
8714,12,7,38,5
8715,12,4,16,8
8716,12,3,30,6
8717,12,5,5,10
8718,12,10,8,9
8719,12,2,18,7
8720,12,9,104,2
8721,12,6,56,3
8722,13,23,146,1
8723,13,1,47,4
8724,13,7,38,5
8725,13,4,20,8
8726,13,3,30,6
8727,13,5,5,10
8728,13,10,13,9
8729,13,2,20,7
8730,13,9,106,2
8731,13,6,62,3
8732,14,23,153,1
8733,14,1,59,4
8734,14,7,46,5
8735,14,4,26,7
8736,14,3,30,6
8737,14,5,5,10
8738,14,10,13,9
8739,14,2,21,8
8740,14,9,110,2
8741,14,6,62,3
8752,15,23,156,1
8753,15,1,65,4
8754,15,7,54,5
8755,15,4,26,7
8756,15,3,34,6
8757,15,5,5,10
8758,15,10,13,9
8759,15,2,24,8
8760,15,9,120,2
8761,15,6,67,3
8762,16,23,161,1
8763,16,1,71,3
8764,16,7,54,5
8765,16,4,26,8
8766,16,3,34,6
8767,16,5,7,10
8768,16,10,13,9
8769,16,2,32,7
8770,16,9,136,2
8771,16,6,70,4
8772,356,6,9,1
8773,356,1,6,2
8774,356,37,4,3
8775,356,22,4,4
8776,356,21,2,5
8777,356,25,0,6
8778,356,32,0,7
8779,356,27,0,8
8780,356,33,0,9
8781,356,35,0,10
8782,356,48,0,11
8783,356,3,0,12
8784,356,49,0,13
8785,356,34,0,14
8786,356,45,0,18
8787,356,18,0,15
8788,356,44,0,16
8789,356,42,0,17
8790,356,39,0,19
8791,356,46,0,20
8792,357,6,9,2
8793,357,1,21,1
8794,357,37,4,4
8795,357,22,8,3
8796,357,21,4,5
8797,357,25,1,7
8798,357,32,0,9
8799,357,27,0,11
8800,357,33,0,12
8801,357,35,0,8
8802,357,48,0,14
8803,357,3,3,6
8804,357,49,0,17
8805,357,34,0,15
8806,357,45,0,13
8807,357,18,0,16
8808,357,44,0,18
8809,357,42,0,19
8810,357,39,0,10
8811,357,46,0,20
8812,358,6,9,2
8813,358,1,36,1
8814,358,37,4,5
8815,358,22,8,3
8816,358,21,4,6
8817,358,25,3,9
8818,358,32,0,10
8819,358,27,0,12
8820,358,33,0,13
8821,358,35,3,7
8822,358,48,0,15
8823,358,3,3,8
8824,358,49,0,17
8825,358,34,5,4
8826,358,45,0,14
8827,358,18,0,16
8828,358,44,0,19
8829,358,42,0,18
8830,358,39,0,11
8831,358,46,0,20
8832,359,6,9,3
8833,359,1,47,1
8834,359,37,4,7
8835,359,22,11,2
8836,359,21,4,8
8837,359,25,7,5
8838,359,32,0,12
8839,359,27,0,11
8840,359,33,0,14
8841,359,35,3,9
8842,359,48,0,13
8843,359,3,9,4
8844,359,49,0,17
8845,359,34,5,6
8846,359,45,0,15
8847,359,18,0,16
8848,359,44,0,20
8849,359,42,0,18
8850,359,39,1,10
8851,359,46,0,19
8852,360,6,9,4
8853,360,1,56,1
8854,360,37,4,8
8855,360,22,13,3
8856,360,21,8,5
8857,360,25,7,6
8858,360,32,0,13
8859,360,27,0,12
8860,360,33,0,14
8861,360,35,3,9
8862,360,48,3,10
8863,360,3,16,2
8864,360,49,0,18
8865,360,34,5,7
8866,360,45,0,15
8867,360,18,0,17
8868,360,44,0,20
8869,360,42,0,19
8870,360,39,1,11
8871,360,46,0,16
8872,361,6,9,4
8873,361,1,56,1
8874,361,37,4,9
8875,361,22,13,3
8876,361,21,8,6
8877,361,25,7,7
8878,361,32,3,10
8879,361,27,2,12
8880,361,33,0,15
8881,361,35,8,5
8882,361,48,3,11
8883,361,3,31,2
8884,361,49,0,19
8885,361,34,5,8
8886,361,45,0,14
8887,361,18,0,18
8888,361,44,0,20
8889,361,42,0,16
8890,361,39,1,13
8891,361,46,0,17
8892,362,6,15,3
8893,362,1,65,1
8894,362,37,4,9
8895,362,22,13,4
8896,362,21,8,7
8897,362,25,10,5
8898,362,32,3,10
8899,362,27,3,12
8900,362,33,0,15
8901,362,35,8,6
8902,362,48,3,11
8903,362,3,35,2
8904,362,49,0,19
8905,362,34,5,8
8906,362,45,0,16
8907,362,18,0,18
8908,362,44,0,20
8909,362,42,0,17
8910,362,39,1,14
8911,362,46,2,13
8912,363,6,21,3
8913,363,1,74,1
8914,363,37,4,10
8915,363,22,17,4
8916,363,21,8,7
8917,363,25,10,5
8918,363,32,6,8
8919,363,27,3,12
8920,363,33,0,16
8921,363,35,8,6
8922,363,48,3,11
8923,363,3,35,2
8924,363,49,0,19
8925,363,34,5,9
8926,363,45,0,17
8927,363,18,3,13
8928,363,44,0,20
8929,363,42,0,18
8930,363,39,1,15
8931,363,46,2,14
8932,364,6,25,3
8933,364,1,89,1
8934,364,37,4,10
8935,364,22,17,4
8936,364,21,9,6
8937,364,25,10,5
8938,364,32,8,8
8939,364,27,3,12
8940,364,33,0,16
8941,364,35,8,7
8942,364,48,3,11
8943,364,3,38,2
8944,364,49,0,19
8945,364,34,5,9
8946,364,45,0,17
8947,364,18,3,13
8948,364,44,0,20
8949,364,42,0,18
8950,364,39,1,15
8951,364,46,2,14
8952,365,6,34,3
8953,365,1,98,1
8954,365,37,4,10
8955,365,22,17,4
8956,365,21,11,5
8957,365,25,10,6
8958,365,32,9,7
8959,365,27,3,12
8960,365,33,0,16
8961,365,35,8,8
8962,365,48,3,11
8963,365,3,42,2
8964,365,49,0,19
8965,365,34,5,9
8966,365,45,0,17
8967,365,18,3,13
8968,365,44,0,20
8969,365,42,0,18
8970,365,39,1,15
8971,365,46,2,14
8972,366,6,38,3
8973,366,1,113,1
8974,366,37,4,10
8975,366,22,19,4
8976,366,21,12,5
8977,366,25,10,6
8978,366,32,9,7
8979,366,27,3,12
8980,366,33,0,16
8981,366,35,8,8
8982,366,48,3,11
8983,366,3,45,2
8984,366,49,0,19
8985,366,34,5,9
8986,366,45,0,17
8987,366,18,3,13
8988,366,44,0,20
8989,366,42,0,18
8990,366,39,1,15
8991,366,46,2,14
8992,367,6,44,3
8993,367,1,122,1
8994,367,37,4,10
8995,367,22,19,4
8996,367,21,12,6
8997,367,25,12,5
8998,367,32,9,7
8999,367,27,3,12
9000,367,33,0,16
9001,367,35,8,8
9002,367,48,3,11
9003,367,3,52,2
9004,367,49,0,19
9005,367,34,6,9
9006,367,45,0,17
9007,367,18,3,13
9008,367,44,0,20
9009,367,42,0,18
9010,367,39,1,15
9011,367,46,2,14
9012,368,6,53,2
9013,368,1,128,1
9014,368,37,4,12
9015,368,22,22,4
9016,368,21,12,6
9017,368,25,13,5
9018,368,32,9,7
9019,368,27,3,14
9020,368,33,0,16
9021,368,35,8,8
9022,368,48,3,13
9023,368,3,52,3
9024,368,49,0,19
9025,368,34,6,10
9026,368,45,0,17
9027,368,18,5,11
9028,368,44,0,20
9029,368,42,0,18
9030,368,39,1,15
9031,368,46,6,9
9032,369,6,59,2
9033,369,1,141,1
9034,369,37,4,12
9035,369,22,22,4
9036,369,21,12,6
9037,369,25,16,5
9038,369,32,9,7
9039,369,27,3,14
9040,369,33,1,16
9041,369,35,8,8
9042,369,48,3,13
9043,369,3,54,3
9044,369,49,0,19
9045,369,34,6,10
9046,369,45,0,17
9047,369,18,5,11
9048,369,44,0,20
9049,369,42,0,18
9050,369,39,1,15
9051,369,46,6,9
9112,370,6,59,3
9113,370,1,141,1
9114,370,37,4,12
9115,370,22,31,4
9116,370,21,13,6
9117,370,25,16,5
9118,370,32,12,7
9119,370,27,3,14
9120,370,33,1,16
9121,370,35,8,8
9122,370,48,3,13
9123,370,3,64,2
9124,370,49,0,19
9125,370,34,8,9
9126,370,45,0,17
9127,370,18,5,11
9128,370,44,0,20
9129,370,42,0,18
9130,370,39,1,15
9131,370,46,6,10
9132,371,6,59,3
9133,371,1,141,1
9134,371,37,4,12
9135,371,22,39,4
9136,371,21,13,7
9137,371,25,16,5
9138,371,32,15,6
9139,371,27,3,14
9140,371,33,1,16
9141,371,35,8,8
9142,371,48,3,13
9143,371,3,77,2
9144,371,49,0,19
9145,371,34,8,9
9146,371,45,0,17
9147,371,18,6,11
9148,371,44,0,20
9149,371,42,0,18
9150,371,39,1,15
9151,371,46,6,10
9152,372,1,9,1
9153,372,6,8,2
9154,372,32,5,3
9155,372,21,3,4
9156,372,22,0,5
9157,372,27,0,6
9158,372,48,0,7
9159,372,25,0,8
9160,372,18,0,9
9161,372,33,0,10
9162,372,42,0,11
9163,372,39,0,12
9164,372,44,0,13
9165,372,3,0,14
9166,372,37,0,15
9167,372,49,0,16
9168,372,45,0,17
9169,372,35,0,18
9170,373,1,24,1
9171,373,6,10,2
9172,373,32,9,3
9173,373,21,3,5
9174,373,22,4,4
9175,373,27,0,6
9176,373,48,0,13
9177,373,25,0,11
9178,373,18,0,8
9179,373,33,0,9
9180,373,42,0,14
9181,373,39,0,7
9182,373,44,0,15
9183,373,3,0,10
9184,373,37,0,12
9185,373,49,0,17
9186,373,45,0,18
9187,373,35,0,16
9188,374,1,33,1
9189,374,6,20,2
9190,374,32,9,3
9191,374,21,6,4
9192,374,22,4,5
9193,374,27,0,9
9194,374,48,0,14
9195,374,25,2,6
9196,374,18,0,13
9197,374,33,0,8
9198,374,42,0,15
9199,374,39,0,12
9200,374,44,0,17
9201,374,3,1,7
9202,374,37,0,11
9203,374,49,0,16
9204,374,45,0,10
9205,374,35,0,18
9206,375,1,48,1
9207,375,6,27,2
9208,375,32,9,3
9209,375,21,9,4
9210,375,22,4,5
9211,375,27,0,9
9212,375,48,0,17
9213,375,25,2,6
9214,375,18,0,13
9215,375,33,0,8
9216,375,42,0,15
9217,375,39,0,11
9218,375,44,0,14
9219,375,3,1,7
9220,375,37,0,12
9221,375,49,0,16
9222,375,45,0,10
9223,375,35,0,18
9224,376,1,63,1
9225,376,6,27,2
9226,376,32,12,3
9227,376,21,9,4
9228,376,22,8,5
9229,376,27,0,11
9230,376,48,0,12
9231,376,25,3,6
9232,376,18,0,15
9233,376,33,0,9
9234,376,42,0,10
9235,376,39,0,14
9236,376,44,0,16
9237,376,3,1,8
9238,376,37,2,7
9239,376,49,0,17
9240,376,45,0,13
9241,376,35,0,18
9242,377,1,78,1
9243,377,6,27,2
9244,377,32,12,4
9245,377,21,9,5
9246,377,22,12,3
9247,377,27,0,14
9248,377,48,3,7
9249,377,25,5,6
9250,377,18,1,9
9251,377,33,0,11
9252,377,42,0,12
9253,377,39,0,16
9254,377,44,0,17
9255,377,3,1,10
9256,377,37,2,8
9257,377,49,0,18
9258,377,45,0,15
9259,377,35,0,13
9260,378,1,93,1
9261,378,6,34,2
9262,378,32,14,3
9263,378,21,9,5
9264,378,22,13,4
9265,378,27,0,14
9266,378,48,3,7
9267,378,25,5,6
9268,378,18,1,9
9269,378,33,0,11
9270,378,42,0,13
9271,378,39,0,16
9272,378,44,0,17
9273,378,3,1,10
9274,378,37,2,8
9275,378,49,0,18
9276,378,45,0,15
9277,378,35,0,12
9278,379,1,102,1
9279,379,6,34,2
9280,379,32,16,4
9281,379,21,10,5
9282,379,22,17,3
9283,379,27,0,14
9284,379,48,3,9
9285,379,25,5,8
9286,379,18,1,10
9287,379,33,0,11
9288,379,42,0,13
9289,379,39,0,16
9290,379,44,0,17
9291,379,3,7,6
9292,379,37,5,7
9293,379,49,0,18
9294,379,45,0,15
9295,379,35,0,12
9296,380,1,117,1
9297,380,6,41,2
9298,380,32,16,4
9299,380,21,10,5
9300,380,22,18,3
9301,380,27,0,14
9302,380,48,3,9
9303,380,25,5,8
9304,380,18,1,10
9305,380,33,0,11
9306,380,42,0,13
9307,380,39,0,16
9308,380,44,0,17
9309,380,3,7,6
9310,380,37,7,7
9311,380,49,0,18
9312,380,45,0,15
9313,380,35,0,12
9314,381,1,132,1
9315,381,6,44,2
9316,381,32,16,4
9317,381,21,10,5
9318,381,22,22,3
9319,381,27,0,14
9320,381,48,3,9
9321,381,25,5,8
9322,381,18,1,10
9323,381,33,0,11
9324,381,42,0,13
9325,381,39,0,16
9326,381,44,0,17
9327,381,3,8,7
9328,381,37,9,6
9329,381,49,0,18
9330,381,45,0,15
9331,381,35,0,12
9332,382,1,147,1
9333,382,6,44,2
9334,382,32,19,4
9335,382,21,13,6
9336,382,22,22,3
9337,382,27,0,14
9338,382,48,3,9
9339,382,25,5,8
9340,382,18,1,10
9341,382,33,0,11
9342,382,42,0,13
9343,382,39,0,16
9344,382,44,0,17
9345,382,3,8,7
9346,382,37,13,5
9347,382,49,0,18
9348,382,45,0,15
9349,382,35,0,12
9350,383,1,147,1
9351,383,6,59,2
9352,383,32,19,5
9353,383,21,20,4
9354,383,22,23,3
9355,383,27,0,14
9356,383,48,3,9
9357,383,25,5,8
9358,383,18,1,10
9359,383,33,0,11
9360,383,42,0,13
9361,383,39,0,16
9362,383,44,0,17
9363,383,3,8,7
9364,383,37,15,6
9365,383,49,0,18
9366,383,45,0,15
9367,383,35,0,12
9368,384,1,157,1
9369,384,6,61,2
9370,384,32,19,6
9371,384,21,23,4
9372,384,22,27,3
9373,384,27,0,14
9374,384,48,3,9
9375,384,25,5,8
9376,384,18,1,10
9377,384,33,0,11
9378,384,42,0,13
9379,384,39,0,15
9380,384,44,0,17
9381,384,3,8,7
9382,384,37,21,5
9383,384,49,0,18
9384,384,45,0,16
9385,384,35,0,12
9386,385,1,169,1
9387,385,6,62,2
9388,385,32,19,6
9389,385,21,23,4
9390,385,22,31,3
9391,385,27,0,14
9392,385,48,3,9
9393,385,25,5,8
9394,385,18,1,10
9395,385,33,0,11
9396,385,42,0,13
9397,385,39,0,15
9398,385,44,0,17
9399,385,3,16,7
9400,385,37,21,5
9401,385,49,0,18
9402,385,45,0,16
9403,385,35,0,12
9404,386,1,184,1
9405,386,6,65,2
9406,386,32,19,6
9407,386,21,23,4
9408,386,22,37,3
9409,386,27,0,15
9410,386,48,3,9
9411,386,25,5,8
9412,386,18,1,10
9413,386,33,0,11
9414,386,42,0,14
9415,386,39,0,13
9416,386,44,0,17
9417,386,3,17,7
9418,386,37,21,5
9419,386,49,0,18
9420,386,45,0,16
9421,386,35,0,12
9422,387,1,199,1
9423,387,6,65,2
9424,387,32,23,4
9425,387,21,23,5
9426,387,22,39,3
9427,387,27,0,15
9428,387,48,3,9
9429,387,25,5,8
9430,387,18,1,10
9431,387,33,0,11
9432,387,42,0,14
9433,387,39,0,13
9434,387,44,0,17
9435,387,3,20,7
9436,387,37,22,6
9437,387,49,0,18
9438,387,45,0,16
9439,387,35,0,12
9440,388,1,13,1
9441,388,3,7,2
9442,388,6,3,3
9443,388,22,2,4
9444,388,32,0,5
9445,388,49,0,6
9446,388,25,0,7
9447,388,39,0,8
9448,388,21,0,9
9449,388,34,0,10
9450,388,45,0,11
9451,388,18,0,12
9452,388,37,0,13
9453,389,1,16,2
9454,389,3,16,1
9455,389,6,7,4
9456,389,22,2,6
9457,389,32,7,3
9458,389,49,2,5
9459,389,25,0,7
9460,389,39,0,11
9461,389,21,0,10
9462,389,34,0,8
9463,389,45,0,12
9464,389,18,0,13
9465,389,37,0,14
9466,389,33,0,9
9467,389,27,0,15
9468,390,1,31,1
9469,390,3,16,2
9470,390,6,7,4
9471,390,22,2,8
9472,390,32,9,3
9473,390,49,2,7
9474,390,25,0,10
9475,390,39,0,12
9476,390,21,3,6
9477,390,34,4,5
9478,390,45,0,13
9479,390,18,0,15
9480,390,37,0,14
9481,390,33,0,11
9482,390,27,1,9
9483,391,1,31,1
9484,391,3,22,2
9485,391,6,14,4
9486,391,22,2,9
9487,391,32,18,3
9488,391,49,2,7
9489,391,25,2,8
9490,391,39,0,13
9491,391,21,3,6
9492,391,34,4,5
9493,391,45,0,14
9494,391,18,0,15
9495,391,37,1,11
9496,391,33,0,12
9497,391,27,1,10
9498,392,1,35,1
9499,392,3,30,2
9500,392,6,17,4
9501,392,22,2,9
9502,392,32,27,3
9503,392,49,2,7
9504,392,25,2,8
9505,392,39,0,13
9506,392,21,4,6
9507,392,34,4,5
9508,392,45,0,14
9509,392,18,0,15
9510,392,37,1,11
9511,392,33,0,12
9512,392,27,1,10
9513,393,1,39,2
9514,393,3,45,1
9515,393,6,17,4
9516,393,22,4,7
9517,393,32,30,3
9518,393,49,2,9
9519,393,25,3,8
9520,393,39,0,13
9521,393,21,4,6
9522,393,34,4,5
9523,393,45,0,14
9524,393,18,0,15
9525,393,37,1,11
9526,393,33,0,12
9527,393,27,1,10
9528,394,1,39,2
9529,394,3,60,1
9530,394,6,17,4
9531,394,22,5,6
9532,394,32,37,3
9533,394,49,2,9
9534,394,25,3,8
9535,394,39,0,13
9536,394,21,6,5
9537,394,34,4,7
9538,394,45,0,14
9539,394,18,0,15
9540,394,37,1,11
9541,394,33,0,12
9542,394,27,1,10
9543,395,1,45,2
9544,395,3,69,1
9545,395,6,17,4
9546,395,22,5,7
9547,395,32,41,3
9548,395,49,2,9
9549,395,25,8,5
9550,395,39,0,13
9551,395,21,6,6
9552,395,34,4,8
9553,395,45,0,14
9554,395,18,0,15
9555,395,37,1,12
9556,395,33,1,11
9557,395,27,1,10
9558,396,1,49,2
9559,396,3,78,1
9560,396,6,17,4
9561,396,22,8,6
9562,396,32,47,3
9563,396,49,2,9
9564,396,25,8,5
9565,396,39,0,13
9566,396,21,7,7
9567,396,34,6,8
9568,396,45,0,15
9569,396,18,0,14
9570,396,37,1,12
9571,396,33,1,11
9572,396,27,1,10
9573,397,1,50,2
9574,397,3,93,1
9575,397,6,17,4
9576,397,22,15,5
9577,397,32,49,3
9578,397,49,2,9
9579,397,25,8,6
9580,397,39,0,13
9581,397,21,7,7
9582,397,34,6,8
9583,397,45,0,15
9584,397,18,0,14
9585,397,37,1,12
9586,397,33,1,11
9587,397,27,1,10
9588,398,1,51,3
9589,398,3,106,1
9590,398,6,20,4
9591,398,22,17,5
9592,398,32,55,2
9593,398,49,2,9
9594,398,25,8,6
9595,398,39,0,13
9596,398,21,7,7
9597,398,34,6,8
9598,398,45,0,15
9599,398,18,0,14
9600,398,37,1,12
9601,398,33,1,11
9602,398,27,1,10
9603,398,42,0,16
9604,399,1,62,2
9605,399,3,110,1
9606,399,6,26,4
9607,399,22,20,5
9608,399,32,55,3
9609,399,49,2,9
9610,399,25,8,6
9611,399,39,0,13
9612,399,21,8,7
9613,399,34,6,8
9614,399,45,0,15
9615,399,18,0,14
9616,399,37,1,12
9617,399,33,1,11
9618,399,27,1,10
9619,399,42,0,16
9620,400,1,72,2
9621,400,3,122,1
9622,400,6,26,4
9623,400,22,20,5
9624,400,32,57,3
9625,400,49,2,9
9626,400,25,8,6
9627,400,39,0,13
9628,400,21,8,7
9629,400,34,6,8
9630,400,45,0,15
9631,400,18,0,14
9632,400,37,1,12
9633,400,33,2,10
9634,400,27,1,11
9635,400,42,0,16
9636,401,1,72,2
9637,401,3,137,1
9638,401,6,26,4
9639,401,22,22,5
9640,401,32,57,3
9641,401,49,2,10
9642,401,25,8,8
9643,401,39,0,13
9644,401,21,11,6
9645,401,34,10,7
9646,401,45,0,15
9647,401,18,0,14
9648,401,37,1,12
9649,401,33,3,9
9650,401,27,1,11
9651,401,42,0,16
9652,402,1,76,2
9653,402,3,137,1
9654,402,6,38,4
9655,402,22,24,5
9656,402,32,64,3
9657,402,49,2,10
9658,402,25,8,8
9659,402,39,0,13
9660,402,21,11,6
9661,402,34,10,7
9662,402,45,0,15
9663,402,18,0,14
9664,402,37,1,12
9665,402,33,3,9
9666,402,27,1,11
9667,402,42,0,16
9668,403,1,76,2
9669,403,3,137,1
9670,403,6,53,4
9671,403,22,28,5
9672,403,32,64,3
9673,403,49,2,10
9674,403,25,11,6
9675,403,39,1,12
9676,403,21,11,7
9677,403,34,10,8
9678,403,45,0,15
9679,403,18,0,14
9680,403,37,1,13
9681,403,33,3,9
9682,403,27,1,11
9683,403,42,0,16
9684,404,3,9,1
9685,404,32,6,3
9686,404,27,7,2
9687,404,25,2,4
9688,404,22,1,5
9689,404,34,0,6
9690,404,21,0,7
9691,404,6,0,8
9692,404,1,0,9
9693,404,45,0,10
9694,404,26,0,11
9695,404,49,0,12
9696,404,18,0,13
9697,405,3,15,2
9698,405,32,15,1
9699,405,27,7,3
9700,405,25,2,6
9701,405,22,4,5
9702,405,34,0,8
9703,405,21,0,7
9704,405,6,0,10
9705,405,1,7,4
9706,405,45,0,11
9707,405,26,0,9
9708,405,49,0,12
9709,405,18,0,13
9710,406,3,21,1
9711,406,32,15,3
9712,406,27,7,5
9713,406,25,2,7
9714,406,22,8,4
9715,406,34,1,8
9716,406,21,0,9
9717,406,6,3,6
9718,406,1,18,2
9719,406,45,0,11
9720,406,26,0,10
9721,406,49,0,12
9722,406,18,0,13
9723,407,3,24,2
9724,407,32,19,3
9725,407,27,10,4
9726,407,25,2,7
9727,407,22,8,5
9728,407,34,1,8
9729,407,21,0,9
9730,407,6,3,6
9731,407,1,33,1
9732,407,45,0,12
9733,407,26,0,10
9734,407,49,0,11
9735,407,18,0,13
9736,408,3,33,2
9737,408,32,25,3
9738,408,27,12,4
9739,408,25,2,7
9740,408,22,8,6
9741,408,34,1,8
9742,408,21,0,9
9743,408,6,10,5
9744,408,1,34,1
9745,408,45,0,12
9746,408,26,0,10
9747,408,49,0,11
9748,408,18,0,13
9749,409,3,46,1
9750,409,32,27,3
9751,409,27,13,4
9752,409,25,2,7
9753,409,22,8,6
9754,409,34,1,8
9755,409,21,0,9
9756,409,6,10,5
9757,409,1,43,2
9758,409,45,0,12
9759,409,26,0,10
9760,409,49,0,11
9761,409,18,0,13
9775,410,3,48,1
9776,410,32,36,3
9777,410,27,19,4
9778,410,25,2,7
9779,410,22,8,6
9780,410,34,2,8
9781,410,21,0,9
9782,410,6,13,5
9783,410,1,47,2
9784,410,45,0,12
9785,410,26,0,10
9786,410,49,0,11
9787,410,18,0,13
9788,411,3,61,1
9789,411,32,36,3
9790,411,27,22,4
9791,411,25,2,7
9792,411,22,8,6
9793,411,34,2,8
9794,411,21,0,9
9795,411,6,13,5
9796,411,1,56,2
9797,411,45,0,12
9798,411,26,0,10
9799,411,49,0,11
9800,411,18,0,13
9801,412,3,76,1
9802,412,32,36,3
9803,412,27,25,4
9804,412,25,5,7
9805,412,22,8,6
9806,412,34,2,8
9807,412,21,0,9
9808,412,6,13,5
9809,412,1,60,2
9810,412,45,0,12
9811,412,26,0,11
9812,412,49,0,10
9813,412,18,0,13
9814,413,3,89,1
9815,413,32,42,3
9816,413,27,28,4
9817,413,25,5,7
9818,413,22,8,6
9819,413,34,2,8
9820,413,21,0,9
9821,413,6,13,5
9822,413,1,63,2
9823,413,45,0,12
9824,413,26,0,10
9825,413,49,0,11
9826,413,18,0,13
9827,414,3,102,1
9828,414,32,50,3
9829,414,27,28,4
9830,414,25,6,7
9831,414,22,8,6
9832,414,34,2,8
9833,414,21,0,9
9834,414,6,16,5
9835,414,1,63,2
9836,414,45,0,12
9837,414,26,0,10
9838,414,49,0,11
9839,414,18,0,13
9840,415,3,102,1
9841,415,32,50,3
9842,415,27,28,4
9843,415,25,6,7
9844,415,22,8,6
9845,415,34,2,9
9846,415,21,1,10
9847,415,6,26,5
9848,415,1,72,2
9849,415,45,0,12
9850,415,26,5,8
9851,415,49,0,11
9852,415,18,0,13
9853,416,3,117,1
9854,416,32,50,3
9855,416,27,28,5
9856,416,25,6,8
9857,416,22,10,6
9858,416,34,2,9
9859,416,21,1,10
9860,416,6,30,4
9861,416,1,75,2
9862,416,45,0,12
9863,416,26,6,7
9864,416,49,0,11
9865,416,18,0,13
9866,416,39,0,14
9867,417,3,130,1
9868,417,32,53,3
9869,417,27,28,5
9870,417,25,6,8
9871,417,22,10,6
9872,417,34,2,9
9873,417,21,1,10
9874,417,6,33,4
9875,417,1,81,2
9876,417,45,0,12
9877,417,26,6,7
9878,417,49,0,11
9879,417,18,0,13
9880,417,39,0,14
9881,418,3,135,1
9882,418,32,57,3
9883,418,27,29,5
9884,418,25,6,8
9885,418,22,19,6
9886,418,34,2,9
9887,418,21,1,10
9888,418,6,33,4
9889,418,1,87,2
9890,418,45,0,13
9891,418,26,6,7
9892,418,49,0,11
9893,418,18,0,12
9894,418,39,0,14
9895,419,3,141,1
9896,419,32,58,3
9897,419,27,29,5
9898,419,25,11,7
9899,419,22,19,6
9900,419,34,2,9
9901,419,21,1,10
9902,419,6,37,4
9903,419,1,96,2
9904,419,45,0,13
9905,419,26,6,8
9906,419,49,0,11
9907,419,18,0,12
9908,419,39,0,14
9909,420,1,9,1
9910,420,6,9,2
9911,420,32,4,3
9912,420,4,2,4
9913,420,27,1,5
9914,420,25,0,6
9915,420,50,0,7
9916,420,21,0,8
9917,420,45,0,9
9918,420,51,0,10
9919,420,18,0,11
9920,420,3,0,12
9921,420,34,0,13
9922,420,52,0,14
9923,421,1,9,3
9924,421,6,15,2
9925,421,32,16,1
9926,421,4,6,4
9927,421,27,1,7
9928,421,25,1,6
9929,421,50,0,9
9930,421,21,0,10
9931,421,45,0,8
9932,421,51,0,11
9933,421,18,0,13
9934,421,3,2,5
9935,421,34,0,12
9936,421,52,0,14
9937,421,49,0,15
9938,422,1,12,3
9939,422,6,16,2
9940,422,32,25,1
9941,422,4,10,4
9942,422,27,1,8
9943,422,25,1,7
9944,422,50,0,11
9945,422,21,6,5
9946,422,45,0,10
9947,422,51,0,12
9948,422,18,0,13
9949,422,3,4,6
9950,422,34,0,9
9951,422,52,0,14
9952,422,49,0,15
9953,423,1,21,3
9954,423,6,22,2
9955,423,32,29,1
9956,423,4,12,4
9957,423,27,5,6
9958,423,25,1,8
9959,423,50,0,11
9960,423,21,6,5
9961,423,45,0,10
9962,423,51,0,13
9963,423,18,0,15
9964,423,3,4,7
9965,423,34,0,9
9966,423,52,0,16
9967,423,49,0,12
9968,423,53,0,14
9969,424,1,25,3
9970,424,6,37,1
9971,424,32,31,2
9972,424,4,12,4
9973,424,27,5,7
9974,424,25,1,8
9975,424,50,0,11
9976,424,21,6,6
9977,424,45,0,10
9978,424,51,0,12
9979,424,18,0,15
9980,424,3,8,5
9981,424,34,0,9
9982,424,52,0,16
9983,424,49,0,13
9984,424,53,0,14
10017,425,1,25,3
10018,425,6,47,1
10019,425,32,33,2
10020,425,4,12,5
10021,425,27,5,7
10022,425,25,4,8
10023,425,50,0,12
10024,425,21,6,6
10025,425,45,0,11
10026,425,51,0,10
10027,425,18,0,15
10028,425,3,17,4
10029,425,34,1,9
10030,425,52,0,16
10031,425,49,0,13
10032,425,53,0,14
10049,426,1,29,3
10050,426,6,50,1
10051,426,32,35,2
10052,426,4,13,5
10053,426,27,5,8
10054,426,25,4,9
10055,426,50,0,11
10056,426,21,6,7
10057,426,45,0,12
10058,426,51,0,10
10059,426,18,0,15
10060,426,3,23,4
10061,426,34,10,6
10062,426,52,0,16
10063,426,49,0,13
10064,426,53,0,14
10065,427,1,38,2
10066,427,6,56,1
10067,427,32,35,3
10068,427,4,15,5
10069,427,27,9,7
10070,427,25,4,9
10071,427,50,0,11
10072,427,21,6,8
10073,427,45,0,12
10074,427,51,0,10
10075,427,18,0,15
10076,427,3,23,4
10077,427,34,14,6
10078,427,52,0,16
10079,427,49,0,13
10080,427,53,0,14
10081,428,1,46,2
10082,428,6,65,1
10083,428,32,35,3
10084,428,4,15,5
10085,428,27,13,7
10086,428,25,4,9
10087,428,50,0,11
10088,428,21,9,8
10089,428,45,0,12
10090,428,51,0,10
10091,428,18,0,13
10092,428,3,24,4
10093,428,34,14,6
10094,428,52,0,16
10095,428,49,0,14
10096,428,53,0,15
10097,429,1,55,2
10098,429,6,72,1
10099,429,32,43,3
10100,429,4,15,6
10101,429,27,13,7
10102,429,25,4,9
10103,429,50,0,12
10104,429,21,9,8
10105,429,45,0,11
10106,429,51,0,10
10107,429,18,0,13
10108,429,3,24,4
10109,429,34,15,5
10110,429,52,0,16
10111,429,49,0,14
10112,429,53,0,15
10113,430,1,70,2
10114,430,6,75,1
10115,430,32,49,3
10116,430,4,15,6
10117,430,27,13,7
10118,430,25,4,9
10119,430,50,0,12
10120,430,21,9,8
10121,430,45,0,11
10122,430,51,0,10
10123,430,18,0,13
10124,430,3,25,4
10125,430,34,15,5
10126,430,52,0,16
10127,430,49,0,14
10128,430,53,0,15
10129,431,1,79,1
10130,431,6,77,2
10131,431,32,54,3
10132,431,4,15,6
10133,431,27,13,7
10134,431,25,4,9
10135,431,50,0,12
10136,431,21,9,8
10137,431,45,0,11
10138,431,51,0,10
10139,431,18,0,13
10140,431,3,25,4
10141,431,34,24,5
10142,431,52,0,16
10143,431,49,0,14
10144,431,53,0,15
10145,431,26,0,17
10146,432,1,83,1
10147,432,6,77,2
10148,432,32,63,3
10149,432,4,16,6
10150,432,27,13,7
10151,432,25,4,9
10152,432,50,0,12
10153,432,21,9,8
10154,432,45,0,11
10155,432,51,0,10
10156,432,18,0,13
10157,432,3,34,4
10158,432,34,26,5
10159,432,52,0,16
10160,432,49,0,14
10161,432,53,0,15
10162,432,26,0,17
10163,433,1,86,1
10164,433,6,77,2
10165,433,32,71,3
10166,433,4,16,6
10167,433,27,13,7
10168,433,25,4,9
10169,433,50,0,12
10170,433,21,10,8
10171,433,45,0,11
10172,433,51,0,10
10173,433,18,0,13
10174,433,3,47,4
10175,433,34,26,5
10176,433,52,0,16
10177,433,49,0,14
10178,433,53,0,15
10179,433,26,0,17
10180,434,1,90,1
10181,434,6,80,2
10182,434,32,71,3
10183,434,4,16,6
10184,434,27,13,8
10185,434,25,4,9
10186,434,50,0,12
10187,434,21,13,7
10188,434,45,0,11
10189,434,51,0,10
10190,434,18,0,13
10191,434,3,62,4
10192,434,34,26,5
10193,434,52,0,16
10194,434,49,0,14
10195,434,53,0,15
10196,434,26,0,17
10197,435,1,90,1
10198,435,6,82,2
10199,435,32,71,4
10200,435,4,16,7
10201,435,27,23,6
10202,435,25,7,9
10203,435,50,0,13
10204,435,21,14,8
10205,435,45,0,10
10206,435,51,0,12
10207,435,18,0,11
10208,435,3,71,3
10209,435,34,26,5
10210,435,52,0,16
10211,435,49,0,14
10212,435,53,0,15
10213,435,26,0,17
10214,436,1,9,1
10215,436,3,6,2
10216,436,32,4,3
10217,436,51,3,4
10218,436,4,2,5
10219,436,21,1,6
10220,436,50,0,7
10221,436,27,0,8
10222,436,34,0,9
10223,436,6,0,10
10224,436,45,0,11
10225,436,53,0,12
10226,436,52,0,13
10227,437,1,24,1
10228,437,3,6,2
10229,437,32,4,5
10230,437,51,6,4
10231,437,4,6,3
10232,437,21,1,7
10233,437,50,0,9
10234,437,27,2,6
10235,437,34,0,13
10236,437,6,0,11
10237,437,45,0,15
10238,437,53,1,8
10239,437,52,0,10
10240,437,25,0,12
10241,437,54,0,14
10242,438,1,24,1
10243,438,3,9,4
10244,438,32,6,5
10245,438,51,6,6
10246,438,4,12,3
10247,438,21,1,9
10248,438,50,0,10
10249,438,27,2,7
10250,438,34,0,12
10251,438,6,13,2
10252,438,45,0,15
10253,438,53,2,8
10254,438,52,0,11
10255,438,25,0,13
10256,438,54,0,14
10272,439,1,33,1
10273,439,3,9,5
10274,439,32,10,4
10275,439,51,6,6
10276,439,4,15,3
10277,439,21,3,7
10278,439,50,0,11
10279,439,27,3,8
10280,439,34,0,12
10281,439,6,19,2
10282,439,45,0,15
10283,439,53,2,9
10284,439,52,0,10
10285,439,25,0,13
10286,439,54,0,14
10287,440,1,42,1
10288,440,3,10,5
10289,440,32,16,4
10290,440,51,6,6
10291,440,4,21,3
10292,440,21,3,7
10293,440,50,0,11
10294,440,27,3,8
10295,440,34,0,12
10296,440,6,22,2
10297,440,45,0,13
10298,440,53,2,9
10299,440,52,0,10
10300,440,25,0,14
10301,440,54,0,15
10302,441,1,46,1
10303,441,3,12,5
10304,441,32,17,4
10305,441,51,6,6
10306,441,4,21,3
10307,441,21,3,8
10308,441,50,0,12
10309,441,27,3,9
10310,441,34,0,13
10311,441,6,24,2
10312,441,45,0,10
10313,441,53,5,7
10314,441,52,0,11
10315,441,25,0,15
10316,441,54,0,14
10317,442,1,56,1
10318,442,3,12,5
10319,442,32,21,4
10320,442,51,6,7
10321,442,4,21,3
10322,442,21,3,9
10323,442,50,0,13
10324,442,27,3,10
10325,442,34,9,6
10326,442,6,26,2
10327,442,45,0,11
10328,442,53,5,8
10329,442,52,0,12
10330,442,25,0,15
10331,442,54,0,14
10332,443,1,60,1
10333,443,3,14,6
10334,443,32,27,2
10335,443,51,6,7
10336,443,4,21,5
10337,443,21,3,9
10338,443,50,0,13
10339,443,27,3,10
10340,443,34,22,4
10341,443,6,26,3
10342,443,45,0,11
10343,443,53,5,8
10344,443,52,0,12
10345,443,25,0,15
10346,443,54,0,14
10347,444,1,60,1
10348,444,3,26,4
10349,444,32,32,3
10350,444,51,6,7
10351,444,4,21,6
10352,444,21,3,9
10353,444,50,0,14
10354,444,27,3,10
10355,444,34,22,5
10356,444,6,32,2
10357,444,45,2,11
10358,444,53,5,8
10359,444,52,0,12
10360,444,25,0,15
10361,444,54,0,13
10362,445,1,68,1
10363,445,3,26,5
10364,445,32,35,3
10365,445,51,6,8
10366,445,4,27,4
10367,445,21,3,9
10368,445,50,0,14
10369,445,27,3,10
10370,445,34,22,6
10371,445,6,36,2
10372,445,45,2,11
10373,445,53,9,7
10374,445,52,0,12
10375,445,25,0,15
10376,445,54,0,13
10377,446,1,84,1
10378,446,3,26,5
10379,446,32,38,2
10380,446,51,6,8
10381,446,4,33,4
10382,446,21,3,9
10383,446,50,0,14
10384,446,27,3,10
10385,446,34,22,6
10386,446,6,36,3
10387,446,45,2,11
10388,446,53,9,7
10389,446,52,0,12
10390,446,25,0,15
10391,446,54,0,13
10392,447,1,92,1
10393,447,3,26,6
10394,447,32,38,3
10395,447,51,6,8
10396,447,4,33,4
10397,447,21,6,9
10398,447,50,0,14
10399,447,27,3,10
10400,447,34,31,5
10401,447,6,40,2
10402,447,45,2,11
10403,447,53,9,7
10404,447,52,0,12
10405,447,25,0,15
10406,447,54,0,13
10407,448,1,108,1
10408,448,3,26,6
10409,448,32,45,2
10410,448,51,6,8
10411,448,4,34,4
10412,448,21,6,9
10413,448,50,0,14
10414,448,27,3,10
10415,448,34,33,5
10416,448,6,40,3
10417,448,45,2,11
10418,448,53,9,7
10419,448,52,0,12
10420,448,25,0,15
10421,448,54,0,13
10437,449,1,116,1
10438,449,3,26,6
10439,449,32,45,3
10440,449,51,10,8
10441,449,4,34,4
10442,449,21,6,9
10443,449,50,0,14
10444,449,27,3,10
10445,449,34,33,5
10446,449,6,46,2
10447,449,45,2,11
10448,449,53,12,7
10449,449,52,0,13
10450,449,25,0,15
10451,449,54,0,12
10452,450,1,128,1
10453,450,3,26,6
10454,450,32,45,3
10455,450,51,11,8
10456,450,4,34,5
10457,450,21,6,9
10458,450,50,0,14
10459,450,27,3,10
10460,450,34,37,4
10461,450,6,54,2
10462,450,45,2,11
10463,450,53,12,7
10464,450,52,0,13
10465,450,25,0,15
10466,450,54,0,12
10467,451,1,144,1
10468,451,3,26,6
10469,451,32,47,3
10470,451,51,11,8
10471,451,4,34,5
10472,451,21,6,9
10473,451,50,0,14
10474,451,27,3,10
10475,451,34,38,4
10476,451,6,58,2
10477,451,45,2,11
10478,451,53,16,7
10479,451,52,0,13
10480,451,25,0,15
10481,451,54,0,12
10482,452,34,9,1
10483,452,1,4,2
10484,452,3,3,3
10485,452,6,2,4
10486,452,21,1,5
10487,452,4,0,6
10488,452,53,0,7
10489,452,25,0,8
10490,452,32,0,9
10491,452,55,0,10
10492,452,50,0,11
10493,452,54,0,12
10494,452,27,0,13
10495,452,51,0,14
10496,452,45,0,15
10497,453,34,9,2
10498,453,1,19,1
10499,453,3,6,4
10500,453,6,6,3
10501,453,21,3,5
10502,453,4,0,7
10503,453,53,0,10
10504,453,25,0,9
10505,453,32,0,11
10506,453,55,1,6
10507,453,50,0,12
10508,453,54,0,13
10509,453,27,0,8
10510,453,51,0,14
10511,453,45,0,15
10512,454,34,15,2
10513,454,1,19,1
10514,454,3,9,5
10515,454,6,9,4
10516,454,21,3,6
10517,454,4,13,3
10518,454,53,0,10
10519,454,25,0,9
10520,454,32,0,11
10521,454,55,1,7
10522,454,50,0,13
10523,454,54,0,14
10524,454,27,0,8
10525,454,51,0,12
10526,454,45,0,15
10527,455,34,15,4
10528,455,1,21,2
10529,455,3,12,5
10530,455,6,22,1
10531,455,21,4,6
10532,455,4,19,3
10533,455,53,0,10
10534,455,25,0,9
10535,455,32,0,13
10536,455,55,1,7
10537,455,50,0,14
10538,455,54,0,12
10539,455,27,0,8
10540,455,51,0,11
10541,455,45,0,15
10542,456,34,21,3
10543,456,1,21,4
10544,456,3,21,5
10545,456,6,25,1
10546,456,21,4,6
10547,456,4,23,2
10548,456,53,0,11
10549,456,25,2,7
10550,456,32,0,13
10551,456,55,1,9
10552,456,50,0,14
10553,456,54,0,12
10554,456,27,0,10
10555,456,51,1,8
10556,456,45,0,15
10557,457,34,24,3
10558,457,1,21,5
10559,457,3,24,4
10560,457,6,31,2
10561,457,21,4,6
10562,457,4,36,1
10563,457,53,0,10
10564,457,25,2,7
10565,457,32,0,12
10566,457,55,1,8
10567,457,50,0,14
10568,457,54,0,13
10569,457,27,0,11
10570,457,51,1,9
10571,457,45,0,15
10572,458,34,27,4
10573,458,1,25,5
10574,458,3,32,2
10575,458,6,31,3
10576,458,21,4,7
10577,458,4,36,1
10578,458,53,0,11
10579,458,25,11,6
10580,458,32,1,8
10581,458,55,1,9
10582,458,50,0,14
10583,458,54,0,13
10584,458,27,0,12
10585,458,51,1,10
10586,458,45,0,15
10587,459,34,27,4
10588,459,1,26,5
10589,459,3,35,3
10590,459,6,44,2
10591,459,21,4,7
10592,459,4,44,1
10593,459,53,0,11
10594,459,25,11,6
10595,459,32,1,8
10596,459,55,1,10
10597,459,50,0,14
10598,459,54,0,13
10599,459,27,0,12
10600,459,51,1,9
10601,459,45,0,15
10602,460,34,33,4
10603,460,1,27,5
10604,460,3,35,3
10605,460,6,50,2
10606,460,21,4,8
10607,460,4,53,1
10608,460,53,0,11
10609,460,25,11,6
10610,460,32,4,7
10611,460,55,1,10
10612,460,50,0,14
10613,460,54,0,13
10614,460,27,0,12
10615,460,51,1,9
10616,460,45,0,15
10617,460,52,0,16
10618,461,34,37,3
10619,461,1,29,5
10620,461,3,36,4
10621,461,6,59,1
10622,461,21,4,9
10623,461,4,56,2
10624,461,53,0,11
10625,461,25,11,6
10626,461,32,4,8
10627,461,55,1,10
10628,461,50,0,14
10629,461,54,0,13
10630,461,27,0,12
10631,461,51,7,7
10632,461,45,0,15
10633,461,52,0,16
10634,462,34,41,3
10635,462,1,30,5
10636,462,3,36,4
10637,462,6,65,2
10638,462,21,4,9
10639,462,4,68,1
10640,462,53,0,12
10641,462,25,11,6
10642,462,32,6,8
10643,462,55,1,10
10644,462,50,0,16
10645,462,54,0,13
10646,462,27,0,11
10647,462,51,7,7
10648,462,45,0,14
10649,462,52,0,15
10650,463,34,41,3
10651,463,1,34,5
10652,463,3,36,4
10653,463,6,80,1
10654,463,21,4,9
10655,463,4,68,2
10656,463,53,3,10
10657,463,25,12,6
10658,463,32,6,8
10659,463,55,1,11
10660,463,50,0,16
10661,463,54,0,14
10662,463,27,0,12
10663,463,51,9,7
10664,463,45,0,15
10665,463,52,0,13
10666,464,34,50,3
10667,464,1,34,5
10668,464,3,36,4
10669,464,6,89,1
10670,464,21,4,10
10671,464,4,72,2
10672,464,53,4,9
10673,464,25,12,6
10674,464,32,8,8
10675,464,55,1,11
10676,464,50,0,16
10677,464,54,0,14
10678,464,27,0,12
10679,464,51,9,7
10680,464,45,0,15
10681,464,52,0,13
10698,465,34,59,3
10699,465,1,34,5
10700,465,3,36,4
10701,465,6,89,1
10702,465,21,4,10
10703,465,4,78,2
10704,465,53,7,9
10705,465,25,12,6
10706,465,32,12,8
10707,465,55,1,11
10708,465,50,0,16
10709,465,54,0,14
10710,465,27,0,12
10711,465,51,12,7
10712,465,45,0,15
10713,465,52,0,13
10714,466,34,72,3
10715,466,1,34,5
10716,466,3,38,4
10717,466,6,89,1
10718,466,21,4,10
10719,466,4,79,2
10720,466,53,10,9
10721,466,25,12,7
10722,466,32,12,8
10723,466,55,1,11
10724,466,50,0,16
10725,466,54,0,14
10726,466,27,0,12
10727,466,51,18,6
10728,466,45,0,15
10729,466,52,0,13
10730,467,4,13,1
10731,467,3,8,2
10732,467,1,4,3
10733,467,25,0,4
10734,467,32,0,5
10735,467,54,0,6
10736,467,51,0,7
10737,467,37,0,8
10738,467,55,0,9
10739,467,56,0,10
10740,467,6,0,11
10741,467,27,0,12
10742,467,53,0,13
10743,467,34,0,14
10744,467,45,0,15
10745,467,21,0,16
10746,467,57,0,17
10747,468,4,22,1
10748,468,3,8,3
10749,468,1,10,2
10750,468,25,3,5
10751,468,32,4,4
10752,468,54,2,6
10753,468,51,0,11
10754,468,37,0,8
10755,468,55,0,12
10756,468,56,0,13
10757,468,6,1,7
10758,468,27,0,15
10759,468,53,0,16
10760,468,34,0,14
10761,468,45,0,9
10762,468,21,0,10
10763,468,57,0,17
10764,469,4,22,1
10765,469,3,14,3
10766,469,1,20,2
10767,469,25,6,5
10768,469,32,6,4
10769,469,54,2,7
10770,469,51,0,12
10771,469,37,0,9
10772,469,55,0,13
10773,469,56,0,14
10774,469,6,1,8
10775,469,27,0,15
10776,469,53,0,17
10777,469,34,4,6
10778,469,45,0,10
10779,469,21,0,11
10780,469,57,0,16
10781,470,4,22,1
10782,470,3,14,4
10783,470,1,20,2
10784,470,25,10,5
10785,470,32,6,6
10786,470,54,4,8
10787,470,51,0,12
10788,470,37,0,10
10789,470,55,0,13
10790,470,56,0,14
10791,470,6,16,3
10792,470,27,0,16
10793,470,53,0,15
10794,470,34,4,7
10795,470,45,3,9
10796,470,21,0,11
10797,470,57,0,17
10798,471,4,22,2
10799,471,3,20,3
10800,471,1,29,1
10801,471,25,10,5
10802,471,32,9,6
10803,471,54,4,9
10804,471,51,0,14
10805,471,37,0,13
10806,471,55,0,15
10807,471,56,1,11
10808,471,6,16,4
10809,471,27,4,8
10810,471,53,0,16
10811,471,34,6,7
10812,471,45,3,10
10813,471,21,0,12
10814,471,57,0,17
10815,472,4,22,2
10816,472,3,21,4
10817,472,1,29,1
10818,472,25,10,7
10819,472,32,14,6
10820,472,54,4,10
10821,472,51,4,9
10822,472,37,0,14
10823,472,55,0,15
10824,472,56,1,12
10825,472,6,22,3
10826,472,27,4,8
10827,472,53,0,16
10828,472,34,15,5
10829,472,45,3,11
10830,472,21,0,13
10831,472,57,0,17
10832,473,4,22,4
10833,473,3,26,3
10834,473,1,38,1
10835,473,25,10,8
10836,473,32,14,6
10837,473,54,4,10
10838,473,51,4,9
10839,473,37,0,13
10840,473,55,0,15
10841,473,56,1,12
10842,473,6,26,2
10843,473,27,11,7
10844,473,53,0,16
10845,473,34,15,5
10846,473,45,3,11
10847,473,21,0,14
10848,473,57,0,17
10849,474,4,22,5
10850,474,3,26,4
10851,474,1,42,1
10852,474,25,10,8
10853,474,32,17,6
10854,474,54,4,10
10855,474,51,5,9
10856,474,37,0,14
10857,474,55,0,15
10858,474,56,1,13
10859,474,6,26,3
10860,474,27,11,7
10861,474,53,0,16
10862,474,34,30,2
10863,474,45,3,11
10864,474,21,2,12
10865,474,57,0,17
10866,475,4,22,5
10867,475,3,32,4
10868,475,1,45,1
10869,475,25,10,8
10870,475,32,17,6
10871,475,54,4,10
10872,475,51,5,9
10873,475,37,0,14
10874,475,55,0,15
10875,475,56,1,13
10876,475,6,35,3
10877,475,27,11,7
10878,475,53,0,16
10879,475,34,36,2
10880,475,45,3,11
10881,475,21,3,12
10882,475,57,0,17
10883,476,4,23,5
10884,476,3,34,4
10885,476,1,54,1
10886,476,25,10,8
10887,476,32,20,6
10888,476,54,4,10
10889,476,51,5,9
10890,476,37,0,14
10891,476,55,0,15
10892,476,56,1,13
10893,476,6,45,2
10894,476,27,11,7
10895,476,53,0,16
10896,476,34,36,3
10897,476,45,3,11
10898,476,21,3,12
10899,476,57,0,17
10900,477,4,38,3
10901,477,3,36,5
10902,477,1,54,1
10903,477,25,11,8
10904,477,32,20,6
10905,477,54,4,10
10906,477,51,5,9
10907,477,37,0,14
10908,477,55,0,15
10909,477,56,1,13
10910,477,6,52,2
10911,477,27,11,7
10912,477,53,0,16
10913,477,34,36,4
10914,477,45,3,11
10915,477,21,3,12
10916,477,57,0,17
10917,478,4,44,3
10918,478,3,40,4
10919,478,1,54,2
10920,478,25,14,7
10921,478,32,20,6
10922,478,54,4,10
10923,478,51,7,9
10924,478,37,0,14
10925,478,55,0,17
10926,478,56,1,13
10927,478,6,61,1
10928,478,27,11,8
10929,478,53,0,16
10930,478,34,36,5
10931,478,45,3,12
10932,478,21,4,11
10933,478,57,0,15
10934,479,4,44,4
10935,479,3,46,3
10936,479,1,56,2
10937,479,25,14,8
10938,479,32,29,6
10939,479,54,4,11
10940,479,51,7,9
10941,479,37,0,14
10942,479,55,0,17
10943,479,56,1,13
10944,479,6,64,1
10945,479,27,15,7
10946,479,53,0,16
10947,479,34,36,5
10948,479,45,3,12
10949,479,21,5,10
10950,479,57,0,15
10951,480,4,50,4
10952,480,3,55,3
10953,480,1,60,2
10954,480,25,14,8
10955,480,32,30,6
10956,480,54,4,11
10957,480,51,7,9
10958,480,37,0,14
10959,480,55,0,17
10960,480,56,1,13
10961,480,6,64,1
10962,480,27,15,7
10963,480,53,0,16
10964,480,34,41,5
10965,480,45,3,12
10966,480,21,5,10
10967,480,57,0,15
10968,481,4,59,3
10969,481,3,55,4
10970,481,1,63,2
10971,481,25,16,8
10972,481,32,30,6
10973,481,54,4,11
10974,481,51,7,9
10975,481,37,0,14
10976,481,55,0,17
10977,481,56,1,13
10978,481,6,74,1
10979,481,27,16,7
10980,481,53,0,16
10981,481,34,41,5
10982,481,45,3,12
10983,481,21,5,10
10984,481,57,0,15
11019,482,4,62,3
11020,482,3,58,4
11021,482,1,69,2
11022,482,25,25,7
11023,482,32,30,6
11024,482,54,4,11
11025,482,51,7,9
11026,482,37,0,14
11027,482,55,0,17
11028,482,56,1,13
11029,482,6,74,1
11030,482,27,20,8
11031,482,53,0,16
11032,482,34,41,5
11033,482,45,3,12
11034,482,21,5,10
11035,482,57,0,15
11036,483,3,15,1
11037,483,34,4,2
11038,483,51,3,3
11039,483,25,2,4
11040,483,55,1,5
11041,483,56,0,6
11042,483,4,0,7
11043,483,57,0,8
11044,483,6,0,9
11045,483,27,0,10
11046,483,54,0,11
11047,483,21,0,12
11048,483,45,0,13
11049,483,32,0,14
11050,483,1,0,15
11051,483,37,0,16
11052,484,3,30,1
11053,484,34,4,2
11054,484,51,3,5
11055,484,25,2,7
11056,484,55,1,9
11057,484,56,0,10
11058,484,4,0,11
11059,484,57,3,4
11060,484,6,0,13
11061,484,27,1,8
11062,484,54,0,14
11063,484,21,4,3
11064,484,45,0,15
11065,484,32,2,6
11066,484,1,0,12
11067,484,37,0,16
11068,485,3,39,1
11069,485,34,13,2
11070,485,51,3,5
11071,485,25,2,8
11072,485,55,1,10
11073,485,56,0,11
11074,485,4,6,3
11075,485,57,3,6
11076,485,6,0,14
11077,485,27,1,9
11078,485,54,0,13
11079,485,21,4,4
11080,485,45,0,15
11081,485,32,3,7
11082,485,1,0,12
11083,485,37,0,16
11084,486,3,43,1
11085,486,34,25,2
11086,486,51,3,5
11087,486,25,2,9
11088,486,55,1,12
11089,486,56,0,13
11090,486,4,6,4
11091,486,57,3,6
11092,486,6,2,8
11093,486,27,1,10
11094,486,54,0,14
11095,486,21,10,3
11096,486,45,0,16
11097,486,32,3,7
11098,486,1,1,11
11099,486,37,0,15
11100,486,53,0,17
11101,487,3,52,1
11102,487,34,25,2
11103,487,51,3,8
11104,487,25,3,10
11105,487,55,1,12
11106,487,56,0,13
11107,487,4,6,6
11108,487,57,3,9
11109,487,6,5,7
11110,487,27,7,5
11111,487,54,0,14
11112,487,21,10,3
11113,487,45,0,15
11114,487,32,9,4
11115,487,1,1,11
11116,487,37,0,16
11117,487,53,0,17
11118,488,3,58,1
11119,488,34,25,2
11120,488,51,3,10
11121,488,25,5,8
11122,488,55,1,12
11123,488,56,0,13
11124,488,4,6,7
11125,488,57,4,9
11126,488,6,17,3
11127,488,27,11,4
11128,488,54,0,14
11129,488,21,10,5
11130,488,45,0,15
11131,488,32,9,6
11132,488,1,1,11
11133,488,37,0,16
11134,488,53,0,17
11135,489,3,61,1
11136,489,34,25,3
11137,489,51,3,11
11138,489,25,5,9
11139,489,55,1,12
11140,489,56,0,13
11141,489,4,6,7
11142,489,57,4,10
11143,489,6,26,2
11144,489,27,17,4
11145,489,54,0,14
11146,489,21,10,6
11147,489,45,0,15
11148,489,32,12,5
11149,489,1,5,8
11150,489,37,0,16
11151,489,53,0,17
11152,490,3,61,1
11153,490,34,29,2
11154,490,51,3,11
11155,490,25,5,9
11156,490,55,1,12
11157,490,56,0,13
11158,490,4,18,4
11159,490,57,4,10
11160,490,6,28,3
11161,490,27,17,5
11162,490,54,0,14
11163,490,21,10,8
11164,490,45,0,15
11165,490,32,13,6
11166,490,1,11,7
11167,490,37,0,16
11168,490,53,0,17
11169,491,3,67,1
11170,491,34,31,2
11171,491,51,3,11
11172,491,25,8,9
11173,491,55,1,12
11174,491,56,0,14
11175,491,4,18,6
11176,491,57,4,10
11177,491,6,28,3
11178,491,27,21,4
11179,491,54,1,13
11180,491,21,10,8
11181,491,45,0,16
11182,491,32,13,7
11183,491,1,20,5
11184,491,37,0,15
11185,491,53,0,17
11203,492,3,67,1
11204,492,34,43,2
11205,492,51,3,11
11206,492,25,10,9
11207,492,55,1,12
11208,492,56,0,14
11209,492,4,24,5
11210,492,57,4,10
11211,492,6,28,3
11212,492,27,25,4
11213,492,54,1,13
11214,492,21,10,8
11215,492,45,0,16
11216,492,32,13,7
11217,492,1,21,6
11218,492,37,0,15
11219,492,53,0,17
11220,493,3,72,1
11221,493,34,47,2
11222,493,51,3,11
11223,493,25,10,9
11224,493,55,1,12
11225,493,56,0,14
11226,493,4,30,4
11227,493,57,4,10
11228,493,6,28,5
11229,493,27,34,3
11230,493,54,1,13
11231,493,21,10,8
11232,493,45,0,16
11233,493,32,13,7
11234,493,1,22,6
11235,493,37,0,15
11236,493,53,0,17
11237,494,3,76,1
11238,494,34,56,2
11239,494,51,3,11
11240,494,25,10,9
11241,494,55,1,12
11242,494,56,0,14
11243,494,4,39,3
11244,494,57,5,10
11245,494,6,28,5
11246,494,27,34,4
11247,494,54,1,13
11248,494,21,10,8
11249,494,45,0,16
11250,494,32,15,7
11251,494,1,22,6
11252,494,37,0,15
11253,494,53,0,17
11254,495,3,86,1
11255,495,34,57,2
11256,495,51,3,11
11257,495,25,10,9
11258,495,55,1,12
11259,495,56,0,14
11260,495,4,48,3
11261,495,57,5,10
11262,495,6,30,5
11263,495,27,34,4
11264,495,54,1,13
11265,495,21,10,8
11266,495,45,0,16
11267,495,32,18,7
11268,495,1,22,6
11269,495,37,0,15
11270,495,53,0,17
11271,496,3,86,1
11272,496,34,59,2
11273,496,51,6,10
11274,496,25,10,9
11275,496,55,1,12
11276,496,56,0,15
11277,496,4,48,3
11278,496,57,5,11
11279,496,6,34,5
11280,496,27,43,4
11281,496,54,1,13
11282,496,21,10,8
11283,496,45,0,16
11284,496,32,19,7
11285,496,1,28,6
11286,496,37,0,14
11287,496,53,0,17
11288,497,3,95,1
11289,497,34,61,2
11290,497,51,10,9
11291,497,25,10,10
11292,497,55,1,12
11293,497,56,0,15
11294,497,4,54,3
11295,497,57,5,11
11296,497,6,34,5
11297,497,27,44,4
11298,497,54,1,13
11299,497,21,10,8
11300,497,45,0,16
11301,497,32,22,7
11302,497,1,28,6
11303,497,37,0,14
11304,497,53,0,17
11305,498,3,9,1
11306,498,34,6,2
11307,498,56,4,3
11308,498,25,3,4
11309,498,51,2,5
11310,498,1,1,6
11311,498,6,0,7
11312,498,57,0,8
11313,498,27,0,9
11314,498,21,0,10
11315,498,54,0,11
11316,498,32,0,12
11317,498,4,0,13
11318,498,58,0,14
11319,498,45,0,15
11320,499,3,13,1
11321,499,34,6,3
11322,499,56,4,5
11323,499,25,3,6
11324,499,51,2,9
11325,499,1,3,8
11326,499,6,0,12
11327,499,57,0,13
11328,499,27,3,7
11329,499,21,1,10
11330,499,54,0,11
11331,499,32,6,4
11332,499,4,9,2
11333,499,58,0,14
11334,499,45,0,15
11335,500,3,15,2
11336,500,34,9,4
11337,500,56,4,6
11338,500,25,3,7
11339,500,51,2,9
11340,500,1,3,8
11341,500,6,0,14
11342,500,57,0,12
11343,500,27,13,3
11344,500,21,2,10
11345,500,54,0,11
11346,500,32,6,5
11347,500,4,18,1
11348,500,58,0,13
11349,500,45,0,15
11350,501,3,15,3
11351,501,34,18,2
11352,501,56,8,6
11353,501,25,3,9
11354,501,51,2,10
11355,501,1,6,8
11356,501,6,2,11
11357,501,57,0,13
11358,501,27,14,4
11359,501,21,8,5
11360,501,54,0,12
11361,501,32,6,7
11362,501,4,18,1
11363,501,58,0,14
11364,501,45,0,15
11365,502,3,25,1
11366,502,34,18,4
11367,502,56,8,6
11368,502,25,5,9
11369,502,51,2,11
11370,502,1,6,8
11371,502,6,3,10
11372,502,57,0,13
11373,502,27,23,2
11374,502,21,8,5
11375,502,54,0,12
11376,502,32,6,7
11377,502,4,21,3
11378,502,58,0,14
11379,502,45,0,15
11380,503,3,34,1
11381,503,34,22,3
11382,503,56,9,6
11383,503,25,5,9
11384,503,51,2,11
11385,503,1,6,8
11386,503,6,5,10
11387,503,57,0,13
11388,503,27,29,2
11389,503,21,11,5
11390,503,54,0,12
11391,503,32,6,7
11392,503,4,21,4
11393,503,58,0,14
11394,503,45,0,15
11395,504,3,44,1
11396,504,34,25,3
11397,504,56,9,6
11398,504,25,5,9
11399,504,51,2,11
11400,504,1,6,8
11401,504,6,5,10
11402,504,57,0,13
11403,504,27,39,2
11404,504,21,11,5
11405,504,54,0,12
11406,504,32,6,7
11407,504,4,23,4
11408,504,58,0,14
11409,504,45,0,15
11410,505,3,57,1
11411,505,34,31,3
11412,505,56,9,7
11413,505,25,10,6
11414,505,51,2,11
11415,505,1,7,8
11416,505,6,5,10
11417,505,57,0,13
11418,505,27,39,2
11419,505,21,11,5
11420,505,54,0,12
11421,505,32,6,9
11422,505,4,23,4
11423,505,58,0,14
11424,505,45,0,15
11425,506,3,67,1
11426,506,34,34,3
11427,506,56,9,7
11428,506,25,10,6
11429,506,51,4,11
11430,506,1,7,8
11431,506,6,6,10
11432,506,57,0,13
11433,506,27,48,2
11434,506,21,11,5
11435,506,54,0,12
11436,506,32,6,9
11437,506,4,23,4
11438,506,58,0,14
11439,506,45,0,15
11440,507,3,77,1
11441,507,34,36,3
11442,507,56,9,7
11443,507,25,10,6
11444,507,51,4,11
11445,507,1,7,9
11446,507,6,6,10
11447,507,57,0,13
11448,507,27,51,2
11449,507,21,11,5
11450,507,54,0,12
11451,507,32,7,8
11452,507,4,32,4
11453,507,58,0,14
11454,507,45,0,15
11455,508,3,80,1
11456,508,34,45,3
11457,508,56,9,7
11458,508,25,12,5
11459,508,51,4,11
11460,508,1,8,8
11461,508,6,6,10
11462,508,57,0,13
11463,508,27,55,2
11464,508,21,11,6
11465,508,54,0,12
11466,508,32,7,9
11467,508,4,38,4
11468,508,58,0,14
11469,508,45,0,15
11470,509,3,90,1
11471,509,34,54,3
11472,509,56,11,7
11473,509,25,12,5
11474,509,51,4,11
11475,509,1,8,9
11476,509,6,6,10
11477,509,57,0,13
11478,509,27,56,2
11479,509,21,11,6
11480,509,54,0,12
11481,509,32,10,8
11482,509,4,38,4
11483,509,58,0,15
11484,509,45,0,14
11485,510,3,105,1
11486,510,34,55,3
11487,510,56,11,7
11488,510,25,12,5
11489,510,51,4,11
11490,510,1,11,8
11491,510,6,8,10
11492,510,57,0,13
11493,510,27,60,2
11494,510,21,11,6
11495,510,54,0,12
11496,510,32,10,9
11497,510,4,38,4
11498,510,58,0,15
11499,510,45,0,14
11500,511,3,120,1
11501,511,34,55,3
11502,511,56,11,8
11503,511,25,12,6
11504,511,51,4,11
11505,511,1,11,9
11506,511,6,8,10
11507,511,57,0,13
11508,511,27,66,2
11509,511,21,11,7
11510,511,54,0,12
11511,511,32,14,5
11512,511,4,38,4
11513,511,58,0,15
11514,511,45,0,14
13918,17,23,172,1
13919,17,1,71,3
13920,17,7,60,5
13921,17,4,26,8
13922,17,3,34,7
13923,17,5,8,10
13924,17,10,13,9
13925,17,2,36,6
13926,17,9,154,2
13927,17,6,70,4
17759,765,87,8,1
17760,765,6,6,2
17761,765,105,3,3
17762,766,87,16,1
17763,766,6,12,2
17764,766,105,3,3
17765,766,66,2,4
17766,766,32,0,5
17767,766,118,0,6
17768,766,125,0,7
17769,766,127,0,8
17770,767,87,19,1
17771,767,6,14,2
17772,767,105,3,5
17773,767,66,8,4
17774,767,32,0,6
17775,767,118,8,3
17776,767,125,0,8
17777,767,127,0,9
17778,767,95,0,7
17779,768,87,19,1
17780,768,6,14,2
17781,768,105,3,5
17782,768,66,8,4
17783,768,32,0,6
17784,768,118,8,3
17785,768,125,0,8
17786,768,127,0,9
17787,768,95,0,7
17788,769,87,19,2
17789,769,6,20,1
17790,769,105,3,5
17791,769,66,10,4
17792,769,32,3,6
17793,769,118,16,3
17794,769,125,0,8
17795,769,127,0,9
17796,769,95,0,7
17797,770,87,19,3
17798,770,6,28,1
17799,770,105,6,5
17800,770,66,10,4
17801,770,32,3,6
17802,770,118,22,2
17803,770,125,0,8
17804,770,127,0,9
17805,770,95,0,7
17806,771,87,23,3
17807,771,6,36,1
17808,771,105,6,5
17809,771,66,12,4
17810,771,32,3,6
17811,771,118,25,2
17812,771,125,0,8
17813,771,127,0,9
17814,771,95,0,7
17815,772,87,29,3
17816,772,6,37,1
17817,772,105,6,5
17818,772,66,12,4
17819,772,32,3,6
17820,772,118,33,2
17821,772,125,0,8
17822,772,127,0,9
17823,772,95,0,7
17824,773,87,29,3
17825,773,6,40,2
17826,773,105,6,5
17827,773,66,15,4
17828,773,32,3,6
17829,773,118,41,1
17830,773,125,0,8
17831,773,127,0,9
17832,773,95,0,7
17833,774,87,31,3
17834,774,6,40,2
17835,774,105,6,5
17836,774,66,15,4
17837,774,32,3,6
17838,774,118,46,1
17839,774,125,0,8
17840,774,127,0,9
17841,774,95,0,7
17842,775,87,31,3
17843,775,6,40,2
17844,775,105,6,5
17845,775,66,18,4
17846,775,32,3,6
17847,775,118,48,1
17848,775,125,0,8
17849,775,127,0,9
17850,775,95,0,7
18840,756,170,8,1
18841,756,6,6,2
18842,756,167,0,3
18843,756,66,0,4
18844,756,32,0,5
18845,756,95,0,6
18846,756,105,0,7
18847,757,170,8,1
18848,757,6,6,2
18849,757,167,0,3
18850,757,66,0,4
18851,757,32,0,5
18852,757,95,0,6
18853,757,105,0,7
18854,758,170,14,1
18855,758,6,8,3
18856,758,167,0,5
18857,758,66,8,2
18858,758,32,3,4
18859,758,95,0,6
18860,758,105,0,8
18861,758,117,0,7
18862,759,170,18,1
18863,759,6,16,2
18864,759,167,0,5
18865,759,66,8,3
18866,759,32,3,4
18867,759,95,0,7
18868,759,105,0,6
18869,759,117,0,8
18870,760,170,26,1
18871,760,6,16,2
18872,760,167,0,6
18873,760,66,14,3
18874,760,32,3,4
18875,760,95,0,9
18876,760,105,0,7
18877,760,117,0,5
18878,760,169,0,8
18879,760,101,0,10
18880,760,118,0,11
18881,760,123,0,12
18882,761,170,29,1
18883,761,6,24,2
18884,761,167,0,5
18885,761,66,16,3
18886,761,32,3,4
18887,761,95,0,9
18888,761,105,0,7
18889,761,117,0,6
18890,761,169,0,8
18891,761,101,0,10
18892,761,118,0,11
18893,761,123,0,12
18894,762,170,34,1
18895,762,6,28,2
18896,762,167,0,6
18897,762,66,18,3
18898,762,32,3,4
18899,762,95,0,9
18900,762,105,0,7
18901,762,117,0,5
18902,762,169,0,8
18903,762,101,0,10
18904,762,118,0,11
18905,762,123,0,12
18906,763,170,38,1
18907,763,6,32,2
18908,763,167,0,6
18909,763,66,18,3
18910,763,32,3,4
18911,763,95,0,9
18912,763,105,0,7
18913,763,117,0,5
18914,763,169,0,8
18915,763,101,0,10
18916,763,118,0,11
18917,763,123,0,12
18918,764,170,40,1
18919,764,6,32,2
18920,764,167,0,6
18921,764,66,18,3
18922,764,32,5,4
18923,764,95,0,8
18924,764,105,0,9
18925,764,117,0,5
18926,764,169,0,10
18927,764,101,0,14
18928,764,118,0,15
18929,764,123,0,16
18930,764,113,0,7
18931,764,168,0,11
18932,764,124,0,12
18933,764,125,0,13
19026,746,170,8,1
19027,746,6,6,2
19028,746,167,3,3
19029,746,32,1,4
19030,746,66,0,5
19031,746,104,0,6
19032,746,105,0,7
19033,747,101,0,8
19034,747,167,3,4
19035,747,66,2,5
19036,747,6,10,2
19037,747,170,14,1
19038,747,32,9,3
19039,747,104,0,6
19040,747,171,0,10
19041,747,106,0,9
19042,747,105,0,7
19043,748,101,0,8
19044,748,167,3,4
19045,748,66,2,5
19046,748,6,10,2
19047,748,170,14,1
19048,748,32,9,3
19049,748,104,0,6
19050,748,171,0,10
19051,748,106,0,9
19052,748,105,0,7
19053,749,117,0,8
19054,749,167,3,5
19055,749,6,12,3
19056,749,66,6,4
19057,749,32,15,2
19058,749,170,22,1
19059,749,101,0,9
19060,749,104,0,6
19061,749,106,0,10
19062,749,171,0,11
19063,749,105,0,7
19064,750,117,0,9
19065,750,167,3,5
19066,750,6,15,3
19067,750,66,6,4
19068,750,32,17,2
19069,750,170,30,1
19070,750,101,0,10
19071,750,104,0,6
19072,750,106,0,8
19073,750,171,0,11
19074,750,105,0,7
19075,751,170,38,1
19076,751,6,15,3
19077,751,167,3,5
19078,751,32,19,2
19079,751,66,6,4
19080,751,104,0,6
19081,751,105,0,7
19082,751,101,0,12
19083,751,106,0,8
19084,751,171,0,9
19085,751,117,0,10
19086,751,118,0,11
19087,752,117,0,6
19088,752,167,3,5
19089,752,6,16,3
19090,752,66,6,4
19091,752,32,25,2
19092,752,170,46,1
19093,752,101,0,9
19094,752,104,0,7
19095,752,171,0,10
19096,752,106,0,11
19097,752,118,0,12
19098,752,105,0,8
19099,753,117,0,6
19100,753,167,3,5
19101,753,6,19,3
19102,753,66,6,4
19103,753,32,28,2
19104,753,170,48,1
19105,753,101,0,9
19106,753,104,0,7
19107,753,171,0,10
19108,753,106,0,11
19109,753,118,0,12
19110,753,105,0,8
19111,754,170,48,1
19112,754,6,26,3
19113,754,167,3,5
19114,754,32,28,2
19115,754,66,6,4
19116,754,104,0,8
19117,754,105,0,10
19118,754,101,0,11
19119,754,106,0,12
19120,754,171,3,6
19121,754,117,0,9
19122,754,118,0,13
19123,754,95,1,7
19124,755,117,0,10
19125,755,167,3,5
19126,755,6,26,3
19127,755,66,8,4
19128,755,32,34,2
19129,755,170,48,1
19130,755,101,0,12
19131,755,104,0,8
19132,755,105,0,11
19133,755,171,3,6
19134,755,106,0,9
19135,755,118,0,13
19136,755,95,1,7
19321,738,99,0,7
19322,738,66,0,6
19323,738,167,0,5
19324,738,170,1,4
19325,738,95,2,3
19326,738,6,6,2
19327,738,172,9,1
19328,739,172,13,2
19329,739,6,15,1
19330,739,95,2,3
19331,739,170,2,4
19332,739,167,0,5
19333,739,66,0,6
19334,739,99,0,7
19335,740,172,13,2
19336,740,6,24,1
19337,740,95,3,4
19338,740,170,4,3
19339,740,167,0,5
19340,740,66,0,6
19341,740,99,0,7
19342,741,172,17,2
19343,741,6,33,1
19344,741,95,9,3
19345,741,170,6,4
19346,741,167,0,6
19347,741,66,1,5
19348,741,99,0,7
19349,741,174,0,8
19350,741,101,0,9
19351,742,172,17,2
19352,742,6,42,1
19353,742,95,11,3
19354,742,170,9,4
19355,742,167,0,6
19356,742,66,1,5
19357,742,99,0,8
19358,742,174,0,9
19359,742,101,0,10
19360,742,97,0,7
19361,743,172,26,2
19362,743,6,42,1
19363,743,95,11,3
19364,743,170,10,4
19365,743,167,0,6
19366,743,66,1,5
19367,743,99,0,8
19368,743,174,0,9
19369,743,101,0,11
19370,743,97,0,7
19371,743,103,0,10
19372,744,172,26,2
19373,744,6,45,1
19374,744,95,17,3
19375,744,170,13,4
19376,744,167,0,6
19377,744,66,3,5
19378,744,99,0,10
19379,744,174,0,11
19380,744,101,0,12
19381,744,97,0,7
19382,744,103,0,13
19383,744,173,0,8
19384,744,175,0,9
19385,745,172,35,2
19386,745,6,45,1
19387,745,95,22,3
19388,745,170,14,4
19389,745,167,0,6
19390,745,66,7,5
19391,745,99,0,10
19392,745,174,0,11
19393,745,101,0,12
19394,745,97,0,7
19395,745,103,0,13
19396,745,173,0,8
19397,745,175,0,9
19510,729,66,9,1
19511,729,172,6,2
19512,729,6,4,3
19513,729,170,2,4
19514,729,95,1,5
19515,729,99,0,6
19516,729,26,0,7
19517,730,66,10,2
19518,730,172,6,4
19519,730,6,10,3
19520,730,170,11,1
19521,730,95,3,6
19522,730,99,0,7
19523,730,26,3,5
19524,730,176,0,8
19525,730,175,0,9
19526,731,66,16,1
19527,731,172,15,2
19528,731,6,14,3
19529,731,170,11,4
19530,731,95,3,6
19531,731,99,0,7
19532,731,26,5,5
19533,731,176,0,8
19534,731,175,0,9
19535,732,66,20,1
19536,732,172,15,3
19537,732,6,14,4
19538,732,170,17,2
19539,732,95,12,5
19540,732,99,0,9
19541,732,26,7,6
19542,732,176,0,8
19543,732,175,0,11
19544,732,87,0,7
19545,732,32,0,10
19546,733,66,23,2
19547,733,172,24,1
19548,733,6,14,4
19549,733,170,21,3
19550,733,95,12,6
19551,733,99,0,7
19552,733,26,13,5
19553,733,176,0,9
19554,733,175,0,11
19555,733,87,0,8
19556,733,32,0,10
19557,733,97,0,12
19558,734,66,31,1
19559,734,172,27,2
19560,734,6,15,6
19561,734,170,23,3
19562,734,95,16,5
19563,734,99,0,7
19564,734,26,19,4
19565,734,176,0,10
19566,734,175,0,14
19567,734,87,0,9
19568,734,32,0,11
19569,734,97,0,13
19570,734,100,0,8
19571,734,34,0,12
19572,735,26,19,4
19573,735,99,0,7
19574,735,95,17,6
19575,735,170,25,3
19576,735,6,18,5
19577,735,172,27,2
19578,735,175,0,14
19579,735,176,0,8
19580,735,66,37,1
19581,735,87,0,10
19582,735,97,0,13
19583,735,34,0,12
19584,735,100,0,9
19585,735,177,0,17
19586,735,86,0,16
19587,735,174,0,15
19588,735,32,0,11
19589,736,26,19,4
19590,736,99,0,9
19591,736,95,18,5
19592,736,170,27,3
19593,736,6,18,6
19594,736,172,36,2
19595,736,175,0,14
19596,736,176,1,8
19597,736,66,39,1
19598,736,87,0,11
19599,736,97,0,13
19600,736,34,3,7
19601,736,100,0,10
19602,736,177,0,17
19603,736,86,0,16
19604,736,174,0,15
19605,736,32,0,12
19606,737,26,19,4
19607,737,99,0,9
19608,737,95,18,5
19609,737,170,29,3
19610,737,6,18,6
19611,737,172,36,2
19612,737,175,0,16
19613,737,176,1,8
19614,737,66,42,1
19615,737,87,0,11
19616,737,97,0,15
19617,737,34,6,7
19618,737,100,0,10
19619,737,89,0,12
19620,737,178,0,13
19621,737,177,0,19
19622,737,86,0,18
19623,737,174,0,17
19624,737,32,0,14
19791,719,66,9,1
19792,719,170,4,2
19793,719,6,3,3
19794,719,172,1,4
19795,719,176,0,5
19796,719,26,0,6
19797,719,34,0,7
19798,719,54,0,8
19799,719,92,0,9
19800,719,86,0,10
19801,719,95,0,11
19802,720,92,0,7
19803,720,54,0,10
19804,720,34,4,4
19805,720,26,0,9
19806,720,176,0,8
19807,720,172,10,2
19808,720,6,3,5
19809,720,95,1,6
19810,720,66,12,1
19811,720,94,0,11
19812,720,86,0,12
19813,720,170,10,3
19814,721,92,0,9
19815,721,54,0,11
19816,721,34,10,4
19817,721,26,0,10
19818,721,176,0,8
19819,721,172,19,1
19820,721,6,7,5
19821,721,95,1,7
19822,721,66,14,2
19823,721,170,10,3
19824,721,94,3,6
19825,721,86,0,12
19826,722,92,0,10
19827,722,54,0,11
19828,722,34,13,4
19829,722,26,0,9
19830,722,176,1,7
19831,722,172,28,1
19832,722,6,7,5
19833,722,95,1,8
19834,722,66,14,3
19835,722,170,16,2
19836,722,94,3,6
19837,722,86,0,12
19838,723,92,0,10
19839,723,54,0,11
19840,723,34,13,4
19841,723,26,0,9
19842,723,176,2,7
19843,723,172,37,1
19844,723,6,13,5
19845,723,95,1,8
19846,723,66,18,2
19847,723,170,16,3
19848,723,94,3,6
19849,723,97,0,12
19850,723,86,0,13
19851,724,92,0,10
19852,724,54,0,11
19853,724,34,13,5
19854,724,26,0,9
19855,724,176,4,7
19856,724,172,43,1
19857,724,6,22,3
19858,724,95,4,6
19859,724,66,22,2
19860,724,170,17,4
19861,724,94,3,8
19862,724,97,0,12
19863,724,177,0,14
19864,724,86,0,13
19865,725,92,0,10
19866,725,54,0,11
19867,725,34,15,5
19868,725,26,0,9
19869,725,176,4,8
19870,725,172,51,1
19871,725,6,22,3
19872,725,95,4,7
19873,725,66,28,2
19874,725,170,21,4
19875,725,94,6,6
19876,725,97,0,12
19877,725,167,0,14
19878,725,173,0,17
19879,725,179,0,16
19880,725,177,0,15
19881,725,86,0,13
19882,726,92,0,11
19883,726,54,0,12
19884,726,34,18,5
19885,726,26,0,9
19886,726,176,4,8
19887,726,172,51,1
19888,726,6,24,3
19889,726,95,5,7
19890,726,66,35,2
19891,726,170,21,4
19892,726,94,6,6
19893,726,97,0,13
19894,726,167,0,15
19895,726,98,0,10
19896,726,173,0,18
19897,726,179,0,17
19898,726,177,0,16
19899,726,86,0,14
19900,727,92,0,11
19901,727,54,0,12
19902,727,34,24,4
19903,727,26,0,9
19904,727,176,4,8
19905,727,172,54,1
19906,727,6,24,3
19907,727,95,5,7
19908,727,66,36,2
19909,727,170,23,5
19910,727,94,6,6
19911,727,97,0,13
19912,727,167,0,16
19913,727,98,0,10
19914,727,32,0,15
19915,727,173,0,19
19916,727,179,0,18
19917,727,177,0,17
19918,727,86,0,14
19919,728,92,0,11
19920,728,54,0,12
19921,728,34,28,3
19922,728,26,0,9
19923,728,176,4,8
19924,728,172,54,1
19925,728,6,26,4
19926,728,95,5,7
19927,728,66,36,2
19928,728,170,25,5
19929,728,94,6,6
19930,728,97,0,17
19931,728,167,0,14
19932,728,98,0,10
19933,728,32,0,19
19934,728,173,0,22
19935,728,179,0,21
19936,728,177,0,20
19937,728,86,0,18
19938,728,51,0,16
19939,728,180,0,15
19940,728,89,0,13
20064,709,6,0,6
20065,709,183,0,5
20066,709,176,1,4
20067,709,170,2,3
20068,709,92,0,8
20069,709,94,0,7
20070,709,172,4,2
20071,709,66,9,1
20072,710,6,6,3
20073,710,183,1,6
20074,710,176,3,4
20075,710,170,2,5
20076,710,181,0,7
20077,710,95,0,9
20078,710,92,0,10
20079,710,94,0,8
20080,710,66,12,2
20081,710,172,13,1
20082,711,6,6,4
20083,711,183,5,5
20084,711,176,3,6
20085,711,170,8,3
20086,711,181,0,8
20087,711,94,0,7
20088,711,66,15,2
20089,711,92,0,9
20090,711,95,0,10
20091,711,172,22,1
20092,712,6,6,5
20093,712,183,14,3
20094,712,176,3,6
20095,712,170,9,4
20096,712,181,0,8
20097,712,94,0,7
20098,712,66,21,2
20099,712,172,25,1
20100,712,92,0,9
20101,712,95,0,10
20102,713,6,10,4
20103,713,183,17,3
20104,713,176,3,6
20105,713,170,10,5
20106,713,181,0,8
20107,713,94,0,7
20108,713,66,27,2
20109,713,172,34,1
20110,713,182,0,11
20111,713,92,0,9
20112,713,95,0,10
20113,714,6,19,3
20114,714,183,17,4
20115,714,176,3,7
20116,714,170,10,5
20117,714,181,3,6
20118,714,94,0,8
20119,714,66,33,2
20120,714,172,34,1
20121,714,11,0,9
20122,714,92,0,10
20123,714,182,0,12
20124,714,95,0,11
20125,715,6,28,3
20126,715,183,21,4
20127,715,176,3,7
20128,715,170,10,5
20129,715,181,3,6
20130,715,94,2,8
20131,715,66,36,1
20132,715,172,34,2
20133,715,11,0,9
20134,715,92,0,10
20135,715,182,0,12
20136,715,95,0,11
20137,716,6,37,1
20138,716,183,21,4
20139,716,176,3,8
20140,716,170,16,5
20141,716,181,3,7
20142,716,94,4,6
20143,716,66,36,2
20144,716,172,35,3
20145,716,11,0,9
20146,716,96,0,11
20147,716,92,0,10
20148,716,182,0,13
20149,716,95,0,12
20150,717,66,42,2
20151,717,172,36,3
20152,717,170,16,5
20153,717,176,3,8
20154,717,183,21,4
20155,717,6,43,1
20156,717,94,5,7
20157,717,92,0,10
20158,717,181,7,6
20159,717,95,0,12
20160,717,182,0,13
20161,717,11,0,9
20162,717,96,0,11
20163,718,66,42,2
20164,718,172,37,3
20165,718,170,16,5
20166,718,176,3,8
20167,718,183,30,4
20168,718,6,45,1
20169,718,94,5,7
20170,718,92,0,10
20171,718,181,7,6
20172,718,95,0,12
20173,718,182,0,13
20174,718,11,0,9
20175,718,96,0,11
20345,699,167,0,15
20346,699,93,0,14
20347,699,180,0,13
20348,699,184,0,12
20349,699,186,0,11
20350,699,185,0,10
20351,699,176,0,9
20352,699,51,0,8
20353,699,182,0,7
20354,699,183,0,6
20355,699,181,0,5
20356,699,170,2,4
20357,699,66,4,3
20358,699,6,6,2
20359,699,172,9,1
20360,700,11,0,11
20361,700,167,0,16
20362,700,93,0,15
20363,700,180,0,14
20364,700,184,0,13
20365,700,186,0,12
20366,700,176,0,9
20367,700,172,9,3
20368,700,183,0,6
20369,700,181,1,5
20370,700,170,4,4
20371,700,6,12,2
20372,700,66,13,1
20373,700,185,0,10
20374,700,51,0,8
20375,700,182,0,7
20376,701,11,1,7
20377,701,167,0,16
20378,701,93,0,15
20379,701,180,0,14
20380,701,184,0,13
20381,701,186,0,12
20382,701,176,0,10
20383,701,172,18,2
20384,701,183,3,5
20385,701,181,1,6
20386,701,170,8,4
20387,701,6,12,3
20388,701,66,19,1
20389,701,185,0,11
20390,701,51,0,9
20391,701,182,0,8
20392,702,11,1,7
20393,702,167,0,16
20394,702,93,0,15
20395,702,180,0,14
20396,702,184,0,13
20397,702,186,0,12
20398,702,176,0,10
20399,702,172,27,1
20400,702,183,6,5
20401,702,181,2,6
20402,702,170,8,4
20403,702,6,16,3
20404,702,66,25,2
20405,702,185,0,11
20406,702,51,0,9
20407,702,182,0,8
20408,703,11,1,7
20409,703,167,0,16
20410,703,93,0,15
20411,703,180,0,14
20412,703,184,0,13
20413,703,186,0,12
20414,703,176,0,10
20415,703,172,36,1
20416,703,183,7,5
20417,703,181,2,6
20418,703,170,8,4
20419,703,6,20,3
20420,703,66,31,2
20421,703,185,0,11
20422,703,51,0,9
20423,703,182,0,8
20424,704,11,2,7
20425,704,167,0,16
20426,704,93,0,15
20427,704,180,0,14
20428,704,184,0,13
20429,704,186,0,12
20430,704,176,0,9
20431,704,172,45,1
20432,704,183,11,4
20433,704,181,2,6
20434,704,170,8,5
20435,704,6,20,3
20436,704,66,37,2
20437,704,185,0,11
20438,704,51,0,10
20439,704,182,0,8
20440,705,11,2,7
20441,705,167,0,16
20442,705,93,0,15
20443,705,180,0,14
20444,705,184,0,13
20445,705,186,0,12
20446,705,176,0,9
20447,705,172,54,1
20448,705,183,15,4
20449,705,181,2,6
20450,705,170,11,5
20451,705,6,21,3
20452,705,66,39,2
20453,705,185,0,11
20454,705,51,0,10
20455,705,182,0,8
20456,706,11,2,7
20457,706,167,0,16
20458,706,93,0,15
20459,706,180,0,14
20460,706,184,0,13
20461,706,186,0,12
20462,706,176,1,8
20463,706,172,54,1
20464,706,183,19,4
20465,706,181,2,6
20466,706,170,13,5
20467,706,6,24,3
20468,706,66,42,2
20469,706,185,0,11
20470,706,51,0,10
20471,706,182,0,9
20472,707,11,2,7
20473,707,167,0,16
20474,707,93,0,15
20475,707,180,0,14
20476,707,184,0,13
20477,707,186,0,12
20478,707,176,1,8
20479,707,172,54,1
20480,707,183,24,4
20481,707,181,2,6
20482,707,170,14,5
20483,707,6,26,3
20484,707,66,45,2
20485,707,185,0,11
20486,707,51,0,10
20487,707,182,0,9
20488,708,11,11,6
20489,708,167,0,16
20490,708,93,0,15
20491,708,180,0,14
20492,708,184,0,13
20493,708,186,0,12
20494,708,176,2,8
20495,708,172,54,1
20496,708,183,27,3
20497,708,181,5,7
20498,708,170,14,5
20499,708,6,26,4
20500,708,66,45,2
20501,708,185,0,11
20502,708,51,0,10
20503,708,182,0,9
20620,690,191,0,7
20621,690,176,0,6
20622,690,181,0,5
20623,690,172,0,4
20624,690,187,0,9
20625,690,183,0,8
20626,690,167,0,3
20627,690,6,6,2
20628,690,66,9,1
20629,691,191,3,4
20630,691,176,0,7
20631,691,181,0,8
20632,691,172,0,6
20633,691,183,0,9
20634,691,66,9,2
20635,691,189,0,5
20636,691,188,0,11
20637,691,187,0,10
20638,691,167,6,3
20639,691,6,15,1
20640,692,191,12,2
20641,692,176,0,9
20642,692,181,1,6
20643,692,172,0,8
20644,692,183,0,7
20645,692,66,9,3
20646,692,189,2,5
20647,692,188,0,11
20648,692,187,0,10
20649,692,167,9,4
20650,692,6,21,1
20651,693,191,21,1
20652,693,176,0,11
20653,693,181,1,7
20654,693,172,3,5
20655,693,183,0,9
20656,693,66,13,3
20657,693,189,2,6
20658,693,192,0,10
20659,693,188,1,8
20660,693,91,0,13
20661,693,187,0,12
20662,693,167,11,4
20663,693,6,21,2
20664,694,191,30,1
20665,694,176,2,7
20666,694,181,1,8
20667,694,172,7,5
20668,694,183,0,10
20669,694,66,19,3
20670,694,189,2,6
20671,694,192,0,11
20672,694,188,1,9
20673,694,167,11,4
20674,694,6,22,2
20675,694,91,0,13
20676,694,187,0,12
20677,695,191,39,1
20678,695,176,2,7
20679,695,181,1,8
20680,695,172,7,5
20681,695,183,0,10
20682,695,66,22,3
20683,695,189,2,6
20684,695,192,0,11
20685,695,188,1,9
20686,695,167,17,4
20687,695,6,23,2
20688,695,91,0,13
20689,695,187,0,12
20690,696,191,40,1
20691,696,176,4,6
20692,696,181,1,9
20693,696,172,7,5
20694,696,183,1,8
20695,696,66,22,3
20696,696,189,2,7
20697,696,192,0,11
20698,696,188,1,10
20699,696,167,20,4
20700,696,6,31,2
20701,696,11,0,12
20702,696,190,0,14
20703,696,91,0,15
20704,696,187,0,13
20705,697,191,40,1
20706,697,176,13,5
20707,697,181,1,10
20708,697,172,8,6
20709,697,183,1,9
20710,697,66,22,4
20711,697,189,2,7
20712,697,192,0,12
20713,697,188,1,11
20714,697,167,24,3
20715,697,6,31,2
20716,697,11,0,13
20717,697,190,0,14
20718,697,91,0,15
20719,697,187,2,8
20720,698,191,42,1
20721,698,176,13,5
20722,698,181,1,11
20723,698,172,8,6
20724,698,183,1,10
20725,698,66,22,4
20726,698,189,4,7
20727,698,192,0,13
20728,698,188,1,12
20729,698,167,30,3
20730,698,6,31,2
20731,698,11,3,8
20732,698,190,0,14
20733,698,187,2,9
20734,698,91,0,15
20735,679,167,9,1
20736,679,170,6,2
20737,679,11,4,3
20738,679,191,3,4
20739,679,183,2,5
20740,679,184,0,6
20741,679,176,0,7
20742,679,189,0,8
20743,679,66,0,9
20744,680,183,2,8
20745,680,191,12,1
20746,680,11,4,6
20747,680,170,6,4
20748,680,167,11,2
20749,680,172,0,11
20750,680,66,1,9
20751,680,194,3,7
20752,680,6,4,5
20753,680,176,6,3
20754,680,189,0,12
20755,680,82,0,14
20756,680,190,0,13
20757,680,184,0,10
20758,681,167,11,2
20759,681,170,6,6
20760,681,11,4,7
20761,681,191,18,1
20762,681,183,2,9
20763,681,184,0,11
20764,681,176,6,5
20765,681,189,0,13
20766,681,66,1,10
20767,681,6,7,4
20768,681,194,3,8
20769,681,172,0,12
20770,681,190,0,14
20771,681,82,0,15
20772,681,180,9,3
20773,682,167,14,2
20774,682,170,6,8
20775,682,11,4,9
20776,682,191,18,1
20777,682,183,2,11
20778,682,184,0,12
20779,682,176,6,7
20780,682,189,0,14
20781,682,66,7,6
20782,682,6,11,3
20783,682,194,3,10
20784,682,172,0,13
20785,682,190,9,5
20786,682,82,0,15
20787,682,180,10,4
20788,683,183,2,11
20789,683,191,27,1
20790,683,11,4,9
20791,683,170,6,8
20792,683,167,17,2
20793,683,172,0,13
20794,683,66,11,3
20795,683,194,3,10
20796,683,6,11,4
20797,683,176,6,7
20798,683,180,10,5
20799,683,190,9,6
20800,683,189,0,14
20801,683,82,0,15
20802,683,184,0,12
20803,684,183,2,11
20804,684,191,33,1
20805,684,11,5,9
20806,684,170,6,8
20807,684,167,19,3
20808,684,172,0,13
20809,684,66,11,5
20810,684,194,3,10
20811,684,6,15,4
20812,684,176,6,7
20813,684,180,19,2
20814,684,190,9,6
20815,684,193,0,16
20816,684,189,0,14
20817,684,82,0,15
20818,684,184,0,12
20819,685,167,21,2
20820,685,170,6,9
20821,685,11,8,7
20822,685,191,42,1
20823,685,183,2,11
20824,685,184,0,14
20825,685,176,6,8
20826,685,189,0,16
20827,685,66,11,5
20828,685,6,19,4
20829,685,194,3,10
20830,685,172,0,15
20831,685,190,9,6
20832,685,82,0,17
20833,685,180,19,3
20834,685,193,0,19
20835,685,182,0,12
20836,685,26,0,13
20837,685,90,0,18
20838,686,183,2,11
20839,686,191,51,1
20840,686,11,8,7
20841,686,170,6,9
20842,686,167,21,3
20843,686,172,0,15
20844,686,66,13,6
20845,686,194,3,10
20846,686,6,20,4
20847,686,176,6,8
20848,686,180,22,2
20849,686,190,13,5
20850,686,182,0,12
20851,686,189,0,16
20852,686,90,0,18
20853,686,82,0,17
20854,686,26,0,13
20855,686,193,0,19
20856,686,184,0,14
20857,687,183,2,11
20858,687,191,57,1
20859,687,11,17,5
20860,687,170,6,9
20861,687,167,24,3
20862,687,172,0,15
20863,687,66,15,6
20864,687,194,3,10
20865,687,6,20,4
20866,687,176,6,8
20867,687,180,26,2
20868,687,190,13,7
20869,687,182,0,12
20870,687,189,0,16
20871,687,90,0,18
20872,687,82,0,17
20873,687,26,0,13
20874,687,193,0,19
20875,687,184,0,14
20876,688,183,2,11
20877,688,191,61,1
20878,688,11,17,5
20879,688,170,6,9
20880,688,167,27,3
20881,688,172,0,16
20882,688,66,15,6
20883,688,194,3,10
20884,688,6,20,4
20885,688,176,6,8
20886,688,180,35,2
20887,688,190,13,7
20888,688,182,0,12
20889,688,187,0,13
20890,688,189,0,17
20891,688,90,0,19
20892,688,82,0,18
20893,688,26,0,14
20894,688,193,0,20
20895,688,184,0,15
20896,689,183,2,11
20897,689,191,63,1
20898,689,11,20,4
20899,689,170,6,9
20900,689,167,28,3
20901,689,172,0,16
20902,689,66,17,6
20903,689,194,3,10
20904,689,6,20,5
20905,689,176,6,8
20906,689,180,44,2
20907,689,190,13,7
20908,689,182,0,13
20909,689,187,0,12
20910,689,189,0,17
20911,689,90,0,19
20912,689,82,0,18
20913,689,26,0,14
20914,689,193,0,20
20915,689,184,0,15
20916,667,11,0,7
20917,667,167,0,6
20918,667,196,1,5
20919,667,194,2,4
20920,667,6,3,3
20921,667,191,4,2
20922,667,180,9,1
20923,667,183,0,8
20924,667,190,0,9
20925,667,89,0,10
20926,667,170,0,11
20927,667,66,0,12
20928,667,195,0,13
20929,668,11,0,9
20930,668,167,0,8
20931,668,196,3,6
20932,668,194,2,7
20933,668,6,3,5
20934,668,191,4,4
20935,668,180,18,1
20936,668,195,4,3
20937,668,187,6,2
20938,668,183,0,11
20939,668,190,0,12
20940,668,89,0,13
20941,668,170,0,14
20942,668,66,0,10
20943,669,11,0,10
20944,669,167,0,9
20945,669,196,3,7
20946,669,194,2,8
20947,669,6,3,6
20948,669,191,4,5
20949,669,180,27,1
20950,669,195,8,3
20951,669,187,8,2
20952,669,82,0,11
20953,669,66,6,4
20954,669,183,0,12
20955,669,190,0,13
20956,669,89,0,14
20957,669,170,0,15
20958,670,180,29,1
20959,670,191,4,7
20960,670,6,7,5
20961,670,194,2,8
20962,670,196,6,6
20963,670,167,0,9
20964,670,11,0,10
20965,670,183,0,12
20966,670,190,0,13
20967,670,89,0,14
20968,670,170,0,15
20969,670,66,12,3
20970,670,195,9,4
20971,670,187,17,2
20972,670,82,0,11
20973,671,11,0,11
20974,671,167,0,10
20975,671,196,15,4
20976,671,194,2,9
20977,671,6,10,5
20978,671,191,6,8
20979,671,180,29,1
20980,671,195,9,6
20981,671,187,17,2
20982,671,82,6,7
20983,671,66,16,3
20984,671,183,0,12
20985,671,190,0,13
20986,671,89,0,14
20987,671,170,0,15
20988,672,11,6,8
20989,672,167,0,11
20990,672,196,19,4
20991,672,194,2,10
20992,672,6,19,3
20993,672,191,6,9
20994,672,180,29,1
20995,672,195,12,6
20996,672,187,19,2
20997,672,82,6,7
20998,672,66,17,5
20999,672,183,0,12
21000,672,190,0,13
21001,672,89,0,14
21002,672,170,0,15
21003,673,180,38,1
21004,673,191,6,9
21005,673,6,25,2
21006,673,194,2,10
21007,673,196,20,4
21008,673,167,0,11
21009,673,11,8,7
21010,673,183,0,12
21011,673,190,0,13
21012,673,89,0,14
21013,673,170,0,15
21014,673,66,17,5
21015,673,195,12,6
21016,673,187,22,3
21017,673,82,6,8
21018,674,11,8,8
21019,674,167,0,11
21020,674,196,29,2
21021,674,194,2,10
21022,674,6,28,3
21023,674,191,10,7
21024,674,180,44,1
21025,674,195,12,6
21026,674,187,22,4
21027,674,82,6,9
21028,674,66,18,5
21029,674,190,0,12
21030,674,183,0,15
21031,674,89,0,16
21032,674,170,0,17
21033,674,26,0,13
21034,674,1,0,14
21035,675,180,44,1
21036,675,191,10,7
21037,675,6,32,3
21038,675,194,3,10
21039,675,196,35,2
21040,675,167,0,11
21041,675,11,8,9
21042,675,183,0,15
21043,675,190,0,12
21044,675,89,0,16
21045,675,170,0,17
21046,675,66,21,5
21047,675,195,12,6
21048,675,187,31,4
21049,675,82,8,8
21050,675,26,0,13
21051,675,1,0,14
21052,676,11,8,9
21053,676,167,0,11
21054,676,196,36,3
21055,676,194,3,10
21056,676,6,32,4
21057,676,191,10,7
21058,676,180,47,1
21059,676,195,14,6
21060,676,187,40,2
21061,676,82,8,8
21062,676,66,25,5
21063,676,190,0,12
21064,676,183,0,15
21065,676,89,0,16
21066,676,170,0,17
21067,676,26,0,13
21068,676,1,0,14
21069,677,180,53,1
21070,677,191,10,8
21071,677,6,32,4
21072,677,194,3,10
21073,677,196,45,2
21074,677,167,0,11
21075,677,11,12,7
21076,677,183,0,15
21077,677,190,0,12
21078,677,89,0,16
21079,677,170,0,17
21080,677,66,25,5
21081,677,195,14,6
21082,677,187,43,3
21083,677,82,8,9
21084,677,26,0,13
21085,677,1,0,14
21086,678,180,62,1
21087,678,191,10,8
21088,678,6,32,4
21089,678,194,3,10
21090,678,196,45,3
21091,678,167,0,11
21092,678,11,14,6
21093,678,183,0,15
21094,678,190,0,12
21095,678,89,0,16
21096,678,170,0,17
21097,678,66,28,5
21098,678,195,14,7
21099,678,187,49,2
21100,678,82,8,9
21101,678,26,0,13
21102,678,1,0,14
21295,656,182,0,7
21296,656,6,0,6
21297,656,191,0,5
21298,656,187,4,3
21299,656,66,0,4
21300,656,180,6,2
21301,656,196,9,1
21302,657,182,1,5
21303,657,6,0,7
21304,657,191,0,6
21305,657,187,10,2
21306,657,66,2,4
21307,657,180,6,3
21308,657,196,18,1
21309,658,182,7,4
21310,658,6,0,8
21311,658,191,0,7
21312,658,187,12,3
21313,658,66,2,5
21314,658,196,18,1
21315,658,167,0,6
21316,658,180,15,2
21317,659,182,9,4
21318,659,6,4,5
21319,659,191,0,8
21320,659,187,15,3
21321,659,66,2,6
21322,659,196,27,1
21323,659,167,0,7
21324,659,180,21,2
21325,660,182,13,4
21326,660,6,4,5
21327,660,191,0,8
21328,660,187,18,3
21329,660,66,2,6
21330,660,196,36,1
21331,660,167,0,7
21332,660,180,22,2
21333,661,182,19,4
21334,661,6,4,5
21335,661,191,0,8
21336,661,187,20,3
21337,661,66,2,6
21338,661,196,45,1
21339,661,167,0,7
21340,661,180,25,2
21341,662,182,28,3
21342,662,6,4,5
21343,662,191,0,8
21344,662,187,24,4
21345,662,66,2,6
21346,662,196,51,1
21347,662,167,0,7
21348,662,180,28,2
21349,662,197,0,9
21350,663,182,30,3
21351,663,6,5,5
21352,663,191,0,8
21353,663,187,27,4
21354,663,66,2,6
21355,663,196,60,1
21356,663,167,0,7
21357,663,180,34,2
21358,663,197,0,9
21359,664,182,39,2
21360,664,6,5,5
21361,664,191,0,8
21362,664,187,29,4
21363,664,66,2,6
21364,664,196,63,1
21365,664,167,0,7
21366,664,180,38,3
21367,664,197,0,9
21368,664,183,0,10
21369,665,182,45,3
21370,665,6,7,5
21371,665,191,0,8
21372,665,187,29,4
21373,665,66,6,6
21374,665,196,63,1
21375,665,167,0,7
21376,665,180,47,2
21377,665,197,0,9
21378,665,183,0,10
21379,666,182,49,2
21380,666,6,7,6
21381,666,191,0,8
21382,666,187,38,4
21383,666,66,7,5
21384,666,196,66,1
21385,666,167,0,7
21386,666,180,47,3
21387,666,197,0,9
21388,666,183,0,10
21537,643,6,0,7
21538,643,66,0,6
21539,643,32,2,5
21540,643,82,3,4
21541,643,37,4,3
21542,643,187,6,2
21543,643,34,9,1
21544,643,86,0,8
21545,644,6,0,7
21546,644,66,0,6
21547,644,32,5,4
21548,644,82,3,5
21549,644,37,13,1
21550,644,34,9,3
21551,644,187,12,2
21552,644,86,0,8
21553,644,198,0,9
21554,645,6,0,8
21555,645,66,1,6
21556,645,32,14,3
21557,645,82,7,5
21558,645,37,13,4
21559,645,34,15,1
21560,645,86,0,7
21561,645,187,15,2
21562,645,198,0,9
21563,646,6,3,7
21564,646,66,10,6
21565,646,32,14,4
21566,646,82,11,5
21567,646,37,19,1
21568,646,34,17,2
21569,646,86,0,8
21570,646,187,15,3
21571,646,198,0,9
21572,647,6,7,7
21573,647,66,10,6
21574,647,32,23,2
21575,647,82,13,5
21576,647,37,25,1
21577,647,34,17,3
21578,647,86,0,8
21579,647,187,16,4
21580,647,198,0,9
21581,647,85,0,10
21582,648,6,7,7
21583,648,66,10,6
21584,648,32,32,1
21585,648,82,15,5
21586,648,37,31,2
21587,648,34,21,3
21588,648,86,0,8
21589,648,187,19,4
21590,648,198,0,9
21591,648,85,0,10
21592,649,6,10,7
21593,649,66,10,6
21594,649,32,41,1
21595,649,82,15,5
21596,649,37,33,2
21597,649,34,27,3
21598,649,86,0,8
21599,649,187,23,4
21600,649,63,0,10
21601,649,198,0,9
21602,649,85,0,11
21603,650,6,16,5
21604,650,66,10,7
21605,650,32,50,1
21606,650,82,16,6
21607,650,37,33,2
21608,650,34,29,3
21609,650,86,0,9
21610,650,187,27,4
21611,650,63,0,8
21612,650,198,0,10
21613,650,85,0,11
21614,651,6,25,5
21615,651,66,13,7
21616,651,32,50,1
21617,651,82,17,6
21618,651,37,33,2
21619,651,34,33,3
21620,651,86,0,10
21621,651,187,27,4
21622,651,63,0,8
21623,651,198,0,9
21624,651,85,0,11
21625,652,6,34,4
21626,652,66,13,7
21627,652,32,50,1
21628,652,82,21,6
21629,652,37,39,2
21630,652,34,35,3
21631,652,86,0,10
21632,652,187,30,5
21633,652,63,0,9
21634,652,198,0,8
21635,652,85,0,11
21636,653,6,43,2
21637,653,66,16,7
21638,653,32,50,1
21639,653,82,21,6
21640,653,37,43,3
21641,653,34,35,4
21642,653,86,0,10
21643,653,187,31,5
21644,653,63,2,8
21645,653,198,0,9
21646,653,85,0,12
21647,653,25,0,11
21648,654,6,46,2
21649,654,66,22,6
21650,654,32,59,1
21651,654,82,21,7
21652,654,37,45,3
21653,654,34,35,4
21654,654,86,0,10
21655,654,187,31,5
21656,654,63,3,8
21657,654,198,0,9
21658,654,25,0,11
21659,654,85,0,12
21660,655,6,52,2
21661,655,66,23,6
21662,655,32,59,1
21663,655,82,23,7
21664,655,37,48,3
21665,655,34,35,4
21666,655,86,0,10
21667,655,187,35,5
21668,655,63,3,8
21669,655,198,0,9
21670,655,25,0,11
21671,655,85,0,12
21672,632,34,0,7
21673,632,63,0,6
21674,632,1,1,5
21675,632,82,2,4
21676,632,180,3,3
21677,632,25,6,2
21678,632,6,9,1
21679,632,200,0,8
21680,632,199,0,9
21681,632,66,0,10
21682,633,34,0,8
21683,633,63,0,7
21684,633,1,3,6
21685,633,82,6,3
21686,633,180,3,5
21687,633,25,15,2
21688,633,6,15,1
21689,633,66,3,4
21690,633,200,0,9
21691,633,199,0,10
21692,634,34,0,9
21693,634,63,1,8
21694,634,1,6,5
21695,634,82,6,4
21696,634,180,5,6
21697,634,25,24,1
21698,634,6,19,2
21699,634,66,3,7
21700,634,200,6,3
21701,634,199,0,10
21702,635,6,28,1
21703,635,25,24,2
21704,635,180,5,7
21705,635,82,6,5
21706,635,1,6,6
21707,635,63,3,8
21708,635,34,0,9
21709,635,200,9,4
21710,635,199,0,10
21711,635,66,9,3
21712,635,201,0,11
21713,636,6,28,2
21714,636,25,33,1
21715,636,180,9,5
21716,636,82,8,6
21717,636,1,6,7
21718,636,63,3,8
21719,636,34,0,9
21720,636,200,9,4
21721,636,199,0,10
21722,636,66,12,3
21723,636,201,0,11
21724,637,34,0,9
21725,637,63,5,8
21726,637,1,6,7
21727,637,82,8,6
21728,637,180,13,4
21729,637,25,42,1
21730,637,6,28,2
21731,637,66,12,5
21732,637,200,15,3
21733,637,199,0,10
21734,637,201,0,11
21735,638,34,1,9
21736,638,63,5,8
21737,638,1,6,7
21738,638,82,8,6
21739,638,180,13,4
21740,638,25,51,1
21741,638,6,32,2
21742,638,66,12,5
21743,638,200,17,3
21744,638,199,0,10
21745,638,201,0,11
21746,639,6,32,2
21747,639,25,51,1
21748,639,180,19,4
21749,639,82,8,6
21750,639,1,6,7
21751,639,63,5,9
21752,639,34,5,8
21753,639,200,18,5
21754,639,199,0,10
21755,639,66,21,3
21756,639,201,0,11
21757,640,6,32,2
21758,640,25,55,1
21759,640,180,19,5
21760,640,82,9,6
21761,640,1,6,8
21762,640,63,8,7
21763,640,34,5,9
21764,640,200,24,4
21765,640,199,0,11
21766,640,66,30,3
21767,640,201,0,10
21768,640,85,0,12
21769,641,6,32,2
21770,641,25,64,1
21771,641,180,21,5
21772,641,82,9,7
21773,641,1,10,6
21774,641,63,8,8
21775,641,34,5,9
21776,641,200,30,4
21777,641,199,0,11
21778,641,66,30,3
21779,641,201,0,10
21780,641,85,0,12
21781,642,34,5,9
21782,642,63,8,8
21783,642,1,10,6
21784,642,82,9,7
21785,642,180,21,5
21786,642,25,73,1
21787,642,6,33,3
21788,642,66,36,2
21789,642,200,33,4
21790,642,201,0,10
21791,642,199,0,11
21792,642,85,0,12
21875,606,37,0,8
21876,606,66,1,5
21877,606,34,1,6
21878,606,1,6,3
21879,606,6,6,4
21880,606,25,12,2
21881,606,32,18,1
21882,606,80,0,7
21883,606,63,0,9
21894,620,32,0,8
21895,620,66,0,7
21896,620,34,0,6
21897,620,37,1,5
21898,620,63,2,4
21899,620,6,4,3
21900,620,1,6,2
21901,620,25,9,1
21902,620,82,0,9
21903,621,32,6,4
21904,621,66,0,8
21905,621,34,1,7
21906,621,37,3,5
21907,621,63,2,6
21908,621,6,7,3
21909,621,1,15,1
21910,621,82,0,9
21911,621,25,9,2
21912,622,32,15,2
21913,622,66,0,8
21914,622,34,1,7
21915,622,37,4,6
21916,622,63,5,5
21917,622,6,13,3
21918,622,1,17,1
21919,622,82,0,9
21920,622,25,9,4
21921,623,32,19,2
21922,623,66,9,5
21923,623,34,1,8
21924,623,37,4,7
21925,623,63,5,6
21926,623,6,19,3
21927,623,1,19,1
21928,623,82,1,9
21929,623,25,12,4
21940,624,32,28,1
21941,624,66,9,5
21942,624,34,1,9
21943,624,37,6,7
21944,624,63,8,6
21945,624,6,19,3
21946,624,1,23,2
21947,624,82,2,8
21948,624,25,18,4
21949,624,81,0,10
21950,625,32,34,1
21951,625,66,9,5
21952,625,34,1,9
21953,625,37,8,7
21954,625,63,9,6
21955,625,6,19,4
21956,625,1,23,3
21957,625,82,6,8
21958,625,25,27,2
21959,625,81,0,10
21960,626,32,43,1
21961,626,66,9,5
21962,626,34,1,9
21963,626,37,8,8
21964,626,63,9,7
21965,626,6,20,4
21966,626,1,27,3
21967,626,82,9,6
21968,626,25,33,2
21969,626,81,0,10
21970,626,83,0,11
21971,627,32,43,1
21972,627,66,12,5
21973,627,34,2,9
21974,627,37,12,6
21975,627,63,9,8
21976,627,6,29,3
21977,627,1,29,4
21978,627,82,9,7
21979,627,25,33,2
21980,627,81,0,10
21981,627,83,0,11
21982,628,32,52,1
21983,628,66,13,5
21984,628,34,2,9
21985,628,37,12,6
21986,628,63,12,7
21987,628,6,29,4
21988,628,1,35,2
21989,628,82,11,8
21990,628,25,33,3
21991,628,81,0,10
21992,628,83,0,12
21993,628,84,0,11
21994,629,32,61,1
21995,629,66,14,6
21996,629,34,4,9
21997,629,37,12,7
21998,629,63,18,5
21999,629,6,29,4
22000,629,1,39,2
22001,629,82,11,8
22002,629,25,33,3
22003,629,81,0,10
22004,629,83,0,12
22005,629,84,0,11
22006,630,32,61,1
22007,630,66,14,6
22008,630,34,7,9
22009,630,37,12,8
22010,630,63,18,5
22011,630,6,31,4
22012,630,1,45,2
22013,630,82,12,7
22014,630,25,42,3
22015,630,81,0,10
22016,630,83,0,12
22017,630,84,0,11
22018,631,32,61,1
22019,631,66,14,7
22020,631,34,7,9
22021,631,37,15,6
22022,631,63,18,5
22023,631,6,33,4
22024,631,1,47,3
22025,631,82,12,8
22026,631,25,51,2
22027,631,81,0,10
22028,631,83,0,12
22029,631,84,0,11
22030,605,80,0,8
22031,605,37,0,7
22032,605,66,0,6
22033,605,34,1,5
22034,605,1,2,4
22035,605,6,3,3
22036,605,25,6,2
22037,605,32,9,1
22038,605,63,0,9
22039,607,80,0,8
22040,607,37,0,10
22041,607,66,1,5
22042,607,34,1,6
22043,607,1,12,3
22044,607,6,9,4
22045,607,25,21,2
22046,607,32,22,1
22047,607,63,0,9
22048,607,58,1,7
22049,608,80,0,9
22050,608,37,0,8
22051,608,66,3,6
22052,608,34,1,7
22053,608,1,15,3
22054,608,6,9,4
22055,608,25,27,2
22056,608,32,31,1
22057,608,63,0,10
22058,608,58,5,5
22059,609,80,0,10
22060,609,37,0,9
22061,609,66,5,6
22062,609,34,4,7
22063,609,1,15,3
22064,609,6,9,4
22065,609,25,36,1
22066,609,32,35,2
22067,609,63,0,11
22068,609,58,5,5
22069,609,81,1,8
22070,610,80,0,10
22071,610,37,0,9
22072,610,66,5,6
22073,610,34,4,7
22074,610,1,17,3
22075,610,6,9,4
22076,610,25,39,1
22077,610,32,37,2
22078,610,63,0,11
22079,610,58,5,5
22080,610,81,1,8
22081,611,80,0,10
22082,611,37,0,9
22083,611,66,5,7
22084,611,34,7,5
22085,611,1,26,3
22086,611,6,10,4
22087,611,25,43,1
22088,611,32,43,2
22089,611,63,0,11
22090,611,58,5,6
22091,611,81,1,8
22116,612,80,0,10
22117,612,37,1,8
22118,612,66,5,7
22119,612,34,11,5
22120,612,1,26,3
22121,612,6,12,4
22122,612,25,51,2
22123,612,32,52,1
22124,612,63,0,11
22125,612,58,5,6
22126,612,81,1,9
22127,612,57,0,12
22128,613,80,0,10
22129,613,37,4,8
22130,613,66,5,7
22131,613,34,12,4
22132,613,1,35,3
22133,613,6,12,5
22134,613,25,53,2
22135,613,32,58,1
22136,613,63,0,11
22137,613,58,5,6
22138,613,81,1,9
22139,613,57,0,12
22140,614,80,1,9
22141,614,37,8,6
22142,614,66,7,7
22143,614,34,12,4
22144,614,1,38,3
22145,614,6,12,5
22146,614,25,62,1
22147,614,32,58,2
22148,614,63,0,11
22149,614,58,5,8
22150,614,81,1,10
22151,614,57,0,12
22152,615,80,1,10
22153,615,37,8,6
22154,615,66,7,7
22155,615,34,14,4
22156,615,1,42,3
22157,615,6,12,5
22158,615,25,71,1
22159,615,32,59,2
22160,615,63,3,9
22161,615,58,5,8
22162,615,81,1,11
22163,615,57,0,12
22164,616,80,1,10
22165,616,37,8,7
22166,616,66,9,6
22167,616,34,17,4
22168,616,1,42,3
22169,616,6,12,5
22170,616,25,77,1
22171,616,32,68,2
22172,616,63,7,8
22173,616,58,5,9
22174,616,81,1,11
22175,616,57,0,12
22176,617,80,1,10
22177,617,37,8,7
22178,617,66,9,6
22179,617,34,18,4
22180,617,1,46,3
22181,617,6,12,5
22182,617,25,80,1
22183,617,32,77,2
22184,617,63,7,8
22185,617,58,5,9
22186,617,81,1,11
22187,617,57,0,12
22188,618,80,2,10
22189,618,37,8,8
22190,618,66,12,6
22191,618,34,18,4
22192,618,1,55,3
22193,618,6,12,5
22194,618,25,82,2
22195,618,32,83,1
22196,618,63,7,9
22197,618,58,9,7
22198,618,81,1,11
22199,618,57,0,12
22200,619,80,2,10
22201,619,37,14,5
22202,619,66,12,7
22203,619,34,22,4
22204,619,1,58,3
22205,619,6,12,6
22206,619,25,82,2
22207,619,32,92,1
22208,619,63,7,9
22209,619,58,9,8
22210,619,81,1,11
22211,619,57,0,12
22212,590,26,0,7
22213,590,37,0,6
22214,590,34,0,5
22215,590,25,1,4
22216,590,66,2,3
22217,590,6,6,2
22218,590,1,9,1
22219,590,32,0,8
22220,590,63,0,9
22221,590,80,0,10
22222,590,58,0,11
22223,591,26,0,9
22224,591,37,0,8
22225,591,34,0,7
22226,591,25,1,6
22227,591,66,2,5
22228,591,6,12,2
22229,591,1,18,1
22230,591,63,3,4
22231,591,32,4,3
22232,591,80,0,11
22233,591,58,0,10
22234,592,26,0,10
22235,592,37,2,8
22236,592,34,9,3
22237,592,25,4,6
22238,592,66,8,4
22239,592,6,12,2
22240,592,1,22,1
22241,592,63,3,7
22242,592,32,4,5
22243,592,80,1,9
22244,592,58,0,11
22245,592,64,0,12
22246,593,26,0,12
22247,593,37,5,6
22248,593,34,9,3
22249,593,25,6,5
22250,593,66,8,4
22251,593,6,21,2
22252,593,1,26,1
22253,593,63,3,8
22254,593,32,4,7
22255,593,80,1,9
22256,593,77,0,13
22257,593,64,0,11
22258,593,58,0,10
22259,593,78,0,14
22260,594,26,0,11
22261,594,37,5,6
22262,594,34,9,5
22263,594,25,10,4
22264,594,66,10,3
22265,594,6,27,2
22266,594,1,35,1
22267,594,63,3,8
22268,594,32,4,7
22269,594,80,1,9
22270,594,77,0,12
22271,594,64,0,13
22272,594,58,0,10
22273,594,57,0,14
22274,594,78,0,16
22275,594,79,0,15
22276,595,26,0,11
22277,595,37,5,7
22278,595,34,10,5
22279,595,25,16,3
22280,595,66,10,6
22281,595,6,30,2
22282,595,1,37,1
22283,595,63,3,9
22284,595,32,13,4
22285,595,80,1,10
22286,595,77,0,12
22287,595,64,0,13
22288,595,58,4,8
22289,595,57,0,14
22290,595,78,0,16
22291,595,79,0,15
22292,596,26,1,11
22293,596,37,5,8
22294,596,34,10,5
22295,596,25,25,3
22296,596,66,10,6
22297,596,6,30,2
22298,596,1,40,1
22299,596,63,3,10
22300,596,32,13,4
22301,596,80,1,12
22302,596,77,0,13
22303,596,64,4,9
22304,596,58,6,7
22305,596,57,0,14
22306,596,78,0,16
22307,596,79,0,15
22308,597,26,1,11
22309,597,37,5,8
22310,597,34,10,5
22311,597,25,27,3
22312,597,66,10,6
22313,597,6,39,2
22314,597,1,42,1
22315,597,63,3,10
22316,597,32,13,4
22317,597,80,1,12
22318,597,77,0,13
22319,597,64,4,9
22320,597,58,6,7
22321,597,57,0,14
22322,597,78,0,16
22323,597,79,0,15
22324,598,26,1,11
22325,598,37,5,8
22326,598,34,10,5
22327,598,25,30,3
22328,598,66,10,6
22329,598,6,45,1
22330,598,1,43,2
22331,598,63,3,10
22332,598,32,22,4
22333,598,80,1,12
22334,598,77,0,13
22335,598,64,4,9
22336,598,58,6,7
22337,598,57,0,14
22338,598,78,0,16
22339,598,79,0,15
22340,599,26,1,11
22341,599,37,5,8
22342,599,34,11,5
22343,599,25,39,3
22344,599,66,10,6
22345,599,6,48,2
22346,599,1,49,1
22347,599,63,3,10
22348,599,32,26,4
22349,599,80,1,12
22350,599,77,0,13
22351,599,64,4,9
22352,599,58,6,7
22353,599,57,0,14
22354,599,78,0,16
22355,599,79,0,15
22356,599,76,0,17
22357,599,74,0,18
22358,600,26,1,11
22359,600,37,5,8
22360,600,34,15,5
22361,600,25,45,3
22362,600,66,10,6
22363,600,6,57,1
22364,600,1,49,2
22365,600,63,3,10
22366,600,32,29,4
22367,600,80,1,12
22368,600,77,0,13
22369,600,64,4,9
22370,600,58,7,7
22371,600,57,0,15
22372,600,79,0,14
22373,600,78,0,16
22374,600,76,0,17
22375,600,74,0,18
22376,601,26,1,11
22377,601,37,6,9
22378,601,34,24,5
22379,601,25,45,3
22380,601,66,10,6
22381,601,6,59,1
22382,601,1,55,2
22383,601,63,3,10
22384,601,32,29,4
22385,601,80,1,12
22386,601,77,0,13
22387,601,64,8,7
22388,601,58,7,8
22389,601,57,0,15
22390,601,79,0,14
22391,601,78,0,16
22392,601,76,0,17
22393,601,74,0,18
22394,602,26,1,12
22395,602,37,6,9
22396,602,34,26,5
22397,602,25,49,3
22398,602,66,10,6
22399,602,6,59,2
22400,602,1,61,1
22401,602,63,3,11
22402,602,32,38,4
22403,602,80,4,10
22404,602,77,0,13
22405,602,64,8,7
22406,602,58,7,8
22407,602,57,0,15
22408,602,79,0,14
22409,602,78,0,16
22410,602,76,0,17
22411,602,74,0,18
22412,603,26,1,12
22413,603,37,6,9
22414,603,34,26,5
22415,603,25,51,3
22416,603,66,10,7
22417,603,6,65,2
22418,603,1,70,1
22419,603,63,3,11
22420,603,32,42,4
22421,603,80,4,10
22422,603,77,0,14
22423,603,64,11,6
22424,603,58,7,8
22425,603,57,0,17
22426,603,79,0,16
22427,603,67,0,15
22428,603,73,0,13
22429,603,78,0,18
22430,603,76,0,19
22431,603,74,0,20
22432,604,26,1,12
22433,604,37,6,9
22434,604,34,35,5
22435,604,25,52,3
22436,604,66,10,7
22437,604,6,65,2
22438,604,1,73,1
22439,604,63,3,11
22440,604,32,42,4
22441,604,80,4,10
22442,604,77,0,14
22443,604,64,15,6
22444,604,58,7,8
22445,604,57,0,17
22446,604,79,0,16
22447,604,67,0,15
22448,604,73,0,13
22449,604,78,0,18
22450,604,76,0,19
22451,604,74,0,20
22452,576,202,0,10
22453,576,26,0,9
22454,576,37,0,8
22455,576,32,0,7
22456,576,67,0,6
22457,576,25,2,5
22458,576,6,3,4
22459,576,34,4,3
22460,576,64,6,2
22461,576,1,9,1
22462,576,3,0,11
22463,576,73,0,12
22464,576,66,0,13
22465,576,56,0,14
22466,577,202,0,13
22467,577,26,0,10
22468,577,37,0,9
22469,577,32,0,8
22470,577,67,0,7
22471,577,25,2,5
22472,577,6,6,4
22473,577,34,13,2
22474,577,64,7,3
22475,577,1,15,1
22476,577,56,0,14
22477,577,3,0,12
22478,577,63,0,11
22479,577,73,0,6
22480,577,66,0,15
22481,578,202,0,10
22482,578,26,0,12
22483,578,37,0,11
22484,578,32,0,9
22485,578,67,0,6
22486,578,25,11,3
22487,578,6,8,4
22488,578,34,19,1
22489,578,64,7,5
22490,578,1,16,2
22491,578,56,0,15
22492,578,3,0,14
22493,578,63,0,13
22494,578,73,0,7
22495,578,66,0,16
22496,578,75,0,8
22497,579,202,2,7
22498,579,26,0,14
22499,579,37,1,8
22500,579,32,3,6
22501,579,67,0,9
22502,579,25,11,3
22503,579,6,8,4
22504,579,34,21,1
22505,579,64,7,5
22506,579,1,20,2
22507,579,56,0,15
22508,579,3,0,10
22509,579,63,0,13
22510,579,73,0,11
22511,579,66,0,16
22512,579,75,0,12
22513,579,57,0,17
22514,580,202,2,7
22515,580,26,0,14
22516,580,37,1,8
22517,580,32,6,6
22518,580,67,0,9
22519,580,25,13,4
22520,580,6,17,3
22521,580,34,25,2
22522,580,64,7,5
22523,580,1,26,1
22524,580,56,0,15
22525,580,3,0,10
22526,580,63,0,13
22527,580,73,0,11
22528,580,66,0,16
22529,580,75,0,12
22530,580,57,0,17
22531,581,202,2,7
22532,581,26,0,15
22533,581,37,1,8
22534,581,32,6,6
22535,581,67,0,9
22536,581,25,19,4
22537,581,6,26,3
22538,581,34,29,1
22539,581,64,7,5
22540,581,1,26,2
22541,581,56,0,16
22542,581,3,0,10
22543,581,63,0,13
22544,581,73,0,11
22545,581,66,0,14
22546,581,75,0,12
22547,581,57,0,17
22699,582,202,2,8
22700,582,26,0,15
22701,582,37,1,10
22702,582,32,6,6
22703,582,67,2,9
22704,582,25,19,4
22705,582,6,35,1
22706,582,34,33,2
22707,582,64,7,5
22708,582,1,26,3
22709,582,56,0,16
22710,582,3,0,12
22711,582,63,0,13
22712,582,73,3,7
22713,582,66,0,14
22714,582,75,1,11
22715,582,57,0,17
22716,583,202,4,7
22717,583,26,0,15
22718,583,37,1,10
22719,583,32,6,6
22720,583,67,2,9
22721,583,25,19,4
22722,583,6,41,1
22723,583,34,36,2
22724,583,64,16,5
22725,583,1,26,3
22726,583,56,0,17
22727,583,3,0,12
22728,583,63,0,13
22729,583,73,3,8
22730,583,66,0,14
22731,583,75,1,11
22732,583,57,0,16
22733,583,74,0,18
22734,584,202,4,8
22735,584,26,0,15
22736,584,37,1,10
22737,584,32,6,6
22738,584,67,2,9
22739,584,25,20,5
22740,584,6,50,1
22741,584,34,36,2
22742,584,64,22,4
22743,584,1,30,3
22744,584,56,0,17
22745,584,3,0,12
22746,584,63,0,13
22747,584,73,5,7
22748,584,66,0,14
22749,584,75,1,11
22750,584,57,0,16
22751,584,74,0,18
22752,585,202,4,8
22753,585,26,0,15
22754,585,37,3,9
22755,585,32,6,6
22756,585,67,2,10
22757,585,25,24,5
22758,585,6,50,1
22759,585,34,42,2
22760,585,64,25,4
22761,585,1,40,3
22762,585,56,0,17
22763,585,3,0,12
22764,585,63,0,13
22765,585,73,5,7
22766,585,66,0,14
22767,585,75,1,11
22768,585,57,0,16
22769,585,76,0,18
22770,585,74,0,19
22771,586,202,6,6
22772,586,26,0,16
22773,586,37,3,10
22774,586,32,6,7
22775,586,67,2,12
22776,586,25,24,5
22777,586,6,54,1
22778,586,34,51,2
22779,586,64,25,4
22780,586,1,40,3
22781,586,56,0,17
22782,586,3,6,8
22783,586,63,0,14
22784,586,73,5,9
22785,586,66,0,15
22786,586,75,3,11
22787,586,57,1,13
22788,586,76,0,18
22789,586,74,0,19
22790,587,202,8,6
22791,587,26,0,16
22792,587,37,8,7
22793,587,32,7,8
22794,587,67,2,12
22795,587,25,24,5
22796,587,6,54,1
22797,587,34,51,2
22798,587,64,28,4
22799,587,1,41,3
22800,587,56,0,17
22801,587,3,6,9
22802,587,63,0,14
22803,587,73,5,10
22804,587,66,0,15
22805,587,75,3,11
22806,587,57,1,13
22807,587,76,0,18
22808,587,203,0,19
22809,587,74,0,20
22810,588,202,10,6
22811,588,26,0,16
22812,588,37,8,7
22813,588,32,7,8
22814,588,67,2,12
22815,588,25,24,5
22816,588,6,64,1
22817,588,34,54,2
22818,588,64,30,4
22819,588,1,47,3
22820,588,56,0,17
22821,588,3,6,9
22822,588,63,0,14
22823,588,73,5,10
22824,588,66,0,15
22825,588,75,3,11
22826,588,57,1,13
22827,588,76,0,18
22828,588,203,0,19
22829,588,74,0,20
22830,589,202,10,6
22831,589,26,0,17
22832,589,37,8,8
22833,589,32,9,7
22834,589,67,2,12
22835,589,25,25,5
22836,589,6,72,1
22837,589,34,54,2
22838,589,64,33,4
22839,589,1,53,3
22840,589,56,0,16
22841,589,3,6,9
22842,589,63,0,14
22843,589,73,5,10
22844,589,66,0,15
22845,589,75,3,11
22846,589,57,1,13
22847,589,76,0,18
22848,589,203,0,19
22849,589,74,0,20
22850,560,6,9,1
22851,560,25,6,2
22852,560,58,4,3
22853,560,37,3,4
22854,560,1,1,5
22855,560,59,0,6
22856,560,3,0,7
22857,560,204,0,8
22858,560,56,0,9
22859,560,27,0,10
22860,560,32,0,11
22861,560,67,0,12
22862,560,66,0,13
22863,561,6,18,1
22864,561,25,9,2
22865,561,58,4,4
22866,561,37,3,5
22867,561,1,7,3
22868,561,59,0,8
22869,561,3,0,9
22870,561,204,0,10
22871,561,56,0,12
22872,561,27,0,16
22873,561,32,0,11
22874,561,67,2,6
22875,561,66,0,17
22876,561,73,1,7
22877,561,63,0,13
22878,561,57,0,14
22879,561,64,0,15
22880,562,6,27,1
22881,562,25,13,2
22882,562,58,4,4
22883,562,37,3,5
22884,562,1,9,3
22885,562,59,0,10
22886,562,3,0,13
22887,562,204,0,12
22888,562,56,1,8
22889,562,27,3,6
22890,562,32,0,14
22891,562,67,2,7
22892,562,66,0,17
22893,562,73,1,9
22894,562,63,0,15
22895,562,57,0,11
22896,562,64,0,16
22897,563,204,3,6
22898,563,3,0,15
22899,563,59,0,13
22900,563,1,18,2
22901,563,37,3,7
22902,563,58,4,4
22903,563,25,13,3
22904,563,6,33,1
22905,563,63,0,14
22906,563,32,4,5
22907,563,73,1,12
22908,563,67,2,10
22909,563,57,2,9
22910,563,56,1,11
22911,563,27,3,8
22912,563,70,0,16
22913,563,66,0,18
22914,563,64,0,17
22915,563,182,0,19
22916,564,204,3,7
22917,564,3,0,16
22918,564,59,0,14
22919,564,1,19,2
22920,564,37,3,8
22921,564,58,4,5
22922,564,25,16,3
22923,564,6,42,1
22924,564,63,2,11
22925,564,32,4,6
22926,564,73,1,13
22927,564,67,2,9
22928,564,57,2,10
22929,564,56,1,12
22930,564,27,7,4
22931,564,70,0,15
22932,564,182,0,17
22933,564,66,0,19
22934,564,64,0,18
22935,565,204,3,8
22936,565,3,0,16
22937,565,59,0,14
22938,565,1,21,3
22939,565,37,6,5
22940,565,58,4,6
22941,565,25,22,2
22942,565,6,51,1
22943,565,63,2,11
22944,565,32,4,7
22945,565,73,1,13
22946,565,67,2,9
22947,565,57,2,10
22948,565,56,2,12
22949,565,27,7,4
22950,565,70,0,15
22951,565,182,0,17
22952,565,66,0,19
22953,565,64,0,18
22954,566,204,3,8
22955,566,3,0,16
22956,566,59,0,14
22957,566,1,23,3
22958,566,37,6,5
22959,566,58,4,6
22960,566,25,31,2
22961,566,6,55,1
22962,566,63,2,11
22963,566,32,4,7
22964,566,73,1,13
22965,566,67,2,9
22966,566,57,2,10
22967,566,56,2,12
22968,566,27,10,4
22969,566,70,0,15
22970,566,182,0,17
22971,566,64,0,18
22972,566,66,0,19
22973,567,6,55,1
22974,567,25,37,2
22975,567,58,4,9
22976,567,37,6,8
22977,567,1,31,3
22978,567,59,0,14
22979,567,3,0,16
22980,567,204,6,7
22981,567,56,2,12
22982,567,27,10,4
22983,567,32,6,6
22984,567,67,6,5
22985,567,66,0,19
22986,567,73,1,13
22987,567,63,2,11
22988,567,57,2,10
22989,567,64,0,18
22990,567,70,0,15
22991,567,182,0,17
22992,568,6,64,1
22993,568,25,43,2
22994,568,58,7,6
22995,568,37,6,9
22996,568,1,31,3
22997,568,59,0,14
22998,568,3,0,17
22999,568,204,6,8
23000,568,56,3,11
23001,568,27,10,5
23002,568,32,6,7
23003,568,67,10,4
23004,568,66,0,19
23005,568,73,1,13
23006,568,63,4,10
23007,568,57,2,12
23008,568,64,0,15
23009,568,70,0,16
23010,568,182,0,18
23011,569,204,9,6
23012,569,3,0,17
23013,569,59,0,14
23014,569,1,40,3
23015,569,37,6,9
23016,569,58,7,8
23017,569,25,49,2
23018,569,6,64,1
23019,569,63,4,10
23020,569,32,8,7
23021,569,73,1,13
23022,569,67,10,4
23023,569,57,2,12
23024,569,56,3,11
23025,569,27,10,5
23026,569,70,0,16
23027,569,182,0,18
23028,569,64,0,15
23029,569,66,0,19
23030,570,204,9,7
23031,570,3,0,17
23032,570,59,0,14
23033,570,1,43,3
23034,570,37,7,9
23035,570,58,7,8
23036,570,25,49,2
23037,570,6,64,1
23038,570,63,4,10
23039,570,32,12,6
23040,570,73,1,13
23041,570,67,19,4
23042,570,57,2,12
23043,570,56,3,11
23044,570,27,16,5
23045,570,70,0,16
23046,570,182,0,18
23047,570,64,0,15
23048,570,66,0,19
23049,571,204,9,8
23050,571,3,0,17
23051,571,59,0,14
23052,571,1,52,2
23053,571,37,8,9
23054,571,58,10,7
23055,571,25,51,3
23056,571,6,70,1
23057,571,63,4,10
23058,571,32,16,6
23059,571,73,1,13
23060,571,67,19,4
23061,571,57,2,12
23062,571,56,3,11
23063,571,27,16,5
23064,571,70,0,16
23065,571,182,0,18
23066,571,64,0,15
23067,571,66,0,19
23068,572,204,9,9
23069,572,3,0,17
23070,572,59,0,14
23071,572,1,52,3
23072,572,37,17,6
23073,572,58,10,8
23074,572,25,53,2
23075,572,6,76,1
23076,572,63,4,10
23077,572,32,16,7
23078,572,73,1,13
23079,572,67,19,5
23080,572,57,2,12
23081,572,56,3,11
23082,572,27,20,4
23083,572,70,0,16
23084,572,182,0,18
23085,572,64,0,15
23086,572,66,0,19
23087,573,204,9,9
23088,573,3,0,17
23089,573,59,0,14
23090,573,1,61,2
23091,573,37,17,7
23092,573,58,10,8
23093,573,25,59,3
23094,573,6,77,1
23095,573,63,4,10
23096,573,32,20,5
23097,573,73,1,13
23098,573,67,19,6
23099,573,57,2,12
23100,573,56,3,11
23101,573,27,20,4
23102,573,70,0,16
23103,573,182,0,18
23104,573,64,0,15
23105,573,66,0,19
23106,574,204,9,9
23107,574,3,0,17
23108,574,59,0,14
23109,574,1,70,2
23110,574,37,19,7
23111,574,58,10,8
23112,574,25,65,3
23113,574,6,81,1
23114,574,63,4,10
23115,574,32,20,6
23116,574,73,1,13
23117,574,67,20,4
23118,574,57,2,12
23119,574,56,3,11
23120,574,27,20,5
23121,574,70,0,16
23122,574,182,0,18
23123,574,64,0,15
23124,574,66,0,19
23125,575,204,9,9
23126,575,3,0,17
23127,575,59,0,15
23128,575,1,74,2
23129,575,37,19,7
23130,575,58,10,8
23131,575,25,71,3
23132,575,6,83,1
23133,575,63,7,10
23134,575,32,29,4
23135,575,73,1,13
23136,575,67,20,5
23137,575,57,2,12
23138,575,56,3,11
23139,575,27,20,6
23140,575,70,0,16
23141,575,182,0,19
23142,575,64,0,14
23143,575,72,0,18
23144,575,66,0,20
23145,575,74,0,21
23146,543,58,0,9
23147,543,37,0,8
23148,543,63,0,7
23149,543,57,1,6
23150,543,32,2,5
23151,543,56,3,4
23152,543,6,4,3
23153,543,34,6,2
23154,543,59,9,1
23155,543,27,0,10
23156,543,25,0,11
23157,543,1,0,12
23158,544,58,1,7
23159,544,37,0,10
23160,544,63,0,9
23161,544,57,1,8
23162,544,32,4,6
23163,544,56,6,5
23164,544,6,13,1
23165,544,34,6,3
23166,544,59,9,2
23167,544,25,0,12
23168,544,27,0,11
23169,544,1,6,4
23170,544,66,0,13
23171,545,58,1,9
23172,545,37,0,11
23173,545,63,0,10
23174,545,57,1,8
23175,545,32,4,7
23176,545,56,6,5
23177,545,6,22,1
23178,545,34,7,4
23179,545,59,15,2
23180,545,25,4,6
23181,545,27,0,13
23182,545,1,9,3
23183,545,66,0,12
23184,546,58,1,9
23185,546,37,0,13
23186,546,63,0,11
23187,546,57,1,8
23188,546,32,13,3
23189,546,56,8,5
23190,546,6,28,1
23191,546,34,7,6
23192,546,59,19,2
23193,546,25,7,7
23194,546,27,0,12
23195,546,1,9,4
23196,546,67,1,10
23197,546,66,0,14
23198,547,58,1,9
23199,547,37,0,13
23200,547,63,0,11
23201,547,57,1,8
23202,547,32,22,3
23203,547,56,8,6
23204,547,6,34,1
23205,547,34,8,5
23206,547,59,23,2
23207,547,25,7,7
23208,547,27,0,12
23209,547,1,12,4
23210,547,67,1,10
23211,547,66,0,14
23212,547,64,0,15
23213,547,68,0,16
23214,548,58,2,8
23215,548,37,0,13
23216,548,63,0,11
23217,548,57,1,9
23218,548,32,24,3
23219,548,56,8,6
23220,548,6,40,1
23221,548,34,8,5
23222,548,59,32,2
23223,548,25,7,7
23224,548,27,0,12
23225,548,1,15,4
23226,548,67,1,10
23227,548,66,0,15
23228,548,64,0,14
23229,548,68,0,16
23230,549,58,4,8
23231,549,37,0,14
23232,549,63,3,9
23233,549,57,1,10
23234,549,32,33,2
23235,549,56,8,7
23236,549,6,46,1
23237,549,34,9,6
23238,549,59,32,3
23239,549,25,11,5
23240,549,27,0,12
23241,549,1,15,4
23242,549,67,1,11
23243,549,68,0,15
23244,549,64,0,13
23245,549,66,0,16
23246,550,58,4,9
23247,550,37,0,14
23248,550,63,3,10
23249,550,57,1,11
23250,550,32,34,2
23251,550,56,8,8
23252,550,6,50,1
23253,550,34,11,6
23254,550,59,32,3
23255,550,25,14,5
23256,550,27,9,7
23257,550,1,21,4
23258,550,67,1,12
23259,550,68,0,15
23260,550,64,0,13
23261,550,66,0,16
23262,551,58,4,9
23263,551,37,0,14
23264,551,63,3,10
23265,551,57,1,11
23266,551,32,43,2
23267,551,56,8,8
23268,551,6,50,1
23269,551,34,17,5
23270,551,59,32,3
23271,551,25,14,6
23272,551,27,9,7
23273,551,1,25,4
23274,551,67,1,12
23275,551,68,0,15
23276,551,64,0,13
23277,551,66,0,16
23278,552,58,4,9
23279,552,37,0,14
23280,552,63,3,10
23281,552,57,1,11
23282,552,32,47,2
23283,552,56,8,8
23284,552,6,56,1
23285,552,34,19,5
23286,552,59,32,4
23287,552,25,14,6
23288,552,27,10,7
23289,552,1,34,3
23290,552,67,1,12
23291,552,68,0,15
23292,552,64,0,13
23293,552,4,0,17
23294,552,66,0,16
23295,552,69,0,18
23296,553,58,4,10
23297,553,37,0,13
23298,553,63,5,9
23299,553,57,2,11
23300,553,32,47,2
23301,553,56,8,8
23302,553,6,65,1
23303,553,34,23,5
23304,553,59,38,3
23305,553,25,14,6
23306,553,27,10,7
23307,553,1,34,4
23308,553,67,1,12
23309,553,68,0,15
23310,553,64,0,14
23311,553,4,0,17
23312,553,66,0,16
23313,553,69,0,18
23314,554,58,13,7
23315,554,37,0,14
23316,554,63,5,10
23317,554,57,2,11
23318,554,32,47,2
23319,554,56,8,9
23320,554,6,71,1
23321,554,34,27,5
23322,554,59,38,3
23323,554,25,16,6
23324,554,27,10,8
23325,554,1,35,4
23326,554,67,1,12
23327,554,68,0,15
23328,554,64,0,13
23329,554,4,0,17
23330,554,66,0,16
23331,554,69,0,18
23332,555,58,13,8
23333,555,37,0,14
23334,555,63,5,10
23335,555,57,4,11
23336,555,32,47,2
23337,555,56,11,9
23338,555,6,80,1
23339,555,34,27,5
23340,555,59,42,3
23341,555,25,16,7
23342,555,27,16,6
23343,555,1,35,4
23344,555,67,1,12
23345,555,68,0,15
23346,555,64,0,13
23347,555,4,0,17
23348,555,66,0,16
23349,555,69,0,18
23350,556,58,17,6
23351,556,37,0,13
23352,556,63,5,11
23353,556,57,6,10
23354,556,32,56,2
23355,556,56,11,9
23356,556,6,86,1
23357,556,34,27,5
23358,556,59,42,3
23359,556,25,17,7
23360,556,27,16,8
23361,556,1,38,4
23362,556,67,1,12
23363,556,68,0,15
23364,556,64,0,14
23365,556,4,0,17
23366,556,66,0,16
23367,556,69,0,20
23368,556,70,0,18
23369,556,71,0,19
23370,557,58,17,6
23371,557,37,0,14
23372,557,63,5,11
23373,557,57,8,10
23374,557,32,62,2
23375,557,56,11,9
23376,557,6,89,1
23377,557,34,27,5
23378,557,59,46,4
23379,557,25,17,7
23380,557,27,16,8
23381,557,1,47,3
23382,557,67,1,12
23383,557,68,0,15
23384,557,64,0,13
23385,557,4,0,17
23386,557,66,0,16
23387,557,69,0,20
23388,557,70,0,18
23389,557,71,0,19
23390,558,58,20,7
23391,558,37,0,13
23392,558,63,6,11
23393,558,57,10,10
23394,558,32,62,2
23395,558,56,11,9
23396,558,6,89,1
23397,558,34,27,5
23398,558,59,55,3
23399,558,25,23,6
23400,558,27,16,8
23401,558,1,51,4
23402,558,67,1,12
23403,558,68,0,15
23404,558,64,0,14
23405,558,4,0,17
23406,558,66,0,16
23407,558,69,0,20
23408,558,70,0,18
23409,558,71,0,19
23410,559,58,23,7
23411,559,37,0,13
23412,559,63,6,11
23413,559,57,10,10
23414,559,32,62,2
23415,559,56,11,9
23416,559,6,95,1
23417,559,34,27,5
23418,559,59,55,4
23419,559,25,27,6
23420,559,27,18,8
23421,559,1,60,3
23422,559,67,1,12
23423,559,68,0,16
23424,559,64,0,14
23425,559,4,0,18
23426,559,66,0,17
23427,559,69,0,21
23428,559,70,0,19
23429,559,71,0,20
23430,559,72,0,15
23431,527,3,0,12
23432,527,63,0,11
23433,527,27,0,10
23434,527,58,0,9
23435,527,54,0,8
23436,527,59,0,7
23437,527,56,0,6
23438,527,6,0,5
23439,527,1,3,4
23440,527,25,4,3
23441,527,34,6,2
23442,527,32,9,1
23443,527,57,0,13
23444,527,60,0,14
23445,527,55,0,15
23446,527,64,0,16
23447,528,3,0,12
23448,528,63,0,13
23449,528,27,0,9
23450,528,58,2,7
23451,528,54,0,8
23452,528,59,0,10
23453,528,56,6,4
23454,528,6,9,3
23455,528,1,3,6
23456,528,25,5,5
23457,528,34,10,2
23458,528,32,12,1
23459,528,21,0,11
23460,528,57,0,14
23461,528,60,0,15
23462,528,55,0,16
23463,528,64,0,17
23464,529,3,3,7
23465,529,63,0,13
23466,529,27,2,8
23467,529,58,2,9
23468,529,54,0,10
23469,529,59,0,12
23470,529,56,6,5
23471,529,6,9,4
23472,529,1,3,6
23473,529,25,11,3
23474,529,34,14,2
23475,529,32,21,1
23476,529,21,0,11
23477,529,55,0,17
23478,529,4,0,16
23479,529,60,0,15
23480,529,57,0,14
23481,529,64,0,18
23482,529,65,0,19
23483,530,3,3,8
23484,530,63,0,13
23485,530,27,4,6
23486,530,58,2,9
23487,530,54,0,11
23488,530,59,0,12
23489,530,56,6,5
23490,530,6,18,2
23491,530,1,3,7
23492,530,25,15,3
23493,530,34,14,4
23494,530,32,27,1
23495,530,21,1,10
23496,530,55,0,17
23497,530,4,0,14
23498,530,60,0,16
23499,530,57,0,15
23500,530,64,0,18
23501,530,65,0,19
23502,531,3,3,9
23503,531,63,0,14
23504,531,27,4,7
23505,531,58,2,10
23506,531,54,0,12
23507,531,59,4,6
23508,531,56,6,5
23509,531,6,18,4
23510,531,1,3,8
23511,531,25,24,2
23512,531,34,20,3
23513,531,32,27,1
23514,531,21,2,11
23515,531,55,0,17
23516,531,4,0,13
23517,531,60,0,16
23518,531,57,0,15
23519,531,64,0,18
23520,531,65,0,19
23521,532,3,3,9
23522,532,63,0,15
23523,532,27,6,6
23524,532,58,2,10
23525,532,54,0,12
23526,532,59,4,7
23527,532,56,6,5
23528,532,6,22,3
23529,532,1,3,8
23530,532,25,25,2
23531,532,34,20,4
23532,532,32,36,1
23533,532,21,2,11
23534,532,55,0,18
23535,532,4,0,14
23536,532,60,0,17
23537,532,57,0,16
23538,532,65,0,13
23539,532,64,0,19
23540,533,3,3,9
23541,533,63,0,13
23542,533,27,10,5
23543,533,58,2,10
23544,533,54,0,12
23545,533,59,7,6
23546,533,56,6,7
23547,533,6,22,3
23548,533,1,4,8
23549,533,25,25,2
23550,533,34,22,4
23551,533,32,45,1
23552,533,21,2,11
23553,533,55,0,18
23554,533,4,0,15
23555,533,60,0,17
23556,533,57,0,16
23557,533,65,0,14
23558,533,64,0,19
23559,534,3,3,11
23560,534,63,0,13
23561,534,27,10,5
23562,534,58,4,10
23563,534,54,0,12
23564,534,59,7,8
23565,534,56,7,7
23566,534,6,22,4
23567,534,1,7,9
23568,534,25,25,3
23569,534,34,31,2
23570,534,32,49,1
23571,534,21,8,6
23572,534,55,0,18
23573,534,4,0,15
23574,534,60,0,17
23575,534,57,0,16
23576,534,65,0,14
23577,534,64,0,19
23578,535,3,5,10
23579,535,63,0,13
23580,535,27,10,6
23581,535,58,4,11
23582,535,54,0,12
23583,535,59,8,8
23584,535,56,7,9
23585,535,6,22,4
23586,535,1,11,5
23587,535,25,25,3
23588,535,34,34,2
23589,535,32,58,1
23590,535,21,8,7
23591,535,55,0,18
23592,535,4,0,15
23593,535,60,0,17
23594,535,57,0,16
23595,535,65,0,14
23596,535,64,0,19
23597,536,3,5,11
23598,536,63,0,13
23599,536,27,10,6
23600,536,58,6,10
23601,536,54,0,12
23602,536,59,8,8
23603,536,56,7,9
23604,536,6,31,3
23605,536,1,12,5
23606,536,25,28,4
23607,536,34,40,2
23608,536,32,58,1
23609,536,21,8,7
23610,536,55,0,18
23611,536,4,0,15
23612,536,60,0,17
23613,536,57,0,16
23614,536,65,0,14
23615,536,64,0,19
23616,537,3,5,11
23617,537,63,0,13
23618,537,27,14,6
23619,537,58,6,10
23620,537,54,0,12
23621,537,59,14,5
23622,537,56,10,8
23623,537,6,31,3
23624,537,1,12,7
23625,537,25,30,4
23626,537,34,40,2
23627,537,32,67,1
23628,537,21,8,9
23629,537,55,0,18
23630,537,4,0,15
23631,537,60,0,17
23632,537,57,0,16
23633,537,65,0,14
23634,537,64,0,19
23635,538,3,5,11
23636,538,63,1,12
23637,538,27,16,5
23638,538,58,6,10
23639,538,54,0,13
23640,538,59,14,6
23641,538,56,13,7
23642,538,6,35,4
23643,538,1,12,8
23644,538,25,36,3
23645,538,34,40,2
23646,538,32,76,1
23647,538,21,8,9
23648,538,55,0,18
23649,538,4,0,15
23650,538,60,0,17
23651,538,57,0,16
23652,538,65,0,14
23653,538,64,0,19
23654,539,3,5,11
23655,539,63,1,12
23656,539,27,16,5
23657,539,58,6,10
23658,539,54,0,13
23659,539,59,14,7
23660,539,56,15,6
23661,539,6,36,3
23662,539,1,12,8
23663,539,25,36,4
23664,539,34,44,2
23665,539,32,85,1
23666,539,21,8,9
23667,539,55,0,18
23668,539,4,0,15
23669,539,60,0,17
23670,539,57,0,16
23671,539,65,0,14
23672,539,64,0,19
23673,540,3,5,11
23674,540,63,1,12
23675,540,27,19,5
23676,540,58,6,10
23677,540,54,0,13
23678,540,59,14,7
23679,540,56,15,6
23680,540,6,40,3
23681,540,1,14,8
23682,540,25,36,4
23683,540,34,53,2
23684,540,32,86,1
23685,540,21,8,9
23686,540,55,0,18
23687,540,4,0,16
23688,540,60,0,17
23689,540,57,0,15
23690,540,65,0,14
23691,540,64,0,19
23692,541,3,11,9
23693,541,63,1,13
23694,541,27,19,5
23695,541,58,6,11
23696,541,54,0,14
23697,541,59,18,6
23698,541,56,17,7
23699,541,6,49,3
23700,541,1,15,8
23701,541,25,36,4
23702,541,34,53,2
23703,541,32,86,1
23704,541,21,8,10
23705,541,55,0,18
23706,541,4,3,12
23707,541,60,0,17
23708,541,57,0,15
23709,541,65,0,16
23710,541,64,0,19
23711,542,3,11,9
23712,542,63,1,13
23713,542,27,19,6
23714,542,58,6,11
23715,542,54,0,15
23716,542,59,24,5
23717,542,56,17,7
23718,542,6,58,2
23719,542,1,15,8
23720,542,25,38,4
23721,542,34,53,3
23722,542,32,86,1
23723,542,21,11,10
23724,542,55,0,18
23725,542,4,3,12
23726,542,60,0,17
23727,542,57,1,14
23728,542,65,0,16
23729,542,64,0,19
23981,512,204,0,13
23982,512,4,0,12
23983,512,25,0,11
23984,512,59,0,10
23985,512,6,0,9
23986,512,57,0,8
23987,512,3,0,7
23988,512,21,0,6
23989,512,58,0,5
23990,512,56,1,4
23991,512,1,4,3
23992,512,32,8,2
23993,512,27,12,1
23994,512,60,0,14
23995,512,54,0,15
23996,513,204,0,14
23997,513,4,0,10
23998,513,25,3,4
23999,513,59,0,12
24000,513,6,3,5
24001,513,57,0,11
24002,513,3,0,9
24003,513,21,0,7
24004,513,58,0,8
24005,513,56,1,6
24006,513,1,4,3
24007,513,32,12,2
24008,513,27,27,1
24009,513,54,0,13
24010,513,60,0,15
24011,514,204,1,6
24012,514,4,0,12
24013,514,25,7,4
24014,514,59,0,10
24015,514,6,18,2
24016,514,57,0,13
24017,514,3,0,11
24018,514,21,0,8
24019,514,58,0,9
24020,514,56,1,7
24021,514,1,4,5
24022,514,32,17,3
24023,514,27,27,1
24024,514,54,0,14
24025,514,60,0,15
24026,515,204,1,7
24027,515,4,0,12
24028,515,25,8,4
24029,515,59,0,11
24030,515,6,33,1
24031,515,57,0,13
24032,515,3,4,6
24033,515,21,0,10
24034,515,58,0,9
24035,515,56,1,8
24036,515,1,4,5
24037,515,32,20,3
24038,515,27,29,2
24039,515,54,0,14
24040,515,60,0,15
24041,516,204,1,7
24042,516,4,0,12
24043,516,25,11,4
24044,516,59,0,11
24045,516,6,36,2
24046,516,57,0,13
24047,516,3,4,6
24048,516,21,0,10
24049,516,58,0,9
24050,516,56,1,8
24051,516,1,4,5
24052,516,32,30,3
24053,516,27,38,1
24054,516,54,0,14
24055,516,60,0,15
24056,516,61,0,16
24057,517,204,1,8
24058,517,4,0,13
24059,517,25,15,4
24060,517,59,0,12
24061,517,6,45,1
24062,517,57,0,14
24063,517,3,4,6
24064,517,21,2,7
24065,517,58,0,10
24066,517,56,1,9
24067,517,1,5,5
24068,517,32,33,3
24069,517,27,44,2
24070,517,54,0,11
24071,517,60,0,16
24072,517,61,0,17
24073,517,51,0,15
24074,518,204,1,8
24075,518,4,0,13
24076,518,25,15,4
24077,518,59,0,12
24078,518,6,54,1
24079,518,57,0,14
24080,518,3,10,5
24081,518,21,3,7
24082,518,58,0,10
24083,518,56,1,9
24084,518,1,8,6
24085,518,32,37,3
24086,518,27,46,2
24087,518,54,0,11
24088,518,60,0,16
24089,518,61,0,17
24090,518,51,0,15
24091,519,204,1,9
24092,519,4,13,6
24093,519,25,17,4
24094,519,59,0,12
24095,519,6,60,1
24096,519,57,0,14
24097,519,3,14,5
24098,519,21,3,8
24099,519,58,0,11
24100,519,56,1,10
24101,519,1,8,7
24102,519,32,37,3
24103,519,27,46,2
24104,519,54,0,13
24105,519,60,0,16
24106,519,51,0,15
24107,519,61,0,17
24108,520,204,1,9
24109,520,4,19,6
24110,520,25,21,5
24111,520,59,0,12
24112,520,6,62,1
24113,520,57,0,14
24114,520,3,23,4
24115,520,21,3,8
24116,520,58,0,11
24117,520,56,1,10
24118,520,1,11,7
24119,520,32,37,3
24120,520,27,47,2
24121,520,54,0,13
24122,520,60,0,16
24123,520,51,0,15
24124,520,61,0,17
24125,521,204,1,9
24126,521,4,19,6
24127,521,25,21,5
24128,521,59,0,12
24129,521,6,65,1
24130,521,57,0,14
24131,521,3,38,3
24132,521,21,4,8
24133,521,58,0,11
24134,521,56,1,10
24135,521,1,13,7
24136,521,32,37,4
24137,521,27,51,2
24138,521,54,0,13
24139,521,60,0,16
24140,521,51,0,15
24141,521,61,0,17
24142,522,27,55,2
24143,522,32,37,4
24144,522,1,13,7
24145,522,56,1,10
24146,522,58,0,11
24147,522,21,4,8
24148,522,3,49,3
24149,522,57,0,14
24150,522,6,74,1
24151,522,59,0,12
24152,522,25,21,5
24153,522,4,20,6
24154,522,204,1,9
24155,522,60,0,16
24156,522,54,0,13
24157,522,61,0,17
24158,522,51,0,15
24159,523,27,61,2
24160,523,32,37,4
24161,523,1,13,7
24162,523,56,1,10
24163,523,58,0,11
24164,523,21,5,8
24165,523,3,58,3
24166,523,57,0,14
24167,523,6,80,1
24168,523,59,0,12
24169,523,25,21,5
24170,523,4,20,6
24171,523,204,4,9
24172,523,60,0,16
24173,523,54,0,13
24174,523,61,0,17
24175,523,51,0,15
24176,524,27,61,3
24177,524,32,39,4
24178,524,1,13,7
24179,524,56,1,10
24180,524,58,0,11
24181,524,21,5,9
24182,524,3,62,2
24183,524,57,0,14
24184,524,6,95,1
24185,524,59,0,12
24186,524,25,22,5
24187,524,4,20,6
24188,524,204,7,8
24189,524,60,0,16
24190,524,54,0,13
24191,524,61,0,17
24192,524,51,0,15
24193,524,62,0,18
24194,525,27,61,3
24195,525,32,39,4
24196,525,1,14,7
24197,525,56,1,10
24198,525,58,0,11
24199,525,21,5,9
24200,525,3,75,2
24201,525,57,0,15
24202,525,6,104,1
24203,525,59,0,13
24204,525,25,24,5
24205,525,4,20,6
24206,525,204,7,8
24207,525,60,0,18
24208,525,54,0,14
24209,525,61,0,19
24210,525,51,0,16
24211,525,62,0,17
24212,525,182,0,12
24213,526,27,61,3
24214,526,32,39,4
24215,526,1,15,7
24216,526,56,1,12
24217,526,58,3,10
24218,526,21,5,9
24219,526,3,75,2
24220,526,57,0,15
24221,526,6,113,1
24222,526,59,0,14
24223,526,25,28,5
24224,526,4,26,6
24225,526,204,7,8
24226,526,60,0,18
24227,526,54,2,11
24228,526,61,0,19
24229,526,51,0,16
24230,526,62,0,17
24231,526,182,0,13
24232,337,6,43,1
24233,337,1,21,2
24234,337,9,16,4
24235,337,131,18,3
24236,337,10,2,5
24237,337,3,1,6
24238,337,4,0,7
24239,337,5,0,8
24240,337,205,0,9
24241,337,15,0,10
24242,337,164,0,11
24243,337,166,0,12
24244,338,6,70,1
24245,338,1,54,2
24246,338,9,18,5
24247,338,131,29,3
24248,338,10,8,6
24249,338,3,5,7
24250,338,4,18,4
24251,338,5,0,8
24252,338,205,0,10
24253,338,15,0,9
24254,338,164,0,11
24255,338,166,0,12
24256,339,6,76,1
24257,339,1,66,2
24258,339,9,61,3
24259,339,131,44,4
24260,339,10,18,6
24261,339,3,6,7
24262,339,4,30,5
24263,339,5,2,8
24264,339,205,0,10
24265,339,15,0,9
24266,339,164,0,11
24267,339,166,0,12
24268,340,6,90,2
24269,340,1,109,1
24270,340,9,73,3
24271,340,131,60,4
24272,340,10,18,6
24273,340,3,6,7
24274,340,4,46,5
24275,340,5,2,8
24276,340,205,0,10
24277,340,15,0,9
24278,340,164,0,11
24279,340,166,0,12
24280,341,6,116,2
24281,341,1,119,1
24282,341,9,113,3
24283,341,131,72,4
24284,341,10,24,6
24285,341,3,8,7
24286,341,4,50,5
24287,341,5,3,8
24288,341,205,0,10
24289,341,15,0,9
24290,341,164,0,11
24291,341,166,0,12
24304,342,6,136,2
24305,342,1,129,3
24306,342,9,156,1
24307,342,131,78,4
24308,342,10,30,6
24309,342,3,8,7
24310,342,4,65,5
24311,342,5,4,8
24312,342,205,0,10
24313,342,15,0,9
24314,342,164,0,11
24315,342,166,0,12
24316,343,6,146,3
24317,343,1,172,1
24318,343,9,171,2
24319,343,131,100,4
24320,343,10,32,6
24321,343,3,8,7
24322,343,4,73,5
24323,343,5,4,8
24324,343,205,0,10
24325,343,15,1,9
24326,343,164,0,11
24327,343,166,0,12
24328,344,6,161,3
24329,344,1,215,1
24330,344,9,193,2
24331,344,131,108,4
24332,344,10,35,6
24333,344,3,8,8
24334,344,4,79,5
24335,344,5,8,7
24336,344,205,0,10
24337,344,15,1,9
24338,344,164,0,11
24339,344,166,0,12
24340,345,6,165,3
24341,345,1,248,1
24342,345,9,218,2
24343,345,131,109,4
24344,345,10,43,6
24345,345,3,20,7
24346,345,4,89,5
24347,345,5,10,8
24348,345,205,0,10
24349,345,15,7,9
24350,345,164,0,11
24351,345,166,0,12
24352,346,6,165,3
24353,346,1,278,1
24354,346,9,249,2
24355,346,131,126,4
24356,346,10,47,6
24357,346,3,31,7
24358,346,4,89,5
24359,346,5,10,9
24360,346,205,0,10
24361,346,15,15,8
24362,346,164,0,11
24363,346,166,0,12
24364,347,6,208,3
24365,347,1,300,1
24366,347,9,272,2
24367,347,131,132,4
24368,347,10,47,6
24369,347,3,31,7
24370,347,4,96,5
24371,347,5,10,9
24372,347,205,0,10
24373,347,15,15,8
24374,347,164,0,11
24375,347,166,0,12
24376,348,6,238,3
24377,348,1,304,2
24378,348,9,312,1
24379,348,131,132,4
24380,348,10,47,6
24381,348,3,40,7
24382,348,4,106,5
24383,348,5,10,9
24384,348,205,0,10
24385,348,15,23,8
24386,348,164,0,11
24387,348,166,0,12
24388,349,6,250,3
24389,349,1,329,2
24390,349,9,330,1
24391,349,131,146,4
24392,349,10,58,6
24393,349,3,40,7
24394,349,4,123,5
24395,349,5,10,9
24396,349,205,0,10
24397,349,15,27,8
24398,349,164,0,11
24399,349,166,0,12
24400,350,6,290,3
24401,350,1,347,2
24402,350,9,350,1
24403,350,131,158,4
24404,350,10,58,6
24405,350,3,47,7
24406,350,4,127,5
24407,350,5,10,9
24408,350,205,0,10
24409,350,15,27,8
24410,350,164,0,11
24411,350,166,0,12
24436,351,6,319,3
24437,351,1,359,2
24438,351,9,383,1
24439,351,131,168,4
24440,351,10,60,6
24441,351,3,56,7
24442,351,4,133,5
24443,351,5,10,9
24444,351,205,0,10
24445,351,15,27,8
24446,351,164,0,11
24447,351,166,0,12
24448,352,6,334,3
24449,352,1,381,2
24450,352,9,426,1
24451,352,131,176,4
24452,352,10,60,6
24453,352,3,58,7
24454,352,4,133,5
24455,352,5,11,9
24456,352,205,0,10
24457,352,15,37,8
24458,352,164,0,11
24459,352,166,0,12
24472,353,6,374,3
24473,353,1,399,2
24474,353,9,426,1
24475,353,131,188,4
24476,353,10,68,6
24477,353,3,65,7
24478,353,4,143,5
24479,353,5,11,9
24480,353,205,0,10
24481,353,15,43,8
24482,353,164,0,11
24483,353,166,0,12
24484,354,6,389,3
24485,354,1,421,2
24486,354,9,469,1
24487,354,131,202,4
24488,354,10,68,7
24489,354,3,69,6
24490,354,4,145,5
24491,354,5,11,9
24492,354,205,0,10
24493,354,15,44,8
24494,354,164,0,11
24495,354,166,0,12
24496,355,6,396,3
24497,355,1,454,2
24498,355,9,498,1
24499,355,131,214,4
24500,355,10,68,7
24501,355,3,69,6
24502,355,4,163,5
24503,355,5,13,9
24504,355,205,0,10
24505,355,15,44,8
24506,355,164,0,11
24507,355,166,0,12
24540,842,9,72,1
24541,842,1,48,2
24542,842,4,30,4
24543,842,6,36,3
24544,842,5,4,6
24545,842,10,4,7
24546,842,205,0,9
24547,842,166,0,10
24548,842,3,0,11
24549,842,131,2,8
24550,842,15,6,5
24551,842,164,0,12
24552,843,9,105,1
24553,843,1,85,2
24554,843,4,32,4
24555,843,6,50,3
24556,843,5,4,7
24557,843,10,4,8
24558,843,205,0,9
24559,843,166,0,11
24560,843,3,0,10
24561,843,131,16,5
24562,843,15,7,6
24563,843,164,0,12
24564,844,9,148,1
24565,844,1,105,2
24566,844,4,42,4
24567,844,6,65,3
24568,844,5,6,7
24569,844,10,4,8
24570,844,205,0,9
24571,844,166,0,11
24572,844,3,0,10
24573,844,131,26,5
24574,844,15,8,6
24575,844,164,0,12
24576,845,9,185,1
24577,845,1,138,2
24578,845,4,46,4
24579,845,6,75,3
24580,845,5,6,7
24581,845,10,4,8
24582,845,205,0,10
24583,845,166,0,11
24584,845,3,0,9
24585,845,131,40,5
24586,845,15,11,6
24587,845,164,0,12
24588,846,9,222,1
24589,846,1,161,2
24590,846,4,50,4
24591,846,6,93,3
24592,846,5,7,8
24593,846,10,10,7
24594,846,205,0,10
24595,846,166,0,11
24596,846,3,2,9
24597,846,131,40,5
24598,846,15,21,6
24599,846,164,0,12
24600,847,9,255,1
24601,847,1,186,2
24602,847,4,60,4
24603,847,6,101,3
24604,847,5,12,7
24605,847,10,10,8
24606,847,205,0,10
24607,847,166,0,12
24608,847,3,4,9
24609,847,131,52,5
24610,847,15,27,6
24611,847,164,0,11
24612,848,9,295,1
24613,848,1,206,2
24614,848,4,61,4
24615,848,6,129,3
24616,848,5,16,7
24617,848,10,12,8
24618,848,205,0,10
24619,848,166,0,12
24620,848,3,4,9
24621,848,131,58,5
24622,848,15,27,6
24623,848,164,0,11
24624,849,9,328,1
24625,849,1,218,2
24626,849,4,65,5
24627,849,6,164,3
24628,849,5,17,7
24629,849,10,12,8
24630,849,205,0,10
24631,849,166,0,12
24632,849,3,4,9
24633,849,131,68,4
24634,849,15,33,6
24635,849,164,0,11
24636,850,9,355,1
24637,850,1,243,2
24638,850,4,66,5
24639,850,6,192,3
24640,850,5,17,8
24641,850,10,20,7
24642,850,205,0,10
24643,850,166,0,12
24644,850,3,4,9
24645,850,131,78,4
24646,850,15,35,6
24647,850,164,0,11
24648,851,9,383,1
24649,851,1,280,2
24650,851,4,66,5
24651,851,6,215,3
24652,851,5,22,8
24653,851,10,26,7
24654,851,205,0,10
24655,851,166,0,12
24656,851,3,4,9
24657,851,131,80,4
24658,851,15,35,6
24659,851,164,0,11
24660,841,9,35,1
24661,841,1,26,2
24662,841,4,15,4
24663,841,6,18,3
24664,841,5,4,5
24665,841,10,3,6
24666,841,205,0,7
24667,841,166,0,8
24668,841,3,0,9
24669,841,131,0,10
24670,852,9,426,1
24671,852,1,295,2
24672,852,4,68,5
24673,852,6,231,3
24674,852,5,22,8
24675,852,10,32,7
24676,852,205,0,10
24677,852,166,0,12
24678,852,3,5,9
24679,852,131,98,4
24680,852,15,35,6
24681,852,164,0,11
24682,853,9,451,1
24683,853,1,325,2
24684,853,4,70,5
24685,853,6,254,3
24686,853,5,29,8
24687,853,10,36,6
24688,853,205,0,10
24689,853,166,0,12
24690,853,3,5,9
24691,853,131,108,4
24692,853,15,35,7
24693,853,164,0,11
24694,854,9,491,1
24695,854,1,353,2
24696,854,4,70,5
24697,854,6,268,3
24698,854,5,29,8
24699,854,10,48,6
24700,854,205,0,10
24701,854,166,0,12
24702,854,3,5,9
24703,854,131,114,4
24704,854,15,36,7
24705,854,164,0,11
24706,855,9,518,1
24707,855,1,388,2
24708,855,4,72,5
24709,855,6,292,3
24710,855,5,29,8
24711,855,10,48,6
24712,855,205,0,10
24713,855,166,0,12
24714,855,3,5,9
24715,855,131,123,4
24716,855,15,40,7
24717,855,164,0,11
24718,856,9,558,1
24719,856,1,418,2
24720,856,4,72,5
24721,856,6,310,3
24722,856,5,37,8
24723,856,10,49,6
24724,856,205,0,10
24725,856,166,0,12
24726,856,3,5,9
24727,856,131,127,4
24728,856,15,40,7
24729,856,164,0,11
24730,857,9,595,1
24731,857,1,442,2
24732,857,4,72,5
24733,857,6,325,3
24734,857,5,41,8
24735,857,10,51,6
24736,857,205,0,10
24737,857,166,0,12
24738,857,3,5,9
24739,857,131,145,4
24740,857,15,41,7
24741,857,164,0,11
24742,858,9,607,1
24743,858,1,482,2
24744,858,4,72,5
24745,858,6,353,3
24746,858,5,41,8
24747,858,10,57,6
24748,858,205,0,10
24749,858,166,0,12
24750,858,3,5,9
24751,858,131,159,4
24752,858,15,42,7
24753,858,164,0,11
24754,859,9,650,1
24755,859,1,497,2
24756,859,4,73,5
24757,859,6,375,3
24758,859,5,41,8
24759,859,10,69,6
24760,859,205,0,10
24761,859,166,0,12
24762,859,3,5,9
24763,859,131,165,4
24764,859,15,44,7
24765,859,164,0,11
24777,861,1,55,1
24778,861,9,42,2
24779,861,6,35,3
24780,861,15,30,4
24781,861,208,16,5
24782,861,5,6,8
24783,861,10,9,6
24784,861,131,1,9
24785,861,3,8,7
24786,861,206,0,10
24787,861,207,0,11
24788,861,164,0,12
24789,862,1,88,1
24790,862,9,64,2
24791,862,6,37,3
24792,862,15,31,4
24793,862,208,24,6
24794,862,5,6,9
24795,862,10,9,8
24796,862,131,26,5
24797,862,3,18,7
24798,862,206,0,10
24799,862,207,0,11
24800,862,164,0,12
24824,863,1,92,2
24825,863,9,101,1
24826,863,6,45,4
24827,863,15,31,6
24828,863,208,57,3
24829,863,5,6,9
24830,863,10,17,8
24831,863,131,37,5
24832,863,3,18,7
24833,863,206,0,10
24834,863,207,0,11
24835,863,164,0,12
24836,864,1,98,2
24837,864,9,109,1
24838,864,6,63,4
24839,864,15,41,7
24840,864,208,84,3
24841,864,5,6,9
24842,864,10,18,8
24843,864,131,43,5
24844,864,3,43,6
24845,864,206,0,10
24846,864,207,0,11
24847,864,164,0,12
24848,865,1,108,2
24849,865,9,146,1
24850,865,6,86,3
24851,865,15,41,7
24852,865,208,86,4
24853,865,5,6,9
24854,865,10,28,8
24855,865,131,61,5
24856,865,3,44,6
24857,865,206,0,11
24858,865,207,0,10
24859,865,164,0,12
24860,866,1,133,2
24861,866,9,164,1
24862,866,6,97,4
24863,866,15,58,6
24864,866,208,108,3
24865,866,5,6,9
24866,866,10,28,8
24867,866,131,69,5
24868,866,3,44,7
24869,866,206,0,11
24870,866,207,0,10
24871,866,164,0,12
24872,867,1,137,2
24873,867,9,176,1
24874,867,6,122,4
24875,867,15,60,6
24876,867,208,126,3
24877,867,5,6,9
24878,867,10,44,8
24879,867,131,92,5
24880,867,3,45,7
24881,867,206,0,11
24882,867,207,0,10
24883,867,164,0,12
24884,868,1,142,4
24885,868,9,216,1
24886,868,6,152,2
24887,868,15,60,6
24888,868,208,144,3
24889,868,5,6,9
24890,868,10,44,8
24891,868,131,98,5
24892,868,3,47,7
24893,868,206,0,11
24894,868,207,0,10
24895,868,164,0,12
24932,860,1,40,1
24933,860,9,30,2
24934,860,6,10,4
24935,860,15,12,3
24936,860,208,6,5
24937,860,5,2,6
24938,860,10,1,7
24939,860,131,0,8
24940,860,3,0,9
24941,860,206,0,10
24942,860,207,0,11
24967,869,1,160,3
24968,869,9,230,1
24969,869,6,177,2
24970,869,15,80,6
24971,869,208,159,4
24972,869,5,6,9
24973,869,10,46,8
24974,869,131,105,5
24975,869,3,47,7
24976,869,206,0,11
24977,869,207,0,10
24978,869,164,0,12
24979,870,1,193,2
24980,870,9,246,1
24981,870,6,189,4
24982,870,15,80,6
24983,870,208,192,3
24984,870,5,6,9
24985,870,10,46,8
24986,870,131,106,5
24987,870,3,53,7
24988,870,206,0,11
24989,870,207,0,10
24990,870,164,0,12
24991,871,1,218,2
24992,871,9,272,1
24993,871,6,199,4
24994,871,15,80,6
24995,871,208,207,3
24996,871,5,12,9
24997,871,10,59,7
24998,871,131,112,5
24999,871,3,53,8
25000,871,206,0,11
25001,871,207,0,10
25002,871,164,0,12
25003,872,1,243,2
25004,872,9,272,1
25005,872,6,226,3
25006,872,15,100,6
25007,872,208,217,4
25008,872,5,12,9
25009,872,10,63,7
25010,872,131,126,5
25011,872,3,54,8
25012,872,206,0,11
25013,872,207,0,10
25014,872,164,0,12
25039,873,1,261,2
25040,873,9,297,1
25041,873,6,245,3
25042,873,15,101,6
25043,873,208,231,4
25044,873,5,14,9
25045,873,10,75,7
25046,873,131,136,5
25047,873,3,54,8
25048,873,206,0,10
25049,873,207,0,11
25050,873,164,0,12
25051,874,1,283,2
25052,874,9,324,1
25053,874,6,263,3
25054,874,15,116,6
25055,874,208,239,4
25056,874,5,15,9
25057,874,10,81,7
25058,874,131,136,5
25059,874,3,58,8
25060,874,206,0,10
25061,874,207,0,11
25062,874,164,0,12
25063,875,1,284,3
25064,875,9,367,1
25065,875,6,290,2
25066,875,15,116,6
25067,875,208,255,4
25068,875,5,21,9
25069,875,10,89,7
25070,875,131,136,5
25071,875,3,58,8
25072,875,206,0,10
25073,875,207,0,11
25074,875,164,0,12
25087,876,1,306,3
25088,876,9,407,1
25089,876,6,316,2
25090,876,15,116,6
25091,876,208,263,4
25092,876,5,21,9
25093,876,10,93,7
25094,876,131,136,5
25095,876,3,59,8
25096,876,206,0,10
25097,876,207,0,11
25098,876,164,0,12
25099,877,1,318,3
25100,877,9,422,1
25101,877,6,340,2
25102,877,15,124,6
25103,877,208,288,4
25104,877,5,22,9
25105,877,10,95,7
25106,877,131,136,5
25107,877,3,73,8
25108,877,206,0,10
25109,877,207,0,11
25110,877,164,0,12
25111,878,1,353,3
25112,878,9,440,1
25113,878,6,367,2
25114,878,15,124,6
25115,878,208,302,4
25116,878,5,22,9
25117,878,10,99,7
25118,878,131,136,5
25119,878,3,76,8
25120,878,206,0,10
25121,878,207,0,11
25122,878,164,0,12
25123,879,1,378,3
25124,879,9,460,1
25125,879,6,400,2
25126,879,15,126,6
25127,879,208,303,4
25128,879,5,26,9
25129,879,10,109,7
25130,879,131,142,5
25131,879,3,76,8
25132,879,206,0,11
25133,879,207,0,10
25134,879,164,0,12
25135,880,208,26,2
25136,880,6,30,1
25137,880,9,23,3
25138,880,131,10,4
25139,880,10,10,5
25140,880,1,2,6
25141,880,5,0,7
25142,880,15,0,8
25143,880,3,0,9
25144,880,206,0,10
25145,880,207,0,11
25146,881,208,40,2
25147,881,6,40,3
25148,881,9,66,1
25149,881,131,37,4
25150,881,10,10,5
25151,881,1,4,7
25152,881,5,1,8
25153,881,15,4,6
25154,881,3,0,9
25155,881,206,0,10
25156,881,207,0,11
25157,882,208,60,3
25158,882,6,73,2
25159,882,9,78,1
25160,882,131,52,4
25161,882,10,14,6
25162,882,1,14,5
25163,882,5,7,7
25164,882,15,5,8
25165,882,3,0,9
25166,882,206,0,10
25167,882,207,0,11
25168,883,208,93,2
25169,883,6,77,3
25170,883,9,109,1
25171,883,131,64,4
25172,883,10,26,5
25173,883,1,23,6
25174,883,5,7,7
25175,883,15,5,8
25176,883,3,0,9
25177,883,206,0,10
25178,883,207,0,11
25179,884,208,111,3
25180,884,6,117,2
25181,884,9,131,1
25182,884,131,72,4
25183,884,10,32,5
25184,884,1,29,6
25185,884,5,8,7
25186,884,15,5,8
25187,884,3,0,9
25188,884,206,0,10
25189,884,207,0,11
25190,885,208,112,3
25191,885,6,123,2
25192,885,9,164,1
25193,885,131,109,4
25194,885,10,44,5
25195,885,1,37,6
25196,885,5,12,7
25197,885,15,5,8
25198,885,3,0,9
25199,885,206,0,10
25200,885,207,0,11
25201,886,208,114,4
25202,886,6,145,2
25203,886,9,201,1
25204,886,131,134,3
25205,886,10,51,5
25206,886,1,37,6
25207,886,5,20,7
25208,886,15,5,8
25209,886,3,0,9
25210,886,206,0,10
25211,886,207,0,11
25212,887,208,124,4
25213,887,6,168,3
25214,887,9,219,1
25215,887,131,171,2
25216,887,10,59,5
25217,887,1,37,6
25218,887,5,24,7
25219,887,15,6,8
25220,887,3,0,9
25221,887,206,0,10
25222,887,207,0,11
25223,888,208,157,4
25224,888,6,180,3
25225,888,9,250,1
25226,888,131,183,2
25227,888,10,59,5
25228,888,1,49,6
25229,888,5,24,7
25230,888,15,7,8
25231,888,3,0,9
25232,888,206,0,10
25233,888,207,0,11
25234,890,208,183,4
25235,890,6,194,3
25236,890,9,277,1
25237,890,131,208,2
25238,890,10,59,5
25239,890,1,57,6
25240,890,5,24,7
25241,890,15,7,8
25242,890,3,1,9
25243,890,206,0,10
25244,890,207,0,11
25245,891,208,187,4
25246,891,6,218,3
25247,891,9,312,1
25248,891,131,235,2
25249,891,10,61,6
25250,891,1,65,5
25251,891,5,25,7
25252,891,15,7,8
25253,891,3,1,9
25254,891,206,0,10
25255,891,207,0,11
25267,892,208,191,4
25268,892,6,248,2
25269,892,9,352,1
25270,892,131,245,3
25271,892,10,61,6
25272,892,1,66,5
25273,892,5,31,7
25274,892,15,17,8
25275,892,3,1,9
25276,892,206,0,10
25277,892,207,0,11
25278,893,208,206,4
25279,893,6,274,2
25280,893,9,377,1
25281,893,131,267,3
25282,893,10,62,6
25283,893,1,76,5
25284,893,5,31,7
25285,893,15,19,8
25286,893,3,1,9
25287,893,206,0,10
25288,893,207,0,11
25289,894,208,239,4
25290,894,6,284,2
25291,894,9,402,1
25292,894,131,283,3
25293,894,10,62,6
25294,894,1,81,5
25295,894,5,31,8
25296,894,15,31,7
25297,894,3,1,9
25298,894,206,0,10
25299,894,207,0,11
25300,895,208,264,4
25301,895,6,297,2
25302,895,9,445,1
25303,895,131,287,3
25304,895,10,62,6
25305,895,1,83,5
25306,895,5,31,8
25307,895,15,45,7
25308,895,3,1,9
25309,895,206,0,10
25310,895,207,0,11
25311,896,208,285,4
25312,896,6,309,3
25313,896,9,470,1
25314,896,131,313,2
25315,896,10,68,6
25316,896,1,93,5
25317,896,5,32,8
25318,896,15,45,7
25319,896,3,1,9
25320,896,206,0,10
25321,896,207,0,11
25322,897,208,297,4
25323,897,6,323,3
25324,897,9,513,1
25325,897,131,334,2
25326,897,10,77,6
25327,897,1,95,5
25328,897,5,32,8
25329,897,15,45,7
25330,897,3,1,9
25331,897,206,0,10
25332,897,207,0,11
25333,898,208,315,4
25334,898,6,333,3
25335,898,9,553,1
25336,898,131,348,2
25337,898,10,77,6
25338,898,1,102,5
25339,898,5,32,8
25340,898,15,53,7
25341,898,3,5,9
25342,898,206,0,10
25343,898,207,0,11
25344,899,208,315,4
25345,899,6,354,3
25346,899,9,596,1
25347,899,131,360,2
25348,899,10,77,6
25349,899,1,122,5
25350,899,5,33,8
25351,899,15,57,7
25352,899,3,5,9
25353,899,206,0,10
25354,899,207,0,11
25355,212,1,21,3
25356,212,6,41,1
25357,212,22,17,4
25358,212,20,15,5
25359,212,15,6,8
25360,212,3,40,2
25361,212,18,0,10
25362,212,21,0,11
25363,212,24,6,7
25364,212,25,2,9
25365,212,17,8,6
25366,212,26,0,12
25367,213,1,21,4
25368,213,6,51,1
25369,213,22,23,3
25370,213,20,16,5
25371,213,15,8,7
25372,213,3,43,2
25373,213,18,0,11
25374,213,21,0,10
25375,213,24,6,8
25376,213,25,2,9
25377,213,17,12,6
25378,213,26,0,12
25379,214,1,21,4
25380,214,6,65,1
25381,214,22,25,3
25382,214,20,16,5
25383,214,15,8,7
25384,214,3,52,2
25385,214,18,0,11
25386,214,21,0,10
25387,214,24,6,8
25388,214,25,2,9
25389,214,17,13,6
25390,214,26,0,12
25391,215,1,24,4
25392,215,6,65,1
25393,215,22,35,3
25394,215,20,16,5
25395,215,15,8,7
25396,215,3,62,2
25397,215,18,0,11
25398,215,21,1,10
25399,215,24,6,8
25400,215,25,2,9
25401,215,17,15,6
25402,215,26,0,12
25403,216,1,28,4
25404,216,6,71,1
25405,216,22,46,3
25406,216,20,19,5
25407,216,15,8,7
25408,216,3,62,2
25409,216,18,0,11
25410,216,21,1,10
25411,216,24,6,8
25412,216,25,2,9
25413,216,17,17,6
25414,216,26,0,12
25415,217,1,28,4
25416,217,6,74,1
25417,217,22,46,3
25418,217,20,20,5
25419,217,15,12,7
25420,217,3,72,2
25421,217,18,0,11
25422,217,21,7,8
25423,217,24,6,9
25424,217,25,2,10
25425,217,17,19,6
25426,217,26,0,12
25427,218,1,28,4
25428,218,6,84,1
25429,218,22,47,3
25430,218,20,20,6
25431,218,15,15,7
25432,218,3,78,2
25433,218,18,0,11
25434,218,21,7,8
25435,218,24,6,9
25436,218,25,2,10
25437,218,17,25,5
25438,218,26,0,12
25439,219,1,38,4
25440,219,6,85,1
25441,219,22,53,3
25442,219,20,20,6
25443,219,15,15,7
25444,219,3,84,2
25445,219,18,0,11
25446,219,21,7,8
25447,219,24,6,9
25448,219,25,2,10
25449,219,17,28,5
25450,219,26,0,12
25451,220,1,44,4
25452,220,6,86,2
25453,220,22,53,3
25454,220,20,20,6
25455,220,15,15,7
25456,220,3,98,1
25457,220,18,0,11
25458,220,21,7,8
25459,220,24,6,9
25460,220,25,2,10
25461,220,17,33,5
25462,220,26,0,12
25463,221,1,44,4
25464,221,6,86,2
25465,221,22,62,3
25466,221,20,21,6
25467,221,15,15,7
25468,221,3,112,1
25469,221,18,0,11
25470,221,21,9,8
25471,221,24,6,9
25472,221,25,2,10
25473,221,17,33,5
25474,221,26,0,12
25475,222,1,47,4
25476,222,6,100,2
25477,222,22,64,3
25478,222,20,21,6
25479,222,15,16,7
25480,222,3,118,1
25481,222,18,0,11
25482,222,21,9,8
25483,222,24,6,9
25484,222,25,2,10
25485,222,17,33,5
25486,222,26,0,12
25487,223,1,63,4
25488,223,6,102,2
25489,223,22,67,3
25490,223,20,21,6
25491,223,15,16,7
25492,223,3,123,1
25493,223,18,0,11
25494,223,21,9,8
25495,223,24,6,9
25496,223,25,2,10
25497,223,17,33,5
25498,223,26,0,12
25499,272,22,103,2
25500,272,3,118,1
25501,272,6,71,3
25502,272,17,28,5
25503,272,25,13,7
25504,272,15,12,8
25505,272,32,0,12
25506,272,18,5,10
25507,272,33,2,11
25508,272,27,13,6
25509,272,31,0,13
25510,272,1,42,4
25511,272,29,9,9
25512,272,30,0,14
25513,257,22,10,1
25514,257,3,6,2
25515,257,6,4,3
25516,257,17,3,4
25517,257,25,2,5
25518,257,15,1,6
25519,257,32,0,7
25520,257,18,0,8
25521,257,33,0,9
25522,257,27,0,10
25523,257,31,0,11
25524,257,1,0,12
25525,257,29,0,13
25526,257,30,0,14
25527,258,22,20,1
25528,258,3,6,4
25529,258,6,10,2
25530,258,17,7,3
25531,258,25,2,7
25532,258,15,3,6
25533,258,32,0,9
25534,258,18,0,10
25535,258,33,1,8
25536,258,27,0,11
25537,258,31,0,12
25538,258,1,0,13
25539,258,29,3,5
25540,258,30,0,14
25541,259,22,30,1
25542,259,3,7,3
25543,259,6,16,2
25544,259,17,7,4
25545,259,25,4,7
25546,259,15,6,5
25547,259,32,0,10
25548,259,18,0,11
25549,259,33,1,9
25550,259,27,0,12
25551,259,31,0,13
25552,259,1,4,6
25553,259,29,3,8
25554,259,30,0,14
25555,260,22,40,1
25556,260,3,7,5
25557,260,6,22,2
25558,260,17,10,4
25559,260,25,4,7
25560,260,15,6,6
25561,260,32,0,11
25562,260,18,1,10
25563,260,33,1,9
25564,260,27,0,12
25565,260,31,0,13
25566,260,1,10,3
25567,260,29,3,8
25568,260,30,0,14
25569,261,22,46,1
25570,261,3,17,3
25571,261,6,25,2
25572,261,17,11,4
25573,261,25,8,6
25574,261,15,6,7
25575,261,32,0,11
25576,261,18,3,9
25577,261,33,1,10
25578,261,27,0,12
25579,261,31,0,13
25580,261,1,10,5
25581,261,29,3,8
25582,261,30,0,14
25583,262,22,57,1
25584,262,3,25,3
25585,262,6,32,2
25586,262,17,11,4
25587,262,25,8,6
25588,262,15,6,7
25589,262,32,0,11
25590,262,18,3,9
25591,262,33,1,10
25592,262,27,0,12
25593,262,31,0,13
25594,262,1,10,5
25595,262,29,3,8
25596,262,30,0,14
25597,263,22,67,1
25598,263,3,31,3
25599,263,6,36,2
25600,263,17,11,4
25601,263,25,8,7
25602,263,15,10,6
25603,263,32,0,11
25604,263,18,5,8
25605,263,33,1,10
25606,263,27,0,12
25607,263,31,0,13
25608,263,1,10,5
25609,263,29,3,9
25610,263,30,0,14
25611,264,22,67,1
25612,264,3,43,2
25613,264,6,42,3
25614,264,17,14,5
25615,264,25,9,7
25616,264,15,10,6
25617,264,32,0,11
25618,264,18,5,8
25619,264,33,1,10
25620,264,27,0,12
25621,264,31,0,13
25622,264,1,14,4
25623,264,29,3,9
25624,264,30,0,14
25625,265,22,67,1
25626,265,3,43,3
25627,265,6,52,2
25628,265,17,14,5
25629,265,25,9,8
25630,265,15,10,7
25631,265,32,0,12
25632,265,18,5,10
25633,265,33,2,11
25634,265,27,10,6
25635,265,31,0,13
25636,265,1,14,4
25637,265,29,8,9
25638,265,30,0,14
25639,266,22,81,1
25640,266,3,49,3
25641,266,6,52,2
25642,266,17,14,5
25643,266,25,11,7
25644,266,15,10,8
25645,266,32,0,12
25646,266,18,5,10
25647,266,33,2,11
25648,266,27,11,6
25649,266,31,0,13
25650,266,1,17,4
25651,266,29,8,9
25652,266,30,0,14
25653,267,22,85,1
25654,267,3,62,2
25655,267,6,52,3
25656,267,17,14,5
25657,267,25,13,6
25658,267,15,10,8
25659,267,32,0,12
25660,267,18,5,10
25661,267,33,2,11
25662,267,27,11,7
25663,267,31,0,13
25664,267,1,23,4
25665,267,29,9,9
25666,267,30,0,14
25667,268,22,85,1
25668,268,3,73,2
25669,268,6,58,3
25670,268,17,17,5
25671,268,25,13,6
25672,268,15,10,8
25673,268,32,0,12
25674,268,18,5,10
25675,268,33,2,11
25676,268,27,11,7
25677,268,31,0,13
25678,268,1,29,4
25679,268,29,9,9
25680,268,30,0,14
25681,269,22,87,2
25682,269,3,89,1
25683,269,6,58,3
25684,269,17,20,5
25685,269,25,13,6
25686,269,15,10,8
25687,269,32,0,12
25688,269,18,5,10
25689,269,33,2,11
25690,269,27,11,7
25691,269,31,0,13
25692,269,1,34,4
25693,269,29,9,9
25694,269,30,0,14
25695,270,22,97,1
25696,270,3,95,2
25697,270,6,60,3
25698,270,17,23,5
25699,270,25,13,6
25700,270,15,11,8
25701,270,32,0,12
25702,270,18,5,10
25703,270,33,2,11
25704,270,27,11,7
25705,270,31,0,13
25706,270,1,38,4
25707,270,29,9,9
25708,270,30,0,14
25709,271,22,103,2
25710,271,3,108,1
25711,271,6,64,3
25712,271,17,25,5
25713,271,25,13,6
25714,271,15,12,7
25715,271,32,0,12
25716,271,18,5,10
25717,271,33,2,11
25718,271,27,11,8
25719,271,31,0,13
25720,271,1,38,4
25721,271,29,9,9
25722,271,30,0,14
25733,36,6,13,1
25734,36,1,14,11
25735,36,2,5,2
25736,36,4,4,3
25737,36,3,2,4
25738,36,7,1,5
25739,36,11,0,6
25740,36,8,0,7
25741,36,9,0,8
25742,36,5,0,9
25743,36,12,0,10
25744,37,6,23,1
25745,37,1,32,11
25746,37,2,10,2
25747,37,4,8,3
25748,37,3,2,5
25749,37,7,3,4
25750,37,11,0,7
25751,37,8,0,8
25752,37,9,0,6
25753,37,5,0,9
25754,37,12,0,10
25755,38,6,39,1
25756,38,1,44,11
25757,38,2,18,2
25758,38,4,9,3
25759,38,3,2,5
25760,38,7,5,4
25761,38,11,0,7
25762,38,8,0,8
25763,38,9,0,6
25764,38,5,0,9
25765,38,12,0,10
25766,39,6,49,1
25767,39,1,58,11
25768,39,2,23,2
25769,39,4,11,3
25770,39,3,5,4
25771,39,7,5,5
25772,39,11,0,8
25773,39,8,1,7
25774,39,9,4,6
25775,39,5,0,10
25776,39,12,0,9
25777,40,6,56,1
25778,40,1,76,11
25779,40,2,30,2
25780,40,4,16,3
25781,40,3,7,4
25782,40,7,5,5
25783,40,11,0,9
25784,40,8,1,7
25785,40,9,4,6
25786,40,5,0,8
25787,40,12,0,10
25788,41,6,60,1
25789,41,1,88,11
25790,41,2,38,2
25791,41,4,21,3
25792,41,3,13,4
25793,41,7,6,5
25794,41,11,0,9
25795,41,8,4,7
25796,41,9,4,6
25797,41,5,0,8
25798,41,12,0,10
25799,42,6,71,1
25800,42,1,106,11
25801,42,2,39,2
25802,42,4,25,3
25803,42,3,13,4
25804,42,7,9,5
25805,42,11,0,9
25806,42,8,4,7
25807,42,9,6,6
25808,42,5,0,8
25809,42,12,0,10
25810,43,6,89,1
25811,43,1,114,11
25812,43,2,48,2
25813,43,4,28,3
25814,43,3,13,4
25815,43,7,9,5
25816,43,11,1,8
25817,43,8,4,7
25818,43,9,6,6
25819,43,5,0,9
25820,43,12,0,10
25821,44,6,103,1
25822,44,1,128,11
25823,44,2,56,2
25824,44,4,31,3
25825,44,3,13,4
25826,44,7,9,5
25827,44,11,1,8
25828,44,8,4,7
25829,44,9,6,6
25830,44,5,0,9
25831,44,12,0,10
25832,45,6,111,1
25833,45,1,138,11
25834,45,2,61,2
25835,45,4,32,3
25836,45,3,18,4
25837,45,7,9,6
25838,45,11,1,8
25839,45,8,4,7
25840,45,9,16,5
25841,45,5,0,9
25842,45,12,0,10
25843,46,6,119,1
25844,46,1,138,11
25845,46,2,71,2
25846,46,4,33,3
25847,46,3,20,4
25848,46,7,12,6
25849,46,11,1,8
25850,46,8,4,7
25851,46,9,16,5
25852,46,5,0,9
25853,46,12,0,10
25854,47,6,137,1
25855,47,1,148,11
25856,47,2,77,2
25857,47,4,36,3
25858,47,3,22,4
25859,47,7,12,6
25860,47,11,1,8
25861,47,8,4,7
25862,47,9,16,5
25863,47,5,0,9
25864,47,12,0,10
25865,48,6,143,1
25866,48,1,166,11
25867,48,2,86,2
25868,48,4,38,3
25869,48,3,25,4
25870,48,7,12,6
25871,48,11,2,8
25872,48,8,4,7
25873,48,9,16,5
25874,48,5,0,9
25875,48,12,0,10
25876,49,6,161,1
25877,49,1,192,11
25878,49,2,90,2
25879,49,4,39,3
25880,49,3,28,4
25881,49,7,12,6
25882,49,11,2,8
25883,49,8,4,7
25884,49,9,18,5
25885,49,5,0,9
25886,49,12,0,10
25887,50,6,170,1
25888,50,1,202,11
25889,50,2,92,2
25890,50,4,51,3
25891,50,3,28,4
25892,50,7,12,6
25893,50,11,2,8
25894,50,8,4,7
25895,50,9,23,5
25896,50,5,0,10
25897,50,12,1,9
25898,51,6,186,1
25899,51,1,210,11
25900,51,2,94,2
25901,51,4,51,3
25902,51,3,28,4
25903,51,7,12,6
25904,51,11,6,8
25905,51,8,4,9
25906,51,9,24,5
25907,51,5,8,7
25908,51,12,1,10
25909,52,6,204,1
25910,52,1,218,11
25911,52,2,101,2
25912,52,4,51,3
25913,52,3,33,4
25914,52,7,13,6
25915,52,11,6,8
25916,52,8,4,9
25917,52,9,24,5
25918,52,5,8,7
25919,52,12,1,10
25931,900,131,25,2
25932,900,1,33,1
25933,900,6,18,3
25934,900,3,10,4
25935,900,10,9,5
25936,900,5,6,6
25937,900,15,0,7
25938,900,206,0,8
25939,900,208,0,9
25940,900,207,0,10
25941,900,9,0,11
25942,901,131,68,1
25943,901,1,43,2
25944,901,6,30,3
25945,901,3,20,4
25946,901,10,19,5
25947,901,5,7,7
25948,901,15,0,8
25949,901,206,0,11
25950,901,208,0,9
25951,901,207,0,10
25952,901,9,15,6
25953,902,131,111,1
25954,902,1,43,3
25955,902,6,33,5
25956,902,3,30,6
25957,902,10,44,2
25958,902,5,7,7
25959,902,15,0,9
25960,902,206,0,10
25961,902,208,0,8
25962,902,207,0,11
25963,902,9,35,4
25964,903,131,154,1
25965,903,1,43,5
25966,903,6,52,4
25967,903,3,36,6
25968,903,10,54,3
25969,903,5,8,7
25970,903,15,0,9
25971,903,206,0,10
25972,903,208,0,8
25973,903,207,0,11
25974,903,9,57,2
25975,904,131,197,1
25976,904,1,43,6
25977,904,6,66,3
25978,904,3,46,5
25979,904,10,57,4
25980,904,5,8,7
25981,904,15,0,9
25982,904,206,0,10
25983,904,208,4,8
25984,904,207,0,11
25985,904,9,84,2
25986,905,131,240,1
25987,905,1,52,5
25988,905,6,78,3
25989,905,3,52,6
25990,905,10,67,4
25991,905,5,8,8
25992,905,15,0,10
25993,905,206,2,9
25994,905,208,8,7
25995,905,207,0,11
25996,905,9,99,2
25997,906,131,258,1
25998,906,1,66,5
25999,906,6,87,3
26000,906,3,58,6
26001,906,10,77,4
26002,906,5,12,7
26003,906,15,0,10
26004,906,206,2,9
26005,906,208,8,8
26006,906,207,0,11
26007,906,9,139,2
26008,907,131,301,1
26009,907,1,72,6
26010,907,6,98,3
26011,907,3,85,5
26012,907,10,87,4
26013,907,5,12,7
26014,907,15,0,10
26015,907,206,2,9
26016,907,208,8,8
26017,907,207,0,11
26018,907,9,143,2
26019,908,131,326,1
26020,908,1,90,6
26021,908,6,106,3
26022,908,3,103,4
26023,908,10,91,5
26024,908,5,15,7
26025,908,15,0,10
26026,908,206,2,9
26027,908,208,8,8
26028,908,207,0,11
26029,908,9,168,2
26030,909,131,366,1
26031,909,1,96,6
26032,909,6,116,4
26033,909,3,121,3
26034,909,10,98,5
26035,909,5,15,7
26036,909,15,0,10
26037,909,206,2,9
26038,909,208,8,8
26039,909,207,0,11
26040,909,9,188,2
26041,910,131,393,1
26042,910,1,97,6
26043,910,6,142,3
26044,910,3,135,4
26045,910,10,98,5
26046,910,5,17,7
26047,910,15,0,10
26048,910,206,2,9
26049,910,208,8,8
26050,910,207,0,11
26051,910,9,219,2
26052,911,131,411,1
26053,911,1,105,5
26054,911,6,160,3
26055,911,3,150,4
26056,911,10,103,6
26057,911,5,19,7
26058,911,15,0,10
26059,911,206,2,9
26060,911,208,8,8
26061,911,207,0,11
26062,911,9,254,2
26063,912,131,454,1
26064,912,1,110,5
26065,912,6,162,4
26066,912,3,177,3
26067,912,10,109,6
26068,912,5,19,7
26069,912,15,0,10
26070,912,206,2,9
26071,912,208,8,8
26072,912,207,0,11
26073,912,9,272,2
26074,913,131,479,1
26075,913,1,111,6
26076,913,6,178,4
26077,913,3,187,3
26078,913,10,117,5
26079,913,5,27,7
26080,913,15,0,10
26081,913,206,2,9
26082,913,208,8,8
26083,913,207,0,11
26084,913,9,305,2
26085,914,131,522,1
26086,914,1,121,6
26087,914,6,178,4
26088,914,3,201,3
26089,914,10,122,5
26090,914,5,29,7
26091,914,15,0,10
26092,914,206,2,9
26093,914,208,8,8
26094,914,207,0,11
26095,914,9,332,2
26096,915,131,565,1
26097,915,1,143,5
26098,915,6,188,4
26099,915,3,216,3
26100,915,10,123,6
26101,915,5,29,7
26102,915,15,0,10
26103,915,206,2,9
26104,915,208,8,8
26105,915,207,0,11
26106,915,9,342,2
26107,916,131,608,1
26108,916,1,147,5
26109,916,6,196,4
26110,916,3,238,3
26111,916,10,123,6
26112,916,5,30,7
26113,916,15,0,10
26114,916,206,2,9
26115,916,208,10,8
26116,916,207,0,11
26117,916,9,363,2
26118,917,131,651,1
26119,917,1,161,5
26120,917,6,210,4
26121,917,3,254,3
26122,917,10,127,6
26123,917,5,30,7
26124,917,15,0,10
26125,917,206,2,9
26126,917,208,10,8
26127,917,207,0,11
26128,917,9,373,2
26129,918,131,701,1
26130,918,1,181,5
26131,918,6,216,4
26132,918,3,320,3
26133,918,10,155,6
26134,918,5,30,7
26135,918,15,0,10
26136,918,206,2,9
26137,918,208,10,8
26138,918,207,0,11
26139,918,9,405,2
26140,926,131,43,1
26141,926,6,15,2
26142,926,3,12,4
26143,926,15,14,3
26144,926,9,8,5
26145,926,10,7,6
26146,926,5,2,7
26147,926,1,0,8
26148,926,208,0,9
26149,927,131,76,1
26150,927,6,52,2
26151,927,3,30,3
26152,927,15,14,4
26153,927,9,11,6
26154,927,10,7,7
26155,927,5,12,5
26156,927,1,0,9
26157,927,208,0,8
26158,927,209,0,10
26159,928,131,119,1
26160,928,6,79,2
26161,928,3,48,3
26162,928,15,19,4
26163,928,9,13,5
26164,928,10,7,7
26165,928,5,12,6
26166,928,1,0,9
26167,928,208,6,8
26168,928,209,0,10
26169,929,131,159,1
26170,929,6,107,2
26171,929,3,61,3
26172,929,15,19,5
26173,929,9,23,4
26174,929,10,11,8
26175,929,5,12,7
26176,929,1,0,9
26177,929,208,12,6
26178,929,209,0,10
26179,930,131,202,1
26180,930,6,132,2
26181,930,3,81,3
26182,930,15,19,5
26183,930,9,30,4
26184,930,10,11,8
26185,930,5,14,7
26186,930,1,0,9
26187,930,208,16,6
26188,930,209,0,10
26189,931,131,242,1
26190,931,6,158,2
26191,931,3,81,3
26192,931,15,21,5
26193,931,9,52,4
26194,931,10,17,6
26195,931,5,15,8
26196,931,1,4,9
26197,931,208,16,7
26198,931,209,0,10
26199,932,131,285,1
26200,932,6,180,2
26201,932,3,104,3
26202,932,15,21,6
26203,932,9,54,4
26204,932,10,21,7
26205,932,5,15,8
26206,932,1,4,9
26207,932,208,23,5
26208,932,209,0,10
26209,933,131,328,1
26210,933,6,192,2
26211,933,3,129,3
26212,933,15,21,7
26213,933,9,55,4
26214,933,10,31,5
26215,933,5,19,8
26216,933,1,4,9
26217,933,208,29,6
26218,933,209,0,10
26219,934,131,371,1
26220,934,6,211,2
26221,934,3,151,3
26222,934,15,21,7
26223,934,9,63,4
26224,934,10,39,5
26225,934,5,19,8
26226,934,1,5,9
26227,934,208,29,6
26228,934,209,0,10
26229,936,131,383,1
26230,936,6,236,2
26231,936,3,151,3
26232,936,15,22,8
26233,936,9,96,4
26234,936,10,39,5
26235,936,5,31,7
26236,936,1,17,9
26237,936,208,35,6
26238,936,209,0,10
26250,937,131,426,1
26251,937,6,242,2
26252,937,3,161,3
26253,937,15,23,8
26254,937,9,108,4
26255,937,10,49,6
26256,937,5,35,7
26257,937,1,17,9
26258,937,208,50,5
26259,937,209,0,10
26260,938,131,451,1
26261,938,6,270,2
26262,938,3,188,3
26263,938,15,25,8
26264,938,9,113,4
26265,938,10,63,5
26266,938,5,35,7
26267,938,1,17,9
26268,938,208,50,6
26269,938,209,0,10
26270,939,131,463,1
26271,939,6,310,2
26272,939,3,198,3
26273,939,15,26,8
26274,939,9,139,4
26275,939,10,69,5
26276,939,5,41,7
26277,939,1,17,9
26278,939,208,50,6
26279,939,209,0,10
26290,940,131,506,1
26291,940,6,337,2
26292,940,3,208,3
26293,940,15,26,8
26294,940,9,139,4
26295,940,10,77,5
26296,940,5,44,7
26297,940,1,17,9
26298,940,208,60,6
26299,940,209,0,10
26375,941,131,531,1
26376,941,6,359,2
26377,941,3,220,3
26378,941,15,34,8
26379,941,9,149,4
26380,941,10,92,5
26381,941,5,45,7
26382,941,1,19,9
26383,941,208,66,6
26384,941,209,0,10
26385,942,131,574,1
26386,942,6,374,2
26387,942,3,220,3
26388,942,15,36,8
26389,942,9,150,4
26390,942,10,102,5
26391,942,5,63,7
26392,942,1,27,9
26393,942,208,70,6
26394,942,209,0,10
26395,943,131,617,1
26396,943,6,374,2
26397,943,3,243,3
26398,943,15,36,8
26399,943,9,172,4
26400,943,10,112,5
26401,943,5,65,7
26402,943,1,27,9
26403,943,208,71,6
26404,943,209,0,10
26405,944,131,660,1
26406,944,6,401,2
26407,944,3,253,3
26408,944,15,36,8
26409,944,9,178,4
26410,944,10,120,5
26411,944,5,67,7
26412,944,1,27,9
26413,944,208,76,6
26414,944,209,0,10
26426,945,131,703,1
26427,945,6,428,2
26428,945,3,257,3
26429,945,15,36,8
26430,945,9,187,4
26431,945,10,136,5
26432,945,5,67,7
26433,945,1,27,9
26434,945,208,78,6
26435,945,209,0,10
26447,949,131,83,1
26448,949,6,33,2
26449,949,9,30,3
26450,949,3,20,4
26451,949,210,18,5
26452,949,10,6,7
26453,949,5,11,6
26454,949,4,0,9
26455,949,1,1,8
26456,949,15,0,10
26457,949,209,0,11
26458,950,131,114,1
26459,950,6,61,2
26460,950,9,57,3
26461,950,3,29,4
26462,950,210,18,5
26463,950,10,6,7
26464,950,5,17,6
26465,950,4,0,9
26466,950,1,1,8
26467,950,15,0,10
26468,950,209,0,11
26469,951,131,157,1
26470,951,6,76,2
26471,951,9,57,3
26472,951,3,51,4
26473,951,210,22,5
26474,951,10,8,8
26475,951,5,17,6
26476,951,4,6,9
26477,951,1,10,7
26478,951,15,0,10
26479,951,209,0,11
26480,952,131,157,1
26481,952,6,109,2
26482,952,9,94,3
26483,952,3,65,4
26484,952,210,22,6
26485,952,10,14,7
26486,952,5,26,5
26487,952,4,6,9
26488,952,1,12,8
26489,952,15,0,10
26490,952,209,0,11
26491,953,131,188,1
26492,953,6,121,2
26493,953,9,112,3
26494,953,3,66,4
26495,953,210,22,8
26496,953,10,37,5
26497,953,5,30,6
26498,953,4,6,9
26499,953,1,24,7
26500,953,15,0,10
26501,953,209,0,11
26502,954,131,223,1
26503,954,6,147,2
26504,954,9,130,3
26505,954,3,81,4
26506,954,210,22,8
26507,954,10,42,5
26508,954,5,32,6
26509,954,4,6,9
26510,954,1,24,7
26511,954,15,0,10
26512,954,209,0,11
26524,955,131,258,1
26525,955,6,177,2
26526,955,9,140,3
26527,955,3,90,4
26528,955,210,22,8
26529,955,10,59,5
26530,955,5,32,6
26531,955,4,6,9
26532,955,1,24,7
26533,955,15,0,10
26534,955,209,0,11
26535,956,131,295,1
26536,956,6,192,2
26537,956,9,168,3
26538,956,3,92,4
26539,956,210,28,8
26540,956,10,59,5
26541,956,5,36,6
26542,956,4,6,9
26543,956,1,32,7
26544,956,15,0,11
26545,956,209,1,10
26546,957,131,335,1
26547,957,6,204,2
26548,957,9,198,3
26549,957,3,92,4
26550,957,210,28,8
26551,957,10,73,5
26552,957,5,41,6
26553,957,4,6,9
26554,957,1,32,7
26555,957,15,0,11
26556,957,209,1,10
26557,948,131,43,1
26558,948,6,15,2
26559,948,9,12,4
26560,948,3,14,3
26561,948,210,8,5
26562,948,10,6,6
26563,948,5,3,7
26564,948,4,0,8
26565,948,1,0,9
26566,948,15,0,10
26567,948,209,0,11
26568,958,131,378,1
26569,958,6,224,2
26570,958,9,223,3
26571,958,3,94,4
26572,958,210,28,8
26573,958,10,74,5
26574,958,5,45,6
26575,958,4,6,9
26576,958,1,38,7
26577,958,15,0,11
26578,958,209,1,10
26579,959,131,415,1
26580,959,6,242,3
26581,959,9,256,2
26582,959,3,96,4
26583,959,210,28,8
26584,959,10,81,5
26585,959,5,45,6
26586,959,4,6,9
26587,959,1,42,7
26588,959,15,0,11
26589,959,209,1,10
26590,960,131,455,1
26591,960,6,252,3
26592,960,9,274,2
26593,960,3,101,5
26594,960,210,28,8
26595,960,10,103,4
26596,960,5,45,7
26597,960,4,6,9
26598,960,1,48,6
26599,960,15,0,11
26600,960,209,1,10
26601,961,131,498,1
26602,961,6,279,3
26603,961,9,290,2
26604,961,3,111,4
26605,961,210,28,8
26606,961,10,108,5
26607,961,5,45,7
26608,961,4,6,9
26609,961,1,48,6
26610,961,15,0,11
26611,961,209,1,10
26612,962,131,538,1
26613,962,6,301,3
26614,962,9,316,2
26615,962,3,111,5
26616,962,210,28,8
26617,962,10,112,4
26618,962,5,47,7
26619,962,4,7,9
26620,962,1,54,6
26621,962,15,0,11
26622,962,209,1,10
26623,963,131,553,1
26624,963,6,313,3
26625,963,9,359,2
26626,963,3,121,5
26627,963,210,28,8
26628,963,10,124,4
26629,963,5,47,7
26630,963,4,8,9
26631,963,1,62,6
26632,963,15,0,11
26633,963,209,1,10
26634,964,131,593,1
26635,964,6,335,3
26636,964,9,385,2
26637,964,3,124,5
26638,964,210,28,8
26639,964,10,134,4
26640,964,5,47,7
26641,964,4,8,9
26642,964,1,62,6
26643,964,15,0,11
26644,964,209,1,10
26689,965,131,636,1
26690,965,6,347,3
26691,965,9,400,2
26692,965,3,130,5
26693,965,210,29,8
26694,965,10,138,4
26695,965,5,55,7
26696,965,4,8,9
26697,965,1,74,6
26698,965,15,0,11
26699,965,209,1,10
26700,966,131,679,1
26701,966,6,365,3
26702,966,9,427,2
26703,966,3,136,5
26704,966,210,29,8
26705,966,10,145,4
26706,966,5,55,7
26707,966,4,8,9
26708,966,1,74,6
26709,966,15,0,11
26710,966,209,1,10
26711,967,131,722,1
26712,967,6,375,3
26713,967,9,446,2
26714,967,3,136,5
26715,967,210,29,8
26716,967,10,163,4
26717,967,5,63,7
26718,967,4,8,9
26719,967,1,75,6
26720,967,15,2,10
26721,967,209,1,11
26722,968,131,765,1
26723,968,6,398,3
26724,968,9,468,2
26725,968,3,138,5
26726,968,210,29,8
26727,968,10,173,4
26728,968,5,63,7
26729,968,4,8,9
26730,968,1,76,6
26731,968,15,2,10
26732,968,209,1,11
26733,969,6,37,1
26734,969,131,33,2
26735,969,9,10,3
26736,969,3,8,4
26737,969,10,7,5
26738,969,5,6,6
26739,969,4,0,7
26740,969,15,0,8
26741,969,1,0,9
26742,969,210,0,10
26743,970,6,65,2
26744,970,131,66,1
26745,970,9,37,3
26746,970,3,8,6
26747,970,10,10,5
26748,970,5,12,4
26749,970,4,0,8
26750,970,15,0,9
26751,970,1,0,10
26752,970,210,4,7
26753,971,6,102,1
26754,971,131,99,2
26755,971,9,47,3
26756,971,3,16,5
26757,971,10,17,4
26758,971,5,12,6
26759,971,4,2,8
26760,971,15,0,9
26761,971,1,0,10
26762,971,210,8,7
26763,972,6,135,2
26764,972,131,136,1
26765,972,9,57,3
26766,972,3,18,5
26767,972,10,31,4
26768,972,5,13,6
26769,972,4,6,8
26770,972,15,0,9
26771,972,1,0,10
26772,972,210,8,7
26773,973,6,153,2
26774,973,131,161,1
26775,973,9,72,3
26776,973,3,18,6
26777,973,10,53,4
26778,973,5,21,5
26779,973,4,14,7
26780,973,15,4,9
26781,973,1,0,10
26782,973,210,9,8
26783,974,6,196,1
26784,974,131,179,2
26785,974,9,97,3
26786,974,3,20,6
26787,974,10,53,4
26788,974,5,29,5
26789,974,4,14,7
26790,974,15,4,9
26791,974,1,0,10
26792,974,210,14,8
26793,975,6,214,2
26794,975,131,222,1
26795,975,9,112,3
26796,975,3,22,6
26797,975,10,71,4
26798,975,5,29,5
26799,975,4,18,7
26800,975,15,4,9
26801,975,1,0,10
26802,975,210,15,8
26803,976,6,226,2
26804,976,131,250,1
26805,976,9,137,3
26806,976,3,37,5
26807,976,10,79,4
26808,976,5,33,6
26809,976,4,18,8
26810,976,15,5,9
26811,976,1,2,10
26812,976,210,21,7
26813,977,6,254,2
26814,977,131,287,1
26815,977,9,152,3
26816,977,3,40,5
26817,977,10,89,4
26818,977,5,33,6
26819,977,4,18,8
26820,977,15,5,9
26821,977,1,2,10
26822,977,210,29,7
26823,978,6,275,2
26824,978,131,330,1
26825,978,9,174,3
26826,978,3,41,5
26827,978,10,95,4
26828,978,5,33,6
26829,978,4,26,8
26830,978,15,5,9
26831,978,1,2,10
26832,978,210,29,7
26833,979,6,318,2
26834,979,131,357,1
26835,979,9,184,3
26836,979,3,41,5
26837,979,10,101,4
26838,979,5,39,6
26839,979,4,26,8
26840,979,15,5,10
26841,979,1,11,9
26842,979,210,29,7
26843,980,6,348,2
26844,980,131,392,1
26845,980,9,199,3
26846,980,3,45,5
26847,980,10,103,4
26848,980,5,40,6
26849,980,4,34,8
26850,980,15,5,10
26851,980,1,11,9
26852,980,210,35,7
26853,981,6,373,2
26854,981,131,435,1
26855,981,9,212,3
26856,981,3,55,5
26857,981,10,113,4
26858,981,5,40,6
26859,981,4,34,8
26860,981,15,5,10
26861,981,1,11,9
26862,981,210,35,7
26863,982,6,373,2
26864,982,131,475,1
26865,982,9,230,3
26866,982,3,59,5
26867,982,10,124,4
26868,982,5,52,6
26869,982,4,42,7
26870,982,15,5,10
26871,982,1,17,9
26872,982,210,37,8
26873,983,6,385,2
26874,983,131,503,1
26875,983,9,270,3
26876,983,3,65,5
26877,983,10,133,4
26878,983,5,52,6
26879,983,4,42,7
26880,983,15,5,10
26881,983,1,23,9
26882,983,210,37,8
26883,984,6,395,2
26884,984,131,540,1
26885,984,9,303,3
26886,984,3,66,5
26887,984,10,147,4
26888,984,5,52,6
26889,984,4,42,8
26890,984,15,5,10
26891,984,1,23,9
26892,984,210,43,7
26893,985,6,428,2
26894,985,131,575,1
26895,985,9,315,3
26896,985,3,68,5
26897,985,10,159,4
26898,985,5,53,6
26899,985,4,48,7
26900,985,15,5,10
26901,985,1,23,9
26902,985,210,43,8
26903,986,6,455,2
26904,986,131,595,1
26905,986,9,340,3
26906,986,3,76,5
26907,986,10,175,4
26908,986,5,53,6
26909,986,4,48,7
26910,986,15,5,10
26911,986,1,24,9
26912,986,210,47,8
26913,987,6,495,2
26914,987,131,625,1
26915,987,9,358,3
26916,987,3,82,5
26917,987,10,177,4
26918,987,5,53,6
26919,987,4,49,7
26920,987,15,5,10
26921,987,1,28,9
26922,987,210,47,8
26923,988,6,522,2
26924,988,131,668,1
26925,988,9,368,3
26926,988,3,83,5
26927,988,10,187,4
26928,988,5,53,7
26929,988,4,57,6
26930,988,15,5,10
26931,988,1,30,9
26932,988,210,47,8
26933,989,6,40,1
26934,989,131,22,2
26935,989,9,20,3
26936,989,1,12,4
26937,989,4,7,5
26938,989,10,0,6
26939,989,15,0,7
26940,989,3,0,8
26941,989,5,0,9
26942,989,210,0,10
26963,991,6,84,2
26964,991,131,85,1
26965,991,9,55,3
26966,991,1,28,4
26967,991,4,25,5
26968,991,10,1,9
26969,991,15,2,8
26970,991,3,0,10
26971,991,5,12,6
26972,991,210,11,7
26973,990,6,65,1
26974,990,131,55,2
26975,990,9,20,4
26976,990,1,22,3
26977,990,4,15,5
26978,990,10,1,9
26979,990,15,2,8
26980,990,3,0,10
26981,990,5,12,6
26982,990,210,10,7
26983,992,6,114,1
26984,992,131,110,2
26985,992,9,55,3
26986,992,1,36,4
26987,992,4,35,5
26988,992,10,16,6
26989,992,15,10,9
26990,992,3,4,10
26991,992,5,13,7
26992,992,210,11,8
26993,993,6,126,2
26994,993,131,153,1
26995,993,9,80,3
26996,993,1,40,5
26997,993,4,41,4
26998,993,10,18,7
26999,993,15,11,9
27000,993,3,4,10
27001,993,5,13,8
27002,993,210,19,6
27003,994,6,156,2
27004,994,131,178,1
27005,994,9,107,3
27006,994,1,40,5
27007,994,4,46,4
27008,994,10,26,6
27009,994,15,11,9
27010,994,3,4,10
27011,994,5,19,7
27012,994,210,19,8
27013,995,6,189,2
27014,995,131,206,1
27015,995,9,134,3
27016,995,1,40,5
27017,995,4,56,4
27018,995,10,28,6
27019,995,15,12,9
27020,995,3,4,10
27021,995,5,19,7
27022,995,210,19,8
27023,996,6,214,2
27024,996,131,237,1
27025,996,9,164,3
27026,996,1,40,5
27027,996,4,62,4
27028,996,10,28,6
27029,996,15,13,9
27030,996,3,4,10
27031,996,5,19,8
27032,996,210,27,7
27033,997,6,247,1
27034,997,131,237,2
27035,997,9,189,3
27036,997,1,44,6
27037,997,4,62,4
27038,997,10,42,7
27039,997,15,16,9
27040,997,3,4,10
27041,997,5,19,8
27042,997,210,49,5
27043,998,6,287,1
27044,998,131,267,2
27045,998,9,199,3
27046,998,1,48,7
27047,998,4,70,4
27048,998,10,49,6
27049,998,15,16,9
27050,998,3,4,10
27051,998,5,19,8
27052,998,210,51,5
27053,999,6,302,2
27054,999,131,310,1
27055,999,9,211,3
27056,999,1,48,7
27057,999,4,80,4
27058,999,10,59,5
27059,999,15,18,9
27060,999,3,4,10
27061,999,5,20,8
27062,999,210,59,6
27063,1000,6,335,2
27064,1000,131,345,1
27065,1000,9,223,3
27066,1000,1,52,7
27067,1000,4,82,4
27068,1000,10,59,6
27069,1000,15,18,9
27070,1000,3,4,10
27071,1000,5,28,8
27072,1000,210,66,5
27073,1001,6,360,2
27074,1001,131,375,1
27075,1001,9,238,3
27076,1001,1,52,6
27077,1001,4,82,4
27078,1001,10,18,9
27079,1001,15,19,8
27080,1001,3,4,10
27081,1001,5,30,7
27082,1001,210,76,5
27093,1002,6,390,2
27094,1002,131,415,1
27095,1002,9,248,3
27096,1002,1,52,6
27097,1002,4,86,4
27098,1002,10,32,7
27099,1002,15,19,9
27100,1002,3,7,10
27101,1002,5,30,8
27102,1002,210,76,5
27103,1003,6,415,2
27104,1003,131,452,1
27105,1003,9,274,3
27106,1003,1,58,6
27107,1003,4,91,4
27108,1003,10,32,7
27109,1003,15,21,9
27110,1003,3,7,10
27111,1003,5,30,8
27112,1003,210,76,5
27113,1004,6,442,2
27114,1004,131,495,1
27115,1004,9,292,3
27116,1004,1,58,6
27117,1004,4,91,4
27118,1004,10,35,7
27119,1004,15,27,9
27120,1004,3,7,10
27121,1004,5,30,8
27122,1004,210,80,5
27123,1005,6,460,2
27124,1005,131,538,1
27125,1005,9,319,3
27126,1005,1,58,6
27127,1005,4,92,4
27128,1005,10,43,7
27129,1005,15,27,9
27130,1005,3,7,10
27131,1005,5,30,8
27132,1005,210,84,5
27143,1006,6,497,2
27144,1006,131,563,1
27145,1006,9,337,3
27146,1006,1,58,6
27147,1006,4,106,4
27148,1006,10,47,7
27149,1006,15,28,9
27150,1006,3,7,10
27151,1006,5,32,8
27152,1006,210,84,5
27153,1007,6,530,2
27154,1007,131,585,1
27155,1007,9,362,3
27156,1007,1,62,6
27157,1007,4,114,4
27158,1007,10,47,7
27159,1007,15,36,8
27160,1007,3,7,10
27161,1007,5,33,9
27162,1007,210,84,5
27163,1008,6,553,2
27164,1008,131,620,1
27165,1008,9,392,3
27166,1008,1,62,6
27167,1008,4,114,4
27168,1008,10,48,7
27169,1008,15,42,8
27170,1008,3,7,10
27171,1008,5,33,9
27172,1008,210,90,5
27173,1009,6,571,2
27174,1009,131,655,1
27175,1009,9,419,3
27176,1009,1,62,6
27177,1009,4,122,4
27178,1009,10,52,7
27179,1009,15,48,8
27180,1009,3,7,10
27181,1009,5,33,9
27182,1009,210,93,5
27193,1010,131,44,1
27194,1010,9,15,3
27195,1010,6,22,2
27196,1010,210,8,4
27197,1010,4,6,5
27198,1010,51,4,6
27199,1010,211,2,7
27200,1010,5,1,8
27201,1010,1,0,9
27202,1010,3,0,10
27213,1011,131,87,1
27214,1011,9,31,3
27215,1011,6,48,2
27216,1011,210,8,6
27217,1011,4,6,7
27218,1011,51,10,4
27219,1011,211,3,9
27220,1011,5,3,8
27221,1011,1,8,5
27222,1011,3,0,10
27223,1012,131,130,1
27224,1012,9,52,3
27225,1012,6,73,2
27226,1012,210,8,6
27227,1012,4,12,4
27228,1012,51,12,5
27229,1012,211,7,8
27230,1012,5,4,9
27231,1012,1,8,7
27232,1012,3,0,10
27233,1013,131,173,1
27234,1013,9,64,3
27235,1013,6,99,2
27236,1013,210,8,8
27237,1013,4,12,7
27238,1013,51,13,6
27239,1013,211,17,5
27240,1013,5,4,9
27241,1013,1,18,4
27242,1013,3,0,10
27243,1014,131,217,1
27244,1014,9,87,3
27245,1014,6,121,2
27246,1014,210,15,6
27247,1014,4,12,8
27248,1014,51,13,7
27249,1014,211,17,5
27250,1014,5,6,9
27251,1014,1,22,4
27252,1014,3,0,10
27253,1015,131,257,1
27254,1015,9,110,3
27255,1015,6,139,2
27256,1015,210,16,6
27257,1015,4,14,8
27258,1015,51,13,9
27259,1015,211,17,5
27260,1015,5,16,7
27261,1015,1,30,4
27262,1015,3,0,10
27263,1016,131,295,1
27264,1016,9,124,3
27265,1016,6,172,2
27266,1016,210,16,8
27267,1016,4,28,5
27268,1016,51,13,9
27269,1016,211,19,6
27270,1016,5,17,7
27271,1016,1,30,4
27272,1016,3,0,10
27293,1017,131,338,1
27294,1017,9,137,3
27295,1017,6,198,2
27296,1017,210,16,9
27297,1017,4,32,5
27298,1017,51,19,7
27299,1017,211,19,6
27300,1017,5,17,8
27301,1017,1,40,4
27302,1017,3,0,10
27303,1018,131,363,1
27304,1018,9,169,3
27305,1018,6,228,2
27306,1018,210,16,9
27307,1018,4,32,5
27308,1018,51,22,6
27309,1018,211,19,7
27310,1018,5,17,8
27311,1018,1,52,4
27312,1018,3,0,10
27313,1019,131,407,1
27314,1019,9,191,3
27315,1019,6,243,2
27316,1019,210,16,9
27317,1019,4,39,5
27318,1019,51,26,6
27319,1019,211,19,7
27320,1019,5,19,8
27321,1019,1,60,4
27322,1019,3,0,10
27333,1020,131,409,1
27334,1020,9,217,3
27335,1020,6,261,2
27336,1020,210,26,8
27337,1020,4,39,6
27338,1020,51,26,9
27339,1020,211,31,7
27340,1020,5,42,5
27341,1020,1,70,4
27342,1020,3,1,10
27343,1021,131,438,1
27344,1021,9,244,3
27345,1021,6,288,2
27346,1021,210,26,9
27347,1021,4,39,6
27348,1021,51,32,7
27349,1021,211,31,8
27350,1021,5,43,5
27351,1021,1,82,4
27352,1021,3,1,10
27353,1022,131,471,1
27354,1022,9,254,3
27355,1022,6,326,2
27356,1022,210,26,9
27357,1022,4,43,6
27358,1022,51,32,8
27359,1022,211,40,7
27360,1022,5,51,5
27361,1022,1,82,4
27362,1022,3,1,10
27363,1023,131,505,1
27364,1023,9,266,3
27365,1023,6,351,2
27366,1023,210,26,9
27367,1023,4,65,5
27368,1023,51,34,8
27369,1023,211,46,7
27370,1023,5,51,6
27371,1023,1,83,4
27372,1023,3,1,10
27373,1024,131,527,1
27374,1024,9,289,3
27375,1024,6,394,2
27376,1024,210,26,9
27377,1024,4,67,5
27378,1024,51,35,8
27379,1024,211,46,7
27380,1024,5,55,6
27381,1024,1,89,4
27382,1024,3,1,10
27383,1025,131,571,1
27384,1025,9,311,3
27385,1025,6,409,2
27386,1025,210,28,9
27387,1025,4,68,5
27388,1025,51,35,8
27389,1025,211,52,7
27390,1025,5,55,6
27391,1025,1,101,4
27392,1025,3,1,10
27413,1026,131,612,1
27414,1026,9,323,3
27415,1026,6,435,2
27416,1026,210,28,9
27417,1026,4,68,5
27418,1026,51,35,8
27419,1026,211,58,7
27420,1026,5,62,6
27421,1026,1,111,4
27422,1026,3,1,10
27423,1027,131,652,1
27424,1027,9,341,3
27425,1027,6,466,2
27426,1027,210,28,9
27427,1027,4,73,5
27428,1027,51,35,8
27429,1027,211,64,7
27430,1027,5,64,6
27431,1027,1,111,4
27432,1027,3,1,10
27433,1028,131,695,1
27434,1028,9,366,3
27435,1028,6,479,2
27436,1028,210,28,9
27437,1028,4,83,5
27438,1028,51,35,8
27439,1028,211,65,6
27440,1028,5,64,7
27441,1028,1,121,4
27442,1028,3,1,10
27443,1029,131,701,1
27444,1029,9,391,3
27445,1029,6,479,2
27446,1029,210,28,9
27447,1029,4,91,5
27448,1029,51,57,8
27449,1029,211,67,7
27450,1029,5,83,6
27451,1029,1,140,4
27452,1029,3,1,10
27453,1030,131,739,1
27454,1030,9,417,3
27455,1030,6,504,2
27456,1030,210,28,9
27457,1030,4,91,5
27458,1030,51,57,8
27459,1030,211,73,7
27460,1030,5,85,6
27461,1030,1,145,4
27462,1030,3,1,10
27483,1032,131,80,1
27484,1032,6,19,5
27485,1032,1,39,2
27486,1032,211,22,4
27487,1032,213,7,7
27488,1032,4,8,6
27489,1032,51,2,8
27490,1032,3,0,9
27491,1032,9,27,3
27492,1032,210,0,10
27503,1033,131,121,1
27504,1033,6,27,5
27505,1033,1,41,3
27506,1033,211,40,4
27507,1033,213,7,7
27508,1033,4,12,6
27509,1033,51,2,8
27510,1033,3,0,10
27511,1033,9,55,2
27512,1033,210,1,9
27513,1034,131,146,1
27514,1034,6,43,4
27515,1034,1,51,3
27516,1034,211,42,5
27517,1034,213,13,7
27518,1034,4,32,6
27519,1034,51,2,8
27520,1034,3,0,10
27521,1034,9,78,2
27522,1034,210,1,9
27523,1035,131,180,1
27524,1035,6,55,3
27525,1035,1,53,4
27526,1035,211,41,5
27527,1035,213,14,7
27528,1035,4,36,6
27529,1035,51,2,8
27530,1035,3,0,10
27531,1035,9,113,2
27532,1035,210,1,9
27533,1036,131,221,1
27534,1036,6,61,5
27535,1036,1,62,4
27536,1036,211,63,3
27537,1036,213,16,7
27538,1036,4,36,6
27539,1036,51,2,8
27540,1036,3,0,10
27541,1036,9,135,2
27542,1036,210,1,9
27543,1037,131,264,1
27544,1037,6,61,5
27545,1037,1,68,3
27546,1037,211,66,4
27547,1037,213,20,7
27548,1037,4,59,6
27549,1037,51,2,8
27550,1037,3,0,10
27551,1037,9,158,2
27552,1037,210,1,9
27553,1038,131,281,1
27554,1038,6,61,6
27555,1038,1,98,3
27556,1038,211,82,4
27557,1038,213,47,7
27558,1038,4,71,5
27559,1038,51,2,8
27560,1038,3,0,10
27561,1038,9,158,2
27562,1038,210,1,9
27563,1039,131,325,1
27564,1039,6,66,6
27565,1039,1,106,3
27566,1039,211,92,4
27567,1039,213,53,7
27568,1039,4,83,5
27569,1039,51,4,8
27570,1039,3,0,10
27571,1039,9,173,2
27572,1039,210,1,9
27573,1031,131,37,1
27574,1031,6,19,3
27575,1031,1,26,2
27576,1031,211,8,4
27577,1031,213,6,5
27578,1031,4,4,6
27579,1031,51,2,7
27580,1031,3,0,8
27581,1031,9,0,9
27582,1031,210,0,10
27583,1040,131,366,1
27584,1040,6,74,6
27585,1040,1,106,3
27586,1040,211,104,4
27587,1040,213,59,7
27588,1040,4,99,5
27589,1040,51,4,8
27590,1040,3,0,10
27591,1040,9,192,2
27592,1040,210,1,9
27593,1041,131,391,1
27594,1041,6,80,6
27595,1041,1,116,4
27596,1041,211,120,3
27597,1041,213,67,7
27598,1041,4,114,5
27599,1041,51,5,8
27600,1041,3,0,10
27601,1041,9,211,2
27602,1041,210,3,9
27603,1042,131,435,1
27604,1042,6,93,6
27605,1042,1,124,4
27606,1042,211,126,3
27607,1042,213,77,7
27608,1042,4,120,5
27609,1042,51,5,8
27610,1042,3,0,10
27611,1042,9,226,2
27612,1042,210,3,9
27613,1043,131,479,1
27614,1043,6,103,6
27615,1043,1,134,4
27616,1043,211,134,5
27617,1043,213,89,7
27618,1043,4,135,3
27619,1043,51,8,8
27620,1043,3,0,10
27621,1043,9,226,2
27622,1043,210,3,9
27623,1044,131,504,1
27624,1044,6,130,6
27625,1044,1,149,4
27626,1044,211,154,3
27627,1044,213,89,7
27628,1044,4,136,5
27629,1044,51,8,8
27630,1044,3,0,10
27631,1044,9,240,2
27632,1044,210,3,9
27633,1045,131,533,1
27634,1045,6,131,6
27635,1045,1,171,3
27636,1045,211,154,4
27637,1045,213,97,7
27638,1045,4,144,5
27639,1045,51,8,8
27640,1045,3,0,10
27641,1045,9,274,2
27642,1045,210,3,9
27643,1046,131,540,1
27644,1046,6,131,6
27645,1046,1,184,4
27646,1046,211,194,3
27647,1046,213,103,7
27648,1046,4,172,5
27649,1046,51,8,8
27650,1046,3,0,10
27651,1046,9,282,2
27652,1046,210,3,9
27653,1047,131,573,1
27654,1047,6,131,6
27655,1047,1,202,3
27656,1047,211,195,4
27657,1047,213,107,7
27658,1047,4,181,5
27659,1047,51,8,8
27660,1047,3,0,10
27661,1047,9,319,2
27662,1047,210,3,9
27673,1052,131,41,1
27674,1052,9,28,2
27675,1052,1,18,3
27676,1052,6,12,4
27677,1052,213,2,5
27678,1052,117,1,6
27679,1052,51,0,7
27680,1052,214,0,8
27681,1052,3,0,9
27682,1052,210,0,10
27703,1053,131,60,1
27704,1053,9,53,2
27705,1053,1,41,3
27706,1053,6,34,4
27707,1053,213,8,5
27708,1053,117,5,6
27709,1053,51,0,8
27710,1053,214,3,7
27711,1053,3,0,9
27712,1053,210,0,10
27713,1054,131,101,1
27714,1054,9,83,2
27715,1054,1,53,3
27716,1054,6,42,4
27717,1054,213,9,6
27718,1054,117,5,7
27719,1054,51,0,8
27720,1054,214,13,5
27721,1054,3,0,9
27722,1054,210,0,10
27723,1055,131,141,1
27724,1055,9,112,2
27725,1055,1,65,3
27726,1055,6,60,4
27727,1055,213,10,6
27728,1055,117,5,7
27729,1055,51,0,8
27730,1055,214,15,5
27731,1055,3,0,9
27732,1055,210,0,10
27733,1056,131,148,2
27734,1056,9,149,1
27735,1056,1,80,3
27736,1056,6,78,4
27737,1056,213,18,6
27738,1056,117,19,5
27739,1056,51,1,8
27740,1056,214,17,7
27741,1056,3,0,9
27742,1056,210,0,10
27743,1057,131,148,2
27744,1057,9,174,1
27745,1057,1,92,4
27746,1057,6,94,3
27747,1057,213,39,5
27748,1057,117,37,6
27749,1057,51,2,8
27750,1057,214,25,7
27751,1057,3,0,10
27752,1057,210,0,9
27753,1059,131,178,2
27754,1059,9,215,1
27755,1059,1,110,3
27756,1059,6,94,4
27757,1059,213,45,5
27758,1059,117,40,6
27759,1059,51,2,8
27760,1059,214,29,7
27761,1059,3,0,9
27762,1059,210,0,10
27763,1058,131,212,2
27764,1058,9,252,1
27765,1058,1,120,3
27766,1058,6,108,4
27767,1058,213,46,5
27768,1058,117,44,6
27769,1058,51,2,8
27770,1058,214,31,7
27771,1058,3,0,9
27772,1058,210,0,10
27783,1060,131,242,2
27784,1060,9,286,1
27785,1060,1,141,3
27786,1060,6,122,4
27787,1060,213,48,5
27788,1060,117,44,6
27789,1060,51,2,8
27790,1060,214,32,7
27791,1060,3,0,9
27792,1060,210,0,10
27793,1061,131,285,2
27794,1061,9,289,1
27795,1061,1,163,3
27796,1061,6,148,4
27797,1061,213,49,5
27798,1061,117,48,6
27799,1061,51,2,8
27800,1061,214,40,7
27801,1061,3,0,9
27802,1061,210,0,10
27813,1062,131,303,1
27814,1062,9,291,2
27815,1062,1,163,4
27816,1062,6,163,3
27817,1062,213,68,6
27818,1062,117,48,7
27819,1062,51,3,9
27820,1062,214,77,5
27821,1062,3,10,8
27822,1062,210,0,10
27823,1063,131,310,1
27824,1063,9,304,2
27825,1063,1,169,3
27826,1063,6,166,4
27827,1063,213,72,6
27828,1063,117,53,7
27829,1063,51,3,9
27830,1063,214,80,5
27831,1063,3,20,8
27832,1063,210,0,10
27833,1064,131,344,1
27834,1064,9,332,2
27835,1064,1,170,4
27836,1064,6,182,3
27837,1064,213,84,6
27838,1064,117,53,7
27839,1064,51,3,9
27840,1064,214,90,5
27841,1064,3,20,8
27842,1064,210,0,10
27843,1065,131,362,1
27844,1065,9,344,2
27845,1065,1,215,3
27846,1065,6,202,4
27847,1065,213,84,6
27848,1065,117,59,7
27849,1065,51,3,9
27850,1065,214,95,5
27851,1065,3,22,8
27852,1065,210,0,10
27853,1066,131,398,1
27854,1066,9,364,2
27855,1066,1,234,3
27856,1066,6,216,4
27857,1066,213,84,6
27858,1066,117,59,7
27859,1066,51,7,9
27860,1066,214,103,5
27861,1066,3,23,8
27862,1066,210,0,10
27863,1067,131,434,1
27864,1067,9,398,2
27865,1067,1,240,3
27866,1067,6,232,4
27867,1067,213,92,6
27868,1067,117,61,7
27869,1067,51,7,9
27870,1067,214,104,5
27871,1067,3,23,8
27872,1067,210,0,10
27873,1069,131,460,1
27874,1069,9,438,2
27875,1069,1,254,3
27876,1069,6,250,4
27877,1069,213,94,6
27878,1069,117,62,7
27879,1069,51,7,9
27880,1069,214,104,5
27881,1069,3,23,8
27882,1069,210,0,10
27883,1070,131,478,1
27884,1070,9,478,2
27885,1070,1,255,4
27886,1070,6,268,3
27887,1070,213,106,6
27888,1070,117,68,7
27889,1070,51,11,9
27890,1070,214,106,5
27891,1070,3,23,8
27892,1070,210,0,10
27893,1071,131,522,1
27894,1071,9,510,2
27895,1071,1,256,4
27896,1071,6,288,3
27897,1071,213,112,6
27898,1071,117,68,7
27899,1071,51,11,9
27900,1071,214,112,5
27901,1071,3,23,8
27902,1071,210,0,10
27903,1051,131,546,1
27904,1051,9,542,2
27905,1051,1,258,4
27906,1051,6,298,3
27907,1051,213,112,6
27908,1051,117,77,7
27909,1051,51,11,9
27910,1051,214,137,5
27911,1051,3,23,8
27912,1051,210,0,10
27913,1072,131,588,1
27914,1072,9,560,2
27915,1072,1,269,4
27916,1072,6,308,3
27917,1072,213,120,6
27918,1072,117,77,7
27919,1072,51,13,9
27920,1072,214,149,5
27921,1072,3,23,8
27922,1072,210,0,10
27923,1073,131,614,1
27924,1073,9,586,2
27925,1073,1,275,4
27926,1073,6,324,3
27927,1073,213,142,6
27928,1073,117,77,7
27929,1073,51,13,9
27930,1073,214,155,5
27931,1073,3,23,8
27932,1073,210,0,10
27943,71,4,16,1
27944,71,6,8,2
27945,71,9,7,3
27946,71,3,4,4
27947,71,1,4,5
27948,71,7,0,6
27949,71,15,0,7
27950,71,16,0,10
27951,71,17,0,8
27952,71,18,0,9
27953,72,4,26,1
27954,72,6,10,4
27955,72,9,11,3
27956,72,3,10,5
27957,72,1,9,6
27958,72,7,12,2
27959,72,15,0,7
27960,72,16,0,10
27961,72,17,0,8
27962,72,18,0,9
27963,73,4,36,1
27964,73,6,10,6
27965,73,9,12,5
27966,73,3,13,4
27967,73,1,19,3
27968,73,7,25,2
27969,73,15,2,7
27970,73,16,0,10
27971,73,17,0,8
27972,73,18,0,9
27973,74,4,46,1
27974,74,6,18,4
27975,74,9,13,6
27976,74,3,18,5
27977,74,1,25,3
27978,74,7,29,2
27979,74,15,7,7
27980,74,16,0,10
27981,74,17,0,8
27982,74,18,0,9
27983,75,4,58,1
27984,75,6,18,5
27985,75,9,14,6
27986,75,3,21,4
27987,75,1,37,3
27988,75,7,40,2
27989,75,15,7,7
27990,75,16,0,10
27991,75,17,0,8
27992,75,18,0,9
27993,76,4,63,1
27994,76,6,21,5
27995,76,9,14,6
27996,76,3,35,4
27997,76,1,51,2
27998,76,7,43,3
27999,76,15,7,7
28000,76,16,0,10
28001,76,17,0,8
28002,76,18,0,9
28003,77,4,76,1
28004,77,6,31,5
28005,77,9,19,6
28006,77,3,43,4
28007,77,1,53,2
28008,77,7,44,3
28009,77,15,7,7
28010,77,16,0,9
28011,77,17,0,8
28012,77,18,0,10
28013,78,4,76,1
28014,78,6,45,5
28015,78,9,22,6
28016,78,3,47,3
28017,78,1,63,2
28018,78,7,47,4
28019,78,15,12,7
28020,78,16,0,9
28021,78,17,0,8
28022,78,18,0,10
28023,79,4,76,1
28024,79,6,63,3
28025,79,9,22,6
28026,79,3,47,4
28027,79,1,63,2
28028,79,7,47,5
28029,79,15,12,7
28030,79,16,0,10
28031,79,17,11,8
28032,79,18,7,9
28033,80,4,89,1
28034,80,6,69,3
28035,80,9,22,6
28036,80,3,47,5
28037,80,1,71,2
28038,80,7,53,4
28039,80,15,13,7
28040,80,16,5,10
28041,80,17,11,8
28042,80,18,7,9
28043,81,4,102,1
28044,81,6,74,3
28045,81,9,22,6
28046,81,3,47,5
28047,81,1,87,2
28048,81,7,54,4
28049,81,15,13,7
28050,81,16,9,9
28051,81,17,11,8
28052,81,18,7,10
28053,82,4,117,1
28054,82,6,78,3
28055,82,9,24,6
28056,82,3,47,5
28057,82,1,95,2
28058,82,7,57,4
28059,82,15,14,8
28060,82,16,15,7
28061,82,17,11,9
28062,82,18,7,10
28063,83,4,117,1
28064,83,6,86,3
28065,83,9,24,6
28066,83,3,52,5
28067,83,1,105,2
28068,83,7,68,4
28069,83,15,14,8
28070,83,16,20,7
28071,83,17,11,9
28072,83,18,7,10
28073,84,4,130,1
28074,84,6,86,3
28075,84,9,27,6
28076,84,3,52,5
28077,84,1,121,2
28078,84,7,71,4
28079,84,15,14,8
28080,84,16,24,7
28081,84,17,11,9
28082,84,18,7,10
28083,85,4,144,1
28084,85,6,86,3
28085,85,9,27,6
28086,85,3,54,5
28087,85,1,136,2
28088,85,7,78,4
28089,85,15,14,8
28090,85,16,25,7
28091,85,17,11,9
28092,85,18,7,10
28093,86,4,152,1
28094,86,6,90,3
28095,86,9,27,7
28096,86,3,59,5
28097,86,1,146,2
28098,86,7,80,4
28099,86,15,17,8
28100,86,16,31,6
28101,86,17,12,9
28102,86,18,7,10
28103,87,4,162,2
28104,87,6,98,3
28105,87,9,27,7
28106,87,3,59,5
28107,87,1,164,1
28108,87,7,81,4
28109,87,15,17,8
28110,87,16,33,6
28111,87,17,12,9
28112,87,18,7,10
28113,88,4,176,1
28114,88,6,100,3
28115,88,9,30,7
28116,88,3,64,5
28117,88,1,174,2
28118,88,7,82,4
28119,88,15,17,8
28120,88,16,37,6
28121,88,17,12,9
28122,88,18,7,10
28123,89,4,191,1
28124,89,6,100,3
28125,89,9,34,7
28126,89,3,66,5
28127,89,1,182,2
28128,89,7,88,4
28129,89,15,20,8
28130,89,16,38,6
28131,89,17,12,9
28132,89,18,7,10
28133,1074,6,44,1
28134,1074,131,27,2
28135,1074,210,10,3
28136,1074,51,9,4
28137,1074,214,8,5
28138,1074,213,4,6
28139,1074,117,0,7
28140,1074,3,0,8
28141,1074,1,0,9
28142,1074,9,0,10
28143,1075,6,78,1
28144,1075,131,38,2
28145,1075,210,12,5
28146,1075,51,9,6
28147,1075,214,16,4
28148,1075,213,8,7
28149,1075,117,0,9
28150,1075,3,0,10
28151,1075,1,6,8
28152,1075,9,37,3
28153,1076,6,104,1
28154,1076,131,65,2
28155,1076,210,12,7
28156,1076,51,13,6
28157,1076,214,22,5
28158,1076,213,10,8
28159,1076,117,0,10
28160,1076,3,1,9
28161,1076,1,24,4
28162,1076,9,55,3
28163,1077,6,124,1
28164,1077,131,77,3
28165,1077,210,15,8
28166,1077,51,25,5
28167,1077,214,22,6
28168,1077,213,16,7
28169,1077,117,5,9
28170,1077,3,1,10
28171,1077,1,46,4
28172,1077,9,113,2
28173,1078,6,157,1
28174,1078,131,95,3
28175,1078,210,15,8
28176,1078,51,31,5
28177,1078,214,26,6
28178,1078,213,16,7
28179,1078,117,6,9
28180,1078,3,3,10
28181,1078,1,46,4
28182,1078,9,151,2
28183,1079,6,169,2
28184,1079,131,120,3
28185,1079,210,15,8
28186,1079,51,39,5
28187,1079,214,34,6
28188,1079,213,17,7
28189,1079,117,6,9
28190,1079,3,3,10
28191,1079,1,50,4
28192,1079,9,195,1
28193,1080,6,199,2
28194,1080,131,134,3
28195,1080,210,15,8
28196,1080,51,41,5
28197,1080,214,40,6
28198,1080,213,17,7
28199,1080,117,7,9
28200,1080,3,3,10
28201,1080,1,59,4
28202,1080,9,235,1
28203,1081,6,199,2
28204,1081,131,161,3
28205,1081,210,15,8
28206,1081,51,41,6
28207,1081,214,47,5
28208,1081,213,27,7
28209,1081,117,15,9
28210,1081,3,3,10
28211,1081,1,65,4
28212,1081,9,279,1
28223,1082,6,228,2
28224,1082,131,188,3
28225,1082,210,15,9
28226,1082,51,51,6
28227,1082,214,57,5
28228,1082,213,27,7
28229,1082,117,16,8
28230,1082,3,3,10
28231,1082,1,65,4
28232,1082,9,304,1
28233,1083,6,265,2
28234,1083,131,204,3
28235,1083,210,20,8
28236,1083,51,51,6
28237,1083,214,67,5
28238,1083,213,27,7
28239,1083,117,18,9
28240,1083,3,3,10
28241,1083,1,73,4
28242,1083,9,328,1
28243,1084,6,303,2
28244,1084,131,237,3
28245,1084,210,34,7
28246,1084,51,51,6
28247,1084,214,81,5
28248,1084,213,27,8
28249,1084,117,18,9
28250,1084,3,3,10
28251,1084,1,81,4
28252,1084,9,359,1
28253,1085,6,314,2
28254,1085,131,270,3
28255,1085,210,34,7
28256,1085,51,51,6
28257,1085,214,93,4
28258,1085,213,27,8
28259,1085,117,19,9
28260,1085,3,3,10
28261,1085,1,89,5
28262,1085,9,396,1
28263,1086,6,334,2
28264,1086,131,304,3
28265,1086,210,34,7
28266,1086,51,51,6
28267,1086,214,99,4
28268,1086,213,27,8
28269,1086,117,20,9
28270,1086,3,3,10
28271,1086,1,95,5
28272,1086,9,431,1
28273,1087,6,357,2
28274,1087,131,316,3
28275,1087,210,34,7
28276,1087,51,51,6
28277,1087,214,115,4
28278,1087,213,29,8
28279,1087,117,24,9
28280,1087,3,4,10
28281,1087,1,95,5
28282,1087,9,475,1
28283,1088,6,376,2
28284,1088,131,346,3
28285,1088,210,34,7
28286,1088,51,51,6
28287,1088,214,125,4
28288,1088,213,29,8
28289,1088,117,25,9
28290,1088,3,4,10
28291,1088,1,101,5
28292,1088,9,511,1
28293,1089,6,406,2
28294,1089,131,371,3
28295,1089,210,34,7
28296,1089,51,52,6
28297,1089,214,125,4
28298,1089,213,33,8
28299,1089,117,25,9
28300,1089,3,6,10
28301,1089,1,107,5
28302,1089,9,545,1
28303,1091,6,439,2
28304,1091,131,373,3
28305,1091,210,34,8
28306,1091,51,52,6
28307,1091,214,125,5
28308,1091,213,34,9
28309,1091,117,37,7
28310,1091,3,6,10
28311,1091,1,129,4
28312,1091,9,576,1
28323,1092,6,454,2
28324,1092,131,387,3
28325,1092,210,34,8
28326,1092,51,52,6
28327,1092,214,143,4
28328,1092,213,34,9
28329,1092,117,45,7
28330,1092,3,8,10
28331,1092,1,130,5
28332,1092,9,619,1
28363,1093,6,469,2
28364,1093,131,416,3
28365,1093,210,36,8
28366,1093,51,52,6
28367,1093,214,149,4
28368,1093,213,35,9
28369,1093,117,49,7
28370,1093,3,8,10
28371,1093,1,138,5
28372,1093,9,656,1
28373,1094,6,487,2
28374,1094,131,447,3
28375,1094,210,36,8
28376,1094,51,53,6
28377,1094,214,153,4
28378,1094,213,35,9
28379,1094,117,49,7
28380,1094,3,8,10
28381,1094,1,146,5
28382,1094,9,696,1
28383,1095,6,524,2
28384,1095,131,505,3
28385,1095,210,37,8
28386,1095,51,55,6
28387,1095,214,167,4
28388,1095,213,35,9
28389,1095,117,50,7
28390,1095,3,8,10
28391,1095,1,148,5
28392,1095,9,719,1
28393,1096,6,554,2
28394,1096,131,515,3
28395,1096,210,37,8
28396,1096,51,55,6
28397,1096,214,173,4
28398,1096,213,35,9
28399,1096,117,55,7
28400,1096,3,8,10
28401,1096,1,159,5
28402,1096,9,759,1
28433,1099,9,87,1
28434,1099,117,38,2
28435,1099,6,26,4
28436,1099,131,38,3
28437,1099,51,4,6
28438,1099,214,8,5
28439,1099,3,1,8
28440,1099,213,0,9
28441,1099,210,1,7
28442,1099,1,0,10
28443,1100,9,123,1
28444,1100,117,65,2
28445,1100,6,26,4
28446,1100,131,56,3
28447,1100,51,6,8
28448,1100,214,8,6
28449,1100,3,1,10
28450,1100,213,1,9
28451,1100,210,7,7
28452,1100,1,12,5
28453,1101,9,180,1
28454,1101,117,87,2
28455,1101,6,62,4
28456,1101,131,76,3
28457,1101,51,6,8
28458,1101,214,8,6
28459,1101,3,1,10
28460,1101,213,2,9
28461,1101,210,7,7
28462,1101,1,14,5
28463,1102,9,224,1
28464,1102,117,102,2
28465,1102,6,78,4
28466,1102,131,96,3
28467,1102,51,6,8
28468,1102,214,14,6
28469,1102,3,1,10
28470,1102,213,2,9
28471,1102,210,8,7
28472,1102,1,14,5
28473,1104,9,249,1
28474,1104,117,120,2
28475,1104,6,90,4
28476,1104,131,119,3
28477,1104,51,6,8
28478,1104,214,35,5
28479,1104,3,1,10
28480,1104,213,2,9
28481,1104,210,8,7
28482,1104,1,17,6
28483,1098,9,43,1
28484,1098,117,23,2
28485,1098,6,12,4
28486,1098,131,16,3
28487,1098,51,4,5
28488,1098,214,2,6
28489,1098,3,1,7
28490,1098,213,0,8
28491,1098,210,0,9
28492,1098,1,0,10
28493,1105,9,287,1
28494,1105,117,134,3
28495,1105,6,100,4
28496,1105,131,152,2
28497,1105,51,8,8
28498,1105,214,40,5
28499,1105,3,1,10
28500,1105,213,2,9
28501,1105,210,8,7
28502,1105,1,17,6
28513,1106,9,321,1
28514,1106,117,154,3
28515,1106,6,122,4
28516,1106,131,167,2
28517,1106,51,9,7
28518,1106,214,44,5
28519,1106,3,7,9
28520,1106,213,2,10
28521,1106,210,8,8
28522,1106,1,17,6
28533,1107,9,377,1
28534,1107,117,175,3
28535,1107,6,154,4
28536,1107,131,178,2
28537,1107,51,9,8
28538,1107,214,47,5
28539,1107,3,7,9
28540,1107,213,2,10
28541,1107,210,11,7
28542,1107,1,29,6
28543,1108,9,411,1
28544,1108,117,181,3
28545,1108,6,157,4
28546,1108,131,203,2
28547,1108,51,9,9
28548,1108,214,47,6
28549,1108,3,11,7
28550,1108,213,2,10
28551,1108,210,11,8
28552,1108,1,59,5
28553,1109,9,452,1
28554,1109,117,184,3
28555,1109,6,167,4
28556,1109,131,223,2
28557,1109,51,9,9
28558,1109,214,47,6
28559,1109,3,11,7
28560,1109,213,2,10
28561,1109,210,11,8
28562,1109,1,87,5
28563,1110,9,503,1
28564,1110,117,196,3
28565,1110,6,191,4
28566,1110,131,247,2
28567,1110,51,9,9
28568,1110,214,57,6
28569,1110,3,11,7
28570,1110,213,3,10
28571,1110,210,11,8
28572,1110,1,103,5
28573,1111,9,540,1
28574,1111,117,215,3
28575,1111,6,201,4
28576,1111,131,255,2
28577,1111,51,9,9
28578,1111,214,73,6
28579,1111,3,15,7
28580,1111,213,3,10
28581,1111,210,11,8
28582,1111,1,111,5
28583,1112,9,583,1
28584,1112,117,217,4
28585,1112,6,228,3
28586,1112,131,273,2
28587,1112,51,10,9
28588,1112,214,73,6
28589,1112,3,21,7
28590,1112,213,3,10
28591,1112,210,11,8
28592,1112,1,115,5
28593,1113,9,597,1
28594,1113,117,217,4
28595,1113,6,265,3
28596,1113,131,289,2
28597,1113,51,10,9
28598,1113,214,81,6
28599,1113,3,21,7
28600,1113,213,5,10
28601,1113,210,12,8
28602,1113,1,139,5
28603,1114,9,623,1
28604,1114,117,221,4
28605,1114,6,285,3
28606,1114,131,305,2
28607,1114,51,10,9
28608,1114,214,84,6
28609,1114,3,21,7
28610,1114,213,5,10
28611,1114,210,12,8
28612,1114,1,172,5
28653,1115,9,657,1
28654,1115,117,230,4
28655,1115,6,298,3
28656,1115,131,326,2
28657,1115,51,16,8
28658,1115,214,90,6
28659,1115,3,23,7
28660,1115,213,5,10
28661,1115,210,12,9
28662,1115,1,219,5
28663,1116,9,706,1
28664,1116,117,236,5
28665,1116,6,322,3
28666,1116,131,344,2
28667,1116,51,16,8
28668,1116,214,100,6
28669,1116,3,26,7
28670,1116,213,10,10
28671,1116,210,12,9
28672,1116,1,242,4
28673,1117,9,731,1
28674,1117,117,236,5
28675,1117,6,349,3
28676,1117,131,371,2
28677,1117,51,16,9
28678,1117,214,101,6
28679,1117,3,28,7
28680,1117,213,16,8
28681,1117,210,12,10
28682,1117,1,256,4
28683,1118,9,782,1
28684,1118,117,261,5
28685,1118,6,362,3
28686,1118,131,382,2
28687,1118,51,16,9
28688,1118,214,108,6
28689,1118,3,28,7
28690,1118,213,21,8
28691,1118,210,12,10
28692,1118,1,282,4
28693,1119,9,822,1
28694,1119,117,273,5
28695,1119,6,388,3
28696,1119,131,392,2
28697,1119,51,16,9
28698,1119,214,120,6
28699,1119,3,28,7
28700,1119,213,21,8
28701,1119,210,12,10
28702,1119,1,284,4
28703,1120,9,860,1
28704,1120,117,280,5
28705,1120,6,406,3
28706,1120,131,409,2
28707,1120,51,16,9
28708,1120,214,120,6
28709,1120,3,28,7
28710,1120,213,25,8
28711,1120,210,12,10
28712,1120,1,302,4
28713,1121,9,44,1
28714,1121,6,27,2
28715,1121,131,16,3
28716,1121,1,12,4
28717,1121,117,3,5
28718,1121,15,0,6
28719,1121,210,0,7
28720,1121,215,0,8
28721,1121,3,0,9
28722,1121,214,0,10
28723,1122,9,87,1
28724,1122,6,49,2
28725,1122,131,26,4
28726,1122,1,28,3
28727,1122,117,13,5
28728,1122,15,0,8
28729,1122,210,1,6
28730,1122,215,0,9
28731,1122,3,0,7
28732,1122,214,0,10
28743,1123,9,97,1
28744,1123,6,93,2
28745,1123,131,26,4
28746,1123,1,55,3
28747,1123,117,25,5
28748,1123,15,0,9
28749,1123,210,4,7
28750,1123,215,6,6
28751,1123,3,0,8
28752,1123,214,0,10
28753,1124,9,141,1
28754,1124,6,120,2
28755,1124,131,34,4
28756,1124,1,69,3
28757,1124,117,33,5
28758,1124,15,0,9
28759,1124,210,4,7
28760,1124,215,7,6
28761,1124,3,0,8
28762,1124,214,0,10
28773,1125,9,195,1
28774,1125,6,151,2
28775,1125,131,52,4
28776,1125,1,96,3
28777,1125,117,40,5
28778,1125,15,0,10
28779,1125,210,5,7
28780,1125,215,7,6
28781,1125,3,0,8
28782,1125,214,0,9
28783,1126,9,239,1
28784,1126,6,187,2
28785,1126,131,64,4
28786,1126,1,124,3
28787,1126,117,42,5
28788,1126,15,0,10
28789,1126,210,7,7
28790,1126,215,19,6
28791,1126,3,0,9
28792,1126,214,1,8
28793,1127,9,268,1
28794,1127,6,212,2
28795,1127,131,79,4
28796,1127,1,154,3
28797,1127,117,44,5
28798,1127,15,0,10
28799,1127,210,7,7
28800,1127,215,20,6
28801,1127,3,0,9
28802,1127,214,1,8
28803,1128,9,276,1
28804,1128,6,252,2
28805,1128,131,96,4
28806,1128,1,184,3
28807,1128,117,44,5
28808,1128,15,0,10
28809,1128,210,7,7
28810,1128,215,24,6
28811,1128,3,2,8
28812,1128,214,2,9
28813,1129,9,301,1
28814,1129,6,252,2
28815,1129,131,124,4
28816,1129,1,212,3
28817,1129,117,58,5
28818,1129,15,0,10
28819,1129,210,7,7
28820,1129,215,28,6
28821,1129,3,2,9
28822,1129,214,5,8
28823,1130,9,330,1
28824,1130,6,270,2
28825,1130,131,151,4
28826,1130,1,237,3
28827,1130,117,58,5
28828,1130,15,0,10
28829,1130,210,7,8
28830,1130,215,28,6
28831,1130,3,2,9
28832,1130,214,8,7
28833,1131,9,355,1
28834,1131,6,291,2
28835,1131,131,196,4
28836,1131,1,268,3
28837,1131,117,58,5
28838,1131,15,0,10
28839,1131,210,19,7
28840,1131,215,30,6
28841,1131,3,2,9
28842,1131,214,9,8
28843,1132,9,373,1
28844,1132,6,302,2
28845,1132,131,221,4
28846,1132,1,295,3
28847,1132,117,68,5
28848,1132,15,0,10
28849,1132,210,27,7
28850,1132,215,31,6
28851,1132,3,4,9
28852,1132,214,9,8
28853,1133,9,389,1
28854,1133,6,322,3
28855,1133,131,241,4
28856,1133,1,338,2
28857,1133,117,69,5
28858,1133,15,0,10
28859,1133,210,27,7
28860,1133,215,33,6
28861,1133,3,4,9
28862,1133,214,9,8
28873,1134,9,408,1
28874,1134,6,345,3
28875,1134,131,266,4
28876,1134,1,366,2
28877,1134,117,73,5
28878,1134,15,0,10
28879,1134,210,27,7
28880,1134,215,34,6
28881,1134,3,4,9
28882,1134,214,11,8
28883,1135,9,434,1
28884,1135,6,370,3
28885,1135,131,276,4
28886,1135,1,404,2
28887,1135,117,74,5
28888,1135,15,0,10
28889,1135,210,27,7
28890,1135,215,34,6
28891,1135,3,4,9
28892,1135,214,13,8
28893,1136,9,446,1
28894,1136,6,407,3
28895,1136,131,292,4
28896,1136,1,438,2
28897,1136,117,74,5
28898,1136,15,0,10
28899,1136,210,28,7
28900,1136,215,34,6
28901,1136,3,6,9
28902,1136,214,13,8
28903,1137,9,456,2
28904,1137,6,425,3
28905,1137,131,309,4
28906,1137,1,476,1
28907,1137,117,82,5
28908,1137,15,0,10
28909,1137,210,29,7
28910,1137,215,34,6
28911,1137,3,16,8
28912,1137,214,13,9
28913,1138,9,475,2
28914,1138,6,441,3
28915,1138,131,329,4
28916,1138,1,516,1
28917,1138,117,86,5
28918,1138,15,0,10
28919,1138,210,31,7
28920,1138,215,34,6
28921,1138,3,16,8
28922,1138,214,13,9
28923,1139,9,504,2
28924,1139,6,496,3
28925,1139,131,344,4
28926,1139,1,544,1
28927,1139,117,86,5
28928,1139,15,0,10
28929,1139,210,38,6
28930,1139,215,36,7
28931,1139,3,17,8
28932,1139,214,13,9
28933,1140,9,512,3
28934,1140,6,537,2
28935,1140,131,366,4
28936,1140,1,566,1
28937,1140,117,86,5
28938,1140,15,0,10
28939,1140,210,46,6
28940,1140,215,36,7
28941,1140,3,17,8
28942,1140,214,14,9
28943,1141,9,544,3
28944,1141,6,557,2
28945,1141,131,382,4
28946,1141,1,593,1
28947,1141,117,86,5
28948,1141,15,0,10
28949,1141,210,46,7
28950,1141,215,44,8
28951,1141,3,17,9
28952,1141,214,49,6
28953,1142,9,555,3
28954,1142,6,584,2
28955,1142,131,425,4
28956,1142,1,608,1
28957,1142,117,86,5
28958,1142,15,0,10
28959,1142,210,50,6
28960,1142,215,46,8
28961,1142,3,17,9
28962,1142,214,49,7
28963,1143,9,581,3
28964,1143,6,619,2
28965,1143,131,446,4
28966,1143,1,640,1
28967,1143,117,92,5
28968,1143,15,4,10
28969,1143,210,54,7
28970,1143,215,46,8
28971,1143,3,17,9
28972,1143,214,59,6
28973,1144,9,589,3
28974,1144,6,652,2
28975,1144,131,468,4
28976,1144,1,666,1
28977,1144,117,94,5
28978,1144,15,4,10
28979,1144,210,58,7
28980,1144,215,46,8
28981,1144,3,17,9
28982,1144,214,65,6
28983,1145,1,27,1
28984,1145,131,27,2
28985,1145,9,18,3
28986,1145,3,10,4
28987,1145,117,8,5
28988,1145,15,6,6
28989,1145,6,5,7
28990,1145,214,0,8
28991,1145,215,0,9
28992,1145,210,0,10
28993,1146,1,78,1
28994,1146,131,57,2
28995,1146,9,36,3
28996,1146,3,17,4
28997,1146,6,17,5
28998,1146,210,14,6
28999,1146,117,10,7
29000,1146,15,6,8
29001,1146,215,3,9
29002,1146,214,0,10
29003,1147,1,111,1
29004,1147,131,75,2
29005,1147,9,61,3
29006,1147,6,35,4
29007,1147,3,19,5
29008,1147,210,15,6
29009,1147,117,10,7
29010,1147,215,7,8
29011,1147,15,6,9
29012,1147,214,0,10
29013,1148,1,151,1
29014,1148,131,93,2
29015,1148,9,71,3
29016,1148,6,57,4
29017,1148,210,20,5
29018,1148,3,19,6
29019,1148,117,10,7
29020,1148,215,7,8
29021,1148,214,6,9
29022,1148,15,6,10
29023,1149,1,188,1
29024,1149,131,111,2
29025,1149,9,89,3
29026,1149,6,78,4
29027,1149,3,25,5
29028,1149,210,20,6
29029,1149,117,10,7
29030,1149,215,8,8
29031,1149,214,6,9
29032,1149,15,6,10
29033,1150,1,246,1
29034,1150,131,141,2
29035,1150,9,105,3
29036,1150,6,94,4
29037,1150,3,37,5
29038,1150,210,20,6
29039,1150,117,14,7
29040,1150,215,8,8
29041,1150,214,7,9
29042,1150,15,6,10
29043,1151,1,279,1
29044,1151,131,147,2
29045,1151,9,131,3
29046,1151,6,114,4
29047,1151,3,51,5
29048,1151,210,20,6
29049,1151,117,14,7
29050,1151,215,10,8
29051,1151,214,7,9
29052,1151,15,6,10
29053,1152,1,319,1
29054,1152,131,147,2
29055,1152,9,143,3
29056,1152,6,142,4
29057,1152,3,54,5
29058,1152,210,26,6
29059,1152,215,22,7
29060,1152,117,14,8
29061,1152,214,7,9
29062,1152,15,6,10
29063,1153,1,362,1
29064,1153,6,165,2
29065,1153,131,159,3
29066,1153,9,144,4
29067,1153,3,54,5
29068,1153,215,28,6
29069,1153,210,26,7
29070,1153,15,16,8
29071,1153,117,16,9
29072,1153,214,11,10
29073,1154,1,374,1
29074,1154,131,199,2
29075,1154,6,183,3
29076,1154,9,162,4
29077,1154,3,55,5
29078,1154,210,28,6
29079,1154,215,28,7
29080,1154,117,22,8
29081,1154,15,20,9
29082,1154,214,11,10
29083,1155,1,417,1
29084,1155,6,210,2
29085,1155,131,209,3
29086,1155,9,162,4
29087,1155,3,55,5
29088,1155,215,36,6
29089,1155,210,29,7
29090,1155,117,28,8
29091,1155,15,26,9
29092,1155,214,11,10
29093,1156,1,460,1
29094,1156,6,222,2
29095,1156,131,210,3
29096,1156,9,172,4
29097,1156,3,59,5
29098,1156,15,41,6
29099,1156,215,36,7
29100,1156,117,36,8
29101,1156,210,29,9
29102,1156,214,19,10
29103,1157,1,516,1
29104,1157,6,248,2
29105,1157,131,220,3
29106,1157,9,192,4
29107,1157,3,70,5
29108,1157,15,43,6
29109,1157,215,41,7
29110,1157,117,36,8
29111,1157,210,35,9
29112,1157,214,20,10
29113,1158,1,559,1
29114,1158,6,260,2
29115,1158,131,236,3
29116,1158,9,194,4
29117,1158,3,70,5
29118,1158,117,52,6
29119,1158,15,51,7
29120,1158,215,45,8
29121,1158,210,35,9
29122,1158,214,20,10
29123,1159,1,584,1
29124,1159,6,260,2
29125,1159,131,248,3
29126,1159,9,214,4
29127,1159,3,80,5
29128,1159,117,62,6
29129,1159,215,60,7
29130,1159,15,51,8
29131,1159,210,44,9
29132,1159,214,20,10
29133,1160,1,617,1
29134,1160,6,280,2
29135,1160,131,260,3
29136,1160,9,239,4
29137,1160,3,86,5
29138,1160,117,62,6
29139,1160,215,61,7
29140,1160,15,55,8
29141,1160,210,44,9
29142,1160,214,20,10
29143,1161,1,623,1
29144,1161,131,290,2
29145,1161,6,286,3
29146,1161,9,272,4
29147,1161,3,101,5
29148,1161,215,72,6
29149,1161,117,62,7
29150,1161,15,55,8
29151,1161,210,44,9
29152,1161,214,20,10
29153,1162,1,650,1
29154,1162,131,325,2
29155,1162,6,298,3
29156,1162,9,290,4
29157,1162,3,102,5
29158,1162,215,72,6
29159,1162,117,68,7
29160,1162,15,55,8
29161,1162,210,46,9
29162,1162,214,20,10
29163,1163,1,678,1
29164,1163,131,341,2
29165,1163,6,334,3
29166,1163,9,331,4
29167,1163,3,111,5
29168,1163,215,72,6
29169,1163,117,69,7
29170,1163,15,59,8
29171,1163,210,48,9
29172,1163,214,20,10
29173,1164,1,713,1
29174,1164,6,356,2
29175,1164,131,355,3
29176,1164,9,346,4
29177,1164,3,111,5
29178,1164,215,72,6
29179,1164,117,69,7
29180,1164,210,62,8
29181,1164,15,60,9
29182,1164,214,20,10
29183,1165,1,756,1
29184,1165,131,398,2
29185,1165,9,366,3
29186,1165,6,362,4
29187,1165,3,111,5
29188,1165,215,82,6
29189,1165,117,72,7
29190,1165,210,70,8
29191,1165,15,62,9
29192,1165,214,22,10
29193,1166,1,756,1
29194,1166,131,431,2
29195,1166,9,391,3
29196,1166,6,378,4
29197,1166,3,121,5
29198,1166,215,90,6
29199,1166,210,73,7
29200,1166,117,72,8
29201,1166,15,68,9
29202,1166,214,22,10
29203,1167,1,800,1
29204,1167,131,459,2
29205,1167,9,426,3
29206,1167,6,382,4
29207,1167,3,137,5
29208,1167,215,92,6
29209,1167,117,80,7
29210,1167,210,73,8
29211,1167,15,68,9
29212,1167,214,22,10
29213,1168,1,833,1
29214,1168,131,469,2
29215,1168,9,451,3
29216,1168,6,398,4
29217,1168,3,137,5
29218,1168,215,92,6
29219,1168,117,89,7
29220,1168,210,79,8
29221,1168,15,70,9
29222,1168,214,22,10
29223,1169,131,43,1
29224,1169,6,27,2
29225,1169,1,10,3
29226,1169,9,8,4
29227,1169,210,6,5
29228,1169,215,4,6
29229,1169,217,2,7
29230,1169,214,1,8
29231,1169,3,0,9
29232,1169,216,0,10
29233,1169,117,0,
29234,1170,131,98,1
29235,1170,6,67,2
29236,1170,1,18,3
29237,1170,210,17,4
29238,1170,9,12,5
29239,1170,215,12,6
29240,1170,214,10,7
29241,1170,217,2,8
29242,1170,3,2,9
29243,1170,216,0,10
29244,1170,117,0,11
29245,1171,131,135,1
29246,1171,6,90,2
29247,1171,1,46,3
29248,1171,210,18,4
29249,1171,214,16,5
29250,1171,9,16,6
29251,1171,215,14,7
29252,1171,217,2,8
29253,1171,3,2,9
29254,1171,216,0,10
29255,1171,117,0,11
