driver_standings_ID,race_ID,driver_ID,cumul_points,cumul_position
1,18,1,10,1
2,18,2,8,2
3,18,3,6,3
4,18,4,5,4
5,18,5,4,5
6,18,6,3,6
7,18,7,2,7
8,18,8,1,8
9,19,1,14,1
10,19,2,11,3
11,19,3,6,6
12,19,4,6,7
13,19,5,10,4
14,19,6,3,9
15,19,7,2,10
16,19,8,11,2
17,19,9,8,5
18,19,15,5,8
19,19,17,2,11
20,19,14,0,12
21,19,18,0,13
22,19,12,0,14
23,19,21,0,15
24,19,22,0,16
25,19,19,0,17
26,19,11,0,18
27,20,1,14,3
28,20,2,16,2
29,20,3,7,8
30,20,4,6,9
31,20,5,14,5
32,20,6,3,11
33,20,7,2,12
34,20,8,19,1
35,20,9,14,4
36,20,15,8,7
37,20,17,4,10
38,20,14,0,13
39,20,18,0,15
40,20,12,0,17
41,20,21,0,18
42,20,22,0,16
43,20,19,0,19
44,20,11,0,20
45,20,13,10,6
46,20,10,0,14
47,20,16,0,21
48,21,1,20,2
49,21,2,16,5
50,21,3,7,9
51,21,4,6,10
52,21,5,14,6
53,21,6,5,11
54,21,7,2,13
55,21,8,29,1
56,21,9,19,3
57,21,15,9,7
58,21,17,8,8
59,21,14,0,15
60,21,18,3,12
61,21,12,0,18
62,21,21,0,16
63,21,22,0,17
64,21,19,0,20
65,21,11,0,19
66,21,13,18,4
67,21,10,0,14
68,21,16,0,21
69,22,1,28,3
70,22,2,20,5
71,22,3,8,10
72,22,4,9,8
73,22,5,14,6
74,22,6,5,11
75,22,7,2,13
76,22,8,35,1
77,22,9,24,4
78,22,15,9,9
79,22,17,10,7
80,22,14,0,14
81,22,18,3,12
82,22,12,0,18
83,22,21,0,16
84,22,22,0,17
85,22,19,0,20
86,22,11,0,19
87,22,13,28,2
88,22,10,0,15
89,22,16,0,21
90,22,20,0,22
91,23,1,38,1
92,23,2,20,5
93,23,3,8,10
94,23,4,9,8
95,23,5,15,6
96,23,6,7,11
97,23,7,2,15
98,23,8,35,2
99,23,9,32,4
100,23,15,9,9
101,23,17,15,7
102,23,14,0,16
103,23,18,3,13
104,23,12,0,19
105,23,21,0,18
106,23,22,3,14
107,23,19,0,21
108,23,11,0,20
109,23,13,34,3
110,23,10,0,17
111,23,16,0,22
112,23,20,4,12
113,24,1,38,2
114,24,2,28,5
115,24,3,8,10
116,24,4,9,9
117,24,5,15,6
118,24,6,7,11
119,24,7,2,17
120,24,8,35,4
121,24,9,42,1
122,24,15,12,8
123,24,17,15,7
124,24,14,6,12
125,24,18,3,16
126,24,12,0,19
127,24,21,0,18
128,24,22,5,15
129,24,19,0,21
130,24,11,0,20
131,24,13,38,3
132,24,10,5,13
133,24,16,0,22
134,24,20,5,14
135,25,1,38,4
136,25,2,28,5
137,25,3,8,10
138,25,4,10,9
139,25,5,20,6
140,25,6,7,11
141,25,7,2,18
142,25,8,43,3
143,25,9,46,2
144,25,15,18,7
145,25,17,18,8
146,25,14,6,12
147,25,18,3,16
148,25,12,2,17
149,25,21,0,19
150,25,22,5,15
151,25,19,0,21
152,25,11,0,20
153,25,13,48,1
154,25,10,5,13
155,25,16,0,22
156,25,20,5,14
157,26,1,48,1
158,26,2,36,5
159,26,3,8,11
160,26,4,13,9
161,26,5,24,6
162,26,6,8,12
163,26,7,2,17
164,26,8,48,3
165,26,9,46,4
166,26,15,20,7
167,26,17,18,8
168,26,14,6,13
169,26,18,3,16
170,26,12,2,18
171,26,21,0,19
172,26,22,11,10
173,26,19,0,21
174,26,11,0,20
175,26,13,48,2
176,26,10,5,14
177,26,16,0,22
178,26,20,5,15
179,27,1,58,1
180,27,2,41,5
181,27,3,8,12
182,27,4,13,9
183,27,5,28,6
184,27,6,8,13
185,27,7,2,18
186,27,8,51,3
187,27,9,48,4
188,27,15,20,7
189,27,17,18,8
190,27,14,6,14
191,27,18,3,17
192,27,12,10,11
193,27,21,0,19
194,27,22,11,10
195,27,19,0,22
196,27,11,0,20
197,27,13,54,2
198,27,10,5,16
199,27,16,0,21
200,27,20,6,15
201,28,1,62,1
202,28,2,41,5
203,28,3,8,13
204,28,4,18,8
205,28,5,38,6
206,28,6,8,14
207,28,7,2,18
208,28,8,57,2
209,28,9,49,4
210,28,15,22,7
211,28,17,18,9
212,28,14,6,15
213,28,18,3,17
214,28,12,13,11
215,28,21,0,19
216,28,22,11,12
217,28,19,0,22
218,28,11,0,20
219,28,13,54,3
220,28,10,13,10
221,28,16,0,21
222,28,20,6,16
223,29,1,70,1
224,29,2,41,6
225,29,3,9,13
226,29,4,18,8
227,29,5,43,5
228,29,6,8,15
229,29,7,2,18
230,29,8,57,3
231,29,9,55,4
232,29,15,26,7
233,29,17,18,9
234,29,14,6,16
235,29,18,3,17
236,29,12,13,11
237,29,21,0,19
238,29,22,11,12
239,29,19,0,22
240,29,11,0,20
241,29,13,64,2
242,29,10,15,10
243,29,16,0,21
244,29,20,9,14
245,30,1,76,1
246,30,2,49,5
247,30,3,9,14
248,30,4,23,8
249,30,5,43,6
250,30,6,8,15
251,30,7,4,17
252,30,8,57,4
253,30,9,58,3
254,30,15,26,7
255,30,17,19,9
256,30,14,6,16
257,30,18,3,18
258,30,12,13,11
259,30,21,0,19
260,30,22,11,13
261,30,19,0,22
262,30,11,0,21
263,30,13,74,2
264,30,10,15,10
265,30,16,0,20
266,30,20,13,12
267,31,1,78,1
268,31,2,53,5
269,31,3,9,14
270,31,4,28,7
271,31,5,51,6
272,31,6,8,15
273,31,7,4,17
274,31,8,57,4
275,31,9,64,3
276,31,15,26,8
277,31,17,20,10
278,31,14,6,16
279,31,18,3,18
280,31,12,13,12
281,31,21,0,19
282,31,22,11,13
283,31,19,0,22
284,31,11,0,21
285,31,13,77,2
286,31,10,15,11
287,31,16,0,20
288,31,20,23,9
289,32,1,84,1
290,32,2,56,5
291,32,3,17,12
292,32,4,38,7
293,32,5,51,6
294,32,6,9,15
295,32,7,4,17
296,32,8,57,4
297,32,9,64,3
298,32,15,26,9
299,32,17,20,11
300,32,14,8,16
301,32,18,3,18
302,32,12,13,13
303,32,21,0,19
304,32,22,11,14
305,32,19,0,22
306,32,11,0,21
307,32,13,77,2
308,32,10,20,10
309,32,16,0,20
310,32,20,27,8
311,33,1,84,1
312,33,2,56,5
313,33,3,17,13
314,33,4,48,7
315,33,5,51,6
316,33,6,9,15
317,33,7,4,17
318,33,8,63,4
319,33,9,72,3
320,33,15,30,9
321,33,17,21,10
322,33,14,8,16
323,33,18,3,18
324,33,12,18,12
325,33,21,0,19
326,33,22,11,14
327,33,19,0,22
328,33,11,0,21
329,33,13,79,2
330,33,10,20,11
331,33,16,0,20
332,33,20,30,8
355,35,1,98,1
356,35,2,60,6
357,35,3,17,13
358,35,4,61,5
359,35,5,53,7
360,35,6,9,15
361,35,7,4,17
362,35,8,75,3
363,35,9,75,4
364,35,15,31,9
365,35,17,21,11
366,35,14,8,16
367,35,18,3,18
368,35,12,19,12
369,35,21,0,19
370,35,22,11,14
371,35,19,0,22
372,35,11,0,21
373,35,13,97,2
374,35,10,25,10
375,35,16,0,20
376,35,20,35,8
3077,158,30,10,1
3078,158,22,6,2
3079,158,23,4,3
3080,158,35,3,4
3081,158,21,2,5
3082,158,41,1,6
3083,158,25,0,7
3084,158,48,0,8
3085,158,2,0,9
3086,159,30,20,1
3087,159,22,6,3
3088,159,23,6,4
3089,159,35,3,7
3090,159,21,8,2
3091,159,41,1,8
3092,159,25,0,11
3093,159,48,0,13
3094,159,2,0,14
3095,159,49,4,5
3096,159,15,3,6
3097,159,18,1,9
3098,159,50,0,10
3099,159,37,0,12
3100,159,60,0,15
3101,160,30,30,1
3102,160,22,9,2
3103,160,23,6,5
3104,160,35,5,6
3105,160,21,8,3
3106,160,41,1,10
3107,160,25,0,13
3108,160,48,0,18
3109,160,2,0,19
3110,160,49,4,8
3111,160,15,3,9
3112,160,18,1,11
3113,160,50,0,14
3114,160,37,0,16
3115,160,60,0,20
3116,160,57,6,4
3117,160,14,4,7
3118,160,63,1,12
3119,160,56,0,15
3120,160,64,0,17
3121,160,65,0,21
3122,161,30,34,1
3123,161,22,9,4
3124,161,23,9,5
3125,161,35,5,7
3126,161,21,8,6
3127,161,41,1,12
3128,161,25,0,13
3129,161,48,0,17
3130,161,2,0,19
3131,161,49,4,8
3132,161,15,4,9
3133,161,18,3,10
3134,161,50,0,15
3135,161,37,0,18
3136,161,60,0,21
3137,161,57,12,3
3138,161,14,14,2
3139,161,63,1,11
3140,161,56,0,14
3141,161,64,0,16
3142,161,65,0,20
3143,161,55,0,22
3144,162,30,36,1
3145,162,22,13,4
3146,162,23,12,5
3147,162,35,5,8
3148,162,21,8,6
3149,162,41,1,12
3150,162,25,0,13
3151,162,48,0,17
3152,162,2,0,19
3153,162,49,5,7
3154,162,15,4,9
3155,162,18,3,10
3156,162,50,0,15
3157,162,37,0,18
3158,162,60,0,21
3159,162,57,22,2
3160,162,14,20,3
3161,162,63,1,11
3162,162,56,0,14
3163,162,64,0,16
3164,162,65,0,20
3165,162,55,0,22
3166,163,30,46,1
3167,163,22,16,4
3168,163,23,12,5
3169,163,35,5,8
3170,163,21,10,6
3171,163,41,1,12
3172,163,25,0,15
3173,163,48,0,19
3174,163,2,0,21
3175,163,49,5,7
3176,163,15,4,9
3177,163,18,3,10
3178,163,50,0,17
3179,163,37,1,13
3180,163,60,0,18
3181,163,57,28,2
3182,163,14,24,3
3183,163,63,1,11
3184,163,56,0,16
3185,163,64,0,14
3186,163,65,0,22
3187,163,55,0,20
3188,164,30,46,1
3189,164,22,22,4
3190,164,23,12,6
3191,164,35,5,8
3192,164,21,14,5
3193,164,41,1,13
3194,164,25,0,16
3195,164,48,0,20
3196,164,2,0,18
3197,164,49,5,7
3198,164,15,4,9
3199,164,18,3,12
3200,164,50,0,17
3201,164,37,1,14
3202,164,60,0,19
3203,164,57,29,3
3204,164,14,34,2
3205,164,63,3,11
3206,164,56,3,10
3207,164,64,0,15
3208,164,65,0,21
3209,164,55,0,22
3210,165,30,56,1
3211,165,22,28,4
3212,165,23,12,6
3213,165,35,5,8
3214,165,21,18,5
3215,165,41,1,14
3216,165,25,0,17
3217,165,48,0,20
3218,165,2,0,18
3219,165,49,5,7
3220,165,15,5,9
3221,165,18,3,12
3222,165,50,2,13
3223,165,37,1,15
3224,165,60,0,19
3225,165,57,32,3
3226,165,14,34,2
3227,165,63,3,11
3228,165,56,3,10
3229,165,64,0,16
3230,165,65,0,21
3231,165,55,0,22
3232,166,30,56,1
3233,166,22,32,4
3234,166,23,14,6
3235,166,35,8,7
3236,166,21,18,5
3237,166,41,1,14
3238,166,25,0,17
3239,166,48,0,20
3240,166,2,0,18
3241,166,49,5,9
3242,166,15,6,8
3243,166,18,3,12
3244,166,50,2,13
3245,166,37,1,15
3246,166,60,0,19
3247,166,57,38,3
3248,166,14,44,2
3249,166,63,3,11
3250,166,56,3,10
3251,166,64,0,16
3252,166,65,0,21
3253,166,55,0,22
3254,167,30,56,1
3255,167,22,36,4
3256,167,23,14,6
3257,167,35,11,7
3258,167,21,18,5
3259,167,41,1,14
3260,167,25,0,17
3261,167,48,0,19
3262,167,2,0,20
3263,167,49,5,9
3264,167,15,6,8
3265,167,18,5,10
3266,167,50,2,13
3267,167,37,1,15
3268,167,60,0,21
3269,167,57,48,3
3270,167,14,50,2
3271,167,63,4,11
3272,167,56,3,12
3273,167,64,0,16
3274,167,65,0,18
3275,167,55,0,22
3276,167,54,0,23
3277,168,30,56,1
3278,168,22,46,4
3279,168,23,14,6
3280,168,35,11,7
3281,168,21,18,5
3282,168,41,1,15
3283,168,25,0,17
3284,168,48,0,19
3285,168,2,0,20
3286,168,49,5,11
3287,168,15,6,9
3288,168,18,8,8
3289,168,50,2,13
3290,168,37,2,14
3291,168,60,0,21
3292,168,57,54,3
3293,168,14,54,2
3294,168,63,6,10
3295,168,56,3,12
3296,168,64,0,16
3297,168,65,0,18
3298,168,55,0,22
3299,168,54,0,23
3300,169,30,62,2
3301,169,22,49,4
3302,169,23,16,6
3303,169,35,11,7
3304,169,21,18,5
3305,169,41,1,15
3306,169,25,0,17
3307,169,48,0,19
3308,169,2,0,20
3309,169,49,6,9
3310,169,15,6,10
3311,169,18,8,8
3312,169,50,2,13
3313,169,37,2,14
3314,169,60,0,21
3315,169,57,64,1
3316,169,14,58,3
3317,169,63,6,11
3318,169,56,3,12
3319,169,64,0,16
3320,169,65,0,18
3321,169,55,0,22
3322,169,54,0,23
3323,170,30,68,2
3324,170,22,49,4
3325,170,23,20,5
3326,170,35,11,7
3327,170,21,18,6
3328,170,41,1,15
3329,170,25,0,18
3330,170,48,0,19
3331,170,2,0,20
3332,170,49,7,9
3333,170,15,6,10
3334,170,18,10,8
3335,170,50,2,13
3336,170,37,2,14
3337,170,60,0,21
3338,170,57,74,1
3339,170,14,61,3
3340,170,63,6,11
3341,170,56,3,12
3342,170,64,0,16
3343,170,65,0,17
3344,170,55,0,22
3345,170,54,0,23
3346,171,30,78,2
3347,171,22,49,4
3348,171,23,24,5
3349,171,35,11,7
3350,171,21,18,6
3351,171,41,2,15
3352,171,25,2,14
3353,171,48,0,19
3354,171,2,0,20
3355,171,49,7,9
3356,171,15,6,10
3357,171,18,10,8
3358,171,50,5,12
3359,171,37,2,16
3360,171,60,0,21
3361,171,57,80,1
3362,171,14,61,3
3363,171,63,6,11
3364,171,56,3,13
3365,171,64,0,17
3366,171,65,0,18
3367,171,55,0,22
3368,171,54,0,23
3369,172,30,88,1
3370,172,22,55,4
3371,172,23,24,5
3372,172,35,14,7
3373,172,21,18,6
3374,172,41,3,14
3375,172,25,2,15
3376,172,48,0,19
3377,172,2,0,20
3378,172,49,11,8
3379,172,15,6,10
3380,172,18,10,9
3381,172,50,5,12
3382,172,37,2,16
3383,172,60,0,21
3384,172,57,80,2
3385,172,14,63,3
3386,172,63,6,11
3387,172,56,3,13
3388,172,64,0,17
3389,172,65,0,18
3390,172,55,0,22
3391,172,54,0,23
3392,173,30,98,1
3393,173,22,58,4
3394,173,23,24,5
3395,173,35,15,7
3396,173,21,18,6
3397,173,41,3,14
3398,173,25,2,15
3399,173,48,0,19
3400,173,2,0,20
3401,173,49,11,9
3402,173,15,6,10
3403,173,18,12,8
3404,173,50,5,12
3405,173,37,2,16
3406,173,60,0,21
3407,173,57,86,2
3408,173,14,67,3
3409,173,63,6,11
3410,173,56,3,13
3411,173,64,0,18
3412,173,65,0,17
3413,173,55,0,22
3414,173,54,0,23
3415,174,30,108,1
3416,174,22,62,4
3417,174,23,24,5
3418,174,35,17,7
3419,174,21,18,6
3420,174,41,3,14
3421,174,25,2,15
3422,174,48,0,19
3423,174,2,0,20
3424,174,49,11,9
3425,174,15,6,10
3426,174,18,12,8
3427,174,50,5,12
3428,174,37,2,16
3429,174,60,0,21
3430,174,57,89,2
3431,174,14,73,3
3432,174,63,6,11
3433,174,56,4,13
3434,174,64,0,18
3435,174,65,0,17
3436,174,55,0,22
3437,174,54,0,23
3438,34,1,94,1
3439,34,2,60,5
3440,34,3,17,13
3441,34,4,53,6
3442,34,5,51,7
3443,34,6,9,15
3444,34,7,4,17
3445,34,8,69,4
3446,34,9,75,3
3447,34,15,30,9
3448,34,17,21,11
3449,34,14,8,16
3450,34,18,3,18
3451,34,12,19,12
3452,34,21,0,19
3453,34,22,11,14
3454,34,19,0,22
3455,34,11,0,21
3456,34,13,87,2
3457,34,10,22,10
3458,34,16,0,20
3459,34,20,30,8
4291,191,57,10,1
4292,191,14,6,2
4293,191,49,4,3
4294,191,56,3,4
4295,191,35,2,5
4296,191,65,1,6
4297,191,25,0,7
4298,191,71,0,8
4299,191,44,0,9
4300,192,57,20,1
4301,192,14,12,2
4302,192,49,6,3
4303,192,56,3,6
4304,192,35,2,7
4305,192,65,1,8
4306,192,25,3,5
4307,192,71,0,10
4308,192,44,0,12
4309,192,30,4,4
4310,192,21,1,9
4311,192,55,0,11
4312,192,76,0,13
4313,193,57,26,1
4314,193,14,13,3
4315,193,49,6,5
4316,193,56,7,4
4317,193,35,2,7
4318,193,65,1,10
4319,193,25,6,6
4320,193,71,0,11
4321,193,44,0,12
4322,193,30,14,2
4323,193,21,1,9
4324,193,55,2,8
4325,193,76,0,14
4326,193,22,0,13
4327,193,15,0,15
4328,193,68,0,16
4329,193,75,0,17
4330,193,73,0,18
4331,194,57,26,1
4332,194,14,23,2
4333,194,49,8,5
4334,194,56,11,4
4335,194,35,5,7
4336,194,65,1,10
4337,194,25,6,6
4338,194,71,0,12
4339,194,44,0,14
4340,194,30,20,3
4341,194,21,1,9
4342,194,55,3,8
4343,194,76,0,17
4344,194,22,0,16
4345,194,15,0,18
4346,194,68,0,19
4347,194,75,0,20
4348,194,73,0,21
4349,194,23,0,11
4350,194,74,0,13
4351,194,63,0,15
4352,195,57,36,1
4353,195,14,29,2
4354,195,49,8,6
4355,195,56,11,4
4356,195,35,6,7
4357,195,65,1,10
4358,195,25,9,5
4359,195,71,0,13
4360,195,44,0,15
4361,195,30,24,3
4362,195,21,1,11
4363,195,55,3,8
4364,195,76,0,18
4365,195,22,2,9
4366,195,15,0,16
4367,195,68,0,19
4368,195,75,0,20
4369,195,73,0,21
4370,195,23,0,12
4371,195,74,0,14
4372,195,63,0,17
4373,196,57,46,1
4374,196,14,29,2
4375,196,49,8,6
4376,196,56,15,4
4377,196,35,8,7
4378,196,65,1,12
4379,196,25,9,5
4380,196,71,0,15
4381,196,44,0,17
4382,196,30,24,3
4383,196,21,7,8
4384,196,55,3,10
4385,196,76,0,20
4386,196,22,2,11
4387,196,15,0,18
4388,196,68,0,21
4389,196,75,0,19
4390,196,73,0,22
4391,196,23,0,14
4392,196,74,0,16
4393,196,63,3,9
4394,196,64,1,13
4395,197,57,46,1
4396,197,14,29,3
4397,197,49,8,7
4398,197,56,19,4
4399,197,35,8,8
4400,197,65,1,12
4401,197,25,12,6
4402,197,71,0,17
4403,197,44,0,20
4404,197,30,34,2
4405,197,21,13,5
4406,197,55,3,11
4407,197,76,1,14
4408,197,22,4,9
4409,197,15,0,21
4410,197,68,0,22
4411,197,75,0,15
4412,197,73,0,18
4413,197,23,0,16
4414,197,74,0,19
4415,197,63,3,10
4416,197,64,1,13
4417,198,57,50,1
4418,198,14,30,3
4419,198,49,8,8
4420,198,56,25,4
4421,198,35,11,7
4422,198,65,1,12
4423,198,25,14,5
4424,198,71,0,17
4425,198,44,0,20
4426,198,30,44,2
4427,198,21,13,6
4428,198,55,3,11
4429,198,76,1,14
4430,198,22,4,9
4431,198,15,0,21
4432,198,68,0,22
4433,198,75,0,15
4434,198,73,0,18
4435,198,23,0,16
4436,198,74,0,19
4437,198,63,3,10
4438,198,64,1,13
4439,198,50,0,23
4440,199,57,56,1
4441,199,14,30,3
4442,199,49,8,8
4443,199,56,29,4
4444,199,35,11,7
4445,199,65,1,12
4446,199,25,17,5
4447,199,71,0,17
4448,199,44,0,20
4449,199,30,54,2
4450,199,21,15,6
4451,199,55,3,11
4452,199,76,1,15
4453,199,22,4,9
4454,199,15,0,22
4455,199,68,0,21
4456,199,75,0,16
4457,199,73,0,18
4458,199,23,1,13
4459,199,74,0,19
4460,199,63,3,10
4461,199,64,1,14
4462,199,50,0,23
4463,200,57,66,1
4464,200,14,36,3
4465,200,49,8,8
4466,200,56,32,4
4467,200,35,12,7
4468,200,65,1,13
4469,200,25,17,5
4470,200,71,0,16
4471,200,44,0,21
4472,200,30,58,2
4473,200,21,15,6
4474,200,55,3,11
4475,200,76,1,15
4476,200,22,4,9
4477,200,15,0,20
4478,200,68,0,22
4479,200,75,0,17
4480,200,73,0,18
4481,200,23,3,12
4482,200,74,0,19
4483,200,63,3,10
4484,200,64,1,14
4485,200,50,0,23
4486,201,57,76,1
4487,201,14,42,3
4488,201,49,8,8
4489,201,56,32,4
4490,201,35,16,6
4491,201,65,1,14
4492,201,25,17,5
4493,201,71,3,11
4494,201,44,0,21
4495,201,30,60,2
4496,201,21,15,7
4497,201,55,3,13
4498,201,76,1,16
4499,201,22,4,9
4500,201,15,0,20
4501,201,68,0,22
4502,201,75,0,17
4503,201,73,0,18
4504,201,23,4,10
4505,201,74,0,19
4506,201,63,3,12
4507,201,64,1,15
4508,201,50,0,23
4509,202,57,77,1
4510,202,14,48,3
4511,202,49,10,8
4512,202,56,32,4
4513,202,35,20,5
4514,202,65,1,14
4515,202,25,17,6
4516,202,71,6,9
4517,202,44,0,21
4518,202,30,70,2
4519,202,21,15,7
4520,202,55,3,13
4521,202,76,1,16
4522,202,22,4,10
4523,202,15,0,20
4524,202,68,0,22
4525,202,75,0,17
4526,202,73,0,18
4527,202,23,4,11
4528,202,74,0,19
4529,202,63,3,12
4530,202,64,1,15
4531,202,50,0,23
4532,203,57,77,1
4533,203,14,48,3
4534,203,49,13,9
4535,203,56,32,4
4536,203,35,20,5
4537,203,65,1,15
4538,203,25,17,6
4539,203,71,16,7
4540,203,44,0,21
4541,203,30,70,2
4542,203,21,15,8
4543,203,55,7,11
4544,203,76,1,17
4545,203,22,4,12
4546,203,15,1,16
4547,203,68,0,22
4548,203,75,0,18
4549,203,73,0,19
4550,203,23,10,10
4551,203,74,0,20
4552,203,63,3,13
4553,203,64,3,14
4554,203,50,0,23
4555,204,57,80,1
4556,204,14,48,3
4557,204,49,13,10
4558,204,56,38,4
4559,204,35,20,5
4560,204,65,1,15
4561,204,25,17,7
4562,204,71,17,6
4563,204,44,0,22
4564,204,30,80,2
4565,204,21,15,8
4566,204,55,9,11
4567,204,76,1,17
4568,204,22,4,12
4569,204,15,1,16
4570,204,68,0,21
4571,204,75,0,18
4572,204,73,0,20
4573,204,23,14,9
4574,204,74,0,19
4575,204,63,3,13
4576,204,64,3,14
4577,204,50,0,23
4578,205,57,90,1
4579,205,14,52,3
4580,205,49,15,9
4581,205,56,41,4
4582,205,35,20,5
4583,205,65,1,15
4584,205,25,17,7
4585,205,71,17,6
4586,205,44,0,22
4587,205,30,86,2
4588,205,21,16,8
4589,205,55,9,11
4590,205,76,1,17
4591,205,22,4,12
4592,205,15,1,16
4593,205,68,0,21
4594,205,75,0,18
4595,205,73,0,20
4596,205,23,14,10
4597,205,74,0,19
4598,205,63,3,13
4599,205,64,3,14
4600,205,50,0,23
4601,206,57,100,1
4602,206,14,56,3
4603,206,49,17,7
4604,206,56,47,4
4605,206,35,21,5
4606,206,65,1,15
4607,206,25,17,8
4608,206,71,20,6
4609,206,44,0,22
4610,206,30,86,2
4611,206,21,16,9
4612,206,55,9,11
4613,206,76,1,17
4614,206,22,4,12
4615,206,15,1,16
4616,206,68,0,21
4617,206,75,0,18
4618,206,73,0,20
4619,206,23,14,10
4620,206,74,0,19
4621,206,63,3,13
4622,206,64,3,14
4623,206,50,0,23
5042,224,71,10,1
5043,224,35,6,2
5044,224,56,4,3
5045,224,77,3,4
5046,224,57,2,5
5047,224,63,1,6
5048,224,44,0,7
5049,224,49,0,8
5050,224,73,0,9
5051,224,64,0,10
5052,224,79,0,11
5053,225,71,20,1
5054,225,35,6,3
5055,225,56,4,5
5056,225,77,3,7
5057,225,57,5,4
5058,225,63,3,8
5059,225,44,1,9
5060,225,49,0,11
5061,225,73,0,13
5062,225,64,0,10
5063,225,79,0,12
5064,225,55,6,2
5065,225,30,4,6
5066,225,83,0,14
5067,225,69,0,15
5068,225,84,0,16
5069,226,71,30,1
5070,226,35,12,2
5071,226,56,6,4
5072,226,77,3,8
5073,226,57,5,5
5074,226,63,3,9
5075,226,44,1,10
5076,226,49,0,14
5077,226,73,0,17
5078,226,64,0,13
5079,226,79,0,15
5080,226,55,10,3
5081,226,30,4,6
5082,226,83,0,18
5083,226,69,0,20
5084,226,84,0,21
5085,226,22,3,7
5086,226,50,1,11
5087,226,14,0,12
5088,226,65,0,16
5089,226,85,0,19
5090,227,71,33,1
5091,227,35,22,2
5092,227,56,6,5
5093,227,77,3,9
5094,227,57,5,6
5095,227,63,3,10
5096,227,44,1,11
5097,227,49,0,16
5098,227,73,0,18
5099,227,64,0,15
5100,227,79,0,17
5101,227,55,10,3
5102,227,30,10,4
5103,227,83,0,19
5104,227,69,0,21
5105,227,84,1,12
5106,227,22,5,7
5107,227,50,1,13
5108,227,14,4,8
5109,227,65,0,14
5110,227,85,0,20
5111,227,21,0,22
5112,228,71,43,1
5113,228,35,22,2
5114,228,56,9,5
5115,228,77,7,6
5116,228,57,5,8
5117,228,63,3,10
5118,228,44,1,11
5119,228,49,0,16
5120,228,73,0,19
5121,228,64,0,14
5122,228,79,0,18
5123,228,55,11,4
5124,228,30,16,3
5125,228,83,0,17
5126,228,69,0,20
5127,228,84,1,12
5128,228,22,7,7
5129,228,50,1,13
5130,228,14,4,9
5131,228,65,0,15
5132,228,85,0,21
5133,228,21,0,22
5134,229,71,43,1
5135,229,35,22,2
5136,229,56,9,7
5137,229,77,7,8
5138,229,57,6,10
5139,229,63,5,11
5140,229,44,11,4
5141,229,49,3,13
5142,229,73,0,19
5143,229,64,0,16
5144,229,79,0,18
5145,229,55,11,5
5146,229,30,16,3
5147,229,83,0,17
5148,229,69,0,20
5149,229,84,1,14
5150,229,22,7,9
5151,229,50,1,15
5152,229,14,10,6
5153,229,65,4,12
5154,229,85,0,21
5155,229,21,0,22
5156,230,71,43,1
5157,230,35,26,2
5158,230,56,9,7
5159,230,77,7,9
5160,230,57,8,8
5161,230,63,5,12
5162,230,44,11,5
5163,230,49,6,11
5164,230,73,0,19
5165,230,64,1,14
5166,230,79,0,18
5167,230,55,17,4
5168,230,30,26,3
5169,230,83,0,17
5170,230,69,0,20
5171,230,84,1,15
5172,230,22,7,10
5173,230,50,1,16
5174,230,14,10,6
5175,230,65,4,13
5176,230,85,0,21
5177,230,21,0,22
5178,231,71,53,1
5179,231,35,32,2
5180,231,56,9,8
5181,231,77,7,9
5182,231,57,10,7
5183,231,63,5,12
5184,231,44,11,6
5185,231,49,6,11
5186,231,73,0,20
5187,231,64,1,15
5188,231,79,0,19
5189,231,55,21,4
5190,231,30,26,3
5191,231,83,0,18
5192,231,69,0,21
5193,231,84,2,14
5194,231,22,7,10
5195,231,50,1,16
5196,231,14,13,5
5197,231,65,4,13
5198,231,85,0,22
5199,231,21,0,17
5200,232,71,63,1
5201,232,35,38,2
5202,232,56,9,9
5203,232,77,10,8
5204,232,57,12,6
5205,232,63,5,12
5206,232,44,11,7
5207,232,49,6,11
5208,232,73,0,19
5209,232,64,1,15
5210,232,79,0,20
5211,232,55,25,4
5212,232,30,26,3
5213,232,83,0,18
5214,232,69,0,21
5215,232,84,2,14
5216,232,22,7,10
5217,232,50,1,16
5218,232,14,14,5
5219,232,65,4,13
5220,232,85,0,22
5221,232,21,0,17
5222,233,71,63,1
5223,233,35,48,2
5224,233,56,9,10
5225,233,77,16,5
5226,233,57,16,7
5227,233,63,5,12
5228,233,44,11,8
5229,233,49,6,11
5230,233,73,0,19
5231,233,64,1,15
5232,233,79,0,20
5233,233,55,25,4
5234,233,30,26,3
5235,233,83,0,18
5236,233,69,0,21
5237,233,84,3,14
5238,233,22,10,9
5239,233,50,1,16
5240,233,14,16,6
5241,233,65,4,13
5242,233,85,0,22
5243,233,21,0,17
5244,234,71,73,1
5245,234,35,52,2
5246,234,56,9,10
5247,234,77,16,6
5248,234,57,16,7
5249,234,63,5,12
5250,234,44,11,8
5251,234,49,6,11
5252,234,73,0,19
5253,234,64,1,15
5254,234,79,0,20
5255,234,55,31,3
5256,234,30,29,4
5257,234,83,0,18
5258,234,69,0,21
5259,234,84,3,14
5260,234,22,11,9
5261,234,50,1,16
5262,234,14,18,5
5263,234,65,4,13
5264,234,85,0,22
5265,234,21,0,17
5266,235,71,79,1
5267,235,35,62,2
5268,235,56,9,10
5269,235,77,16,7
5270,235,57,19,5
5271,235,63,5,12
5272,235,44,13,8
5273,235,49,6,11
5274,235,73,0,18
5275,235,64,1,15
5276,235,79,0,17
5277,235,55,35,3
5278,235,30,29,4
5279,235,83,0,20
5280,235,69,0,21
5281,235,84,3,14
5282,235,22,12,9
5283,235,50,1,16
5284,235,14,18,6
5285,235,65,4,13
5286,235,85,0,23
5287,235,21,0,19
5288,235,86,0,22
5289,236,71,81,1
5290,236,35,68,2
5291,236,56,9,10
5292,236,77,17,7
5293,236,57,23,5
5294,236,63,5,12
5295,236,44,13,8
5296,236,49,6,11
5297,236,73,0,18
5298,236,64,1,15
5299,236,79,0,17
5300,236,55,38,4
5301,236,30,39,3
5302,236,83,0,20
5303,236,69,0,21
5304,236,84,3,14
5305,236,22,12,9
5306,236,50,1,16
5307,236,14,18,6
5308,236,65,4,13
5309,236,85,0,23
5310,236,21,0,19
5311,236,86,0,22
5312,237,71,81,1
5313,237,35,68,2
5314,237,56,9,10
5315,237,77,17,7
5316,237,57,27,5
5317,237,63,5,13
5318,237,44,13,9
5319,237,49,6,11
5320,237,73,0,18
5321,237,64,2,15
5322,237,79,0,17
5323,237,55,44,4
5324,237,30,49,3
5325,237,83,0,20
5326,237,69,0,21
5327,237,84,6,12
5328,237,22,14,8
5329,237,50,1,16
5330,237,14,18,6
5331,237,65,4,14
5332,237,85,0,23
5333,237,21,0,19
5334,237,86,0,22
5335,238,71,87,1
5336,238,35,78,2
5337,238,56,11,10
5338,238,77,18,6
5339,238,57,27,5
5340,238,63,5,13
5341,238,44,13,9
5342,238,49,6,11
5343,238,73,0,18
5344,238,64,2,15
5345,238,79,0,17
5346,238,55,47,4
5347,238,30,53,3
5348,238,83,0,20
5349,238,69,0,21
5350,238,84,6,12
5351,238,22,14,8
5352,238,50,1,16
5353,238,14,18,7
5354,238,65,4,14
5355,238,85,0,23
5356,238,21,0,19
5357,238,86,0,22
5358,239,71,97,1
5359,239,35,78,2
5360,239,56,11,10
5361,239,77,21,6
5362,239,57,31,5
5363,239,63,5,13
5364,239,44,13,9
5365,239,49,7,12
5366,239,73,0,18
5367,239,64,2,15
5368,239,79,0,17
5369,239,55,47,4
5370,239,30,59,3
5371,239,83,0,20
5372,239,69,0,21
5373,239,84,8,11
5374,239,22,14,8
5375,239,50,1,16
5376,239,14,18,7
5377,239,65,4,14
5378,239,85,0,23
5379,239,21,0,19
5380,239,86,0,22
6780,289,95,10,1
6781,289,119,6,2
6782,289,102,4,3
6783,289,30,3,4
6784,289,77,2,5
6785,289,65,1,6
6786,289,100,0,7
6787,289,88,0,8
6788,289,57,0,9
6789,289,105,0,10
6790,289,127,0,11
6791,289,79,0,12
6792,289,128,0,13
6793,290,95,20,1
6794,290,119,12,2
6795,290,102,4,5
6796,290,30,7,3
6797,290,77,5,4
6798,290,65,1,7
6799,290,100,0,9
6800,290,88,0,11
6801,290,57,1,8
6802,290,105,0,12
6803,290,127,0,15
6804,290,79,0,16
6805,290,128,0,17
6806,290,110,2,6
6807,290,109,0,10
6808,290,123,0,13
6809,290,92,0,14
6810,291,95,30,1
6811,291,119,18,2
6812,291,102,4,5
6813,291,30,11,3
6814,291,77,5,4
6815,291,65,1,9
6816,291,100,0,12
6817,291,88,0,15
6818,291,57,1,10
6819,291,105,1,11
6820,291,127,0,19
6821,291,79,0,16
6822,291,128,0,20
6823,291,110,2,8
6824,291,109,0,14
6825,291,123,0,17
6826,291,92,0,18
6827,291,55,3,6
6828,291,122,2,7
6829,291,81,0,13
6878,292,95,40,1
6879,292,119,18,2
6880,292,102,4,6
6881,292,30,17,3
6882,292,77,8,4
6883,292,65,1,10
6884,292,100,0,14
6885,292,88,0,13
6886,292,57,1,11
6887,292,105,3,7
6888,292,127,0,22
6889,292,79,0,18
6890,292,128,0,24
6891,292,110,2,9
6892,292,109,0,16
6893,292,123,0,19
6894,292,92,0,21
6895,292,55,7,5
6896,292,122,2,8
6897,292,81,0,15
6898,292,94,1,12
6899,292,91,0,17
6900,292,104,0,20
6901,292,108,0,23
6902,293,95,50,1
6903,293,119,24,2
6904,293,102,8,4
6905,293,30,17,3
6906,293,77,8,5
6907,293,65,1,12
6908,293,100,0,15
6909,293,88,0,14
6910,293,57,1,13
6911,293,105,5,7
6912,293,127,0,16
6913,293,79,0,21
6914,293,128,0,26
6915,293,110,2,10
6916,293,109,0,18
6917,293,123,0,22
6918,293,92,0,24
6919,293,55,7,6
6920,293,122,2,9
6921,293,81,0,17
6922,293,94,2,11
6923,293,91,0,19
6924,293,104,0,23
6925,293,108,0,25
6926,293,84,3,8
6927,293,129,0,20
6928,294,95,56,1
6929,294,119,28,2
6930,294,102,18,4
6931,294,30,20,3
6932,294,77,8,5
6933,294,65,1,12
6934,294,100,0,16
6935,294,88,0,15
6936,294,57,1,13
6937,294,105,5,8
6938,294,127,0,17
6939,294,79,0,23
6940,294,128,0,26
6941,294,110,2,10
6942,294,109,0,19
6943,294,123,0,24
6944,294,92,1,14
6945,294,55,7,6
6946,294,122,2,9
6947,294,81,0,18
6948,294,94,2,11
6949,294,91,0,21
6950,294,104,0,20
6951,294,108,0,25
6952,294,84,5,7
6953,294,129,0,22
6954,295,95,56,1
6955,295,119,28,2
6956,295,102,18,4
6957,295,30,26,3
6958,295,77,18,5
6959,295,65,1,14
6960,295,100,1,13
6961,295,88,0,17
6962,295,57,1,15
6963,295,105,5,8
6964,295,127,0,18
6965,295,79,0,23
6966,295,128,0,26
6967,295,110,4,9
6968,295,109,0,20
6969,295,123,0,24
6970,295,92,1,16
6971,295,55,11,6
6972,295,122,2,11
6973,295,81,0,19
6974,295,94,2,12
6975,295,91,3,10
6976,295,104,0,21
6977,295,108,0,25
6978,295,84,5,7
6979,295,129,0,22
6980,296,95,66,1
6981,296,119,34,2
6982,296,102,18,4
6983,296,30,26,3
6984,296,77,18,5
6985,296,65,2,14
6986,296,100,3,12
6987,296,88,0,17
6988,296,57,4,9
6989,296,105,5,8
6990,296,127,0,19
6991,296,79,0,23
6992,296,128,0,26
6993,296,110,4,10
6994,296,109,0,20
6995,296,123,0,24
6996,296,92,1,16
6997,296,55,11,6
6998,296,122,2,13
6999,296,81,0,18
7000,296,94,2,15
7001,296,91,3,11
7002,296,104,0,22
7003,296,108,0,25
7004,296,84,9,7
7005,296,129,0,21
7006,297,95,76,1
7007,297,119,40,2
7008,297,102,18,5
7009,297,30,29,3
7010,297,77,20,4
7011,297,65,2,14
7012,297,100,3,12
7013,297,88,0,17
7014,297,57,5,8
7015,297,105,5,9
7016,297,127,0,19
7017,297,79,0,23
7018,297,128,0,26
7019,297,110,4,10
7020,297,109,0,20
7021,297,123,0,24
7022,297,92,1,16
7023,297,55,11,7
7024,297,122,2,13
7025,297,81,0,18
7026,297,94,2,15
7027,297,91,3,11
7028,297,104,0,22
7029,297,108,0,25
7030,297,84,13,6
7031,297,129,0,21
7032,297,99,0,27
7033,297,71,0,28
7034,298,95,86,1
7035,298,119,40,2
7036,298,102,24,4
7037,298,30,33,3
7038,298,77,20,5
7039,298,65,2,14
7040,298,100,4,11
7041,298,88,0,17
7042,298,57,5,8
7043,298,105,5,9
7044,298,127,0,20
7045,298,79,0,24
7046,298,128,0,26
7047,298,110,4,10
7048,298,109,0,21
7049,298,123,0,19
7050,298,92,1,16
7051,298,55,13,7
7052,298,122,2,13
7053,298,81,0,18
7054,298,94,2,15
7055,298,91,3,12
7056,298,104,0,23
7057,298,108,0,25
7058,298,84,16,6
7059,298,129,0,22
7060,298,99,0,27
7061,298,71,0,28
7062,299,95,92,1
7063,299,119,40,2
7064,299,102,34,3
7065,299,30,33,4
7066,299,77,24,5
7067,299,65,2,14
7068,299,100,4,11
7069,299,88,0,17
7070,299,57,8,8
7071,299,105,5,9
7072,299,127,0,20
7073,299,79,0,24
7074,299,128,0,27
7075,299,110,4,10
7076,299,109,0,21
7077,299,123,0,19
7078,299,92,1,16
7079,299,55,13,7
7080,299,122,3,13
7081,299,81,0,18
7082,299,94,2,15
7083,299,91,3,12
7084,299,104,0,23
7085,299,108,0,25
7086,299,84,18,6
7087,299,129,0,22
7088,299,99,0,28
7089,299,71,0,26
7090,300,95,98,1
7091,300,119,44,2
7092,300,102,36,4
7093,300,30,43,3
7094,300,77,24,5
7095,300,65,2,14
7096,300,100,4,11
7097,300,88,0,18
7098,300,57,9,8
7099,300,105,5,9
7100,300,127,0,21
7101,300,79,0,24
7102,300,128,0,26
7103,300,110,4,10
7104,300,109,0,17
7105,300,123,0,20
7106,300,92,1,16
7107,300,55,13,7
7108,300,122,3,13
7109,300,81,0,19
7110,300,94,2,15
7111,300,91,3,12
7112,300,104,0,23
7113,300,108,0,25
7114,300,84,21,6
7115,300,129,0,22
7116,300,99,0,29
7117,300,71,0,27
7119,300,125,0,28
7120,300,131,0,30
7121,301,95,98,1
7122,301,119,46,4
7123,301,102,46,3
7124,301,30,47,2
7125,301,77,27,5
7126,301,65,2,14
7127,301,100,4,11
7128,301,88,0,18
7129,301,57,9,8
7130,301,105,5,9
7131,301,127,0,21
7132,301,79,0,24
7133,301,128,0,26
7134,301,110,5,10
7135,301,109,0,17
7136,301,123,0,20
7137,301,92,1,16
7138,301,55,13,7
7139,301,122,3,13
7140,301,81,0,19
7141,301,94,2,15
7142,301,91,3,12
7143,301,104,0,23
7144,301,108,0,25
7145,301,84,27,6
7146,301,129,0,22
7147,301,99,0,29
7148,301,71,0,27
7150,301,125,0,28
7151,301,131,0,30
7152,302,95,108,1
7153,302,119,46,4
7154,302,102,50,2
7155,302,30,47,3
7156,302,77,33,5
7157,302,65,2,14
7158,302,100,4,11
7159,302,88,0,18
7160,302,57,11,8
7161,302,105,6,9
7162,302,127,0,21
7163,302,79,0,24
7164,302,128,0,26
7165,302,110,5,10
7166,302,109,0,17
7167,302,123,0,19
7168,302,92,1,16
7169,302,55,13,7
7170,302,122,3,13
7171,302,81,0,20
7172,302,94,2,15
7173,302,91,3,12
7174,302,104,0,23
7175,302,108,0,25
7176,302,84,30,6
7177,302,129,0,22
7178,302,99,0,30
7179,302,71,0,28
7181,302,125,0,27
7182,302,131,0,29
7183,303,95,108,1
7184,303,119,56,2
7185,303,102,50,3
7186,303,30,47,4
7187,303,77,39,5
7188,303,65,2,14
7189,303,100,4,11
7190,303,88,0,19
7191,303,57,11,8
7192,303,105,6,10
7193,303,127,0,22
7194,303,79,0,25
7195,303,128,0,27
7196,303,110,8,9
7197,303,109,0,18
7198,303,123,0,20
7199,303,92,1,17
7200,303,55,15,7
7201,303,122,3,13
7202,303,81,0,21
7203,303,94,2,15
7204,303,91,3,12
7205,303,104,1,16
7206,303,108,0,26
7207,303,84,34,6
7208,303,129,0,24
7209,303,99,0,31
7210,303,71,0,29
7212,303,125,0,28
7213,303,131,0,23
7214,303,78,0,30
7215,304,95,108,1
7216,304,119,56,2
7217,304,102,50,4
7218,304,30,53,3
7219,304,77,49,5
7220,304,65,2,15
7221,304,100,4,11
7222,304,88,0,20
7223,304,57,11,8
7224,304,105,6,10
7225,304,127,0,23
7226,304,79,0,25
7227,304,128,0,27
7228,304,110,8,9
7229,304,109,0,21
7230,304,123,2,14
7231,304,92,1,19
7232,304,55,18,7
7233,304,122,3,13
7234,304,81,0,22
7235,304,94,2,16
7236,304,91,3,12
7237,304,104,1,18
7238,304,108,0,26
7239,304,84,38,6
7240,304,129,0,24
7241,304,99,0,32
7242,304,71,0,30
7244,304,125,0,28
7245,304,131,1,17
7246,304,78,0,29
7247,304,136,0,31
8247,1,18,10,1
8248,1,22,8,2
8249,1,15,6,3
8250,1,10,5,4
8251,1,4,4,5
8252,1,3,3,6
8253,1,67,2,7
8254,1,7,1,8
8255,1,16,0,9
8256,1,2,0,10
8257,1,21,0,11
8258,1,17,0,12
8259,1,20,0,13
8260,1,9,0,14
8261,1,8,0,15
9351,273,117,10,1
9352,273,102,6,2
9353,273,87,4,3
9354,273,104,3,4
9355,273,109,2,5
9356,273,77,1,6
9357,273,118,0,7
9358,274,117,10,2
9359,274,102,16,1
9360,274,87,6,4
9361,274,104,3,6
9362,274,109,2,8
9363,274,77,1,9
9364,274,118,0,11
9365,274,71,6,3
9366,274,30,4,5
9367,274,65,3,7
9368,274,70,1,10
9369,274,112,0,12
9370,274,55,0,13
9371,274,100,0,14
9372,274,105,0,15
9373,274,69,0,16
9374,275,117,14,2
9375,275,102,26,1
9376,275,87,6,4
9377,275,104,3,7
9378,275,109,2,8
9379,275,77,1,12
9380,275,118,0,13
9381,275,71,12,3
9382,275,30,4,6
9383,275,65,6,5
9384,275,70,1,10
9385,275,112,0,14
9386,275,55,0,15
9387,275,100,0,16
9388,275,105,0,18
9389,275,69,0,19
9390,275,119,2,9
9391,275,120,1,11
9392,275,22,0,17
9393,276,117,24,2
9394,276,102,26,1
9395,276,87,6,5
9396,276,104,3,9
9397,276,109,5,7
9398,276,77,1,14
9399,276,118,0,15
9400,276,71,12,3
9401,276,30,10,4
9402,276,65,6,6
9403,276,70,1,13
9404,276,112,2,10
9405,276,55,0,17
9406,276,100,0,18
9407,276,105,0,21
9408,276,69,0,16
9409,276,119,2,11
9410,276,120,2,12
9411,276,22,0,20
9412,276,84,4,8
9413,276,88,0,19
9414,277,117,34,1
9415,277,102,32,2
9416,277,87,6,5
9417,277,104,3,10
9418,277,109,5,7
9419,277,77,2,14
9420,277,118,0,16
9421,277,71,12,4
9422,277,30,14,3
9423,277,65,6,6
9424,277,70,1,15
9425,277,112,2,11
9426,277,55,0,18
9427,277,100,0,19
9428,277,105,0,22
9429,277,69,0,17
9430,277,119,5,8
9431,277,120,2,13
9432,277,22,0,21
9433,277,84,4,9
9434,277,88,0,20
9435,277,121,2,12
9436,277,123,0,23
9437,278,117,37,2
9438,278,102,42,1
9439,278,87,6,5
9440,278,104,5,8
9441,278,109,5,9
9442,278,77,2,15
9443,278,118,0,17
9444,278,71,18,3
9445,278,30,14,4
9446,278,65,6,6
9447,278,70,1,16
9448,278,112,2,12
9449,278,55,4,11
9450,278,100,0,19
9451,278,105,0,23
9452,278,69,0,18
9453,278,119,5,10
9454,278,120,2,14
9455,278,22,0,20
9456,278,84,5,7
9457,278,88,0,21
9458,278,121,2,13
9459,278,123,0,24
9460,278,110,0,22
9461,278,91,0,25
9462,279,117,47,1
9463,279,102,42,2
9464,279,87,6,6
9465,279,104,5,8
9466,279,109,5,9
9467,279,77,5,11
9468,279,118,0,18
9469,279,71,22,3
9470,279,30,20,4
9471,279,65,6,7
9472,279,70,1,16
9473,279,112,2,13
9474,279,55,4,12
9475,279,100,0,20
9476,279,105,0,24
9477,279,69,0,19
9478,279,119,5,10
9479,279,120,2,15
9480,279,22,0,21
9481,279,84,7,5
9482,279,88,0,22
9483,279,121,2,14
9484,279,123,0,25
9485,279,110,0,23
9486,279,91,1,17
9487,279,79,0,26
9488,280,117,57,1
9489,280,102,45,2
9490,280,87,6,6
9491,280,104,5,8
9492,280,109,5,9
9493,280,77,5,11
9494,280,118,0,19
9495,280,71,28,3
9496,280,30,24,4
9497,280,65,6,7
9498,280,70,1,16
9499,280,112,2,14
9500,280,55,4,12
9501,280,100,0,21
9502,280,105,0,25
9503,280,69,0,20
9504,280,119,5,10
9505,280,120,2,15
9506,280,22,0,18
9507,280,84,9,5
9508,280,88,0,22
9509,280,121,3,13
9510,280,123,0,24
9511,280,110,0,23
9512,280,91,1,17
9513,280,79,0,26
9514,281,117,67,1
9515,281,102,47,2
9516,281,87,6,8
9517,281,104,5,9
9518,281,109,5,10
9519,281,77,5,11
9520,281,118,1,17
9521,281,71,28,4
9522,281,30,30,3
9523,281,65,9,7
9524,281,70,1,16
9525,281,112,2,14
9526,281,55,4,12
9527,281,100,0,21
9528,281,105,0,25
9529,281,69,0,20
9530,281,119,9,5
9531,281,120,2,15
9532,281,22,0,19
9533,281,84,9,6
9534,281,88,0,22
9535,281,121,3,13
9536,281,123,0,24
9537,281,110,0,23
9538,281,91,1,18
9539,281,79,0,26
9540,282,117,77,1
9541,282,102,50,2
9542,282,87,10,6
9543,282,104,5,10
9544,282,109,5,11
9545,282,77,6,9
9546,282,118,1,17
9547,282,71,28,4
9548,282,30,36,3
9549,282,65,9,8
9550,282,70,1,16
9551,282,112,2,14
9552,282,55,4,12
9553,282,100,0,21
9554,282,105,0,25
9555,282,69,0,20
9556,282,119,11,5
9557,282,120,2,15
9558,282,22,0,19
9559,282,84,9,7
9560,282,88,0,22
9561,282,121,3,13
9562,282,123,0,24
9563,282,110,0,23
9564,282,91,1,18
9565,282,79,0,26
9566,282,94,0,27
9567,283,117,77,1
9568,283,102,50,2
9569,283,87,10,7
9570,283,104,5,10
9571,283,109,5,11
9572,283,77,10,8
9573,283,118,4,13
9574,283,71,38,3
9575,283,30,36,4
9576,283,65,9,9
9577,283,70,1,18
9578,283,112,2,15
9579,283,55,4,12
9580,283,100,0,21
9581,283,105,0,26
9582,283,69,0,20
9583,283,119,17,5
9584,283,120,2,17
9585,283,22,0,19
9586,283,84,11,6
9587,283,88,0,22
9588,283,121,3,14
9589,283,123,0,23
9590,283,110,0,24
9591,283,91,2,16
9592,283,79,0,25
9593,283,94,0,27
9594,284,117,81,1
9595,284,102,53,2
9596,284,87,10,8
9597,284,104,5,10
9598,284,109,5,11
9599,284,77,10,9
9600,284,118,4,13
9601,284,71,48,3
9602,284,30,42,4
9603,284,65,11,7
9604,284,70,1,18
9605,284,112,2,15
9606,284,55,4,12
9607,284,100,0,21
9608,284,105,0,26
9609,284,69,0,20
9610,284,119,18,5
9611,284,120,2,17
9612,284,22,0,19
9613,284,84,11,6
9614,284,88,0,22
9615,284,121,3,14
9616,284,123,0,23
9617,284,110,0,24
9618,284,91,2,16
9619,284,79,0,25
9620,284,94,0,27
9621,285,117,81,1
9622,285,102,53,3
9623,285,87,10,9
9624,285,104,5,12
9625,285,109,5,13
9626,285,77,10,10
9627,285,118,4,15
9628,285,71,58,2
9629,285,30,42,4
9630,285,65,11,7
9631,285,70,1,18
9632,285,112,2,16
9633,285,55,10,8
9634,285,100,1,19
9635,285,105,0,27
9636,285,69,0,21
9637,285,119,20,5
9638,285,120,2,17
9639,285,22,0,20
9640,285,84,11,6
9641,285,88,0,23
9642,285,121,7,11
9643,285,123,0,24
9644,285,110,0,25
9645,285,91,5,14
9646,285,79,0,26
9647,285,94,0,22
9648,285,83,0,28
9649,286,117,87,1
9650,286,102,53,3
9651,286,87,10,9
9652,286,104,5,14
9653,286,109,5,13
9654,286,77,10,10
9655,286,118,4,15
9656,286,71,62,2
9657,286,30,52,4
9658,286,65,11,8
9659,286,70,1,18
9660,286,112,2,16
9661,286,55,13,6
9662,286,100,1,19
9663,286,105,0,27
9664,286,69,0,22
9665,286,119,20,5
9666,286,120,2,17
9667,286,22,0,21
9668,286,84,12,7
9669,286,88,0,23
9670,286,121,7,11
9671,286,123,0,24
9672,286,110,0,25
9673,286,91,7,12
9674,286,79,0,26
9675,286,94,0,20
9676,286,83,0,28
9677,287,117,93,1
9678,287,102,63,3
9679,287,87,10,9
9680,287,104,5,14
9681,287,109,5,13
9682,287,77,10,10
9683,287,118,4,16
9684,287,71,65,2
9685,287,30,52,4
9686,287,65,11,8
9687,287,70,1,20
9688,287,112,2,17
9689,287,55,13,6
9690,287,100,1,21
9691,287,105,0,29
9692,287,69,0,24
9693,287,119,20,5
9694,287,120,2,19
9695,287,22,2,18
9696,287,84,12,7
9697,287,88,0,25
9698,287,121,7,11
9699,287,123,0,26
9700,287,110,0,27
9701,287,91,7,12
9702,287,79,0,28
9703,287,94,0,23
9704,287,83,0,30
9705,287,57,4,15
9706,287,56,1,22
9707,287,126,0,31
9708,288,117,99,1
9709,288,102,73,2
9710,288,87,10,10
9711,288,104,5,14
9712,288,109,5,13
9713,288,77,12,8
9714,288,118,4,16
9715,288,71,69,3
9716,288,30,52,4
9717,288,65,11,9
9718,288,70,1,20
9719,288,112,2,17
9720,288,55,16,6
9721,288,100,1,21
9722,288,105,0,29
9723,288,69,0,25
9724,288,119,20,5
9725,288,120,2,19
9726,288,22,2,18
9727,288,84,13,7
9728,288,88,0,24
9729,288,121,7,11
9730,288,123,0,26
9731,288,110,0,27
9732,288,91,7,12
9733,288,79,0,28
9734,288,94,0,23
9735,288,83,0,30
9736,288,57,4,15
9737,288,56,1,22
9738,288,126,0,31
10192,240,30,10,1
10193,240,14,6,2
10194,240,77,4,3
10195,240,57,3,4
10196,240,55,2,5
10197,240,87,1,6
10198,240,63,0,7
10199,240,88,0,8
10200,240,85,0,9
10201,240,64,0,10
10202,241,30,14,1
10203,241,14,6,4
10204,241,77,5,5
10205,241,57,3,6
10206,241,55,8,3
10207,241,87,1,9
10208,241,63,0,11
10209,241,88,0,13
10210,241,85,0,14
10211,241,64,0,16
10212,241,71,10,2
10213,241,65,3,7
10214,241,49,2,8
10215,241,44,0,10
10216,241,79,0,12
10217,241,93,0,15
10218,242,30,14,2
10219,242,14,9,4
10220,242,77,9,5
10221,242,57,5,6
10222,242,55,14,3
10223,242,87,1,9
10224,242,63,0,11
10225,242,88,0,12
10226,242,85,0,15
10227,242,64,0,17
10228,242,71,20,1
10229,242,65,3,7
10230,242,49,3,8
10231,242,44,0,10
10232,242,79,0,14
10233,242,93,0,16
10234,242,56,0,13
10235,242,95,0,18
10236,242,94,0,19
10237,242,81,0,20
10238,242,69,0,21
10239,243,30,24,1
10240,243,14,9,6
10241,243,77,13,4
10242,243,57,5,7
10243,243,55,14,3
10244,243,87,1,11
10245,243,63,0,12
10246,243,88,0,14
10247,243,85,0,18
10248,243,64,0,19
10249,243,71,23,2
10250,243,65,9,5
10251,243,49,3,8
10252,243,44,1,10
10253,243,79,0,15
10254,243,93,0,16
10255,243,56,2,9
10256,243,95,0,20
10257,243,94,0,22
10258,243,81,0,21
10259,243,69,0,25
10260,243,22,0,13
10261,243,84,0,17
10262,243,50,0,23
10263,243,91,0,24
10264,244,30,34,1
10265,244,14,9,6
10266,244,77,17,3
10267,244,57,5,7
10268,244,55,14,4
10269,244,87,3,9
10270,244,63,0,12
10271,244,88,0,15
10272,244,85,0,21
10273,244,64,0,22
10274,244,71,29,2
10275,244,65,12,5
10276,244,49,4,8
10277,244,44,1,11
10278,244,79,0,17
10279,244,93,0,19
10280,244,56,2,10
10281,244,95,0,23
10282,244,94,0,13
10283,244,81,0,18
10284,244,69,0,26
10285,244,22,0,14
10286,244,84,0,20
10287,244,50,0,24
10288,244,91,0,25
10289,244,96,0,16
10290,245,30,36,1
10291,245,14,9,6
10292,245,77,17,4
10293,245,57,5,9
10294,245,55,24,3
10295,245,87,3,12
10296,245,63,0,14
10297,245,88,0,16
10298,245,85,0,23
10299,245,64,0,24
10300,245,71,29,2
10301,245,65,12,5
10302,245,49,4,11
10303,245,44,4,10
10304,245,79,0,19
10305,245,93,0,21
10306,245,56,6,8
10307,245,95,0,25
10308,245,94,0,15
10309,245,81,1,13
10310,245,69,0,17
10311,245,22,6,7
10312,245,84,0,20
10313,245,50,0,26
10314,245,91,0,27
10315,245,96,0,18
10316,245,89,0,22
10317,246,30,46,1
10318,246,14,13,5
10319,246,77,17,4
10320,246,57,5,9
10321,246,55,26,3
10322,246,87,3,13
10323,246,63,0,15
10324,246,88,0,17
10325,246,85,0,23
10326,246,64,0,24
10327,246,71,35,2
10328,246,65,12,6
10329,246,49,4,11
10330,246,44,4,10
10331,246,79,0,20
10332,246,93,0,21
10333,246,56,6,8
10334,246,95,0,25
10335,246,94,0,16
10336,246,81,1,14
10337,246,69,0,18
10338,246,22,7,7
10339,246,84,3,12
10340,246,50,0,26
10341,246,91,0,27
10342,246,96,0,19
10343,246,89,0,22
10344,246,90,0,28
10345,247,30,46,1
10346,247,14,17,5
10347,247,77,17,6
10348,247,57,5,10
10349,247,55,32,3
10350,247,87,5,11
10351,247,63,0,15
10352,247,88,0,19
10353,247,85,0,23
10354,247,64,0,24
10355,247,71,35,2
10356,247,65,22,4
10357,247,49,5,12
10358,247,44,7,8
10359,247,79,0,20
10360,247,93,0,21
10361,247,56,6,9
10362,247,95,0,25
10363,247,94,0,16
10364,247,81,1,14
10365,247,69,0,18
10366,247,22,7,7
10367,247,84,3,13
10368,247,50,0,27
10369,247,91,0,28
10370,247,96,0,17
10371,247,89,0,22
10372,247,90,0,29
10373,247,92,0,26
10374,248,30,56,1
10375,248,14,23,5
10376,248,77,21,6
10377,248,57,5,10
10378,248,55,32,3
10379,248,87,5,11
10380,248,63,0,17
10381,248,88,1,15
10382,248,85,0,20
10383,248,64,0,24
10384,248,71,35,2
10385,248,65,25,4
10386,248,49,5,12
10387,248,44,7,8
10388,248,79,0,19
10389,248,93,0,22
10390,248,56,6,9
10391,248,95,0,25
10392,248,94,0,18
10393,248,81,1,16
10394,248,69,0,21
10395,248,22,7,7
10396,248,84,3,13
10397,248,50,0,27
10398,248,91,0,28
10399,248,96,2,14
10400,248,89,0,23
10401,248,90,0,29
10402,248,92,0,26
10403,249,30,56,1
10404,249,14,29,4
10405,249,77,25,6
10406,249,57,5,11
10407,249,55,32,3
10408,249,87,5,12
10409,249,63,0,17
10410,249,88,1,15
10411,249,85,0,21
10412,249,64,0,25
10413,249,71,45,2
10414,249,65,28,5
10415,249,49,7,9
10416,249,44,8,7
10417,249,79,0,19
10418,249,93,0,22
10419,249,56,6,10
10420,249,95,0,26
10421,249,94,0,18
10422,249,81,1,16
10423,249,69,0,20
10424,249,22,7,8
10425,249,84,3,13
10426,249,50,0,28
10427,249,91,0,29
10428,249,96,2,14
10429,249,89,0,23
10430,249,90,0,30
10431,249,92,0,27
10432,249,83,0,24
10433,250,30,66,1
10434,250,14,29,4
10435,250,77,25,6
10436,250,57,5,13
10437,250,55,32,3
10438,250,87,7,11
10439,250,63,0,17
10440,250,88,1,15
10441,250,85,0,21
10442,250,64,0,25
10443,250,71,51,2
10444,250,65,28,5
10445,250,49,10,7
10446,250,44,8,9
10447,250,79,0,19
10448,250,93,0,24
10449,250,56,6,12
10450,250,95,0,26
10451,250,94,0,18
10452,250,81,1,16
10453,250,69,0,20
10454,250,22,8,8
10455,250,84,7,10
10456,250,50,0,28
10457,250,91,0,29
10458,250,96,2,14
10459,250,89,0,23
10460,250,90,0,30
10461,250,92,0,27
10462,250,83,0,22
10463,251,30,66,1
10464,251,14,29,5
10465,251,77,25,6
10466,251,57,11,8
10467,251,55,32,4
10468,251,87,10,9
10469,251,63,2,15
10470,251,88,1,16
10471,251,85,0,23
10472,251,64,0,24
10473,251,71,51,2
10474,251,65,38,3
10475,251,49,14,7
10476,251,44,8,11
10477,251,79,0,19
10478,251,93,0,26
10479,251,56,6,13
10480,251,95,0,27
10481,251,94,0,18
10482,251,81,1,17
10483,251,69,0,21
10484,251,22,8,10
10485,251,84,7,12
10486,251,50,0,29
10487,251,91,0,30
10488,251,96,3,14
10489,251,89,0,22
10490,251,90,0,31
10491,251,92,0,28
10492,251,83,0,25
10493,251,97,0,20
10494,252,30,72,1
10495,252,14,39,3
10496,252,77,28,6
10497,252,57,11,8
10498,252,55,34,5
10499,252,87,10,9
10500,252,63,2,15
10501,252,88,1,16
10502,252,85,0,23
10503,252,64,0,24
10504,252,71,55,2
10505,252,65,38,4
10506,252,49,15,7
10507,252,44,8,11
10508,252,79,0,19
10509,252,93,0,26
10510,252,56,6,13
10511,252,95,0,27
10512,252,94,0,18
10513,252,81,1,17
10514,252,69,0,21
10515,252,22,8,10
10516,252,84,7,12
10517,252,50,0,29
10518,252,91,0,30
10519,252,96,3,14
10520,252,89,0,22
10521,252,90,0,31
10522,252,92,0,28
10523,252,83,0,25
10524,252,97,0,20
10525,253,30,82,1
10526,253,14,43,3
10527,253,77,28,6
10528,253,57,11,8
10529,253,55,40,5
10530,253,87,10,10
10531,253,63,2,15
10532,253,88,1,16
10533,253,85,0,23
10534,253,64,0,25
10535,253,71,55,2
10536,253,65,40,4
10537,253,49,15,7
10538,253,44,8,11
10539,253,79,0,19
10540,253,93,0,26
10541,253,56,7,13
10542,253,95,0,27
10543,253,94,0,18
10544,253,81,1,17
10545,253,69,0,21
10546,253,22,11,9
10547,253,84,7,12
10548,253,50,0,29
10549,253,91,0,30
10550,253,96,3,14
10551,253,89,0,22
10552,253,90,0,31
10553,253,92,0,28
10554,253,83,0,24
10555,253,97,0,20
10556,253,99,0,32
10557,253,98,0,33
10558,254,30,92,1
10559,254,14,49,3
10560,254,77,31,6
10561,254,57,11,8
10562,254,55,42,4
10563,254,87,10,10
10564,254,63,2,15
10565,254,88,1,16
10566,254,85,0,23
10567,254,64,0,25
10568,254,71,59,2
10569,254,65,41,5
10570,254,49,15,7
10571,254,44,8,11
10572,254,79,0,19
10573,254,93,0,26
10574,254,56,7,13
10575,254,95,0,28
10576,254,94,0,18
10577,254,81,1,17
10578,254,69,0,21
10579,254,22,11,9
10580,254,84,7,12
10581,254,50,0,30
10582,254,91,0,31
10583,254,96,3,14
10584,254,89,0,22
10585,254,90,0,32
10586,254,92,0,29
10587,254,83,0,24
10588,254,97,0,20
10589,254,99,0,33
10590,254,98,0,34
10591,254,76,0,27
10592,255,30,102,1
10593,255,14,49,3
10594,255,77,31,6
10595,255,57,17,7
10596,255,55,42,5
10597,255,87,10,12
10598,255,63,3,14
10599,255,88,1,16
10600,255,85,0,23
10601,255,64,0,25
10602,255,71,59,2
10603,255,65,45,4
10604,255,49,15,8
10605,255,44,10,11
10606,255,79,0,19
10607,255,93,0,26
10608,255,56,10,10
10609,255,95,0,29
10610,255,94,0,18
10611,255,81,1,17
10612,255,69,0,21
10613,255,22,11,9
10614,255,84,7,13
10615,255,50,0,31
10616,255,91,0,27
10617,255,96,3,15
10618,255,89,0,22
10619,255,90,0,32
10620,255,92,0,30
10621,255,83,0,24
10622,255,97,0,20
10623,255,99,0,33
10624,255,98,0,34
10625,255,76,0,28
10626,256,30,102,1
10627,256,14,49,3
10628,256,77,31,6
10629,256,57,17,7
10630,256,55,42,5
10631,256,87,13,10
10632,256,63,5,15
10633,256,88,1,17
10634,256,85,0,25
10635,256,64,0,21
10636,256,71,69,2
10637,256,65,45,4
10638,256,49,15,9
10639,256,44,16,8
10640,256,79,0,20
10641,256,93,0,27
10642,256,56,10,12
10643,256,95,0,30
10644,256,94,0,19
10645,256,81,5,14
10646,256,69,0,23
10647,256,22,11,11
10648,256,84,7,13
10649,256,50,0,31
10650,256,91,0,28
10651,256,96,3,16
10652,256,89,0,24
10653,256,90,0,32
10654,256,92,0,26
10655,256,83,1,18
10656,256,97,0,22
10657,256,99,0,33
10658,256,98,0,34
10659,256,76,0,29
10660,207,14,10,1
10661,207,30,6,2
10662,207,57,4,3
10663,207,77,3,4
10664,207,44,2,5
10665,207,78,1,6
10666,207,75,0,7
10667,207,49,0,8
10668,207,15,0,9
10669,207,64,0,10
10670,208,14,10,1
10671,208,30,8,4
10672,208,57,7,5
10673,208,77,9,3
10674,208,44,6,6
10675,208,78,1,7
10676,208,75,0,9
10677,208,49,0,11
10678,208,15,0,13
10679,208,64,0,14
10680,208,35,10,2
10681,208,55,1,8
10682,208,65,0,10
10683,208,21,0,12
10684,208,63,0,15
10685,208,50,0,16
10686,208,56,0,17
10687,208,71,0,18
10688,208,79,0,19
10689,209,14,10,2
10690,209,30,8,5
10691,209,57,9,4
10692,209,77,10,3
10693,209,44,6,7
10694,209,78,1,11
10695,209,75,0,12
10696,209,49,0,13
10697,209,15,0,16
10698,209,64,0,17
10699,209,35,20,1
10700,209,55,1,10
10701,209,65,3,9
10702,209,21,0,15
10703,209,63,0,14
10704,209,50,0,19
10705,209,56,6,6
10706,209,71,0,20
10707,209,79,0,21
10708,209,23,4,8
10709,209,76,0,18
10710,210,14,10,4
10711,210,30,14,2
10712,210,57,10,7
10713,210,77,10,6
10714,210,44,6,8
10715,210,78,1,13
10716,210,75,0,14
10717,210,49,10,3
10718,210,15,0,16
10719,210,64,0,18
10720,210,35,20,1
10721,210,55,3,12
10722,210,65,3,10
10723,210,21,3,11
10724,210,63,0,15
10725,210,50,0,17
10726,210,56,10,5
10727,210,71,0,21
10728,210,79,0,20
10729,210,23,4,9
10730,210,76,0,19
10731,211,14,10,5
10732,211,30,24,1
10733,211,57,10,7
10734,211,77,10,6
10735,211,44,9,8
10736,211,78,1,15
10737,211,75,0,17
10738,211,49,10,4
10739,211,15,0,19
10740,211,64,0,21
10741,211,35,20,2
10742,211,55,3,13
10743,211,65,3,12
10744,211,21,4,11
10745,211,63,2,14
10746,211,50,0,18
10747,211,56,14,3
10748,211,71,0,22
10749,211,79,0,20
10750,211,23,4,10
10751,211,76,0,16
10752,211,22,6,9
10753,212,14,11,5
10754,212,30,27,2
10755,212,57,10,8
10756,212,77,10,7
10757,212,44,15,3
10758,212,78,1,15
10759,212,75,0,17
10760,212,49,10,6
10761,212,15,0,19
10762,212,64,0,21
10763,212,35,30,1
10764,212,55,7,9
10765,212,65,5,11
10766,212,21,4,13
10767,212,63,2,14
10768,212,50,0,18
10769,212,56,14,4
10770,212,71,0,23
10771,212,79,0,20
10772,212,23,4,12
10773,212,76,0,16
10774,212,22,6,10
10775,212,81,0,22
10776,213,14,11,7
10777,213,30,37,1
10778,213,57,10,9
10779,213,77,10,8
10780,213,44,15,3
10781,213,78,1,15
10782,213,75,1,16
10783,213,49,13,5
10784,213,15,0,20
10785,213,64,0,19
10786,213,35,30,2
10787,213,55,13,6
10788,213,65,7,11
10789,213,21,8,10
10790,213,63,2,14
10791,213,50,0,18
10792,213,56,14,4
10793,213,71,0,21
10794,213,79,0,22
10795,213,23,4,13
10796,213,76,0,17
10797,213,22,6,12
10798,213,81,0,23
10799,214,14,11,7
10800,214,30,47,1
10801,214,57,10,9
10802,214,77,10,8
10803,214,44,15,5
10804,214,78,1,15
10805,214,75,1,16
10806,214,49,19,3
10807,214,15,0,20
10808,214,64,0,19
10809,214,35,33,2
10810,214,55,15,6
10811,214,65,7,11
10812,214,21,8,10
10813,214,63,2,14
10814,214,50,0,18
10815,214,56,18,4
10816,214,71,0,21
10817,214,79,0,22
10818,214,23,5,13
10819,214,76,0,17
10820,214,22,6,12
10821,214,81,0,23
10822,215,14,14,7
10823,215,30,47,1
10824,215,57,10,9
10825,215,77,10,8
10826,215,44,15,6
10827,215,78,1,17
10828,215,75,1,16
10829,215,49,19,4
10830,215,15,0,20
10831,215,64,0,22
10832,215,35,43,2
10833,215,55,21,3
10834,215,65,7,12
10835,215,21,8,10
10836,215,63,2,15
10837,215,50,0,21
10838,215,56,18,5
10839,215,71,1,18
10840,215,79,0,24
10841,215,23,7,11
10842,215,76,0,19
10843,215,22,6,13
10844,215,81,0,25
10845,215,25,4,14
10846,215,82,0,23
10847,215,58,0,26
10848,216,14,14,8
10849,216,30,53,1
10850,216,57,14,9
10851,216,77,20,4
10852,216,44,15,7
10853,216,78,1,18
10854,216,75,1,17
10855,216,49,19,5
10856,216,15,3,15
10857,216,64,0,22
10858,216,35,43,2
10859,216,55,22,3
10860,216,65,7,12
10861,216,21,8,11
10862,216,63,2,16
10863,216,50,0,21
10864,216,56,18,6
10865,216,71,1,19
10866,216,79,0,24
10867,216,23,9,10
10868,216,76,0,20
10869,216,22,6,13
10870,216,81,0,25
10871,216,25,4,14
10872,216,82,0,23
10873,216,58,0,26
10874,217,14,14,8
10875,217,30,56,1
10876,217,57,14,9
10877,217,77,20,4
10878,217,44,15,7
10879,217,78,1,19
10880,217,75,2,18
10881,217,49,19,5
10882,217,15,3,16
10883,217,64,0,22
10884,217,35,53,2
10885,217,55,22,3
10886,217,65,11,10
10887,217,21,8,12
10888,217,63,2,17
10889,217,50,0,21
10890,217,56,18,6
10891,217,71,7,13
10892,217,79,0,24
10893,217,23,11,11
10894,217,76,0,20
10895,217,22,6,14
10896,217,81,0,26
10897,217,25,4,15
10898,217,82,0,23
10899,217,58,0,25
10900,218,14,14,8
10901,218,30,66,1
10902,218,57,14,10
10903,218,77,21,5
10904,218,44,15,7
10905,218,78,1,19
10906,218,75,2,18
10907,218,49,23,3
10908,218,15,3,16
10909,218,64,0,20
10910,218,35,55,2
10911,218,55,22,4
10912,218,65,14,11
10913,218,21,14,9
10914,218,63,2,17
10915,218,50,0,22
10916,218,56,18,6
10917,218,71,7,13
10918,218,79,0,25
10919,218,23,11,12
10920,218,76,0,21
10921,218,22,6,14
10922,218,81,0,24
10923,218,25,4,15
10924,218,82,0,23
10925,218,58,0,26
10926,219,14,24,5
10927,219,30,67,1
10928,219,57,14,10
10929,219,77,21,6
10930,219,44,15,9
10931,219,78,1,19
10932,219,75,2,18
10933,219,49,27,4
10934,219,15,3,16
10935,219,64,0,20
10936,219,35,57,2
10937,219,55,28,3
10938,219,65,14,11
10939,219,21,17,8
10940,219,63,2,17
10941,219,50,0,22
10942,219,56,18,7
10943,219,71,7,13
10944,219,79,0,25
10945,219,23,11,12
10946,219,76,0,21
10947,219,22,6,14
10948,219,81,0,24
10949,219,25,4,15
10950,219,82,0,23
10951,219,58,0,26
10952,220,14,30,4
10953,220,30,68,1
10954,220,57,14,10
10955,220,77,21,6
10956,220,44,15,9
10957,220,78,1,19
10958,220,75,2,18
10959,220,49,31,3
10960,220,15,3,16
10961,220,64,0,20
10962,220,35,67,2
10963,220,55,28,5
10964,220,65,14,11
10965,220,21,20,7
10966,220,63,2,17
10967,220,50,0,22
10968,220,56,18,8
10969,220,71,7,13
10970,220,79,0,25
10971,220,23,13,12
10972,220,76,0,21
10973,220,22,6,14
10974,220,81,0,23
10975,220,25,4,15
10976,220,82,0,24
10977,220,58,0,26
10978,221,14,30,5
10979,221,30,68,2
10980,221,57,14,10
10981,221,77,24,6
10982,221,44,16,9
10983,221,78,1,20
10984,221,75,2,19
10985,221,49,35,3
10986,221,15,3,16
10987,221,64,2,17
10988,221,35,77,1
10989,221,55,34,4
10990,221,65,14,11
10991,221,21,20,7
10992,221,63,2,18
10993,221,50,0,22
10994,221,56,18,8
10995,221,71,7,13
10996,221,79,0,25
10997,221,23,13,12
10998,221,76,0,21
10999,221,22,6,14
11000,221,81,0,23
11001,221,25,4,15
11002,221,82,0,24
11003,221,58,0,26
11004,222,14,30,5
11005,222,30,78,1
11006,222,57,17,9
11007,222,77,24,6
11008,222,44,16,10
11009,222,78,1,20
11010,222,75,2,19
11011,222,49,41,3
11012,222,15,3,16
11013,222,64,2,17
11014,222,35,77,2
11015,222,55,36,4
11016,222,65,15,11
11017,222,21,20,8
11018,222,63,2,18
11019,222,50,0,22
11020,222,56,22,7
11021,222,71,7,13
11022,222,79,0,25
11023,222,23,13,12
11024,222,76,0,21
11025,222,22,6,14
11026,222,81,0,23
11027,222,25,4,15
11028,222,82,0,24
11029,222,58,0,26
11030,223,14,36,3
11031,223,30,78,26
11032,223,57,27,6
11033,223,77,27,5
11034,223,44,16,9
11035,223,78,1,19
11036,223,75,2,18
11037,223,49,42,2
11038,223,15,3,15
11039,223,64,2,16
11040,223,35,81,1
11041,223,55,36,4
11042,223,65,15,10
11043,223,21,20,8
11044,223,63,2,17
11045,223,50,0,21
11046,223,56,24,7
11047,223,71,7,12
11048,223,79,0,24
11049,223,23,13,11
11050,223,76,0,20
11051,223,22,6,13
11052,223,81,0,22
11053,223,25,4,14
11054,223,82,0,23
11055,223,58,0,25
11056,175,56,10,1
11057,175,49,6,2
11058,175,23,4,3
11059,175,21,3,4
11060,175,22,2,5
11061,175,37,1,6
11062,175,68,0,7
11063,175,30,0,8
11064,176,56,12,1
11065,176,49,10,3
11066,176,23,7,4
11067,176,21,3,6
11068,176,22,2,7
11069,176,37,1,8
11070,176,68,0,10
11071,176,30,6,5
11072,176,57,10,2
11073,176,44,1,9
11074,176,25,0,11
11075,176,48,0,12
11076,177,56,12,2
11077,177,49,10,4
11078,177,23,7,5
11079,177,21,5,8
11080,177,22,6,7
11081,177,37,1,11
11082,177,68,0,13
11083,177,30,16,1
11084,177,57,10,3
11085,177,44,1,12
11086,177,25,0,15
11087,177,48,0,17
11088,177,14,6,6
11089,177,71,3,9
11090,177,55,1,10
11091,177,63,0,14
11092,177,69,0,16
11093,177,65,0,18
11094,177,70,0,19
11095,178,56,18,2
11096,178,49,13,4
11097,178,23,7,5
11098,178,21,7,6
11099,178,22,6,8
11100,178,37,1,12
11101,178,68,0,14
11102,178,30,26,1
11103,178,57,14,3
11104,178,44,1,13
11105,178,25,1,10
11106,178,48,0,19
11107,178,14,6,7
11108,178,71,3,9
11109,178,55,1,11
11110,178,63,0,15
11111,178,69,0,18
11112,178,65,0,20
11113,178,70,0,17
11114,178,15,0,16
11115,179,56,21,3
11116,179,49,13,4
11117,179,23,9,6
11118,179,21,7,7
11119,179,22,6,8
11120,179,37,1,12
11121,179,68,0,15
11122,179,30,30,1
11123,179,57,24,2
11124,179,44,1,14
11125,179,25,1,10
11126,179,48,0,19
11127,179,14,12,5
11128,179,71,3,9
11129,179,55,1,13
11130,179,63,0,16
11131,179,69,0,18
11132,179,65,0,20
11133,179,70,0,17
11134,179,15,1,11
11135,180,56,25,3
11136,180,49,13,4
11137,180,23,12,7
11138,180,21,13,5
11139,180,22,6,8
11140,180,37,1,14
11141,180,68,0,17
11142,180,30,30,2
11143,180,57,34,1
11144,180,44,1,13
11145,180,25,1,11
11146,180,48,0,19
11147,180,14,12,6
11148,180,71,3,9
11149,180,55,1,15
11150,180,63,0,18
11151,180,69,0,20
11152,180,65,2,10
11153,180,70,0,21
11154,180,15,1,12
11155,180,64,1,16
11156,181,56,26,3
11157,181,49,23,4
11158,181,23,15,5
11159,181,21,13,6
11160,181,22,10,8
11161,181,37,1,14
11162,181,68,0,17
11163,181,30,32,2
11164,181,57,40,1
11165,181,44,1,13
11166,181,25,1,12
11167,181,48,0,19
11168,181,14,12,7
11169,181,71,3,9
11170,181,55,1,15
11171,181,63,0,18
11172,181,69,0,20
11173,181,65,2,10
11174,181,70,0,21
11175,181,15,1,11
11176,181,64,1,16
11177,181,41,0,22
11178,182,56,32,3
11179,182,49,26,4
11180,182,23,19,6
11181,182,21,13,7
11182,182,22,10,8
11183,182,37,1,15
11184,182,68,0,17
11185,182,30,32,2
11186,182,57,40,1
11187,182,44,1,14
11188,182,25,1,13
11189,182,48,0,19
11190,182,14,22,5
11191,182,71,5,9
11192,182,55,1,16
11193,182,63,0,18
11194,182,69,0,20
11195,182,65,2,10
11196,182,70,0,21
11197,182,15,1,12
11198,182,64,2,11
11199,182,41,0,22
11200,183,56,42,2
11201,183,49,29,4
11202,183,23,19,6
11203,183,21,13,7
11204,183,22,10,8
11205,183,37,1,15
11206,183,68,0,18
11207,183,30,32,3
11208,183,57,44,1
11209,183,44,1,14
11210,183,25,3,10
11211,183,48,0,19
11212,183,14,28,5
11213,183,71,5,9
11214,183,55,1,16
11215,183,63,0,17
11216,183,69,0,20
11217,183,65,2,12
11218,183,70,0,21
11219,183,15,1,13
11220,183,64,3,11
11221,183,41,0,22
11222,184,56,52,1
11223,184,49,33,3
11224,184,23,22,6
11225,184,21,13,7
11226,184,22,10,8
11227,184,37,1,17
11228,184,68,0,18
11229,184,30,32,4
11230,184,57,44,2
11231,184,44,2,14
11232,184,25,3,11
11233,184,48,0,19
11234,184,14,30,5
11235,184,71,5,10
11236,184,55,1,16
11237,184,63,6,9
11238,184,69,0,20
11239,184,65,2,13
11240,184,70,0,21
11241,184,15,1,15
11242,184,64,3,12
11243,184,41,0,22
11244,185,56,56,1
11245,185,49,36,4
11246,185,23,22,6
11247,185,21,13,7
11248,185,22,12,8
11249,185,37,1,17
11250,185,68,0,18
11251,185,30,32,5
11252,185,57,54,2
11253,185,44,2,14
11254,185,25,3,11
11255,185,48,0,19
11256,185,14,36,3
11257,185,71,6,10
11258,185,55,1,16
11259,185,63,6,9
11260,185,69,0,20
11261,185,65,2,13
11262,185,70,0,21
11263,185,15,1,15
11264,185,64,3,12
11265,185,41,0,22
11266,186,56,59,2
11267,186,49,40,4
11268,186,23,24,6
11269,186,21,13,7
11270,186,22,12,8
11271,186,37,1,17
11272,186,68,0,18
11273,186,30,32,5
11274,186,57,60,1
11275,186,44,2,14
11276,186,25,3,11
11277,186,48,0,20
11278,186,14,46,3
11279,186,71,7,9
11280,186,55,1,16
11281,186,63,6,10
11282,186,69,0,21
11283,186,65,2,13
11284,186,70,0,19
11285,186,15,1,15
11286,186,64,3,12
11287,186,41,0,22
11288,186,35,0,23
11289,187,56,60,2
11290,187,49,50,3
11291,187,23,30,6
11292,187,21,13,8
11293,187,22,15,7
11294,187,37,1,17
11295,187,68,0,19
11296,187,30,32,5
11297,187,57,60,1
11298,187,44,2,14
11299,187,25,3,11
11300,187,48,0,20
11301,187,14,48,4
11302,187,71,7,10
11303,187,55,1,16
11304,187,63,10,9
11305,187,69,0,21
11306,187,65,2,13
11307,187,70,0,18
11308,187,15,1,15
11309,187,64,3,12
11310,187,41,0,23
11311,187,35,0,22
11312,188,56,60,2
11313,188,49,50,3
11314,188,23,33,5
11315,188,21,13,8
11316,188,22,19,7
11317,188,37,1,18
11318,188,68,0,20
11319,188,30,32,6
11320,188,57,62,1
11321,188,44,2,15
11322,188,25,3,13
11323,188,48,1,16
11324,188,14,48,4
11325,188,71,7,12
11326,188,55,1,17
11327,188,63,10,10
11328,188,69,0,22
11329,188,65,12,9
11330,188,70,0,19
11331,188,15,7,11
11332,188,64,3,14
11333,188,41,0,21
11334,188,35,0,23
11335,189,56,70,1
11336,189,49,51,3
11337,189,23,33,6
11338,189,21,13,9
11339,189,22,21,7
11340,189,37,1,18
11341,189,68,0,20
11342,189,30,38,5
11343,189,57,66,2
11344,189,44,2,15
11345,189,25,3,13
11346,189,48,1,17
11347,189,14,48,4
11348,189,71,7,12
11349,189,55,1,16
11350,189,63,10,10
11351,189,69,0,22
11352,189,65,15,8
11353,189,70,0,19
11354,189,15,7,11
11355,189,64,3,14
11356,189,41,0,21
11357,189,35,0,23
11358,190,56,74,2
11359,190,49,54,3
11360,190,23,35,6
11361,190,21,13,9
11362,190,22,21,7
11363,190,37,1,18
11364,190,68,0,20
11365,190,30,44,5
11366,190,57,76,1
11367,190,44,2,16
11368,190,25,3,13
11369,190,48,1,17
11370,190,14,48,4
11371,190,71,7,12
11372,190,55,2,15
11373,190,63,10,10
11374,190,69,0,23
11375,190,65,15,8
11376,190,70,0,19
11377,190,15,7,11
11378,190,64,3,14
11379,190,41,0,22
11380,190,35,0,21
11381,141,30,10,1
11382,141,14,6,2
11383,141,22,4,3
11384,141,2,3,4
11385,141,49,2,5
11386,141,8,1,6
11387,141,44,0,7
11388,141,54,0,8
11389,141,55,0,9
11390,141,50,0,10
11391,141,56,0,11
11392,141,4,0,12
11393,141,21,0,13
11394,142,30,20,1
11395,142,14,10,3
11396,142,22,10,2
11397,142,2,3,5
11398,142,49,5,4
11399,142,8,1,8
11400,142,44,0,10
11401,142,54,0,11
11402,142,55,0,13
11403,142,50,0,9
11404,142,56,0,15
11405,142,4,0,16
11406,142,21,0,18
11407,142,23,2,6
11408,142,57,1,7
11409,142,15,0,12
11410,142,18,0,14
11411,142,60,0,17
11412,142,58,0,19
11413,143,30,26,1
11414,143,14,20,2
11415,143,22,10,3
11416,143,2,7,4
11417,143,49,5,5
11418,143,8,1,11
11419,143,44,3,6
11420,143,54,0,15
11421,143,55,0,14
11422,143,50,0,12
11423,143,56,0,18
11424,143,4,0,19
11425,143,21,1,9
11426,143,23,2,8
11427,143,57,1,10
11428,143,15,2,7
11429,143,18,0,17
11430,143,60,0,20
11431,143,58,0,16
11432,143,35,0,13
11433,144,30,26,1
11434,144,14,26,2
11435,144,22,14,3
11436,144,2,7,5
11437,144,49,6,6
11438,144,8,1,11
11439,144,44,3,9
11440,144,54,0,15
11441,144,55,0,14
11442,144,50,0,12
11443,144,56,0,19
11444,144,4,0,20
11445,144,21,1,10
11446,144,23,12,4
11447,144,57,4,7
11448,144,15,4,8
11449,144,18,0,17
11450,144,60,0,21
11451,144,58,0,16
11452,144,35,0,13
11453,144,59,0,18
11454,145,30,36,1
11455,145,14,28,2
11456,145,22,14,3
11457,145,2,8,5
11458,145,49,6,8
11459,145,8,1,12
11460,145,44,3,11
11461,145,54,0,16
11462,145,55,0,15
11463,145,50,0,14
11464,145,56,0,20
11465,145,4,0,21
11466,145,21,1,13
11467,145,23,12,4
11468,145,57,4,10
11469,145,15,7,6
11470,145,18,0,18
11471,145,60,0,22
11472,145,58,0,17
11473,145,35,4,9
11474,145,59,0,19
11475,145,31,6,7
11476,146,30,42,1
11477,146,14,38,2
11478,146,22,18,3
11479,146,2,8,5
11480,146,49,6,8
11481,146,8,4,11
11482,146,44,5,9
11483,146,54,0,17
11484,146,55,0,16
11485,146,50,1,13
11486,146,56,0,15
11487,146,4,0,21
11488,146,21,1,14
11489,146,23,12,4
11490,146,57,4,12
11491,146,15,7,6
11492,146,18,0,19
11493,146,60,0,22
11494,146,58,0,18
11495,146,35,4,10
11496,146,59,0,20
11497,146,31,6,7
11498,147,30,52,1
11499,147,14,40,2
11500,147,22,24,3
11501,147,2,8,5
11502,147,49,6,9
11503,147,8,4,12
11504,147,44,5,10
11505,147,54,0,18
11506,147,55,1,15
11507,147,50,1,14
11508,147,56,4,11
11509,147,4,0,21
11510,147,21,1,16
11511,147,23,12,4
11512,147,57,4,13
11513,147,15,7,7
11514,147,18,0,17
11515,147,60,0,22
11516,147,58,0,20
11517,147,35,7,6
11518,147,59,0,19
11519,147,31,6,8
11520,148,30,58,1
11521,148,14,40,2
11522,148,22,24,3
11523,148,2,8,5
11524,148,49,6,11
11525,148,8,7,8
11526,148,44,5,12
11527,148,54,0,20
11528,148,55,3,14
11529,148,50,1,15
11530,148,56,4,13
11531,148,4,0,23
11532,148,21,1,16
11533,148,23,22,4
11534,148,57,8,6
11535,148,15,7,9
11536,148,18,0,18
11537,148,60,0,24
11538,148,58,0,21
11539,148,35,7,7
11540,148,59,0,22
11541,148,31,6,10
11542,148,37,1,17
11543,148,41,0,19
11544,149,30,68,1
11545,149,14,44,2
11546,149,22,26,3
11547,149,2,8,7
11548,149,49,6,11
11549,149,8,7,9
11550,149,44,5,12
11551,149,54,0,20
11552,149,55,3,14
11553,149,50,1,15
11554,149,56,4,13
11555,149,4,0,23
11556,149,21,1,17
11557,149,23,25,4
11558,149,57,9,6
11559,149,15,7,10
11560,149,18,0,18
11561,149,60,0,24
11562,149,58,0,21
11563,149,35,7,8
11564,149,59,0,22
11565,149,31,12,5
11566,149,37,1,16
11567,149,41,0,19
11568,150,30,78,1
11569,150,14,47,2
11570,150,22,30,4
11571,150,2,9,6
11572,150,49,6,11
11573,150,8,7,10
11574,150,44,5,12
11575,150,54,0,20
11576,150,55,3,14
11577,150,50,1,15
11578,150,56,4,13
11579,150,4,0,23
11580,150,21,1,17
11581,150,23,31,3
11582,150,57,9,7
11583,150,15,9,8
11584,150,18,0,18
11585,150,60,0,24
11586,150,58,0,21
11587,150,35,7,9
11588,150,59,0,22
11589,150,31,12,5
11590,150,37,1,16
11591,150,41,0,19
11592,151,30,84,1
11593,151,14,47,2
11594,151,22,34,3
11595,151,2,10,7
11596,151,49,6,11
11597,151,8,9,8
11598,151,44,5,12
11599,151,54,0,20
11600,151,55,3,14
11601,151,50,1,15
11602,151,56,4,13
11603,151,4,0,23
11604,151,21,1,17
11605,151,23,31,4
11606,151,57,19,5
11607,151,15,9,9
11608,151,18,0,18
11609,151,60,0,24
11610,151,58,0,21
11611,151,35,7,10
11612,151,59,0,22
11613,151,31,15,6
11614,151,37,1,16
11615,151,41,0,19
11616,152,30,84,1
11617,152,14,47,2
11618,152,22,40,4
11619,152,2,10,8
11620,152,49,6,11
11621,152,8,9,9
11622,152,44,5,12
11623,152,54,0,20
11624,152,55,4,15
11625,152,50,1,17
11626,152,56,4,13
11627,152,4,0,23
11628,152,21,4,14
11629,152,23,41,3
11630,152,57,19,5
11631,152,15,9,10
11632,152,18,2,16
11633,152,60,0,24
11634,152,58,0,22
11635,152,35,11,7
11636,152,59,0,21
11637,152,31,15,6
11638,152,37,1,18
11639,152,41,0,19
11640,153,30,94,1
11641,153,14,51,2
11642,153,22,46,3
11643,153,2,11,8
11644,153,49,6,11
11645,153,8,9,9
11646,153,44,5,12
11647,153,54,0,20
11648,153,55,4,15
11649,153,50,1,17
11650,153,56,4,13
11651,153,4,0,23
11652,153,21,4,14
11653,153,23,44,4
11654,153,57,21,5
11655,153,15,9,10
11656,153,18,2,16
11657,153,60,0,24
11658,153,58,0,22
11659,153,35,11,7
11660,153,59,0,21
11661,153,31,15,6
11662,153,37,1,18
11663,153,41,0,19
11664,154,30,104,1
11665,154,14,57,2
11666,154,22,48,3
11667,154,2,11,8
11668,154,49,6,12
11669,154,8,9,9
11670,154,44,5,13
11671,154,54,0,20
11672,154,55,5,14
11673,154,50,1,17
11674,154,56,4,15
11675,154,4,0,23
11676,154,21,8,11
11677,154,23,44,4
11678,154,57,24,5
11679,154,15,9,10
11680,154,18,2,16
11681,154,60,0,24
11682,154,58,0,22
11683,154,35,11,7
11684,154,59,0,21
11685,154,31,15,6
11686,154,37,1,18
11687,154,41,0,19
11688,155,30,107,1
11689,155,14,57,2
11690,155,22,54,3
11691,155,2,11,8
11692,155,49,6,12
11693,155,8,9,9
11694,155,44,5,13
11695,155,54,0,20
11696,155,55,5,14
11697,155,50,1,18
11698,155,56,4,15
11699,155,4,0,23
11700,155,21,8,11
11701,155,23,48,4
11702,155,57,24,6
11703,155,15,9,10
11704,155,18,2,17
11705,155,60,0,25
11706,155,58,0,22
11707,155,35,12,7
11708,155,59,0,21
11709,155,31,25,5
11710,155,37,3,16
11711,155,41,0,19
11712,155,61,0,24
11713,156,30,113,1
11714,156,14,61,2
11715,156,22,54,3
11716,156,2,12,8
11717,156,49,6,13
11718,156,8,9,10
11719,156,44,5,14
11720,156,54,0,20
11721,156,55,5,15
11722,156,50,1,18
11723,156,56,6,12
11724,156,4,0,23
11725,156,21,8,11
11726,156,23,48,4
11727,156,57,34,5
11728,156,15,12,9
11729,156,18,2,17
11730,156,60,0,25
11731,156,58,0,22
11732,156,35,12,7
11733,156,59,0,21
11734,156,31,25,6
11735,156,37,3,16
11736,156,41,0,19
11737,156,61,0,24
11738,157,30,123,1
11739,157,14,65,2
11740,157,22,56,3
11741,157,2,12,8
11742,157,49,6,13
11743,157,8,9,10
11744,157,44,5,14
11745,157,54,0,20
11746,157,55,5,15
11747,157,50,1,18
11748,157,56,6,12
11749,157,4,0,23
11750,157,21,8,11
11751,157,23,49,4
11752,157,57,37,5
11753,157,15,12,9
11754,157,18,2,17
11755,157,60,0,25
11756,157,58,0,22
11757,157,35,12,7
11758,157,59,0,21
11759,157,31,31,6
11760,157,37,3,16
11761,157,41,0,19
11762,157,61,0,24
11763,157,62,0,26
11764,124,30,10,1
11765,124,31,6,2
11766,124,8,4,3
11767,124,56,3,4
11768,124,17,2,5
11769,124,63,1,6
11770,124,62,0,7
11771,124,37,0,8
11772,125,30,14,1
11773,125,31,12,2
11774,125,8,4,4
11775,125,56,3,6
11776,125,17,2,8
11777,125,63,1,9
11778,125,62,0,12
11779,125,37,0,13
11780,125,23,10,3
11781,125,18,3,5
11782,125,2,2,7
11783,125,13,1,10
11784,125,66,0,11
11785,125,35,0,14
11786,125,11,0,15
11787,125,49,0,16
11788,125,21,0,17
11789,126,30,24,1
11790,126,31,14,3
11791,126,8,4,5
11792,126,56,3,7
11793,126,17,2,8
11794,126,63,2,10
11795,126,62,0,12
11796,126,37,0,14
11797,126,23,16,2
11798,126,18,6,4
11799,126,2,2,9
11800,126,13,1,11
11801,126,66,0,13
11802,126,35,0,15
11803,126,11,0,16
11804,126,49,0,17
11805,126,21,0,18
11806,126,14,4,6
11807,127,30,34,1
11808,127,31,17,3
11809,127,8,4,7
11810,127,56,3,8
11811,127,17,2,10
11812,127,63,2,11
11813,127,62,0,14
11814,127,37,0,16
11815,127,23,20,2
11816,127,18,8,4
11817,127,2,2,9
11818,127,13,1,12
11819,127,66,0,15
11820,127,35,0,13
11821,127,11,0,17
11822,127,49,0,19
11823,127,21,0,20
11824,127,14,5,6
11825,127,22,6,5
11826,127,15,0,18
11827,128,30,44,1
11828,128,31,23,2
11829,128,8,4,8
11830,128,56,3,9
11831,128,17,2,11
11832,128,63,2,12
11833,128,62,0,16
11834,128,37,0,17
11835,128,23,20,3
11836,128,18,8,5
11837,128,2,5,7
11838,128,13,3,10
11839,128,66,0,15
11840,128,35,0,14
11841,128,11,0,18
11842,128,49,1,13
11843,128,21,0,20
11844,128,14,9,4
11845,128,22,6,6
11846,128,15,0,19
11847,129,30,54,1
11848,129,31,27,2
11849,129,8,4,8
11850,129,56,3,9
11851,129,17,2,11
11852,129,63,2,13
11853,129,62,0,17
11854,129,37,0,18
11855,129,23,23,3
11856,129,18,8,6
11857,129,2,5,7
11858,129,13,3,10
11859,129,66,0,16
11860,129,35,0,15
11861,129,11,0,19
11862,129,49,1,14
11863,129,21,2,12
11864,129,14,10,5
11865,129,22,12,4
11866,129,15,0,20
11867,130,30,60,1
11868,130,31,27,3
11869,130,8,4,8
11870,130,56,3,10
11871,130,17,2,13
11872,130,63,2,14
11873,130,62,0,18
11874,130,37,0,19
11875,130,23,27,2
11876,130,18,8,6
11877,130,2,5,7
11878,130,13,3,12
11879,130,66,0,17
11880,130,35,0,16
11881,130,11,0,20
11882,130,49,2,15
11883,130,21,4,9
11884,130,14,20,4
11885,130,22,12,5
11886,130,15,3,11
11887,130,59,0,21
11888,131,30,70,1
11889,131,31,27,3
11890,131,8,7,7
11891,131,56,3,11
11892,131,17,2,13
11893,131,63,2,14
11894,131,62,0,18
11895,131,37,0,19
11896,131,23,27,2
11897,131,18,8,6
11898,131,2,5,9
11899,131,13,3,12
11900,131,66,0,17
11901,131,35,0,16
11902,131,11,0,21
11903,131,49,2,15
11904,131,21,6,8
11905,131,14,26,4
11906,131,22,16,5
11907,131,15,4,10
11908,131,59,0,22
11909,131,44,0,20
11910,132,30,76,1
11911,132,31,27,3
11912,132,8,11,6
11913,132,56,3,12
11914,132,17,2,13
11915,132,63,2,14
11916,132,62,0,18
11917,132,37,0,19
11918,132,23,30,2
11919,132,18,10,7
11920,132,2,5,9
11921,132,13,4,11
11922,132,66,0,17
11923,132,35,0,16
11924,132,11,0,21
11925,132,49,2,15
11926,132,21,6,8
11927,132,14,26,5
11928,132,22,26,4
11929,132,15,4,10
11930,132,59,0,22
11931,132,44,0,20
11932,133,30,86,1
11933,133,31,31,3
11934,133,8,11,6
11935,133,56,3,13
11936,133,17,2,15
11937,133,63,2,16
11938,133,62,0,19
11939,133,37,0,20
11940,133,23,30,4
11941,133,18,10,7
11942,133,2,6,8
11943,133,13,4,11
11944,133,66,0,18
11945,133,35,3,12
11946,133,11,0,21
11947,133,49,2,17
11948,133,21,6,9
11949,133,14,26,5
11950,133,22,32,2
11951,133,15,4,10
11952,133,59,0,22
11953,133,44,2,14
11954,134,30,96,1
11955,134,31,34,2
11956,134,8,17,6
11957,134,56,3,13
11958,134,17,2,15
11959,134,63,2,16
11960,134,62,0,19
11961,134,37,0,20
11962,134,23,32,4
11963,134,18,11,7
11964,134,2,6,8
11965,134,13,4,11
11966,134,66,0,18
11967,134,35,3,12
11968,134,11,0,21
11969,134,49,2,17
11970,134,21,6,9
11971,134,14,30,5
11972,134,22,32,3
11973,134,15,4,10
11974,134,59,0,22
11975,134,44,2,14
11976,135,30,106,1
11977,135,31,40,2
11978,135,8,17,6
11979,135,56,3,13
11980,135,17,2,15
11981,135,63,2,16
11982,135,62,0,19
11983,135,37,0,20
11984,135,23,36,3
11985,135,18,11,7
11986,135,2,7,8
11987,135,13,4,11
11988,135,66,0,18
11989,135,35,3,12
11990,135,11,0,21
11991,135,49,2,17
11992,135,21,6,9
11993,135,14,32,5
11994,135,22,35,4
11995,135,15,4,10
11996,135,59,0,22
11997,135,44,2,14
11998,136,30,112,1
11999,136,31,40,4
12000,136,8,20,6
12001,136,56,3,13
12002,136,17,2,15
12003,136,63,2,16
12004,136,62,0,19
12005,136,37,0,20
12006,136,23,40,3
12007,136,18,11,7
12008,136,2,7,8
12009,136,13,4,11
12010,136,66,0,18
12011,136,35,3,12
12012,136,11,0,21
12013,136,49,2,17
12014,136,21,7,9
12015,136,14,34,5
12016,136,22,45,2
12017,136,15,4,10
12018,136,59,0,22
12019,136,44,2,14
12020,137,30,122,1
12021,137,31,44,3
12022,137,8,20,6
12023,137,56,4,10
12024,137,17,2,15
12025,137,63,2,16
12026,137,62,0,19
12027,137,37,0,20
12028,137,23,42,4
12029,137,18,11,7
12030,137,2,7,8
12031,137,13,4,12
12032,137,66,0,18
12033,137,35,3,13
12034,137,11,0,21
12035,137,49,2,17
12036,137,21,7,9
12037,137,14,37,5
12038,137,22,51,2
12039,137,15,4,11
12040,137,59,0,22
12041,137,44,2,14
12042,138,30,128,1
12043,138,31,44,3
12044,138,8,20,6
12045,138,56,8,8
12046,138,17,2,15
12047,138,63,2,16
12048,138,62,0,19
12049,138,37,0,20
12050,138,23,42,4
12051,138,18,13,7
12052,138,2,7,10
12053,138,13,4,12
12054,138,66,0,18
12055,138,35,3,13
12056,138,11,0,21
12057,138,49,2,17
12058,138,21,7,11
12059,138,14,37,5
12060,138,22,61,2
12061,138,15,7,9
12062,138,59,0,22
12063,138,44,3,14
12064,139,30,134,1
12065,139,31,47,3
12066,139,8,20,6
12067,139,56,8,9
12068,139,17,2,15
12069,139,63,2,16
12070,139,62,0,19
12071,139,37,0,20
12072,139,23,42,4
12073,139,18,13,7
12074,139,2,7,10
12075,139,13,4,13
12076,139,66,0,18
12077,139,35,4,12
12078,139,11,0,21
12079,139,49,2,17
12080,139,21,7,11
12081,139,14,41,5
12082,139,22,71,2
12083,139,15,9,8
12084,139,59,0,22
12085,139,44,3,14
12086,140,30,144,1
12087,140,31,50,3
12088,140,8,24,6
12089,140,56,8,9
12090,140,17,2,16
12091,140,63,2,17
12092,140,62,0,20
12093,140,37,0,21
12094,140,23,42,4
12095,140,18,14,7
12096,140,2,7,10
12097,140,13,4,13
12098,140,66,0,19
12099,140,35,4,12
12100,140,11,2,15
12101,140,49,2,18
12102,140,21,7,11
12103,140,14,41,5
12104,140,22,77,2
12105,140,15,9,8
12106,140,59,0,22
12107,140,44,3,14
12108,108,14,10,1
12109,108,31,8,2
12110,108,8,6,3
12111,108,30,5,4
12112,108,15,4,5
12113,108,49,3,6
12114,108,4,2,7
12115,108,23,1,8
12116,108,35,0,9
12117,108,18,0,10
12118,108,50,0,11
12119,109,14,10,2
12120,109,31,8,3
12121,109,8,16,1
12122,109,30,8,6
12123,109,15,8,7
12124,109,49,3,9
12125,109,4,8,5
12126,109,23,6,8
12127,109,35,0,12
12128,109,18,2,10
12129,109,50,0,14
12130,109,22,8,4
12131,109,2,1,11
12132,109,52,0,13
12133,109,43,0,15
12134,110,14,15,2
12135,110,31,8,6
12136,110,8,24,1
12137,110,30,8,8
12138,110,15,9,5
12139,110,49,7,10
12140,110,4,14,3
12141,110,23,8,9
12142,110,35,3,11
12143,110,18,2,12
12144,110,50,0,17
12145,110,22,8,7
12146,110,2,1,13
12147,110,52,0,16
12148,110,43,0,15
12149,110,21,10,4
12150,110,17,0,14
12151,111,14,19,2
12152,111,31,10,8
12153,111,8,32,1
12154,111,30,18,3
12155,111,15,9,9
12156,111,49,7,10
12157,111,4,17,4
12158,111,23,13,6
12159,111,35,3,11
12160,111,18,3,12
12161,111,50,0,18
12162,111,22,14,5
12163,111,2,1,13
12164,111,52,0,17
12165,111,43,0,16
12166,111,21,10,7
12167,111,17,0,15
12168,111,44,0,14
12169,111,42,0,19
12170,112,14,19,5
12171,112,31,15,7
12172,112,8,32,1
12173,112,30,28,2
12174,112,15,9,9
12175,112,49,7,10
12176,112,4,25,3
12177,112,23,17,6
12178,112,35,3,11
12179,112,18,3,13
12180,112,50,0,18
12181,112,22,20,4
12182,112,2,1,15
12183,112,52,1,16
12184,112,43,3,12
12185,112,21,10,8
12186,112,17,2,14
12187,112,44,0,17
12188,112,42,0,20
12189,112,51,0,19
12190,113,14,23,5
12191,113,31,15,7
12192,113,8,40,1
12193,113,30,38,2
12194,113,15,10,9
12195,113,49,7,11
12196,113,4,25,4
12197,113,23,20,6
12198,113,35,3,13
12199,113,18,8,10
12200,113,50,0,19
12201,113,22,26,3
12202,113,2,1,15
12203,113,52,1,16
12204,113,43,3,14
12205,113,21,10,8
12206,113,17,4,12
12207,113,44,0,18
12208,113,42,0,17
12209,113,51,0,20
12210,114,14,25,6
12211,114,31,25,5
12212,114,8,48,1
12213,114,30,44,2
12214,114,15,13,8
12215,114,49,7,11
12216,114,4,29,3
12217,114,23,25,7
12218,114,35,3,14
12219,114,18,8,10
12220,114,50,0,19
12221,114,22,27,4
12222,114,2,1,15
12223,114,52,1,16
12224,114,43,3,13
12225,114,21,10,9
12226,114,17,4,12
12227,114,44,0,17
12228,114,42,0,18
12229,114,51,0,20
12230,115,14,25,7
12231,115,31,31,5
12232,115,8,51,2
12233,115,30,54,1
12234,115,15,13,8
12235,115,49,7,11
12236,115,4,34,3
12237,115,23,33,4
12238,115,35,3,14
12239,115,18,8,10
12240,115,50,0,19
12241,115,22,31,6
12242,115,2,1,16
12243,115,52,1,17
12244,115,43,3,13
12245,115,21,10,9
12246,115,17,6,12
12247,115,44,1,15
12248,115,42,0,18
12249,115,51,0,20
12250,116,14,25,7
12251,116,31,39,4
12252,116,8,51,2
12253,116,30,58,1
12254,116,15,13,8
12255,116,49,7,12
12256,116,4,39,5
12257,116,23,43,3
12258,116,35,3,14
12259,116,18,10,10
12260,116,50,0,19
12261,116,22,37,6
12262,116,2,2,15
12263,116,52,1,17
12264,116,43,3,13
12265,116,21,10,9
12266,116,17,9,11
12267,116,44,1,16
12268,116,42,0,18
12269,116,51,0,20
12270,117,14,29,7
12271,117,31,47,4
12272,117,8,56,2
12273,117,30,64,1
12274,117,15,13,8
12275,117,49,7,12
12276,117,4,39,6
12277,117,23,53,3
12278,117,35,3,13
12279,117,18,10,11
12280,117,50,0,19
12281,117,22,39,5
12282,117,2,2,16
12283,117,52,1,17
12284,117,43,3,14
12285,117,21,10,10
12286,117,17,12,9
12287,117,44,2,15
12288,117,42,0,18
12289,117,51,0,20
12290,118,14,33,7
12291,118,31,55,3
12292,118,8,62,2
12293,118,30,69,1
12294,118,15,16,8
12295,118,49,7,12
12296,118,4,39,6
12297,118,23,53,4
12298,118,35,3,14
12299,118,18,11,10
12300,118,50,0,19
12301,118,22,49,5
12302,118,2,2,16
12303,118,52,1,17
12304,118,43,5,13
12305,118,21,10,11
12306,118,17,12,9
12307,118,44,2,15
12308,118,42,0,18
12309,118,51,0,20
12310,119,14,41,7
12311,119,31,65,2
12312,119,8,62,3
12313,119,30,71,1
12314,119,15,22,8
12315,119,49,7,13
12316,119,4,44,6
12317,119,23,53,4
12318,119,35,3,15
12319,119,18,12,9
12320,119,50,0,19
12321,119,22,49,5
12322,119,2,2,16
12323,119,52,1,17
12324,119,43,8,12
12325,119,21,10,11
12326,119,17,12,10
12327,119,44,6,14
12328,119,42,0,18
12329,119,51,0,20
12330,119,53,0,21
12331,120,14,45,7
12332,120,31,71,2
12333,120,8,70,3
12334,120,30,72,1
12335,120,15,24,8
12336,120,49,7,13
12337,120,4,54,5
12338,120,23,58,4
12339,120,35,3,15
12340,120,18,12,10
12341,120,50,0,19
12342,120,22,49,6
12343,120,2,2,16
12344,120,52,1,17
12345,120,43,8,12
12346,120,21,10,11
12347,120,17,15,9
12348,120,44,6,14
12349,120,42,0,18
12350,120,51,0,20
12351,120,53,0,21
12352,121,14,45,7
12353,121,31,79,2
12354,121,8,75,3
12355,121,30,82,1
12356,121,15,24,8
12357,121,49,7,13
12358,121,4,55,6
12359,121,23,58,4
12360,121,35,6,15
12361,121,18,12,10
12362,121,50,0,20
12363,121,22,55,5
12364,121,2,2,17
12365,121,52,1,18
12366,121,43,8,12
12367,121,21,10,11
12368,121,17,17,9
12369,121,44,6,14
12370,121,42,0,19
12371,121,51,0,21
12372,121,53,0,23
12373,121,48,4,16
12374,121,47,0,22
12375,122,14,45,7
12376,122,31,82,3
12377,122,8,83,2
12378,122,30,92,1
12379,122,15,29,8
12380,122,49,13,10
12381,122,4,55,6
12382,122,23,58,4
12383,122,35,6,16
12384,122,18,12,12
12385,122,50,0,21
12386,122,22,55,5
12387,122,2,6,14
12388,122,52,1,18
12389,122,43,8,13
12390,122,21,12,11
12391,122,17,17,9
12392,122,44,6,15
12393,122,42,0,20
12394,122,51,1,19
12395,122,53,0,22
12396,122,48,4,17
12397,122,47,0,23
12398,123,14,51,7
12399,123,31,82,3
12400,123,8,91,2
12401,123,30,93,1
12402,123,15,33,8
12403,123,49,13,11
12404,123,4,55,6
12405,123,23,58,5
12406,123,35,6,16
12407,123,18,17,9
12408,123,50,0,22
12409,123,22,65,4
12410,123,2,6,14
12411,123,52,1,19
12412,123,43,10,13
12413,123,21,12,12
12414,123,17,17,10
12415,123,44,6,15
12416,123,42,0,21
12417,123,51,1,20
12418,123,53,0,23
12419,123,48,4,17
12420,123,47,0,24
12421,123,11,3,18
12422,90,30,10,1
12423,90,22,8,2
12424,90,4,6,3
12425,90,23,5,4
12426,90,31,4,5
12427,90,18,3,6
12428,90,15,2,7
12429,90,14,1,8
12430,90,11,0,9
12431,90,21,0,10
12432,90,32,0,11
12433,90,43,0,12
12434,90,44,0,13
12435,90,45,0,14
12436,91,30,20,1
12437,91,22,13,2
12438,91,4,8,5
12439,91,23,5,7
12440,91,31,12,3
12441,91,18,9,4
12442,91,15,6,6
12443,91,14,4,8
12444,91,11,0,11
12445,91,21,0,12
12446,91,32,0,13
12447,91,43,0,10
12448,91,44,0,14
12449,91,45,0,15
12450,91,13,1,9
12451,91,46,0,16
12452,91,47,0,17
12453,92,30,30,1
12454,92,22,21,2
12455,92,4,11,5
12456,92,23,7,7
12457,92,31,12,4
12458,92,18,15,3
12459,92,15,11,6
12460,92,14,4,9
12461,92,11,4,8
12462,92,21,0,14
12463,92,32,0,15
12464,92,43,0,12
12465,92,44,0,13
12466,92,45,0,16
12467,92,13,1,10
12468,92,46,0,17
12469,92,47,0,19
12470,92,17,1,11
12471,92,2,0,18
12472,93,30,40,1
12473,93,22,24,2
12474,93,4,16,5
12475,93,23,9,7
12476,93,31,18,4
12477,93,18,23,3
12478,93,15,15,6
12479,93,14,4,9
12480,93,11,4,8
12481,93,21,0,13
12482,93,32,0,16
12483,93,43,0,14
12484,93,44,0,15
12485,93,45,0,17
12486,93,13,1,10
12487,93,46,0,18
12488,93,47,0,19
12489,93,17,1,11
12490,93,2,0,20
12491,93,8,1,12
12492,94,30,50,1
12493,94,22,32,2
12494,94,4,21,4
12495,94,23,12,7
12496,94,31,18,6
12497,94,18,24,3
12498,94,15,21,5
12499,94,14,4,9
12500,94,11,8,8
12501,94,21,2,10
12502,94,32,0,16
12503,94,43,0,14
12504,94,44,0,15
12505,94,45,0,17
12506,94,13,1,11
12507,94,46,0,18
12508,94,47,0,19
12509,94,17,1,13
12510,94,2,0,20
12511,94,8,1,12
12512,95,30,50,1
12513,95,22,38,2
12514,95,4,21,6
12515,95,23,12,7
12516,95,31,23,5
12517,95,18,32,3
12518,95,15,31,4
12519,95,14,4,10
12520,95,11,8,8
12521,95,21,2,12
12522,95,32,0,18
12523,95,43,3,11
12524,95,44,1,14
12525,95,45,0,19
12526,95,13,5,9
12527,95,46,0,20
12528,95,47,0,17
12529,95,17,1,16
12530,95,2,2,13
12531,95,8,1,15
12532,96,30,60,1
12533,96,22,46,2
12534,96,4,25,5
12535,96,23,12,7
12536,96,31,24,6
12537,96,18,38,3
12538,96,15,36,4
12539,96,14,4,11
12540,96,11,8,8
12541,96,21,5,10
12542,96,32,0,18
12543,96,43,3,12
12544,96,44,1,15
12545,96,45,0,19
12546,96,13,5,9
12547,96,46,0,20
12548,96,47,0,17
12549,96,17,3,13
12550,96,2,2,14
12551,96,8,1,16
12552,97,30,70,1
12553,97,22,54,2
12554,97,4,25,5
12555,97,23,12,7
12556,97,31,24,6
12557,97,18,44,3
12558,97,15,36,4
12559,97,14,7,10
12560,97,11,8,9
12561,97,21,10,8
12562,97,32,0,18
12563,97,43,3,13
12564,97,44,1,17
12565,97,45,0,20
12566,97,13,5,11
12567,97,46,0,21
12568,97,47,0,19
12569,97,17,3,15
12570,97,2,3,14
12571,97,8,5,12
12572,97,10,2,16
12573,98,30,80,1
12574,98,22,62,2
12575,98,4,25,5
12576,98,23,12,8
12577,98,31,24,6
12578,98,18,44,3
12579,98,15,41,4
12580,98,14,9,10
12581,98,11,14,7
12582,98,21,10,9
12583,98,32,0,19
12584,98,43,3,14
12585,98,44,5,13
12586,98,45,0,20
12587,98,13,5,12
12588,98,46,0,21
12589,98,47,1,18
12590,98,17,3,16
12591,98,2,3,15
12592,98,8,8,11
12593,98,10,2,17
12594,99,30,90,1
12595,99,22,68,2
12596,99,4,33,5
12597,99,23,12,8
12598,99,31,25,6
12599,99,18,48,3
12600,99,15,46,4
12601,99,14,12,9
12602,99,11,14,7
12603,99,21,10,10
12604,99,32,0,19
12605,99,43,3,14
12606,99,44,5,13
12607,99,45,0,21
12608,99,13,5,12
12609,99,46,0,22
12610,99,47,1,18
12611,99,17,3,15
12612,99,2,3,16
12613,99,8,10,11
12614,99,10,2,17
12615,99,48,0,20
12616,100,30,100,1
12617,100,22,74,2
12618,100,4,33,5
12619,100,23,12,11
12620,100,31,29,6
12621,100,18,53,3
12622,100,15,46,4
12623,100,14,14,9
12624,100,11,14,8
12625,100,21,13,10
12626,100,32,0,19
12627,100,43,3,15
12628,100,44,5,13
12629,100,45,0,21
12630,100,13,5,12
12631,100,46,0,22
12632,100,47,1,18
12633,100,17,4,14
12634,100,2,3,16
12635,100,8,18,7
12636,100,10,2,17
12637,100,48,0,20
12638,101,30,110,1
12639,101,22,74,2
12640,101,4,39,5
12641,101,23,12,11
12642,101,31,33,6
12643,101,18,61,3
12644,101,15,46,4
12645,101,14,19,7
12646,101,11,15,9
12647,101,21,13,10
12648,101,32,0,20
12649,101,43,3,15
12650,101,44,5,14
12651,101,45,0,22
12652,101,13,5,13
12653,101,46,0,23
12654,101,47,1,19
12655,101,17,7,12
12656,101,2,3,16
12657,101,8,18,8
12658,101,10,2,17
12659,101,48,0,21
12660,101,42,2,18
12661,102,30,120,1
12662,102,22,82,2
12663,102,4,45,5
12664,102,23,12,11
12665,102,31,38,6
12666,102,18,65,3
12667,102,15,46,4
12668,102,14,19,7
12669,102,11,18,9
12670,102,21,14,10
12671,102,32,0,20
12672,102,43,3,16
12673,102,44,5,14
12674,102,45,0,22
12675,102,13,5,13
12676,102,46,0,23
12677,102,47,1,19
12678,102,17,7,12
12679,102,2,3,17
12680,102,8,18,8
12681,102,10,2,18
12682,102,48,0,21
12683,102,42,4,15
12684,103,30,128,1
12685,103,22,88,2
12686,103,4,45,5
12687,103,23,12,11
12688,103,31,38,6
12689,103,18,65,3
12690,103,15,46,4
12691,103,14,21,8
12692,103,11,18,9
12693,103,21,18,10
12694,103,32,3,16
12695,103,43,3,17
12696,103,44,6,14
12697,103,45,0,23
12698,103,13,10,12
12699,103,46,0,24
12700,103,47,1,20
12701,103,17,7,13
12702,103,2,3,18
12703,103,8,28,7
12704,103,10,2,19
12705,103,48,0,21
12706,103,42,4,15
12707,103,41,0,22
12708,104,30,136,1
12709,104,22,98,2
12710,104,4,45,5
12711,104,23,12,11
12712,104,31,42,6
12713,104,18,71,3
12714,104,15,46,4
12715,104,14,24,8
12716,104,11,23,9
12717,104,21,19,10
12718,104,32,3,16
12719,104,43,3,17
12720,104,44,6,14
12721,104,45,0,23
12722,104,13,10,12
12723,104,46,0,24
12724,104,47,1,20
12725,104,17,7,13
12726,104,2,3,18
12727,104,8,28,7
12728,104,10,2,19
12729,104,48,0,22
12730,104,42,6,15
12731,104,41,0,21
12732,105,30,136,1
12733,105,22,108,2
12734,105,4,50,4
12735,105,23,12,11
12736,105,31,46,6
12737,105,18,79,3
12738,105,15,46,5
12739,105,14,24,9
12740,105,11,26,8
12741,105,21,21,10
12742,105,32,3,16
12743,105,43,3,17
12744,105,44,6,14
12745,105,45,0,24
12746,105,13,11,12
12747,105,46,0,25
12748,105,47,1,20
12749,105,17,7,13
12750,105,2,3,18
12751,105,8,34,7
12752,105,10,2,19
12753,105,48,0,22
12754,105,42,6,15
12755,105,41,0,21
12756,105,35,0,23
12757,106,30,146,1
12758,106,22,108,2
12759,106,4,54,4
12760,106,23,20,11
12761,106,31,48,5
12762,106,18,85,3
12763,106,15,46,6
12764,106,14,24,9
12765,106,11,31,8
12766,106,21,22,10
12767,106,32,3,16
12768,106,43,3,17
12769,106,44,6,14
12770,106,45,0,24
12771,106,13,11,12
12772,106,46,0,25
12773,106,47,1,20
12774,106,17,7,13
12775,106,2,3,18
12776,106,8,37,7
12777,106,10,2,19
12778,106,48,0,23
12779,106,42,6,15
12780,106,41,0,22
12781,106,35,0,21
12782,107,30,148,1
12783,107,22,114,2
12784,107,4,59,4
12785,107,23,24,9
12786,107,31,58,5
12787,107,18,85,3
12788,107,15,46,6
12789,107,14,24,10
12790,107,11,34,8
12791,107,21,22,11
12792,107,32,3,16
12793,107,43,3,17
12794,107,44,6,14
12795,107,45,0,24
12796,107,13,12,12
12797,107,46,0,25
12798,107,47,1,20
12799,107,17,7,13
12800,107,2,3,18
12801,107,8,45,7
12802,107,10,2,19
12803,107,48,0,23
12804,107,42,6,15
12805,107,41,0,22
12806,107,35,0,21
12807,53,4,10,1
12808,53,30,8,2
12809,53,8,6,3
12810,53,18,5,4
12811,53,31,4,5
12812,53,17,3,6
12813,53,3,2,7
12814,53,32,1,8
12815,53,13,0,9
12816,53,14,0,10
12817,53,24,0,11
12818,53,2,0,12
12819,53,26,0,13
12820,53,23,0,14
12821,53,22,0,15
12822,53,15,0,16
12823,53,33,0,17
12824,53,11,0,18
12825,54,4,18,1
12826,54,30,11,2
12827,54,8,6,6
12828,54,18,11,3
12829,54,31,9,5
12830,54,17,3,8
12831,54,3,2,9
12832,54,32,1,12
12833,54,13,4,7
12834,54,14,0,15
12835,54,24,0,16
12836,54,2,0,18
12837,54,26,0,20
12838,54,23,1,11
12839,54,22,0,14
12840,54,15,0,13
12841,54,33,0,19
12842,54,11,0,21
12843,54,21,10,4
12844,54,35,2,10
12845,54,27,0,17
12846,55,4,28,1
12847,55,30,11,4
12848,55,8,14,3
12849,55,18,11,5
12850,55,31,9,6
12851,55,17,3,11
12852,55,3,2,13
12853,55,32,1,15
12854,55,13,4,10
12855,55,14,1,14
12856,55,24,0,18
12857,55,2,5,8
12858,55,26,0,16
12859,55,23,7,7
12860,55,22,2,12
12861,55,15,0,17
12862,55,33,0,21
12863,55,11,0,20
12864,55,21,14,2
12865,55,35,5,9
12866,55,27,0,19
12867,55,34,0,22
12868,56,4,36,1
12869,56,30,21,2
12870,56,8,18,3
12871,56,18,13,6
12872,56,31,15,5
12873,56,17,6,9
12874,56,3,2,13
12875,56,32,1,15
12876,56,13,9,7
12877,56,14,1,14
12878,56,24,0,18
12879,56,2,5,10
12880,56,26,0,16
12881,56,23,7,8
12882,56,22,2,12
12883,56,15,0,17
12884,56,33,0,21
12885,56,11,0,20
12886,56,21,15,4
12887,56,35,5,11
12888,56,27,0,19
12889,56,34,0,22
12890,57,4,44,1
12891,57,30,31,2
12892,57,8,23,3
12893,57,18,13,7
12894,57,31,15,6
12895,57,17,6,10
12896,57,3,4,13
12897,57,32,1,15
12898,57,13,15,5
12899,57,14,1,14
12900,57,24,0,18
12901,57,2,5,12
12902,57,26,0,17
12903,57,23,7,8
12904,57,22,6,9
12905,57,15,0,16
12906,57,33,0,20
12907,57,11,0,21
12908,57,21,18,4
12909,57,35,6,11
12910,57,27,0,19
12911,57,34,0,22
12912,58,4,54,1
12913,58,30,39,2
12914,58,8,27,3
12915,58,18,16,6
12916,58,31,15,7
12917,58,17,6,11
12918,58,3,4,13
12919,58,32,1,15
12920,58,13,20,5
12921,58,14,1,14
12922,58,24,0,18
12923,58,2,6,10
12924,58,26,0,17
12925,58,23,7,9
12926,58,22,8,8
12927,58,15,0,16
12928,58,33,0,20
12929,58,11,0,21
12930,58,21,24,4
12931,58,35,6,12
12932,58,27,0,19
12933,58,34,0,22
12934,59,4,64,1
12935,59,30,43,2
12936,59,8,27,4
12937,59,18,16,7
12938,59,31,23,5
12939,59,17,6,12
12940,59,3,4,14
12941,59,32,1,15
12942,59,13,20,6
12943,59,14,7,11
12944,59,24,0,18
12945,59,2,8,10
12946,59,26,0,17
12947,59,23,8,9
12948,59,22,13,8
12949,59,15,0,16
12950,59,33,0,20
12951,59,11,0,21
12952,59,21,27,3
12953,59,35,6,13
12954,59,27,0,19
12955,59,34,0,22
12956,59,36,0,23
12957,60,4,74,1
12958,60,30,51,2
12959,60,8,33,3
12960,60,18,16,7
12961,60,31,26,5
12962,60,17,6,13
12963,60,3,4,14
12964,60,32,1,15
12965,60,13,24,6
12966,60,14,7,11
12967,60,24,0,18
12968,60,2,10,9
12969,60,26,0,17
12970,60,23,8,10
12971,60,22,13,8
12972,60,15,0,16
12973,60,33,0,20
12974,60,11,0,21
12975,60,21,32,4
12976,60,35,7,12
12977,60,27,0,19
12978,60,34,0,22
12979,60,36,0,23
12980,61,4,84,1
12981,61,30,59,2
12982,61,8,39,3
12983,61,18,16,7
12984,61,31,26,6
12985,61,17,6,13
12986,61,3,4,14
12987,61,32,1,16
12988,61,13,28,5
12989,61,14,8,11
12990,61,24,0,18
12991,61,2,12,9
12992,61,26,0,17
12993,61,23,8,10
12994,61,22,13,8
12995,61,15,3,15
12996,61,33,0,20
12997,61,11,0,21
12998,61,21,37,4
12999,61,35,7,12
13000,61,27,0,19
13001,61,34,0,22
13002,61,36,0,23
13003,62,4,88,1
13004,62,30,69,2
13005,62,8,39,4
13006,62,18,16,7
13007,62,31,26,6
13008,62,17,6,14
13009,62,3,4,15
13010,62,32,1,17
13011,62,13,36,5
13012,62,14,10,10
13013,62,24,1,16
13014,62,2,12,9
13015,62,26,0,18
13016,62,23,8,11
13017,62,22,16,8
13018,62,15,8,12
13019,62,33,0,20
13020,62,11,0,21
13021,62,21,43,3
13022,62,35,7,13
13023,62,27,0,19
13024,62,34,0,22
13025,62,36,0,23
13026,63,4,96,1
13027,63,30,79,2
13028,63,8,43,4
13029,63,18,16,7
13030,63,31,26,6
13031,63,17,6,14
13032,63,3,4,15
13033,63,32,1,18
13034,63,13,42,5
13035,63,14,10,11
13036,63,24,1,17
13037,63,2,13,10
13038,63,26,0,19
13039,63,23,13,9
13040,63,22,16,8
13041,63,15,8,12
13042,63,33,0,21
13043,63,11,0,22
13044,63,21,46,3
13045,63,35,7,13
13046,63,27,0,20
13047,63,34,0,23
13048,63,36,0,24
13049,63,37,2,16
13050,64,4,100,1
13051,64,30,89,2
13052,64,8,49,5
13053,64,18,21,7
13054,64,31,26,6
13055,64,17,6,14
13056,64,3,4,15
13057,64,32,2,17
13058,64,13,50,3
13059,64,14,10,11
13060,64,24,1,18
13061,64,2,13,10
13062,64,26,0,19
13063,64,23,13,9
13064,64,22,16,8
13065,64,15,10,12
13066,64,33,0,21
13067,64,11,0,22
13068,64,21,49,4
13069,64,35,7,13
13070,64,27,0,20
13071,64,34,0,23
13072,64,36,0,24
13073,64,37,2,16
13074,65,4,100,1
13075,65,30,90,2
13076,65,8,49,5
13077,65,18,31,6
13078,65,31,26,7
13079,65,17,6,15
13080,65,3,4,16
13081,65,32,2,17
13082,65,13,52,3
13083,65,14,14,11
13084,65,24,1,18
13085,65,2,19,9
13086,65,26,0,19
13087,65,23,16,10
13088,65,22,21,8
13089,65,15,10,13
13090,65,33,0,20
13091,65,11,0,22
13092,65,21,49,4
13093,65,35,7,14
13094,65,27,0,21
13095,65,34,0,23
13096,65,36,0,24
13097,65,37,10,12
13098,66,4,108,1
13099,66,30,96,2
13100,66,8,49,5
13101,66,18,36,6
13102,66,31,26,7
13103,66,17,6,15
13104,66,3,4,16
13105,66,32,2,17
13106,66,13,62,3
13107,66,14,14,12
13108,66,24,1,18
13109,66,2,19,9
13110,66,26,0,19
13111,66,23,18,10
13112,66,22,22,8
13113,66,15,10,13
13114,66,33,0,20
13115,66,11,0,22
13116,66,21,52,4
13117,66,35,7,14
13118,66,27,0,21
13119,66,34,0,24
13120,66,36,0,25
13121,66,37,14,11
13122,66,9,0,23
13123,67,4,108,1
13124,67,30,106,2
13125,67,8,57,5
13126,67,18,40,6
13127,67,31,26,7
13128,67,17,6,16
13129,67,3,4,17
13130,67,32,2,18
13131,67,13,62,3
13132,67,14,14,12
13133,67,24,1,19
13134,67,2,20,9
13135,67,26,0,20
13136,67,23,18,10
13137,67,22,25,8
13138,67,15,12,13
13139,67,33,0,21
13140,67,11,0,23
13141,67,21,57,4
13142,67,35,7,14
13143,67,27,0,22
13144,67,34,0,24
13145,67,36,0,25
13146,67,37,14,11
13147,67,9,6,15
13148,68,4,116,2
13149,68,30,116,1
13150,68,8,57,5
13151,68,18,45,6
13152,68,31,26,8
13153,68,17,7,14
13154,68,3,4,17
13155,68,32,2,18
13156,68,13,62,4
13157,68,14,14,12
13158,68,24,1,19
13159,68,2,22,9
13160,68,26,0,20
13161,68,23,18,11
13162,68,22,28,7
13163,68,15,12,13
13164,68,33,0,21
13165,68,11,0,23
13166,68,21,63,3
13167,68,35,7,15
13168,68,27,0,22
13169,68,34,0,25
13170,68,36,0,26
13171,68,37,18,10
13172,68,9,6,16
13173,68,38,0,24
13174,68,29,0,27
13175,69,4,126,1
13176,69,30,116,2
13177,69,8,61,5
13178,69,18,50,6
13179,69,31,26,8
13180,69,17,7,14
13181,69,3,4,17
13182,69,32,2,18
13183,69,13,70,3
13184,69,14,14,13
13185,69,24,1,19
13186,69,2,23,9
13187,69,26,0,20
13188,69,23,20,10
13189,69,22,28,7
13190,69,15,15,12
13191,69,33,0,21
13192,69,11,0,23
13193,69,21,69,4
13194,69,35,7,15
13195,69,27,0,22
13196,69,34,0,25
13197,69,36,0,26
13198,69,37,18,11
13199,69,9,6,16
13200,69,38,0,24
13201,69,29,0,27
13202,70,4,134,1
13203,70,30,121,2
13204,70,8,65,5
13205,70,18,56,6
13206,70,31,26,8
13207,70,17,7,14
13208,70,3,4,17
13209,70,32,2,18
13210,70,13,80,3
13211,70,14,14,13
13212,70,24,1,19
13213,70,2,23,9
13214,70,26,0,20
13215,70,23,20,10
13216,70,22,30,7
13217,70,15,15,12
13218,70,33,0,21
13219,70,11,0,23
13220,70,21,72,4
13221,70,35,7,15
13222,70,27,0,22
13223,70,34,0,25
13224,70,36,0,27
13225,70,37,19,11
13226,70,9,6,16
13227,70,38,0,24
13228,70,29,0,26
13613,36,8,10,1
13614,36,4,8,2
13615,36,1,6,3
13616,36,2,5,4
13617,36,21,4,5
13618,36,13,3,6
13619,36,3,2,7
13620,36,23,1,8
13621,36,15,0,9
13622,36,5,0,10
13623,36,22,0,11
13624,36,11,0,12
13625,36,17,0,13
13626,36,24,0,14
13627,36,18,0,15
13628,36,19,0,16
13629,36,16,0,17
13630,37,8,16,2
13631,37,4,18,1
13632,37,1,14,3
13633,37,2,10,4
13634,37,21,7,5
13635,37,13,7,6
13636,37,3,2,8
13637,37,23,1,10
13638,37,15,2,7
13639,37,5,1,9
13640,37,22,0,13
13641,37,11,0,14
13642,37,17,0,12
13643,37,24,0,16
13644,37,18,0,15
13645,37,19,0,18
13646,37,16,0,19
13647,37,25,0,11
13648,37,26,0,17
13649,37,9,0,20
13650,38,8,22,2
13651,38,4,22,1
13652,38,1,22,3
13653,38,2,15,5
13654,38,21,8,6
13655,38,13,17,4
13656,38,3,2,9
13657,38,23,1,11
13658,38,15,4,7
13659,38,5,1,10
13660,38,22,0,14
13661,38,11,0,15
13662,38,17,0,13
13663,38,24,0,17
13664,38,18,0,16
13665,38,19,0,21
13666,38,16,0,20
13667,38,25,0,12
13668,38,26,0,19
13669,38,9,3,8
13670,38,27,0,18
13671,39,8,22,4
13672,39,4,28,2
13673,39,1,30,1
13674,39,2,15,5
13675,39,21,8,7
13676,39,13,27,3
13677,39,3,5,8
13678,39,23,1,13
13679,39,15,4,10
13680,39,5,3,11
13681,39,22,0,15
13682,39,11,1,12
13683,39,17,0,16
13684,39,24,0,21
13685,39,18,0,18
13686,39,19,0,17
13687,39,16,0,19
13688,39,25,0,14
13689,39,26,0,22
13690,39,9,8,6
13691,39,27,0,20
13692,39,14,4,9
13693,40,8,23,4
13694,40,4,38,1
13695,40,1,38,2
13696,40,2,18,5
13697,40,21,13,6
13698,40,13,33,3
13699,40,3,5,8
13700,40,23,1,14
13701,40,15,4,10
13702,40,5,3,11
13703,40,22,0,16
13704,40,11,1,13
13705,40,17,0,17
13706,40,24,0,22
13707,40,18,0,18
13708,40,19,0,19
13709,40,16,0,20
13710,40,25,2,12
13711,40,26,0,15
13712,40,9,12,7
13713,40,27,0,21
13714,40,14,4,9
13715,41,8,27,4
13716,41,4,40,2
13717,41,1,48,1
13718,41,2,26,5
13719,41,21,13,6
13720,41,13,33,3
13721,41,3,5,10
13722,41,23,2,14
13723,41,15,4,13
13724,41,5,8,9
13725,41,22,0,17
13726,41,11,4,12
13727,41,17,0,15
13728,41,24,0,22
13729,41,18,0,19
13730,41,19,0,18
13731,41,16,0,20
13732,41,25,8,8
13733,41,26,0,16
13734,41,9,12,7
13735,41,27,0,21
13736,41,14,4,11
13737,42,8,32,4
13738,42,4,48,2
13739,42,1,58,1
13740,42,2,26,5
13741,42,21,13,6
13742,42,13,39,3
13743,42,3,5,11
13744,42,23,2,15
13745,42,15,7,10
13746,42,5,12,8
13747,42,22,0,18
13748,42,11,4,13
13749,42,17,2,14
13750,42,24,0,23
13751,42,18,0,20
13752,42,19,0,19
13753,42,16,0,21
13754,42,25,8,9
13755,42,26,0,17
13756,42,9,12,7
13757,42,27,0,22
13758,42,14,4,12
13759,42,20,1,16
13760,43,8,42,4
13761,43,4,50,2
13762,43,1,64,1
13763,43,2,30,5
13764,43,21,16,7
13765,43,13,47,3
13766,43,3,5,11
13767,43,23,2,15
13768,43,15,7,10
13769,43,5,12,8
13770,43,22,0,19
13771,43,11,4,13
13772,43,17,2,14
13773,43,24,0,23
13774,43,18,1,16
13775,43,19,0,20
13776,43,16,0,21
13777,43,25,8,9
13778,43,26,0,18
13779,43,9,17,6
13780,43,27,0,22
13781,43,14,4,12
13782,43,20,1,17
13783,44,8,52,3
13784,44,4,58,2
13785,44,1,70,1
13786,44,2,33,5
13787,44,21,17,7
13788,44,13,51,4
13789,44,3,5,11
13790,44,23,2,15
13791,44,15,7,10
13792,44,5,14,8
13793,44,22,0,18
13794,44,11,4,13
13795,44,17,2,14
13796,44,24,0,23
13797,44,18,1,16
13798,44,19,0,20
13799,44,16,0,21
13800,44,25,8,9
13801,44,26,0,19
13802,44,9,22,6
13803,44,27,0,22
13804,44,14,4,12
13805,44,20,1,17
13806,45,8,52,4
13807,45,4,68,2
13808,45,1,70,1
13809,45,2,36,5
13810,45,21,17,7
13811,45,13,59,3
13812,45,3,5,13
13813,45,23,2,15
13814,45,15,7,12
13815,45,5,15,8
13816,45,22,0,18
13817,45,11,4,14
13818,45,17,8,10
13819,45,24,0,23
13820,45,18,1,16
13821,45,19,0,20
13822,45,16,0,21
13823,45,25,13,9
13824,45,26,0,19
13825,45,9,24,6
13826,45,27,0,22
13827,45,14,8,11
13828,45,20,1,17
13829,46,8,60,3
13830,46,4,73,2
13831,46,1,80,1
13832,46,2,42,5
13833,46,21,17,7
13834,46,13,59,4
13835,46,3,7,12
13836,46,23,5,14
13837,46,15,7,13
13838,46,5,16,8
13839,46,22,0,18
13840,46,11,4,15
13841,46,17,8,10
13842,46,24,0,23
13843,46,18,1,16
13844,46,19,0,20
13845,46,16,0,21
13846,46,25,13,9
13847,46,26,0,19
13848,46,9,28,6
13849,46,27,0,22
13850,46,14,8,11
13851,46,20,1,17
13852,47,8,68,4
13853,47,4,79,2
13854,47,1,84,1
13855,47,2,47,5
13856,47,21,17,8
13857,47,13,69,3
13858,47,3,9,10
13859,47,23,5,14
13860,47,15,7,13
13861,47,5,19,7
13862,47,22,0,18
13863,47,11,4,15
13864,47,17,8,11
13865,47,24,0,23
13866,47,18,1,16
13867,47,19,0,20
13868,47,16,0,21
13869,47,25,13,9
13870,47,26,0,19
13871,47,9,29,6
13872,47,27,0,22
13873,47,14,8,12
13874,47,20,1,17
13875,47,29,0,24
13876,48,8,74,3
13877,48,4,89,2
13878,48,1,92,1
13879,48,2,52,5
13880,48,21,17,8
13881,48,13,69,4
13882,48,3,12,10
13883,48,23,5,14
13884,48,15,7,13
13885,48,5,21,7
13886,48,22,0,18
13887,48,11,4,15
13888,48,17,8,11
13889,48,24,0,23
13890,48,18,2,16
13891,48,19,0,20
13892,48,16,0,21
13893,48,25,13,9
13894,48,26,0,19
13895,48,9,33,6
13896,48,27,0,22
13897,48,14,8,12
13898,48,20,1,17
13899,48,29,0,24
13900,49,8,84,3
13901,49,4,95,2
13902,49,1,97,1
13903,49,2,56,5
13904,49,21,17,8
13905,49,13,77,4
13906,49,3,15,9
13907,49,23,5,14
13908,49,15,7,13
13909,49,5,22,7
13910,49,22,0,18
13911,49,11,4,15
13912,49,17,10,11
13913,49,24,0,21
13914,49,18,2,16
13915,49,19,0,20
13916,49,16,0,22
13917,49,25,13,10
13918,49,26,0,19
13919,49,9,33,6
13920,49,27,0,23
13921,49,14,8,12
13922,49,20,1,17
13923,49,29,0,24
13924,50,8,90,3
13925,50,4,95,2
13926,50,1,107,1
13927,50,2,56,5
13928,50,21,21,8
13929,50,13,80,4
13930,50,3,15,9
13931,50,23,5,14
13932,50,15,7,13
13933,50,5,30,7
13934,50,22,0,19
13935,50,11,4,15
13936,50,17,10,12
13937,50,24,0,20
13938,50,18,2,16
13939,50,19,0,22
13940,50,16,1,17
13941,50,25,13,10
13942,50,26,0,21
13943,50,9,35,6
13944,50,27,0,24
13945,50,14,13,11
13946,50,20,1,18
13947,50,29,0,23
13948,51,8,100,3
13949,51,4,103,2
13950,51,1,107,1
13951,51,2,58,5
13952,51,21,21,8
13953,51,13,86,4
13954,51,3,15,9
13955,51,23,5,16
13956,51,15,7,13
13957,51,5,30,7
13958,51,22,0,20
13959,51,11,4,17
13960,51,17,10,12
13961,51,24,3,18
13962,51,18,6,15
13963,51,19,0,22
13964,51,16,1,19
13965,51,25,13,11
13966,51,26,0,21
13967,51,9,35,6
13968,51,27,0,24
13969,51,14,14,10
13970,51,20,6,14
13971,51,29,0,23
13972,52,8,110,1
13973,52,4,109,3
13974,52,1,109,2
13975,52,2,61,5
13976,52,21,21,8
13977,52,13,94,4
13978,52,3,20,9
13979,52,23,5,16
13980,52,15,8,13
13981,52,5,30,7
13982,52,22,0,20
13983,52,11,4,17
13984,52,17,10,12
13985,52,24,3,18
13986,52,18,6,15
13987,52,19,0,23
13988,52,16,1,19
13989,52,25,13,11
13990,52,26,0,21
13991,52,9,39,6
13992,52,27,0,25
13993,52,14,14,10
13994,52,20,6,14
13995,52,29,0,24
13996,52,6,0,22
15851,321,102,9,1
15852,321,55,6,2
15853,321,123,4,3
15854,321,137,3,4
15855,321,131,2,5
15856,321,138,1,6
15857,321,94,0,7
15858,321,103,0,8
15859,321,119,0,9
15860,321,105,0,10
15861,321,145,0,11
15862,321,146,0,12
15863,321,90,0,13
15864,321,127,0,14
15865,321,147,0,15
15866,321,88,0,16
15867,321,95,0,17
15868,321,77,0,18
15869,321,148,0,19
15870,321,129,0,20
15871,321,110,0,21
15872,321,117,0,22
15873,321,122,0,23
15874,321,118,0,24
15875,321,78,0,25
15876,321,151,0,26
15877,321,140,0,27
15878,321,81,0,28
15879,321,109,0,29
15880,321,99,0,30
15881,321,114,0,31
15882,321,149,0,32
15883,321,150,0,33
15884,321,92,0,34
15885,322,102,13,1
15886,322,55,6,3
15887,322,123,6,5
15888,322,137,4,6
15889,322,131,2,8
15890,322,138,1,9
15891,322,94,0,10
15892,322,103,0,11
15893,322,119,0,12
15894,322,105,0,14
15895,322,145,0,13
15896,322,146,0,17
15897,322,90,0,18
15898,322,127,0,20
15899,322,147,0,21
15900,322,88,0,23
15901,322,95,3,7
15902,322,77,6,4
15903,322,148,0,25
15904,322,129,0,28
15905,322,110,0,29
15906,322,117,9,2
15907,322,122,0,30
15908,322,118,0,27
15909,322,78,0,15
15910,322,151,0,24
15911,322,140,0,31
15912,322,81,0,19
15913,322,109,0,32
15914,322,99,0,33
15915,322,114,0,26
15916,322,149,0,34
15917,322,150,0,36
15918,322,92,0,35
15919,322,112,0,16
15920,322,133,0,22
15921,323,102,13,1
15922,323,55,7,5
15923,323,123,6,6
15924,323,137,6,7
15925,323,131,2,10
15926,323,138,1,11
15927,323,94,0,12
15928,323,103,0,14
15929,323,119,9,4
15930,323,105,0,18
15931,323,145,4,8
15932,323,146,0,21
15933,323,90,0,22
15934,323,127,0,23
15935,323,147,0,19
15936,323,88,0,28
15937,323,95,3,9
15938,323,77,12,3
15939,323,148,0,27
15940,323,129,0,25
15941,323,110,0,29
15942,323,117,12,2
15943,323,122,0,31
15944,323,118,0,13
15945,323,78,0,17
15946,323,151,0,15
15947,323,140,0,33
15948,323,81,0,24
15949,323,109,0,20
15950,323,99,0,35
15951,323,114,0,30
15952,323,149,0,37
15953,323,150,0,39
15954,323,92,0,36
15955,323,112,0,16
15956,323,133,0,26
15957,323,139,0,32
15958,323,101,0,34
15959,323,152,0,38
15960,324,102,22,1
15961,324,55,13,3
15962,324,123,9,6
15963,324,137,6,7
15964,324,131,2,11
15965,324,138,1,13
15966,324,94,0,14
15967,324,103,1,12
15968,324,119,9,5
15969,324,105,0,20
15970,324,145,4,8
15971,324,146,0,23
15972,324,90,0,24
15973,324,127,0,25
15974,324,147,0,21
15975,324,88,0,29
15976,324,95,3,9
15977,324,77,16,2
15978,324,148,0,16
15979,324,129,0,28
15980,324,110,0,27
15981,324,117,12,4
15982,324,122,0,31
15983,324,118,0,15
15984,324,78,0,19
15985,324,151,0,17
15986,324,140,0,34
15987,324,81,0,26
15988,324,109,0,22
15989,324,99,0,35
15990,324,114,0,32
15991,324,149,0,37
15992,324,150,0,39
15993,324,92,0,36
15994,324,112,0,18
15995,324,133,2,10
15996,324,139,0,33
15997,324,101,0,30
15998,324,152,0,38
15999,325,102,31,1
16000,325,55,13,4
16001,325,123,9,7
16002,325,137,12,5
16003,325,131,2,10
16004,325,138,1,14
16005,325,94,0,15
16006,325,103,1,13
16007,325,119,9,6
16008,325,105,0,21
16009,325,145,4,9
16010,325,146,0,25
16011,325,90,0,27
16012,325,127,0,28
16013,325,147,0,22
16014,325,88,0,24
16015,325,95,7,8
16016,325,77,19,2
16017,325,148,0,16
16018,325,129,0,26
16019,325,110,0,30
16020,325,117,14,3
16021,325,122,0,20
16022,325,118,1,12
16023,325,78,0,19
16024,325,151,0,17
16025,325,140,0,34
16026,325,81,0,29
16027,325,109,0,23
16028,325,99,0,35
16029,325,114,0,32
16030,325,149,0,37
16031,325,150,0,39
16032,325,92,0,36
16033,325,112,0,18
16034,325,133,2,11
16035,325,139,0,33
16036,325,101,0,31
16037,325,152,0,38
16038,326,102,31,1
16039,326,55,13,4
16040,326,123,11,7
16041,326,137,13,6
16042,326,131,2,10
16043,326,138,1,14
16044,326,94,0,15
16045,326,103,1,13
16046,326,119,9,8
16047,326,105,0,20
16048,326,145,7,9
16049,326,146,0,25
16050,326,90,0,28
16051,326,127,0,29
16052,326,147,0,22
16053,326,88,0,24
16054,326,95,13,5
16055,326,77,23,3
16056,326,148,0,16
16057,326,129,0,26
16058,326,110,0,27
16059,326,117,23,2
16060,326,122,0,21
16061,326,118,1,12
16062,326,78,0,19
16063,326,151,0,17
16064,326,140,0,34
16065,326,81,0,30
16066,326,109,0,23
16067,326,99,0,35
16068,326,114,0,32
16069,326,149,0,37
16070,326,150,0,39
16071,326,92,0,36
16072,326,112,0,18
16073,326,133,2,11
16074,326,139,0,33
16075,326,101,0,31
16076,326,152,0,38
16077,327,102,35,1
16078,327,55,13,5
16079,327,123,11,7
16080,327,137,16,4
16081,327,131,2,11
16082,327,138,1,15
16083,327,94,0,16
16084,327,103,1,14
16085,327,119,10,8
16086,327,105,0,21
16087,327,145,7,9
16088,327,146,0,25
16089,327,90,0,28
16090,327,127,0,29
16091,327,147,0,23
16092,327,88,0,17
16093,327,95,13,6
16094,327,77,25,3
16095,327,148,0,18
16096,327,129,0,26
16097,327,110,0,27
16098,327,117,32,2
16099,327,122,6,10
16100,327,118,1,13
16101,327,78,0,22
16102,327,151,0,19
16103,327,140,0,34
16104,327,81,0,30
16105,327,109,0,24
16106,327,99,0,35
16107,327,114,0,32
16108,327,149,0,37
16109,327,150,0,39
16110,327,92,0,36
16111,327,112,0,20
16112,327,133,2,12
16113,327,139,0,33
16114,327,101,0,31
16115,327,152,0,38
16116,328,102,39,2
16117,328,55,13,6
16118,328,123,17,5
16119,328,137,18,4
16120,328,131,2,13
16121,328,138,1,16
16122,328,94,0,17
16123,328,103,4,11
16124,328,119,10,8
16125,328,105,0,22
16126,328,145,7,9
16127,328,146,0,26
16128,328,90,0,29
16129,328,127,0,30
16130,328,147,0,23
16131,328,88,1,15
16132,328,95,13,7
16133,328,77,25,3
16134,328,148,0,18
16135,328,129,0,27
16136,328,110,0,28
16137,328,117,41,1
16138,328,122,6,10
16139,328,118,1,14
16140,328,78,0,21
16141,328,151,0,19
16142,328,140,0,35
16143,328,81,0,31
16144,328,109,0,25
16145,328,99,0,34
16146,328,114,0,33
16147,328,149,0,37
16148,328,150,0,39
16149,328,92,0,36
16150,328,112,0,20
16151,328,133,2,12
16152,328,139,0,24
16153,328,101,0,32
16154,328,152,0,38
16155,329,102,48,1
16156,329,55,13,6
16157,329,123,18,4
16158,329,137,18,5
16159,329,131,2,13
16160,329,138,1,16
16161,329,94,0,17
16162,329,103,4,11
16163,329,119,12,9
16164,329,105,0,22
16165,329,145,13,7
16166,329,146,0,26
16167,329,90,0,29
16168,329,127,0,30
16169,329,147,0,23
16170,329,88,1,15
16171,329,95,13,8
16172,329,77,29,3
16173,329,148,0,18
16174,329,129,0,27
16175,329,110,0,28
16176,329,117,44,2
16177,329,122,6,10
16178,329,118,1,14
16179,329,78,0,21
16180,329,151,0,19
16181,329,140,0,35
16182,329,81,0,31
16183,329,109,0,25
16184,329,99,0,34
16185,329,114,0,33
16186,329,149,0,37
16187,329,150,0,39
16188,329,92,0,36
16189,329,112,0,20
16190,329,133,2,12
16191,329,139,0,24
16192,329,101,0,32
16193,329,152,0,38
16194,330,102,54,1
16195,330,55,13,7
16196,330,123,27,4
16197,330,137,22,5
16198,330,131,2,14
16199,330,138,1,16
16200,330,94,0,18
16201,330,103,5,11
16202,330,119,15,6
16203,330,105,0,23
16204,330,145,13,8
16205,330,146,0,27
16206,330,90,0,31
16207,330,127,0,20
16208,330,147,0,25
16209,330,88,1,15
16210,330,95,13,9
16211,330,77,29,3
16212,330,148,0,19
16213,330,129,0,28
16214,330,110,0,29
16215,330,117,44,2
16216,330,122,6,10
16217,330,118,3,12
16218,330,78,0,22
16219,330,151,0,17
16220,330,140,0,35
16221,330,81,0,32
16222,330,109,0,26
16223,330,99,0,30
16224,330,114,0,34
16225,330,149,0,37
16226,330,150,0,39
16227,330,92,0,36
16228,330,112,0,21
16229,330,133,2,13
16230,330,139,0,24
16231,330,101,0,33
16232,330,152,0,38
16233,331,102,63,1
16234,331,55,13,8
16235,331,123,27,4
16236,331,137,24,5
16237,331,131,2,14
16238,331,138,1,16
16239,331,94,0,19
16240,331,103,5,11
16241,331,119,15,7
16242,331,105,0,23
16243,331,145,16,6
16244,331,146,0,27
16245,331,90,0,31
16246,331,127,1,17
16247,331,147,0,25
16248,331,88,1,15
16249,331,95,13,9
16250,331,77,33,3
16251,331,148,0,20
16252,331,129,0,28
16253,331,110,0,29
16254,331,117,50,2
16255,331,122,6,10
16256,331,118,3,12
16257,331,78,0,22
16258,331,151,0,18
16259,331,140,0,35
16260,331,81,0,32
16261,331,109,0,26
16262,331,99,0,30
16263,331,114,0,34
16264,331,149,0,37
16265,331,150,0,39
16266,331,92,0,36
16267,331,112,0,21
16268,331,133,2,13
16269,331,139,0,24
16270,331,101,0,33
16271,331,152,0,38
16272,332,102,72,1
16273,332,55,13,9
16274,332,123,27,4
16275,332,137,24,5
16276,332,131,2,14
16277,332,138,2,15
16278,332,94,0,19
16279,332,103,5,11
16280,332,119,17,6
16281,332,105,0,23
16282,332,145,16,7
16283,332,146,0,28
16284,332,90,0,31
16285,332,127,1,17
16286,332,147,0,26
16287,332,88,1,16
16288,332,95,16,8
16289,332,77,37,3
16290,332,148,0,20
16291,332,129,0,29
16292,332,110,0,25
16293,332,117,56,2
16294,332,122,6,10
16295,332,118,3,12
16296,332,78,0,22
16297,332,151,0,18
16298,332,140,0,35
16299,332,81,0,32
16300,332,109,0,27
16301,332,99,0,30
16302,332,114,0,34
16303,332,149,0,37
16304,332,150,0,39
16305,332,92,0,36
16306,332,112,0,21
16307,332,133,2,13
16308,332,139,0,24
16309,332,101,0,33
16310,332,152,0,38
16311,333,102,78,1
16312,333,55,13,9
16313,333,123,27,4
16314,333,137,26,5
16315,333,131,2,14
16316,333,138,2,15
16317,333,94,0,19
16318,333,103,5,11
16319,333,119,17,7
16320,333,105,0,22
16321,333,145,17,8
16322,333,146,0,28
16323,333,90,0,31
16324,333,127,1,17
16325,333,147,0,26
16326,333,88,1,16
16327,333,95,25,6
16328,333,77,40,3
16329,333,148,0,20
16330,333,129,0,29
16331,333,110,0,25
16332,333,117,60,2
16333,333,122,6,10
16334,333,118,3,12
16335,333,78,0,23
16336,333,151,0,18
16337,333,140,0,35
16338,333,81,0,32
16339,333,109,0,27
16340,333,99,0,30
16341,333,114,0,34
16342,333,149,0,37
16343,333,150,0,39
16344,333,92,0,36
16345,333,112,0,21
16346,333,133,2,13
16347,333,139,0,24
16348,333,101,0,33
16349,333,152,0,38
16350,334,102,78,1
16351,334,55,13,9
16352,334,123,30,5
16353,334,137,26,6
16354,334,131,2,14
16355,334,138,2,16
16356,334,94,0,19
16357,334,103,5,11
16358,334,119,19,8
16359,334,105,0,23
16360,334,145,21,7
16361,334,146,0,29
16362,334,90,0,32
16363,334,127,1,17
16364,334,147,0,27
16365,334,88,2,15
16366,334,95,31,4
16367,334,77,40,3
16368,334,148,0,21
16369,334,129,0,30
16370,334,110,0,26
16371,334,117,69,2
16372,334,122,6,10
16373,334,118,3,12
16374,334,78,0,20
16375,334,151,0,18
16376,334,140,0,35
16377,334,81,0,33
16378,334,109,0,28
16379,334,99,0,31
16380,334,114,0,24
16381,334,149,0,37
16382,334,150,0,39
16383,334,92,0,36
16384,334,112,0,22
16385,334,133,2,13
16386,334,139,0,25
16387,334,101,0,34
16388,334,152,0,38
16389,335,102,78,1
16390,335,55,13,9
16391,335,123,32,5
16392,335,137,35,4
16393,335,131,2,17
16394,335,138,3,15
16395,335,94,0,21
16396,335,103,5,13
16397,335,119,22,7
16398,335,105,0,24
16399,335,145,21,8
16400,335,146,0,30
16401,335,90,6,11
16402,335,127,1,18
16403,335,147,0,28
16404,335,88,6,12
16405,335,95,31,6
16406,335,77,40,3
16407,335,148,0,22
16408,335,129,0,31
16409,335,110,0,27
16410,335,117,69,2
16411,335,122,6,10
16412,335,118,3,14
16413,335,78,0,19
16414,335,151,0,20
16415,335,140,0,36
16416,335,81,0,33
16417,335,109,0,29
16418,335,99,0,32
16419,335,114,0,25
16420,335,149,0,38
16421,335,150,0,40
16422,335,92,0,37
16423,335,112,0,23
16424,335,133,2,16
16425,335,139,0,26
16426,335,101,0,34
16427,335,152,0,39
16428,335,65,0,35
16429,336,102,78,1
16430,336,55,13,9
16431,336,123,34,6
16432,336,137,43,3
16433,336,131,2,17
16434,336,138,3,15
16435,336,94,0,21
16436,336,103,5,13
16437,336,119,23,7
16438,336,105,0,24
16439,336,145,21,8
16440,336,146,0,30
16441,336,90,6,11
16442,336,127,1,18
16443,336,147,0,28
16444,336,88,6,12
16445,336,95,37,5
16446,336,77,43,4
16447,336,148,0,22
16448,336,129,0,31
16449,336,110,0,27
16450,336,117,71,2
16451,336,122,6,10
16452,336,118,3,14
16453,336,78,0,19
16454,336,151,0,20
16455,336,140,0,36
16456,336,81,0,33
16457,336,109,0,29
16458,336,99,0,32
16459,336,114,0,25
16460,336,149,0,38
16461,336,150,0,40
16462,336,92,0,37
16463,336,112,0,23
16464,336,133,2,16
16465,336,139,0,26
16466,336,101,0,34
16467,336,152,0,39
16468,336,65,0,35
17060,305,102,10,1
17061,305,117,6,2
17062,305,137,4,3
17063,305,131,3,4
17064,305,138,2,5
17065,305,88,1,6
17066,305,78,0,7
17067,305,99,0,8
17068,305,94,0,9
17069,305,92,0,10
17070,305,84,0,11
17071,305,55,0,12
17072,305,57,0,13
17073,305,119,0,14
17074,305,90,0,15
17075,305,105,0,16
17076,305,122,0,17
17077,305,123,0,18
17078,305,77,0,19
17079,305,95,0,20
17080,305,127,0,21
17081,305,87,0,22
17082,305,139,0,23
17083,305,81,0,24
17084,305,109,0,25
17085,305,103,0,26
17086,305,133,0,27
17087,305,140,0,28
17088,305,100,0,29
17089,305,141,0,30
17090,305,110,0,31
17091,305,142,0,32
17092,305,129,0,33
17093,305,128,0,34
17094,306,102,20,1
17095,306,117,9,2
17096,306,137,6,4
17097,306,131,3,6
17098,306,138,2,7
17099,306,88,1,9
17100,306,78,0,11
17101,306,99,0,13
17102,306,94,0,15
17103,306,92,0,16
17104,306,84,0,18
17105,306,55,1,8
17106,306,57,0,14
17107,306,119,6,3
17108,306,90,0,10
17109,306,105,0,22
17110,306,122,0,24
17111,306,123,0,17
17112,306,77,4,5
17113,306,95,0,20
17114,306,127,0,28
17115,306,87,0,23
17116,306,139,0,19
17117,306,81,0,12
17118,306,109,0,26
17119,306,103,0,25
17120,306,133,0,29
17121,306,140,0,30
17122,306,100,0,21
17123,306,141,0,31
17124,306,110,0,27
17125,306,142,0,33
17126,306,129,0,32
17127,306,128,0,34
17128,307,102,30,1
17129,307,117,9,3
17130,307,137,6,5
17131,307,131,3,8
17132,307,138,2,10
17133,307,88,1,12
17134,307,78,0,16
17135,307,99,0,19
17136,307,94,3,7
17137,307,92,0,21
17138,307,84,0,23
17139,307,55,1,11
17140,307,57,2,9
17141,307,119,6,4
17142,307,90,0,15
17143,307,105,0,28
17144,307,122,0,29
17145,307,123,0,14
17146,307,77,10,2
17147,307,95,0,26
17148,307,127,0,25
17149,307,87,0,17
17150,307,139,0,24
17151,307,81,0,18
17152,307,109,4,6
17153,307,103,0,30
17154,307,133,0,31
17155,307,140,0,32
17156,307,100,0,22
17157,307,141,1,13
17158,307,110,0,27
17159,307,142,0,35
17160,307,129,0,34
17161,307,128,0,20
17162,307,120,0,33
17163,308,102,40,1
17164,308,117,11,2
17165,308,137,6,6
17166,308,131,3,11
17167,308,138,2,13
17168,308,88,1,15
17169,308,78,0,18
17170,308,99,0,22
17171,308,94,3,10
17172,308,92,0,19
17173,308,84,0,26
17174,308,55,5,7
17175,308,57,2,12
17176,308,119,6,4
17177,308,90,3,9
17178,308,105,0,29
17179,308,122,0,30
17180,308,123,0,17
17181,308,77,10,3
17182,308,95,6,5
17183,308,127,0,27
17184,308,87,0,21
17185,308,139,1,14
17186,308,81,0,20
17187,308,109,4,8
17188,308,103,0,23
17189,308,133,0,31
17190,308,140,0,33
17191,308,100,0,25
17192,308,141,1,16
17193,308,110,0,28
17194,308,142,0,35
17195,308,129,0,34
17196,308,128,0,24
17197,308,120,0,32
17198,309,102,40,1
17199,309,117,11,3
17200,309,137,16,2
17201,309,131,9,6
17202,309,138,2,15
17203,309,88,1,17
17204,309,78,0,20
17205,309,99,0,24
17206,309,94,3,10
17207,309,92,2,13
17208,309,84,0,27
17209,309,55,5,8
17210,309,57,2,14
17211,309,119,10,4
17212,309,90,3,11
17213,309,105,0,31
17214,309,122,0,30
17215,309,123,0,19
17216,309,77,10,5
17217,309,95,7,7
17218,309,127,0,28
17219,309,87,0,23
17220,309,139,1,16
17221,309,81,0,22
17222,309,109,4,9
17223,309,103,0,25
17224,309,133,0,32
17225,309,140,0,29
17226,309,100,0,21
17227,309,141,1,18
17228,309,110,3,12
17229,309,142,0,36
17230,309,129,0,35
17231,309,128,0,26
17232,309,120,0,33
17233,309,65,0,34
17234,310,102,44,1
17235,310,117,11,5
17236,310,137,16,3
17237,310,131,9,7
17238,310,138,2,15
17239,310,88,1,18
17240,310,78,0,22
17241,310,99,0,25
17242,310,94,3,12
17243,310,92,2,13
17244,310,84,0,28
17245,310,55,5,9
17246,310,57,2,14
17247,310,119,20,2
17248,310,90,5,10
17249,310,105,0,32
17250,310,122,0,31
17251,310,123,0,20
17252,310,77,10,6
17253,310,95,13,4
17254,310,127,0,29
17255,310,87,0,24
17256,310,139,1,16
17257,310,81,0,21
17258,310,109,4,11
17259,310,103,1,17
17260,310,133,0,34
17261,310,140,0,30
17262,310,100,0,23
17263,310,141,1,19
17264,310,110,6,8
17265,310,142,0,36
17266,310,129,0,33
17267,310,128,0,26
17268,310,120,0,35
17269,310,65,0,27
17270,311,102,48,1
17271,311,117,17,4
17272,311,137,16,5
17273,311,131,9,7
17274,311,138,2,15
17275,311,88,1,18
17276,311,78,0,23
17277,311,99,0,26
17278,311,94,3,12
17279,311,92,2,13
17280,311,84,0,29
17281,311,55,8,8
17282,311,57,2,14
17283,311,119,22,3
17284,311,90,5,10
17285,311,105,0,33
17286,311,122,0,31
17287,311,123,0,20
17288,311,77,10,6
17289,311,95,23,2
17290,311,127,0,22
17291,311,87,0,25
17292,311,139,1,16
17293,311,81,0,21
17294,311,109,4,11
17295,311,103,1,17
17296,311,133,0,34
17297,311,140,0,30
17298,311,100,0,24
17299,311,141,1,19
17300,311,110,7,9
17301,311,142,0,36
17302,311,129,0,32
17303,311,128,0,27
17304,311,120,0,35
17305,311,65,0,28
17306,312,102,51,1
17307,312,117,21,4
17308,312,137,18,5
17309,312,131,9,7
17310,312,138,2,14
17311,312,88,1,18
17312,312,78,0,23
17313,312,99,0,26
17314,312,94,3,12
17315,312,92,3,13
17316,312,84,0,29
17317,312,55,8,8
17318,312,57,2,15
17319,312,119,22,3
17320,312,90,5,10
17321,312,105,0,33
17322,312,122,0,31
17323,312,123,0,20
17324,312,77,16,6
17325,312,95,33,2
17326,312,127,0,22
17327,312,87,0,25
17328,312,139,1,16
17329,312,81,0,21
17330,312,109,4,11
17331,312,103,1,17
17332,312,133,0,34
17333,312,140,0,30
17334,312,100,0,24
17335,312,141,1,19
17336,312,110,7,9
17337,312,142,0,36
17338,312,129,0,32
17339,312,128,0,27
17340,312,120,0,35
17341,312,65,0,28
17342,313,102,51,1
17343,313,117,21,4
17344,313,137,18,6
17345,313,131,9,8
17346,313,138,2,14
17347,313,88,1,18
17348,313,78,0,23
17349,313,99,0,26
17350,313,94,3,13
17351,313,92,4,12
17352,313,84,0,29
17353,313,55,12,7
17354,313,57,2,15
17355,313,119,28,3
17356,313,90,5,10
17357,313,105,0,33
17358,313,122,0,31
17359,313,123,0,20
17360,313,77,19,5
17361,313,95,43,2
17362,313,127,0,22
17363,313,87,0,25
17364,313,139,1,16
17365,313,81,0,21
17366,313,109,4,11
17367,313,103,1,17
17368,313,133,0,34
17369,313,140,0,30
17370,313,100,0,24
17371,313,141,1,19
17372,313,110,9,9
17373,313,142,0,37
17374,313,129,0,32
17375,313,128,0,27
17376,313,120,0,35
17377,313,65,0,28
17378,313,143,0,36
17379,314,102,61,1
17380,314,117,21,5
17381,314,137,18,6
17382,314,131,9,8
17383,314,138,2,14
17384,314,88,1,19
17385,314,78,0,24
17386,314,99,0,27
17387,314,94,3,13
17388,314,92,4,12
17389,314,84,0,30
17390,314,55,14,7
17391,314,57,2,15
17392,314,119,32,3
17393,314,90,5,10
17394,314,105,0,33
17395,314,122,1,18
17396,314,123,0,21
17397,314,77,22,4
17398,314,95,49,2
17399,314,127,0,23
17400,314,87,0,26
17401,314,139,1,16
17402,314,81,0,22
17403,314,109,4,11
17404,314,103,1,17
17405,314,133,0,34
17406,314,140,0,31
17407,314,100,0,25
17408,314,141,1,20
17409,314,110,9,9
17410,314,142,0,37
17411,314,129,0,32
17412,314,128,0,28
17413,314,120,0,35
17414,314,65,0,29
17415,314,143,0,36
17416,315,102,71,1
17417,315,117,21,6
17418,315,137,22,5
17419,315,131,9,8
17420,315,138,2,14
17421,315,88,1,20
17422,315,78,0,26
17423,315,99,0,28
17424,315,94,3,13
17425,315,92,4,12
17426,315,84,0,29
17427,315,55,14,7
17428,315,57,2,15
17429,315,119,34,3
17430,315,90,8,10
17431,315,105,0,33
17432,315,122,1,19
17433,315,123,0,22
17434,315,77,28,4
17435,315,95,49,2
17436,315,127,0,25
17437,315,87,1,17
17438,315,139,1,16
17439,315,81,0,23
17440,315,109,4,11
17441,315,103,1,18
17442,315,133,0,35
17443,315,140,0,32
17444,315,100,0,27
17445,315,141,1,21
17446,315,110,9,9
17447,315,142,0,38
17448,315,129,0,31
17449,315,128,0,30
17450,315,120,0,36
17451,315,65,0,24
17452,315,143,0,37
17453,315,30,0,34
17454,316,102,77,1
17455,316,117,25,5
17456,316,137,23,6
17457,316,131,9,8
17458,316,138,2,14
17459,316,88,1,21
17460,316,78,0,27
17461,316,99,0,29
17462,316,94,3,13
17463,316,92,4,12
17464,316,84,0,30
17465,316,55,14,7
17466,316,57,2,15
17467,316,119,34,3
17468,316,90,8,10
17469,316,105,0,34
17470,316,122,1,19
17471,316,123,0,23
17472,316,77,31,4
17473,316,95,59,2
17474,316,127,0,26
17475,316,87,1,18
17476,316,139,1,17
17477,316,81,0,24
17478,316,109,4,11
17479,316,103,1,20
17480,316,133,0,35
17481,316,140,0,33
17482,316,100,0,28
17483,316,141,1,22
17484,316,110,9,9
17485,316,142,0,38
17486,316,129,0,32
17487,316,128,0,31
17488,316,120,0,36
17489,316,65,0,25
17490,316,143,0,37
17491,316,30,2,16
17492,317,102,83,1
17493,317,117,25,6
17494,317,137,25,5
17495,317,131,9,8
17496,317,138,2,15
17497,317,88,1,21
17498,317,78,0,27
17499,317,99,0,29
17500,317,94,6,11
17501,317,92,4,13
17502,317,84,0,30
17503,317,55,18,7
17504,317,57,2,16
17505,317,119,44,3
17506,317,90,8,10
17507,317,105,0,33
17508,317,122,1,19
17509,317,123,0,23
17510,317,77,31,4
17511,317,95,59,2
17512,317,127,0,24
17513,317,87,1,18
17514,317,139,1,17
17515,317,81,0,25
17516,317,109,4,12
17517,317,103,1,20
17518,317,133,0,35
17519,317,140,0,34
17520,317,100,0,28
17521,317,141,1,22
17522,317,110,9,9
17523,317,142,0,38
17524,317,129,0,32
17525,317,128,0,31
17526,317,120,0,36
17527,317,65,0,26
17528,317,143,0,37
17529,317,30,3,14
17530,318,102,85,1
17531,318,117,31,4
17532,318,137,25,6
17533,318,131,9,8
17534,318,138,2,15
17535,318,88,1,21
17536,318,78,0,27
17537,318,99,0,29
17538,318,94,6,11
17539,318,92,4,13
17540,318,84,0,30
17541,318,55,21,7
17542,318,57,2,16
17543,318,119,48,3
17544,318,90,8,10
17545,318,105,0,34
17546,318,122,1,19
17547,318,123,0,24
17548,318,77,31,5
17549,318,95,69,2
17550,318,127,0,23
17551,318,87,1,18
17552,318,139,1,17
17553,318,81,0,25
17554,318,109,4,12
17555,318,103,1,20
17556,318,133,0,36
17557,318,140,0,35
17558,318,100,0,28
17559,318,141,1,22
17560,318,110,9,9
17561,318,142,0,39
17562,318,129,0,33
17563,318,128,0,31
17564,318,120,0,37
17565,318,65,0,26
17566,318,143,0,38
17567,318,30,4,14
17568,318,70,0,32
17569,319,102,91,1
17570,319,117,34,5
17571,319,137,25,6
17572,319,131,10,8
17573,319,138,2,15
17574,319,88,1,22
17575,319,78,0,28
17576,319,99,0,30
17577,319,94,6,11
17578,319,92,4,13
17579,319,84,2,17
17580,319,55,21,7
17581,319,57,2,16
17582,319,119,52,3
17583,319,90,8,10
17584,319,105,0,35
17585,319,122,1,20
17586,319,123,0,25
17587,319,77,41,4
17588,319,95,69,2
17589,319,127,0,24
17590,319,87,1,19
17591,319,139,1,18
17592,319,81,0,26
17593,319,109,4,12
17594,319,103,1,21
17595,319,133,0,34
17596,319,140,0,36
17597,319,100,0,29
17598,319,141,1,23
17599,319,110,9,9
17600,319,142,0,40
17601,319,129,0,33
17602,319,128,0,32
17603,319,120,0,38
17604,319,65,0,27
17605,319,143,0,39
17606,319,30,4,14
17607,319,70,0,31
17608,319,91,0,37
17609,319,144,0,41
17610,320,102,96,1
17611,320,117,34,5
17612,320,137,26,6
17613,320,131,10,8
17614,320,138,2,15
17615,320,88,1,22
17616,320,78,0,28
17617,320,99,0,30
17618,320,94,6,11
17619,320,92,4,13
17620,320,84,2,17
17621,320,55,21,7
17622,320,57,2,16
17623,320,119,53,3
17624,320,90,8,10
17625,320,105,0,35
17626,320,122,1,20
17627,320,123,0,26
17628,320,77,43,4
17629,320,95,72,2
17630,320,127,0,25
17631,320,87,1,19
17632,320,139,1,18
17633,320,81,0,24
17634,320,109,4,12
17635,320,103,1,21
17636,320,133,0,33
17637,320,140,0,37
17638,320,100,0,29
17639,320,141,1,23
17640,320,110,9,9
17641,320,142,0,41
17642,320,129,0,34
17643,320,128,0,32
17644,320,120,0,38
17645,320,65,0,27
17646,320,143,0,39
17647,320,30,4,14
17648,320,70,0,31
17649,320,91,0,36
17650,320,144,0,40
17651,2,18,15,1
17652,2,22,10,2
17653,2,15,8,3
17654,2,10,8,4
17655,2,4,4,6
17656,2,3,4,7
17657,2,67,2,8
17658,2,7,1,11
17659,2,16,0,12
17660,2,2,4,5
17661,2,21,0,14
17662,2,17,2,9
17663,2,20,0,16
17664,2,9,0,19
17665,2,8,0,18
17666,2,13,0,13
17667,2,12,0,17
17668,2,6,0,15
17669,2,5,0,20
17670,2,1,1,10
17711,3,18,21,1
17712,3,22,15,2
17713,3,15,8,6
17714,3,10,10,4
17715,3,4,4,8
17716,3,3,4,11
17717,3,67,3,12
17718,3,7,1,13
17719,3,16,0,14
17720,3,2,4,7
17721,3,21,0,17
17722,3,17,10,5
17723,3,20,10,3
17724,3,9,0,19
17725,3,8,0,16
17726,3,13,0,15
17727,3,12,0,20
17728,3,6,0,18
17729,3,5,4,9
17730,3,1,4,10
17751,4,18,31,1
17752,4,22,19,2
17753,4,15,14,4
17754,4,10,12,5
17755,4,4,5,8
17756,4,3,4,11
17757,4,67,3,13
17758,4,7,1,14
17759,4,16,0,16
17760,4,2,4,9
17761,4,21,0,18
17762,4,17,10,6
17763,4,20,18,3
17764,4,9,0,20
17765,4,8,3,12
17766,4,13,0,15
17767,4,12,0,17
17768,4,6,0,19
17769,4,5,4,10
17770,4,1,9,7
17771,5,18,41,1
17772,5,22,27,2
17773,5,15,14,5
17774,5,10,12,6
17775,5,4,9,8
17776,5,3,4,10
17777,5,67,3,14
17778,5,7,1,15
17779,5,16,0,16
17780,5,2,6,9
17781,5,21,0,19
17782,5,17,16,4
17783,5,20,23,3
17784,5,9,0,18
17785,5,8,3,13
17786,5,13,3,12
17787,5,12,0,17
17788,5,6,0,20
17789,5,5,4,11
17790,5,1,9,7
17871,7,18,61,1
17872,7,22,35,2
17873,7,15,20,5
17874,7,10,13,6
17875,7,4,11,9
17876,7,3,12,7
17877,7,67,3,14
17878,7,7,2,16
17879,7,16,0,18
17880,7,2,6,12
17881,7,21,0,17
17882,7,17,28,4
17883,7,20,29,3
17884,7,9,2,15
17885,7,8,9,10
17886,7,13,11,8
17887,7,12,0,19
17888,7,6,0,20
17889,7,5,4,13
17890,7,1,9,11
17911,8,18,64,1
17912,8,22,41,2
17913,8,15,22,5
17914,8,10,13,8
17915,8,4,11,9
17916,8,3,16,7
17917,8,67,3,14
17918,8,7,2,16
17919,8,16,0,18
17920,8,2,6,12
17921,8,21,0,17
17922,8,17,36,4
17923,8,20,39,3
17924,8,9,2,15
17925,8,8,10,10
17926,8,13,16,6
17927,8,12,0,19
17928,8,6,0,20
17929,8,5,4,13
17930,8,1,9,11
17931,6,18,51,1
17932,6,22,35,2
17933,6,15,14,5
17934,6,10,12,6
17935,6,4,11,7
17936,6,3,8,11
17937,6,67,3,14
17938,6,7,2,15
17939,6,16,0,17
17940,6,2,6,12
17941,6,21,0,16
17942,6,17,20,4
17943,6,20,23,3
17944,6,9,0,19
17945,6,8,9,8
17946,6,13,8,10
17947,6,12,0,18
17948,6,6,0,20
17949,6,5,4,13
17950,6,1,9,9
17951,9,18,68,1
17952,9,22,44,4
17953,9,15,22,6
17954,9,10,13,8
17955,9,4,13,9
17956,9,3,20,7
17957,9,67,3,14
17958,9,7,2,16
17959,9,16,0,18
17960,9,2,6,12
17961,9,21,0,17
17962,9,17,46,3
17963,9,20,47,2
17964,9,9,2,15
17965,9,8,10,10
17966,9,13,22,5
17967,9,12,0,19
17968,9,6,0,20
17969,9,5,5,13
17970,9,1,9,11
17971,10,18,70,1
17972,10,22,44,4
17973,10,15,22,6
17974,10,10,16,10
17975,10,4,13,11
17976,10,3,26,5
17977,10,67,3,14
17978,10,7,2,16
17979,10,16,0,19
17980,10,2,6,13
17981,10,21,0,17
17982,10,17,52,2
17983,10,20,47,3
17984,10,9,2,15
17985,10,8,18,9
17986,10,13,22,7
17987,10,12,0,20
17988,10,6,0,18
17989,10,5,9,12
17990,10,1,19,8
17991,10,153,0,21
17992,11,18,72,1
17993,11,22,54,2
17994,11,15,22,8
17995,11,10,16,10
17996,11,4,16,11
17997,11,3,30,5
17998,11,67,3,15
17999,11,7,2,16
18000,11,16,0,18
18001,11,2,6,13
18002,11,21,0,17
18003,11,17,52,3
18004,11,20,47,4
18005,11,9,3,14
18006,11,8,24,7
18007,11,13,22,9
18008,11,12,0,20
18009,11,6,0,19
18010,11,5,14,12
18011,11,1,27,6
18012,11,153,0,21
18013,11,154,0,22
18014,11,69,0,23
18015,12,18,72,1
18016,12,22,56,2
18017,12,15,22,8
18018,12,10,16,11
18019,12,4,16,12
18020,12,3,30,6
18021,12,67,3,16
18022,12,7,2,17
18023,12,16,0,18
18024,12,2,10,13
18025,12,21,8,14
18026,12,17,52,4
18027,12,20,53,3
18028,12,9,8,15
18029,12,8,34,5
18030,12,13,22,9
18031,12,12,0,20
18032,12,6,0,19
18033,12,5,17,10
18034,12,1,27,7
18035,12,153,0,22
18036,12,154,0,23
18037,12,69,0,21
18038,13,18,80,1
18039,13,22,66,2
18040,13,15,22,8
18041,13,10,16,12
18042,13,4,20,11
18043,13,3,30,6
18044,13,67,3,17
18045,13,7,2,18
18046,13,16,5,16
18047,13,2,12,13
18048,13,21,8,14
18049,13,17,52,4
18050,13,20,54,3
18051,13,9,8,15
18052,13,8,40,5
18053,13,13,22,9
18054,13,12,0,20
18055,13,6,0,19
18056,13,5,20,10
18057,13,1,27,7
18058,13,153,0,23
18059,13,154,0,22
18060,13,69,0,21
18061,13,24,0,24
18062,14,18,84,1
18063,14,22,69,2
18064,14,15,22,10
18065,14,10,24,9
18066,14,4,26,8
18067,14,3,30,7
18068,14,67,3,17
18069,14,7,2,18
18070,14,16,5,16
18071,14,2,12,13
18072,14,21,8,15
18073,14,17,52,4
18074,14,20,59,3
18075,14,9,9,14
18076,14,8,40,5
18077,14,13,22,11
18078,14,12,0,20
18079,14,6,0,19
18080,14,5,22,12
18081,14,1,37,6
18082,14,153,0,24
18083,14,154,0,23
18084,14,69,0,21
18085,14,24,0,22
18110,15,18,85,1
18111,15,22,71,2
18112,15,15,30,8
18113,15,10,24,10
18114,15,4,26,9
18115,15,3,34,7
18116,15,67,3,17
18117,15,7,2,18
18118,15,16,5,16
18119,15,2,15,13
18120,15,21,8,15
18121,15,17,52,4
18122,15,20,69,3
18123,15,9,9,14
18124,15,8,45,5
18125,15,13,22,11
18126,15,12,0,20
18127,15,6,0,19
18128,15,5,22,12
18129,15,1,43,6
18130,15,153,0,24
18131,15,154,0,23
18132,15,69,0,22
18133,15,24,0,21
18134,16,18,89,1
18135,16,22,72,3
18136,16,15,30,8
18137,16,10,24,10
18138,16,4,26,9
18139,16,3,34,7
18140,16,67,5,17
18141,16,7,2,18
18142,16,16,5,16
18143,16,2,15,14
18144,16,21,8,15
18145,16,17,62,4
18146,16,20,74,2
18147,16,9,17,13
18148,16,8,48,6
18149,16,13,22,11
18150,16,12,0,20
18151,16,6,0,19
18152,16,5,22,12
18153,16,1,49,5
18154,16,153,0,24
18155,16,154,0,23
18156,16,69,0,25
18157,16,24,0,22
18158,16,155,0,21
18159,356,95,9,1
18160,356,117,6,2
18161,356,127,4,3
18162,356,65,3,4
18163,356,118,2,5
18164,356,145,1,6
18165,356,156,0,7
18166,356,138,0,8
18167,356,129,0,9
18168,356,105,0,10
18169,356,102,0,11
18170,356,112,0,12
18171,356,110,0,13
18172,356,157,0,14
18173,356,119,0,15
18174,356,158,0,16
18175,356,146,0,17
18176,356,84,0,18
18177,356,122,0,19
18178,356,137,0,20
18179,356,131,0,21
18180,356,123,0,22
18181,356,94,0,23
18182,356,77,0,24
18183,356,159,0,25
18184,356,114,0,26
18185,356,163,0,27
18186,356,148,0,28
18187,356,90,0,29
18188,356,133,0,30
18189,356,160,0,31
18190,356,161,0,32
18191,356,162,0,33
18192,356,164,0,34
18193,356,88,0,35
18194,356,140,0,36
18195,356,92,0,37
18196,357,95,9,3
18197,357,117,12,1
18198,357,127,4,5
18199,357,65,3,7
18200,357,118,4,6
18201,357,145,5,4
18202,357,156,1,9
18203,357,138,0,11
18204,357,129,0,14
18205,357,105,0,16
18206,357,102,9,2
18207,357,112,0,17
18208,357,110,0,15
18209,357,157,0,19
18210,357,119,0,20
18211,357,158,0,13
18212,357,146,0,24
18213,357,84,0,21
18214,357,122,0,25
18215,357,137,0,23
18216,357,131,0,26
18217,357,123,3,8
18218,357,94,0,27
18219,357,77,0,28
18220,357,159,0,22
18221,357,114,0,29
18222,357,163,0,30
18223,357,148,0,31
18224,357,90,0,32
18225,357,133,0,10
18226,357,160,0,34
18227,357,161,0,35
18228,357,162,0,36
18229,357,164,0,38
18230,357,88,0,39
18231,357,140,0,37
18232,357,92,0,33
18233,357,99,0,12
18234,357,78,0,18
18235,358,95,9,3
18236,358,117,18,2
18237,358,127,4,5
18238,358,65,3,10
18239,358,118,4,7
18240,358,145,5,4
18241,358,156,1,12
18242,358,138,0,15
18243,358,129,0,17
18244,358,105,2,11
18245,358,102,18,1
18246,358,112,0,20
18247,358,110,0,18
18248,358,157,0,23
18249,358,119,0,24
18250,358,158,0,14
18251,358,146,0,27
18252,358,84,1,13
18253,358,122,0,19
18254,358,137,0,26
18255,358,131,4,6
18256,358,123,3,9
18257,358,94,0,29
18258,358,77,0,30
18259,358,159,0,25
18260,358,114,0,32
18261,358,163,0,21
18262,358,148,0,33
18263,358,90,0,28
18264,358,133,3,8
18265,358,160,0,34
18266,358,161,0,37
18267,358,162,0,31
18268,358,164,0,38
18269,358,88,0,39
18270,358,140,0,35
18271,358,92,0,36
18272,358,99,0,16
18273,358,78,0,22
18274,359,95,9,3
18275,359,117,20,2
18276,359,127,4,8
18277,359,65,3,12
18278,359,118,4,9
18279,359,145,8,4
18280,359,156,1,13
18281,359,138,0,18
18282,359,129,0,17
18283,359,105,6,6
18284,359,102,27,1
18285,359,112,0,24
18286,359,110,0,19
18287,359,157,0,22
18288,359,119,6,5
18289,359,158,0,16
18290,359,146,0,28
18291,359,84,1,15
18292,359,122,0,21
18293,359,137,0,20
18294,359,131,4,7
18295,359,123,3,11
18296,359,94,0,27
18297,359,77,0,30
18298,359,159,0,26
18299,359,114,0,33
18300,359,163,0,23
18301,359,148,0,34
18302,359,90,0,29
18303,359,133,3,10
18304,359,160,0,35
18305,359,161,0,37
18306,359,162,0,32
18307,359,164,0,38
18308,359,88,0,39
18309,359,140,0,31
18310,359,92,0,36
18311,359,99,1,14
18312,359,78,0,25
18313,360,95,9,4
18314,360,117,29,1
18315,360,127,4,10
18316,360,65,5,7
18317,360,118,4,12
18318,360,145,8,5
18319,360,156,1,16
18320,360,138,0,20
18321,360,129,0,18
18322,360,105,6,6
18323,360,102,27,2
18324,360,112,0,24
18325,360,110,0,19
18326,360,157,3,14
18327,360,119,12,3
18328,360,158,4,8
18329,360,146,0,30
18330,360,84,1,17
18331,360,122,0,22
18332,360,137,0,21
18333,360,131,4,9
18334,360,123,4,11
18335,360,94,0,29
18336,360,77,0,26
18337,360,159,0,28
18338,360,114,0,33
18339,360,163,0,23
18340,360,148,0,34
18341,360,90,0,31
18342,360,133,3,13
18343,360,160,0,35
18344,360,161,0,37
18345,360,162,0,32
18346,360,164,0,38
18347,360,88,0,39
18348,360,140,0,27
18349,360,92,0,36
18350,360,99,1,15
18351,360,78,0,25
18352,361,95,9,5
18353,361,117,29,1
18354,361,127,4,12
18355,361,65,5,8
18356,361,118,4,14
18357,361,145,8,6
18358,361,156,1,19
18359,361,138,0,22
18360,361,129,0,21
18361,361,105,6,7
18362,361,102,27,2
18363,361,112,0,25
18364,361,110,4,10
18365,361,157,3,15
18366,361,119,18,3
18367,361,158,4,9
18368,361,146,0,31
18369,361,84,1,20
18370,361,122,0,23
18371,361,137,3,16
18372,361,131,4,11
18373,361,123,13,4
18374,361,94,0,30
18375,361,77,0,27
18376,361,159,0,29
18377,361,114,0,33
18378,361,163,2,17
18379,361,148,0,34
18380,361,90,0,26
18381,361,133,4,13
18382,361,160,0,35
18383,361,161,0,37
18384,361,162,0,32
18385,361,164,0,38
18386,361,88,0,39
18387,361,140,0,28
18388,361,92,0,36
18389,361,99,1,18
18390,361,78,0,24
18391,362,95,15,4
18392,362,117,38,1
18393,362,127,4,12
18394,362,65,5,8
18395,362,118,4,14
18396,362,145,8,6
18397,362,156,1,21
18398,362,138,0,24
18399,362,129,1,22
18400,362,105,6,7
18401,362,102,27,2
18402,362,112,0,29
18403,362,110,4,10
18404,362,157,3,16
18405,362,119,22,3
18406,362,158,4,9
18407,362,146,0,36
18408,362,84,1,23
18409,362,122,0,26
18410,362,137,3,15
18411,362,131,4,11
18412,362,123,13,5
18413,362,94,0,35
18414,362,77,0,33
18415,362,159,0,34
18416,362,114,0,38
18417,362,163,2,18
18418,362,148,0,39
18419,362,90,0,32
18420,362,133,4,13
18421,362,160,0,40
18422,362,161,0,41
18423,362,162,0,37
18424,362,164,0,42
18425,362,88,0,43
18426,362,140,2,19
18427,362,92,0,31
18428,362,99,1,20
18429,362,78,0,28
18430,362,55,3,17
18431,362,139,0,25
18432,362,103,0,27
18433,362,151,0,30
18434,363,95,21,4
18435,363,117,47,1
18436,363,127,4,13
18437,363,65,5,9
18438,363,118,4,15
18439,363,145,12,6
18440,363,156,1,23
18441,363,138,0,26
18442,363,129,1,21
18443,363,105,6,7
18444,363,102,27,2
18445,363,112,0,32
18446,363,110,4,11
18447,363,157,3,16
18448,363,119,22,3
18449,363,158,4,10
18450,363,146,0,36
18451,363,84,1,24
18452,363,122,0,28
18453,363,137,6,8
18454,363,131,4,12
18455,363,123,13,5
18456,363,94,2,20
18457,363,77,0,35
18458,363,159,1,25
18459,363,114,0,38
18460,363,163,2,18
18461,363,148,0,39
18462,363,90,0,34
18463,363,133,4,14
18464,363,160,0,40
18465,363,161,0,41
18466,363,162,0,37
18467,363,164,0,42
18468,363,88,0,43
18469,363,140,2,19
18470,363,92,0,30
18471,363,99,1,22
18472,363,78,0,31
18473,363,55,3,17
18474,363,139,0,27
18475,363,103,0,29
18476,363,151,0,33
18477,364,95,25,3
18478,364,117,53,1
18479,364,127,4,14
18480,364,65,5,9
18481,364,118,5,10
18482,364,145,12,6
18483,364,156,1,23
18484,364,138,0,26
18485,364,129,1,21
18486,364,105,6,8
18487,364,102,36,2
18488,364,112,0,32
18489,364,110,4,12
18490,364,157,3,16
18491,364,119,25,4
18492,364,158,4,11
18493,364,146,0,36
18494,364,84,1,24
18495,364,122,0,28
18496,364,137,8,7
18497,364,131,4,13
18498,364,123,13,5
18499,364,94,2,18
18500,364,77,0,35
18501,364,159,1,25
18502,364,114,0,38
18503,364,163,2,19
18504,364,148,0,39
18505,364,90,0,34
18506,364,133,4,15
18507,364,160,0,40
18508,364,161,0,41
18509,364,162,0,37
18510,364,164,0,42
18511,364,88,0,43
18512,364,140,2,20
18513,364,92,0,30
18514,364,99,1,22
18515,364,78,0,31
18516,364,55,3,17
18517,364,139,0,27
18518,364,103,0,29
18519,364,151,0,33
18520,365,95,34,3
18521,365,117,56,1
18522,365,127,4,14
18523,365,65,5,10
18524,365,118,5,11
18525,365,145,12,6
18526,365,156,1,23
18527,365,138,0,26
18528,365,129,1,21
18529,365,105,6,9
18530,365,102,42,2
18531,365,112,0,32
18532,365,110,4,12
18533,365,157,3,16
18534,365,119,25,4
18535,365,158,6,8
18536,365,146,0,36
18537,365,84,1,24
18538,365,122,0,28
18539,365,137,9,7
18540,365,131,4,13
18541,365,123,17,5
18542,365,94,2,18
18543,365,77,0,35
18544,365,159,1,25
18545,365,114,0,39
18546,365,163,2,19
18547,365,148,0,40
18548,365,90,0,34
18549,365,133,4,15
18550,365,160,0,38
18551,365,161,0,41
18552,365,162,0,37
18553,365,164,0,42
18554,365,88,0,43
18555,365,140,2,20
18556,365,92,0,30
18557,365,99,1,22
18558,365,78,0,31
18559,365,55,3,17
18560,365,139,0,27
18561,365,103,0,29
18562,365,151,0,33
18563,366,95,38,3
18564,366,117,62,1
18565,366,127,4,13
18566,366,65,5,11
18567,366,118,6,10
18568,366,145,14,6
18569,366,156,1,23
18570,366,138,0,26
18571,366,129,1,21
18572,366,105,6,9
18573,366,102,51,2
18574,366,112,0,31
18575,366,110,4,12
18576,366,157,3,16
18577,366,119,25,4
18578,366,158,6,8
18579,366,146,0,36
18580,366,84,1,24
18581,366,122,0,28
18582,366,137,9,7
18583,366,131,4,14
18584,366,123,20,5
18585,366,94,2,19
18586,366,77,0,35
18587,366,159,1,25
18588,366,114,0,39
18589,366,163,2,20
18590,366,148,0,40
18591,366,90,0,34
18592,366,133,4,15
18593,366,160,0,38
18594,366,161,0,41
18595,366,162,0,37
18596,366,164,0,42
18597,366,88,0,43
18598,366,140,2,18
18599,366,92,0,30
18600,366,99,1,22
18601,366,78,0,32
18602,366,55,3,17
18603,366,139,0,27
18604,366,103,0,29
18605,366,151,0,33
18606,366,134,0,44
18607,367,95,38,3
18608,367,117,71,1
18609,367,127,4,15
18610,367,65,5,13
18611,367,118,6,11
18612,367,145,14,6
18613,367,156,1,25
18614,367,138,0,27
18615,367,129,1,23
18616,367,105,6,10
18617,367,102,51,2
18618,367,112,0,32
18619,367,110,4,14
18620,367,157,3,18
18621,367,119,28,4
18622,367,158,6,9
18623,367,146,0,36
18624,367,84,2,22
18625,367,122,0,29
18626,367,137,9,7
18627,367,131,4,16
18628,367,123,24,5
18629,367,94,2,19
18630,367,77,6,8
18631,367,159,1,26
18632,367,114,0,39
18633,367,163,2,21
18634,367,148,0,40
18635,367,90,0,35
18636,367,133,4,17
18637,367,160,0,38
18638,367,161,0,41
18639,367,162,0,37
18640,367,164,0,42
18641,367,88,0,43
18642,367,140,2,20
18643,367,92,0,31
18644,367,99,1,24
18645,367,78,0,33
18646,367,55,5,12
18647,367,139,0,28
18648,367,103,0,30
18649,367,151,0,34
18650,367,134,0,45
18651,367,165,0,44
18652,368,95,38,3
18653,368,117,75,1
18654,368,127,4,16
18655,368,65,5,14
18656,368,118,6,12
18657,368,145,17,6
18658,368,156,2,22
18659,368,138,0,27
18660,368,129,1,24
18661,368,105,6,11
18662,368,102,51,2
18663,368,112,0,29
18664,368,110,4,15
18665,368,157,3,20
18666,368,119,28,4
18667,368,158,6,9
18668,368,146,0,36
18669,368,84,2,23
18670,368,122,0,30
18671,368,137,9,8
18672,368,131,4,17
18673,368,123,24,5
18674,368,94,4,19
18675,368,77,15,7
18676,368,159,1,26
18677,368,114,0,39
18678,368,163,2,21
18679,368,148,0,40
18680,368,90,0,35
18681,368,133,4,18
18682,368,160,0,38
18683,368,161,0,41
18684,368,162,0,37
18685,368,164,0,44
18686,368,88,0,45
18687,368,140,6,10
18688,368,92,0,32
18689,368,99,1,25
18690,368,78,0,33
18691,368,55,5,13
18692,368,139,0,28
18693,368,103,0,31
18694,368,151,0,34
18695,368,134,0,46
18696,368,165,0,43
18697,368,109,0,42
18698,369,95,38,3
18699,369,117,76,1
18700,369,127,4,16
18701,369,65,5,14
18702,369,118,6,13
18703,369,145,17,7
18704,369,156,2,22
18705,369,138,0,28
18706,369,129,1,24
18707,369,105,6,12
18708,369,102,60,2
18709,369,112,1,27
18710,369,110,4,15
18711,369,157,3,20
18712,369,119,30,4
18713,369,158,6,10
18714,369,146,0,36
18715,369,84,2,23
18716,369,122,0,30
18717,369,137,9,8
18718,369,131,4,17
18719,369,123,24,5
18720,369,94,4,19
18721,369,77,21,6
18722,369,159,1,26
18723,369,114,0,40
18724,369,163,2,21
18725,369,148,0,41
18726,369,90,0,35
18727,369,133,4,18
18728,369,160,0,38
18729,369,161,0,42
18730,369,162,0,39
18731,369,164,0,45
18732,369,88,0,43
18733,369,140,6,11
18734,369,92,0,32
18735,369,99,1,25
18736,369,78,0,33
18737,369,55,8,9
18738,369,139,0,29
18739,369,103,0,31
18740,369,151,0,34
18741,369,134,0,46
18742,369,165,0,44
18743,369,109,0,37
18885,370,95,38,3
18886,370,117,76,1
18887,370,127,4,16
18888,370,65,5,14
18889,370,118,7,10
18890,370,145,26,6
18891,370,156,2,23
18892,370,138,0,28
18893,370,129,1,24
18894,370,105,6,13
18895,370,102,60,2
18896,370,112,1,27
18897,370,110,4,15
18898,370,157,3,21
18899,370,119,36,4
18900,370,158,6,11
18901,370,146,0,36
18902,370,84,4,20
18903,370,122,0,30
18904,370,137,12,8
18905,370,131,4,17
18906,370,123,28,5
18907,370,94,4,19
18908,370,77,21,7
18909,370,159,1,26
18910,370,114,0,40
18911,370,163,2,22
18912,370,148,0,42
18913,370,90,0,35
18914,370,133,4,18
18915,370,160,0,38
18916,370,161,0,43
18917,370,162,0,39
18918,370,164,0,46
18919,370,88,0,44
18920,370,140,6,12
18921,370,92,0,32
18922,370,99,1,25
18923,370,78,0,33
18924,370,55,8,9
18925,370,139,0,29
18926,370,103,0,31
18927,370,151,0,34
18928,370,134,0,47
18929,370,165,0,45
18930,370,109,0,37
18931,370,147,0,41
18932,371,95,38,4
18933,371,117,76,1
18934,371,127,4,16
18935,371,65,5,14
18936,371,118,7,10
18937,371,145,32,6
18938,371,156,2,25
18939,371,138,3,21
18940,371,129,1,26
18941,371,105,6,13
18942,371,102,60,2
18943,371,112,1,29
18944,371,110,4,17
18945,371,157,3,22
18946,371,119,40,3
18947,371,158,6,11
18948,371,146,0,38
18949,371,84,4,20
18950,371,122,0,30
18951,371,137,12,8
18952,371,131,4,18
18953,371,123,37,5
18954,371,94,5,15
18955,371,77,21,7
18956,371,159,1,28
18957,371,114,0,40
18958,371,163,2,24
18959,371,148,0,42
18960,371,90,0,35
18961,371,133,4,19
18962,371,160,0,37
18963,371,161,0,43
18964,371,162,0,39
18965,371,164,0,46
18966,371,88,0,44
18967,371,140,6,12
18968,371,92,0,32
18969,371,99,1,27
18970,371,78,0,33
18971,371,55,8,9
18972,371,139,2,23
18973,371,103,0,31
18974,371,151,0,34
18975,371,134,0,47
18976,371,165,0,45
18977,371,109,0,36
18978,371,147,0,41
18979,372,117,9,1
18980,372,77,6,2
18981,372,137,4,3
18982,372,118,3,4
18983,372,105,2,5
18984,372,138,1,6
18985,372,123,0,7
18986,372,158,0,8
18987,372,140,0,9
18988,372,110,0,10
18989,372,156,0,11
18990,372,159,0,12
18991,372,112,0,13
18992,372,99,0,14
18993,372,166,0,15
18994,372,114,0,16
18995,372,163,0,17
18996,372,131,0,18
18997,372,95,0,19
18998,372,145,0,20
18999,372,119,0,21
19000,372,122,0,22
19001,372,167,0,23
19002,372,127,0,24
19003,372,165,0,25
19004,372,141,0,26
19005,372,160,0,27
19006,372,78,0,28
19007,372,146,0,29
19008,372,133,0,30
19009,373,117,15,1
19010,373,77,8,3
19011,373,137,8,4
19012,373,118,3,6
19013,373,105,2,7
19014,373,138,1,8
19015,373,123,3,5
19016,373,158,0,10
19017,373,140,0,11
19018,373,110,0,20
19019,373,156,0,16
19020,373,159,0,13
19021,373,112,0,19
19022,373,99,0,21
19023,373,166,0,12
19024,373,114,0,14
19025,373,163,0,22
19026,373,131,0,23
19027,373,95,0,24
19028,373,145,1,9
19029,373,119,0,15
19030,373,122,0,26
19031,373,167,0,18
19032,373,127,0,17
19033,373,165,0,29
19034,373,141,0,25
19035,373,160,0,28
19036,373,78,0,30
19037,373,146,0,31
19038,373,133,0,27
19039,373,102,9,2
19040,374,117,24,1
19041,374,77,14,2
19042,374,137,8,4
19043,374,118,6,6
19044,374,105,6,5
19045,374,138,1,9
19046,374,123,3,7
19047,374,158,0,12
19048,374,140,0,14
19049,374,110,0,22
19050,374,156,2,8
19051,374,159,0,18
19052,374,112,0,21
19053,374,99,0,23
19054,374,166,0,16
19055,374,114,0,13
19056,374,163,0,26
19057,374,131,0,27
19058,374,95,0,25
19059,374,145,1,11
19060,374,119,1,10
19061,374,122,0,17
19062,374,167,0,20
19063,374,127,0,19
19064,374,165,0,28
19065,374,141,0,29
19066,374,160,0,24
19067,374,78,0,15
19068,374,146,0,31
19069,374,133,0,30
19070,374,102,9,3
19071,375,117,33,1
19072,375,77,18,2
19073,375,137,8,5
19074,375,118,8,6
19075,375,105,9,4
19076,375,138,1,11
19077,375,123,3,7
19078,375,158,1,9
19079,375,140,0,14
19080,375,110,0,25
19081,375,156,2,8
19082,375,159,0,18
19083,375,112,0,24
19084,375,99,0,20
19085,375,166,0,16
19086,375,114,0,13
19087,375,163,0,27
19088,375,131,0,28
19089,375,95,0,26
19090,375,145,1,10
19091,375,119,1,12
19092,375,122,0,17
19093,375,167,0,23
19094,375,127,0,21
19095,375,165,0,19
19096,375,141,0,29
19097,375,160,0,22
19098,375,78,0,15
19099,375,146,0,30
19100,375,133,0,31
19101,375,102,15,3
19102,376,117,39,1
19103,376,77,18,3
19104,376,137,11,4
19105,376,118,8,6
19106,376,105,9,5
19107,376,138,1,12
19108,376,123,7,7
19109,376,158,1,10
19110,376,140,0,16
19111,376,110,0,17
19112,376,156,3,8
19113,376,159,0,21
19114,376,112,0,20
19115,376,99,0,15
19116,376,166,0,19
19117,376,114,0,14
19118,376,163,0,27
19119,376,131,0,22
19120,376,95,0,28
19121,376,145,1,11
19122,376,119,1,13
19123,376,122,2,9
19124,376,167,0,26
19125,376,127,0,25
19126,376,165,0,23
19127,376,141,0,29
19128,376,160,0,24
19129,376,78,0,18
19130,376,146,0,30
19131,376,133,0,31
19132,376,102,24,2
19133,377,117,45,1
19134,377,77,18,3
19135,377,137,11,5
19136,377,118,8,7
19137,377,105,9,6
19138,377,138,1,13
19139,377,123,11,4
19140,377,158,1,11
19141,377,140,0,19
19142,377,110,3,9
19143,377,156,5,8
19144,377,159,0,24
19145,377,112,0,23
19146,377,99,0,17
19147,377,166,0,22
19148,377,114,0,16
19149,377,163,0,30
19150,377,131,0,25
19151,377,95,0,31
19152,377,145,1,12
19153,377,119,1,14
19154,377,122,2,10
19155,377,167,0,29
19156,377,127,0,28
19157,377,165,0,26
19158,377,141,0,20
19159,377,160,0,27
19160,377,78,0,21
19161,377,146,0,32
19162,377,133,0,18
19163,377,102,33,2
19164,377,94,1,15
19165,378,117,54,1
19166,378,77,21,3
19167,378,137,13,5
19168,378,118,8,7
19169,378,105,13,4
19170,378,138,1,12
19171,378,123,11,6
19172,378,158,1,13
19173,378,140,0,20
19174,378,110,3,9
19175,378,156,5,8
19176,378,159,0,25
19177,378,112,0,24
19178,378,99,0,18
19179,378,166,0,23
19180,378,114,0,16
19181,378,163,0,30
19182,378,131,0,26
19183,378,95,0,31
19184,378,145,2,11
19185,378,119,1,14
19186,378,122,2,10
19187,378,167,0,29
19188,378,127,0,19
19189,378,165,0,27
19190,378,141,0,22
19191,378,160,0,28
19192,378,78,0,21
19193,378,146,0,32
19194,378,133,0,17
19195,378,102,39,2
19196,378,94,1,15
19197,379,117,54,1
19198,379,77,21,3
19199,379,137,15,4
19200,379,118,9,7
19201,379,105,13,5
19202,379,138,1,15
19203,379,123,11,6
19204,379,158,1,14
19205,379,140,0,21
19206,379,110,3,12
19207,379,156,5,10
19208,379,159,0,26
19209,379,112,0,25
19210,379,99,0,20
19211,379,166,0,24
19212,379,114,0,18
19213,379,163,0,31
19214,379,131,0,27
19215,379,95,6,8
19216,379,145,6,9
19217,379,119,1,16
19218,379,122,2,13
19219,379,167,0,30
19220,379,127,3,11
19221,379,165,0,28
19222,379,141,0,22
19223,379,160,0,29
19224,379,78,0,23
19225,379,146,0,32
19226,379,133,0,19
19227,379,102,48,2
19228,379,94,1,17
19229,380,117,60,1
19230,380,77,25,3
19231,380,137,15,5
19232,380,118,9,7
19233,380,105,16,4
19234,380,138,1,15
19235,380,123,12,6
19236,380,158,1,14
19237,380,140,0,21
19238,380,110,3,13
19239,380,156,5,10
19240,380,159,0,26
19241,380,112,0,25
19242,380,99,0,20
19243,380,166,0,24
19244,380,114,0,18
19245,380,163,0,32
19246,380,131,0,27
19247,380,95,6,8
19248,380,145,6,9
19249,380,119,1,16
19250,380,122,4,11
19251,380,167,0,31
19252,380,127,3,12
19253,380,165,0,29
19254,380,141,0,22
19255,380,160,0,30
19256,380,78,0,23
19257,380,146,0,28
19258,380,133,0,19
19259,380,102,57,2
19260,380,94,1,17
19261,381,117,66,2
19262,381,77,28,3
19263,381,137,15,6
19264,381,118,9,7
19265,381,105,16,5
19266,381,138,1,15
19267,381,123,16,4
19268,381,158,1,16
19269,381,140,0,21
19270,381,110,3,13
19271,381,156,5,11
19272,381,159,0,24
19273,381,112,0,25
19274,381,99,0,20
19275,381,166,0,26
19276,381,114,0,18
19277,381,163,0,32
19278,381,131,0,27
19279,381,95,6,8
19280,381,145,6,9
19281,381,119,2,14
19282,381,122,4,12
19283,381,167,0,31
19284,381,127,5,10
19285,381,165,0,29
19286,381,141,0,22
19287,381,160,0,30
19288,381,78,0,23
19289,381,146,0,28
19290,381,133,0,19
19291,381,102,66,1
19292,381,94,1,17
19293,382,117,72,2
19294,382,77,28,3
19295,382,137,18,4
19296,382,118,11,7
19297,382,105,16,6
19298,382,138,1,16
19299,382,123,16,5
19300,382,158,2,14
19301,382,140,0,22
19302,382,110,3,13
19303,382,156,5,12
19304,382,159,0,27
19305,382,112,0,23
19306,382,99,0,21
19307,382,166,0,26
19308,382,114,0,18
19309,382,163,0,33
19310,382,131,0,28
19311,382,95,6,9
19312,382,145,6,10
19313,382,119,2,15
19314,382,122,8,8
19315,382,167,0,32
19316,382,127,5,11
19317,382,165,0,30
19318,382,141,0,24
19319,382,160,0,31
19320,382,78,0,25
19321,382,146,0,29
19322,382,133,0,20
19323,382,102,75,1
19324,382,94,1,17
19325,382,84,0,19
19326,383,117,72,2
19327,383,77,37,3
19328,383,137,18,5
19329,383,118,14,7
19330,383,105,22,4
19331,383,138,1,16
19332,383,123,17,6
19333,383,158,6,10
19334,383,140,0,22
19335,383,110,3,14
19336,383,156,5,13
19337,383,159,0,27
19338,383,112,0,23
19339,383,99,0,21
19340,383,166,0,26
19341,383,114,0,18
19342,383,163,0,32
19343,383,131,0,28
19344,383,95,6,9
19345,383,145,6,11
19346,383,119,2,15
19347,383,122,10,8
19348,383,167,0,34
19349,383,127,5,12
19350,383,165,0,31
19351,383,141,0,24
19352,383,160,0,33
19353,383,78,0,25
19354,383,146,0,30
19355,383,133,0,20
19356,383,102,75,1
19357,383,94,1,17
19358,383,84,0,19
19359,383,168,0,29
19360,384,117,81,1
19361,384,77,37,3
19362,384,137,18,6
19363,384,118,17,7
19364,384,105,24,4
19365,384,138,1,16
19366,384,123,21,5
19367,384,158,6,10
19368,384,140,0,24
19369,384,110,3,14
19370,384,156,5,13
19371,384,159,0,21
19372,384,112,0,25
19373,384,99,0,22
19374,384,166,0,23
19375,384,114,0,18
19376,384,163,0,28
19377,384,131,0,29
19378,384,95,6,9
19379,384,145,6,11
19380,384,119,2,15
19381,384,122,16,8
19382,384,167,0,34
19383,384,127,5,12
19384,384,165,0,32
19385,384,141,0,26
19386,384,160,0,33
19387,384,78,0,27
19388,384,146,0,31
19389,384,133,0,19
19390,384,102,76,2
19391,384,94,1,17
19392,384,84,0,20
19393,384,168,0,30
19394,385,117,84,1
19395,385,77,38,3
19396,385,137,18,6
19397,385,118,17,7
19398,385,105,24,4
19399,385,138,1,16
19400,385,123,21,5
19401,385,158,6,11
19402,385,140,0,24
19403,385,110,3,15
19404,385,156,5,13
19405,385,159,0,21
19406,385,112,0,25
19407,385,99,0,22
19408,385,166,0,23
19409,385,114,0,18
19410,385,163,0,28
19411,385,131,0,29
19412,385,95,12,9
19413,385,145,10,10
19414,385,119,4,14
19415,385,122,16,8
19416,385,167,0,34
19417,385,127,5,12
19418,385,165,0,32
19419,385,141,0,26
19420,385,160,0,33
19421,385,78,0,27
19422,385,146,0,31
19423,385,133,0,19
19424,385,102,79,2
19425,385,94,1,17
19426,385,84,0,20
19427,385,168,0,30
19428,386,117,84,2
19429,386,77,41,3
19430,386,137,18,6
19431,386,118,17,7
19432,386,105,24,5
19433,386,138,1,16
19434,386,123,25,4
19435,386,158,6,11
19436,386,140,0,25
19437,386,110,3,15
19438,386,156,5,13
19439,386,159,0,22
19440,386,112,0,24
19441,386,99,0,23
19442,386,166,0,21
19443,386,114,0,18
19444,386,163,0,28
19445,386,131,0,29
19446,386,95,12,9
19447,386,145,12,10
19448,386,119,5,14
19449,386,122,16,8
19450,386,167,0,34
19451,386,127,5,12
19452,386,165,0,32
19453,386,141,0,26
19454,386,160,0,33
19455,386,78,0,27
19456,386,146,0,31
19457,386,133,0,19
19458,386,102,87,1
19459,386,94,1,17
19460,386,84,0,20
19461,386,168,0,30
19462,386,88,0,35
19463,387,117,87,2
19464,387,77,41,3
19465,387,137,22,6
19466,387,118,17,8
19467,387,105,24,5
19468,387,138,1,16
19469,387,123,27,4
19470,387,158,6,12
19471,387,140,0,25
19472,387,110,3,15
19473,387,156,5,14
19474,387,159,0,22
19475,387,112,0,24
19476,387,99,0,23
19477,387,166,0,21
19478,387,114,0,18
19479,387,163,0,28
19480,387,131,0,29
19481,387,95,12,9
19482,387,145,12,10
19483,387,119,8,11
19484,387,122,17,7
19485,387,167,0,34
19486,387,127,5,13
19487,387,165,0,32
19488,387,141,0,26
19489,387,160,0,33
19490,387,78,0,27
19491,387,146,0,31
19492,387,133,0,19
19493,387,102,90,1
19494,387,94,1,17
19495,387,84,0,20
19496,387,168,0,30
19497,387,88,0,35
19498,387,162,0,36
19499,388,117,9,1
19500,388,137,6,2
19501,388,140,4,3
19502,388,77,3,4
19503,388,123,2,5
19504,388,95,1,6
19505,388,138,0,7
19506,388,105,0,8
19507,388,157,0,9
19508,388,156,0,10
19509,388,166,0,11
19510,388,169,0,12
19511,388,158,0,13
19512,388,102,0,14
19513,388,119,0,15
19514,388,110,0,16
19515,388,118,0,17
19516,388,133,0,18
19517,388,145,0,19
19518,388,84,0,20
19519,388,170,0,21
19520,388,122,0,22
19521,389,117,9,2
19522,389,137,6,5
19523,389,140,7,3
19524,389,77,3,7
19525,389,123,2,8
19526,389,95,10,1
19527,389,138,1,10
19528,389,105,4,6
19529,389,157,0,11
19530,389,156,0,14
19531,389,166,0,12
19532,389,169,0,17
19533,389,158,0,19
19534,389,102,6,4
19535,389,119,0,13
19536,389,110,0,21
19537,389,118,0,16
19538,389,133,0,18
19539,389,145,0,22
19540,389,84,2,9
19541,389,170,0,20
19542,389,122,0,25
19543,389,112,0,15
19544,389,167,0,23
19545,389,99,0,24
19546,389,160,0,26
19547,389,163,0,27
19548,390,117,18,1
19549,390,137,6,5
19550,390,140,13,2
19551,390,77,3,9
19552,390,123,2,12
19553,390,95,10,3
19554,390,138,3,10
19555,390,105,4,6
19556,390,157,0,14
19557,390,156,0,20
19558,390,166,0,16
19559,390,169,0,19
19560,390,158,3,8
19561,390,102,6,4
19562,390,119,0,18
19563,390,110,4,7
19564,390,118,0,21
19565,390,133,0,22
19566,390,145,0,25
19567,390,84,2,11
19568,390,170,0,23
19569,390,122,0,24
19570,390,112,0,17
19571,390,167,0,26
19572,390,99,0,27
19573,390,160,0,15
19574,390,163,1,13
19575,391,117,18,1
19576,391,137,12,4
19577,391,140,13,3
19578,391,77,6,7
19579,391,123,2,13
19580,391,95,10,5
19581,391,138,3,10
19582,391,105,8,6
19583,391,157,0,16
19584,391,156,2,12
19585,391,166,0,18
19586,391,169,0,22
19587,391,158,3,9
19588,391,102,15,2
19589,391,119,0,21
19590,391,110,4,8
19591,391,118,0,23
19592,391,133,0,24
19593,391,145,0,25
19594,391,84,2,11
19595,391,170,0,20
19596,391,122,1,15
19597,391,112,0,19
19598,391,167,0,26
19599,391,99,0,27
19600,391,160,0,17
19601,391,163,1,14
19602,392,117,22,2
19603,392,137,18,3
19604,392,140,13,4
19605,392,77,9,6
19606,392,123,2,13
19607,392,95,12,5
19608,392,138,3,10
19609,392,105,8,7
19610,392,157,0,16
19611,392,156,2,12
19612,392,166,0,18
19613,392,169,0,22
19614,392,158,4,9
19615,392,102,24,1
19616,392,119,0,21
19617,392,110,4,8
19618,392,118,0,23
19619,392,133,0,24
19620,392,145,0,25
19621,392,84,2,11
19622,392,170,0,20
19623,392,122,1,15
19624,392,112,0,19
19625,392,167,0,26
19626,392,99,0,27
19627,392,160,0,17
19628,392,163,1,14
19629,393,117,26,2
19630,393,137,24,3
19631,393,140,13,5
19632,393,77,9,6
19633,393,123,2,14
19634,393,95,21,4
19635,393,138,3,10
19636,393,105,8,7
19637,393,157,0,18
19638,393,156,2,11
19639,393,166,1,15
19640,393,169,0,22
19641,393,158,4,9
19642,393,102,27,1
19643,393,119,0,21
19644,393,110,4,8
19645,393,118,0,23
19646,393,133,0,24
19647,393,145,0,26
19648,393,84,2,12
19649,393,170,2,13
19650,393,122,1,17
19651,393,112,0,20
19652,393,167,0,25
19653,393,99,0,27
19654,393,160,0,19
19655,393,163,1,16
19656,394,117,26,4
19657,394,137,30,3
19658,394,140,13,5
19659,394,77,9,6
19660,394,123,2,14
19661,394,95,30,2
19662,394,138,6,8
19663,394,105,8,7
19664,394,157,0,19
19665,394,156,2,12
19666,394,166,1,16
19667,394,169,0,22
19668,394,158,4,10
19669,394,102,31,1
19670,394,119,0,23
19671,394,110,4,9
19672,394,118,2,15
19673,394,133,0,24
19674,394,145,0,26
19675,394,84,2,13
19676,394,170,3,11
19677,394,122,1,18
19678,394,112,0,21
19679,394,167,0,25
19680,394,99,0,27
19681,394,160,0,20
19682,394,163,1,17
19683,395,117,26,4
19684,395,137,39,1
19685,395,140,19,5
19686,395,77,9,6
19687,395,123,2,15
19688,395,95,30,3
19689,395,138,6,8
19690,395,105,8,7
19691,395,157,0,20
19692,395,156,4,12
19693,395,166,4,10
19694,395,169,0,22
19695,395,158,4,11
19696,395,102,35,2
19697,395,119,0,23
19698,395,110,4,9
19699,395,118,2,16
19700,395,133,0,24
19701,395,145,0,26
19702,395,84,2,14
19703,395,170,3,13
19704,395,122,1,19
19705,395,112,1,17
19706,395,167,0,25
19707,395,99,0,27
19708,395,160,0,21
19709,395,163,1,18
19710,396,117,30,4
19711,396,137,48,1
19712,396,140,19,5
19713,396,77,9,6
19714,396,123,5,9
19715,396,95,30,3
19716,396,138,6,8
19717,396,105,8,7
19718,396,157,0,21
19719,396,156,4,13
19720,396,166,4,11
19721,396,169,0,23
19722,396,158,4,12
19723,396,102,41,2
19724,396,119,2,17
19725,396,110,4,10
19726,396,118,3,15
19727,396,133,0,25
19728,396,145,0,24
19729,396,84,2,16
19730,396,170,3,14
19731,396,122,1,20
19732,396,112,1,18
19733,396,167,0,26
19734,396,99,0,27
19735,396,160,0,22
19736,396,163,1,19
19737,397,117,31,4
19738,397,137,54,1
19739,397,140,19,5
19740,397,77,9,6
19741,397,123,8,8
19742,397,95,39,3
19743,397,138,6,10
19744,397,105,8,7
19745,397,157,0,21
19746,397,156,4,14
19747,397,166,4,12
19748,397,169,0,23
19749,397,158,4,13
19750,397,102,43,2
19751,397,119,2,17
19752,397,110,4,11
19753,397,118,3,15
19754,397,133,0,25
19755,397,145,0,24
19756,397,84,2,16
19757,397,170,7,9
19758,397,122,1,20
19759,397,112,1,18
19760,397,167,0,26
19761,397,99,0,27
19762,397,160,0,22
19763,397,163,1,19
19764,398,117,31,4
19765,398,137,63,1
19766,398,140,20,5
19767,398,77,12,6
19768,398,123,10,7
19769,398,95,43,3
19770,398,138,6,10
19771,398,105,8,8
19772,398,157,0,22
19773,398,156,4,14
19774,398,166,4,12
19775,398,169,0,23
19776,398,158,4,13
19777,398,102,49,2
19778,398,119,2,17
19779,398,110,4,11
19780,398,118,3,15
19781,398,133,0,25
19782,398,145,0,24
19783,398,84,2,16
19784,398,170,7,9
19785,398,122,1,20
19786,398,112,1,18
19787,398,167,0,26
19788,398,99,0,27
19789,398,160,0,21
19790,398,163,1,19
19791,398,171,0,28
19792,398,78,0,29
19793,399,117,40,4
19794,399,137,67,1
19795,399,140,22,5
19796,399,77,18,6
19797,399,123,10,8
19798,399,95,43,3
19799,399,138,6,10
19800,399,105,8,9
19801,399,157,0,22
19802,399,156,4,14
19803,399,166,4,13
19804,399,169,0,23
19805,399,158,5,11
19806,399,102,49,2
19807,399,119,2,17
19808,399,110,4,12
19809,399,118,3,15
19810,399,133,0,25
19811,399,145,0,24
19812,399,84,2,16
19813,399,170,10,7
19814,399,122,1,19
19815,399,112,1,18
19816,399,167,0,26
19817,399,99,0,28
19818,399,160,0,21
19819,399,163,1,20
19820,399,171,0,27
19821,399,78,0,29
19822,400,117,46,4
19823,400,137,70,1
19824,400,140,26,5
19825,400,77,18,6
19826,400,123,10,8
19827,400,95,52,2
19828,400,138,6,10
19829,400,105,8,9
19830,400,157,0,22
19831,400,156,4,14
19832,400,166,4,13
19833,400,169,0,23
19834,400,158,5,11
19835,400,102,51,3
19836,400,119,2,17
19837,400,110,4,12
19838,400,118,3,15
19839,400,133,0,25
19840,400,145,0,24
19841,400,84,2,16
19842,400,170,10,7
19843,400,122,1,19
19844,400,112,2,18
19845,400,167,0,26
19846,400,99,0,28
19847,400,160,0,21
19848,400,163,1,20
19849,400,171,0,27
19850,400,78,0,29
19851,401,117,46,4
19852,401,137,73,1
19853,401,140,26,5
19854,401,77,18,6
19855,401,123,10,8
19856,401,95,61,2
19857,401,138,6,12
19858,401,105,8,9
19859,401,157,0,22
19860,401,156,4,15
19861,401,166,4,14
19862,401,169,0,23
19863,401,158,8,10
19864,401,102,51,3
19865,401,119,6,11
19866,401,110,4,13
19867,401,118,3,16
19868,401,133,0,26
19869,401,145,0,25
19870,401,84,2,18
19871,401,170,12,7
19872,401,122,1,19
19873,401,112,3,17
19874,401,167,0,27
19875,401,99,0,29
19876,401,160,0,21
19877,401,163,1,20
19878,401,171,0,28
19879,401,78,0,30
19880,401,114,0,24
19881,402,117,46,4
19882,402,137,73,1
19883,402,140,30,5
19884,402,77,27,6
19885,402,123,12,8
19886,402,95,61,2
19887,402,138,7,11
19888,402,105,11,9
19889,402,157,0,22
19890,402,156,4,15
19891,402,166,4,14
19892,402,169,0,23
19893,402,158,8,10
19894,402,102,57,3
19895,402,119,6,12
19896,402,110,4,13
19897,402,118,3,16
19898,402,133,0,26
19899,402,145,0,25
19900,402,84,2,18
19901,402,170,12,7
19902,402,122,1,19
19903,402,112,3,17
19904,402,167,0,27
19905,402,99,0,30
19906,402,160,0,21
19907,402,163,1,20
19908,402,171,0,28
19909,402,78,0,31
19910,402,114,0,24
19911,402,90,0,29
19912,403,117,46,4
19913,403,137,73,1
19914,403,140,30,6
19915,403,77,36,5
19916,403,123,16,8
19917,403,95,61,2
19918,403,138,7,12
19919,403,105,17,7
19920,403,157,0,23
19921,403,156,7,11
19922,403,166,4,15
19923,403,169,0,25
19924,403,158,8,10
19925,403,102,57,3
19926,403,119,6,13
19927,403,110,4,14
19928,403,118,3,16
19929,403,133,0,27
19930,403,145,0,26
19931,403,84,2,18
19932,403,170,12,9
19933,403,122,1,19
19934,403,112,3,17
19935,403,167,0,28
19936,403,99,0,31
19937,403,160,0,24
19938,403,163,1,20
19939,403,171,0,29
19940,403,78,0,32
19941,403,114,0,22
19942,403,90,1,21
19943,403,131,0,30
19944,404,137,9,1
19945,404,102,6,2
19946,404,172,4,3
19947,404,163,3,4
19948,404,84,2,5
19949,404,77,1,6
19950,404,166,0,7
19951,404,173,0,8
19952,404,174,0,9
19953,404,170,0,10
19954,404,123,0,11
19955,404,105,0,12
19956,404,117,0,13
19957,404,157,0,14
19958,404,140,0,15
19959,404,175,0,16
19960,404,119,0,17
19961,404,156,0,18
19962,404,176,0,19
19963,404,145,0,20
19964,404,110,0,21
19965,404,160,0,22
19966,404,177,0,23
19967,404,178,0,24
19968,404,95,0,25
19969,405,137,9,2
19970,405,102,15,1
19971,405,172,4,4
19972,405,163,3,6
19973,405,84,2,9
19974,405,77,2,10
19975,405,166,0,12
19976,405,173,0,13
19977,405,174,0,15
19978,405,170,2,8
19979,405,123,0,11
19980,405,105,0,16
19981,405,117,4,5
19982,405,157,0,18
19983,405,140,0,19
19984,405,175,0,14
19985,405,119,0,20
19986,405,156,0,21
19987,405,176,0,17
19988,405,145,0,23
19989,405,110,0,24
19990,405,160,0,22
19991,405,177,3,7
19992,405,178,0,25
19993,405,95,6,3
19994,406,137,15,1
19995,406,102,15,2
19996,406,172,4,7
19997,406,163,3,8
19998,406,84,2,10
19999,406,77,6,5
20000,406,166,0,14
20001,406,173,0,15
20002,406,174,0,17
20003,406,170,2,11
20004,406,123,0,13
20005,406,105,0,19
20006,406,117,13,3
20007,406,157,0,21
20008,406,140,3,9
20009,406,175,0,16
20010,406,119,1,12
20011,406,156,0,22
20012,406,176,0,18
20013,406,145,0,25
20014,406,110,0,24
20015,406,160,0,20
20016,406,177,5,6
20017,406,178,0,23
20018,406,95,6,4
20019,406,179,0,26
20020,407,137,15,3
20021,407,102,19,2
20022,407,172,5,7
20023,407,163,5,8
20024,407,84,2,10
20025,407,77,6,6
20026,407,166,0,14
20027,407,173,0,16
20028,407,174,0,18
20029,407,170,2,11
20030,407,123,0,13
20031,407,105,0,19
20032,407,117,22,1
20033,407,157,0,22
20034,407,140,3,9
20035,407,175,0,15
20036,407,119,1,12
20037,407,156,0,20
20038,407,176,0,17
20039,407,145,0,25
20040,407,110,0,24
20041,407,160,0,21
20042,407,177,11,4
20043,407,178,0,23
20044,407,95,9,5
20045,407,179,0,26
20046,408,137,15,4
20047,408,102,25,1
20048,408,172,7,7
20049,408,163,5,9
20050,408,84,2,12
20051,408,77,6,8
20052,408,166,0,15
20053,408,173,0,17
20054,408,174,0,19
20055,408,170,2,11
20056,408,123,0,14
20057,408,105,3,10
20058,408,117,23,2
20059,408,157,0,23
20060,408,140,7,6
20061,408,175,0,16
20062,408,119,1,13
20063,408,156,0,21
20064,408,176,0,18
20065,408,145,0,26
20066,408,110,0,24
20067,408,160,0,22
20068,408,177,11,5
20069,408,178,0,20
20070,408,95,18,3
20071,408,179,0,25
20072,409,137,19,4
20073,409,102,27,3
20074,409,172,7,7
20075,409,163,6,9
20076,409,84,2,12
20077,409,77,6,8
20078,409,166,0,15
20079,409,173,0,17
20080,409,174,0,19
20081,409,170,2,11
20082,409,123,0,14
20083,409,105,3,10
20084,409,117,29,1
20085,409,157,0,25
20086,409,140,7,6
20087,409,175,0,16
20088,409,119,1,13
20089,409,156,0,21
20090,409,176,0,18
20091,409,145,0,26
20092,409,110,0,24
20093,409,160,0,23
20094,409,177,14,5
20095,409,178,0,20
20096,409,95,27,2
20097,409,179,0,22
20098,409,118,0,27
20128,410,137,19,4
20129,410,102,36,1
20130,410,172,13,6
20131,410,163,6,10
20132,410,84,2,12
20133,410,77,6,8
20134,410,166,0,15
20135,410,173,0,19
20136,410,174,0,16
20137,410,170,2,11
20138,410,123,0,14
20139,410,105,6,9
20140,410,117,33,2
20141,410,157,0,24
20142,410,140,7,7
20143,410,175,0,18
20144,410,119,2,13
20145,410,156,0,17
20146,410,176,0,20
20147,410,145,0,27
20148,410,110,0,26
20149,410,160,0,25
20150,410,177,14,5
20151,410,178,0,21
20152,410,95,29,3
20153,410,179,0,23
20154,410,118,0,22
20155,410,158,0,28
20156,410,180,0,29
20157,411,137,23,4
20158,411,102,36,3
20159,411,172,14,6
20160,411,163,8,7
20161,411,84,2,12
20162,411,77,6,9
20163,411,166,0,15
20164,411,173,0,19
20165,411,174,0,16
20166,411,170,2,11
20167,411,123,0,14
20168,411,105,6,10
20169,411,117,39,1
20170,411,157,0,23
20171,411,140,7,8
20172,411,175,0,18
20173,411,119,2,13
20174,411,156,0,17
20175,411,176,0,20
20176,411,145,0,27
20177,411,110,0,26
20178,411,160,0,25
20179,411,177,17,5
20180,411,178,0,22
20181,411,95,38,2
20182,411,179,0,24
20183,411,118,0,21
20184,411,158,0,29
20185,411,180,0,28
20186,412,137,29,4
20187,412,102,36,3
20188,412,172,14,6
20189,412,163,11,7
20190,412,84,4,11
20191,412,77,6,9
20192,412,166,1,14
20193,412,173,0,20
20194,412,174,0,16
20195,412,170,2,12
20196,412,123,0,15
20197,412,105,6,10
20198,412,117,43,2
20199,412,157,0,23
20200,412,140,7,8
20201,412,175,0,19
20202,412,119,2,13
20203,412,156,0,18
20204,412,176,0,21
20205,412,145,0,26
20206,412,110,0,27
20207,412,160,0,25
20208,412,177,17,5
20209,412,178,0,22
20210,412,95,47,1
20211,412,179,0,24
20212,412,118,0,17
20213,412,158,0,29
20214,412,180,0,28
20215,413,137,38,4
20216,413,102,42,3
20217,413,172,14,6
20218,413,163,14,7
20219,413,84,4,11
20220,413,77,6,9
20221,413,166,1,14
20222,413,173,0,20
20223,413,174,0,16
20224,413,170,2,12
20225,413,123,0,15
20226,413,105,6,10
20227,413,117,44,2
20228,413,157,0,23
20229,413,140,7,8
20230,413,175,0,18
20231,413,119,2,13
20232,413,156,0,19
20233,413,176,0,21
20234,413,145,0,27
20235,413,110,0,28
20236,413,160,0,26
20237,413,177,19,5
20238,413,178,0,22
20239,413,95,51,1
20240,413,179,0,24
20241,413,118,0,17
20242,413,158,0,29
20243,413,180,0,25
20244,413,112,0,30
20245,414,137,47,3
20246,414,102,48,2
20247,414,172,14,6
20248,414,163,14,7
20249,414,84,5,11
20250,414,77,6,9
20251,414,166,1,15
20252,414,173,0,20
20253,414,174,2,12
20254,414,170,2,13
20255,414,123,0,16
20256,414,105,6,10
20257,414,117,44,4
20258,414,157,0,24
20259,414,140,10,8
20260,414,175,0,17
20261,414,119,2,14
20262,414,156,0,19
20263,414,176,0,21
20264,414,145,0,28
20265,414,110,0,29
20266,414,160,0,27
20267,414,177,19,5
20268,414,178,0,22
20269,414,95,55,1
20270,414,179,0,25
20271,414,118,0,18
20272,414,158,0,30
20273,414,180,0,26
20274,414,112,0,23
20275,415,137,47,4
20276,415,102,48,3
20277,415,172,14,6
20278,415,163,14,8
20279,415,84,5,11
20280,415,77,6,10
20281,415,166,1,17
20282,415,173,0,23
20283,415,174,2,13
20284,415,170,2,15
20285,415,123,0,19
20286,415,105,12,9
20287,415,117,53,2
20288,415,157,1,18
20289,415,140,14,7
20290,415,175,2,14
20291,415,119,2,16
20292,415,156,0,21
20293,415,176,0,24
20294,415,145,0,28
20295,415,110,0,29
20296,415,160,0,26
20297,415,177,19,5
20298,415,178,3,12
20299,415,95,55,1
20300,415,179,0,22
20301,415,118,0,20
20302,415,158,0,30
20303,415,180,0,27
20304,415,112,0,25
20305,416,137,56,2
20306,416,102,48,4
20307,416,172,14,7
20308,416,163,14,8
20309,416,84,5,11
20310,416,77,8,10
20311,416,166,1,17
20312,416,173,0,23
20313,416,174,2,13
20314,416,170,2,15
20315,416,123,0,19
20316,416,105,12,9
20317,416,117,53,3
20318,416,157,1,18
20319,416,140,18,6
20320,416,175,2,14
20321,416,119,2,16
20322,416,156,0,21
20323,416,176,0,24
20324,416,145,0,29
20325,416,110,0,30
20326,416,160,0,26
20327,416,177,22,5
20328,416,178,4,12
20329,416,95,61,1
20330,416,179,0,22
20331,416,118,0,20
20332,416,158,0,32
20333,416,180,0,27
20334,416,112,0,25
20335,416,133,0,28
20336,416,122,0,31
20337,417,137,60,2
20338,417,102,51,4
20339,417,172,14,7
20340,417,163,14,9
20341,417,84,5,11
20342,417,77,8,10
20343,417,166,1,17
20344,417,173,0,23
20345,417,174,2,13
20346,417,170,2,15
20347,417,123,0,19
20348,417,105,14,8
20349,417,117,59,3
20350,417,157,1,18
20351,417,140,19,6
20352,417,175,2,14
20353,417,119,2,16
20354,417,156,0,21
20355,417,176,0,24
20356,417,145,0,29
20357,417,110,0,30
20358,417,160,0,26
20359,417,177,22,5
20360,417,178,4,12
20361,417,95,70,1
20362,417,179,0,22
20363,417,118,0,20
20364,417,158,0,32
20365,417,180,0,27
20366,417,112,0,25
20367,417,133,0,28
20368,417,122,0,31
20369,418,137,63,3
20370,418,102,55,4
20371,418,172,14,8
20372,418,163,14,10
20373,418,84,5,11
20374,418,77,17,7
20375,418,166,1,17
20376,418,173,0,25
20377,418,174,2,13
20378,418,170,2,15
20379,418,123,0,20
20380,418,105,14,9
20381,418,117,64,2
20382,418,157,1,18
20383,418,140,19,6
20384,418,175,2,14
20385,418,119,2,16
20386,418,156,0,22
20387,418,176,0,26
20388,418,145,0,29
20389,418,110,0,24
20390,418,160,0,27
20391,418,177,22,5
20392,418,178,4,12
20393,418,95,70,1
20394,418,179,0,23
20395,418,118,0,21
20396,418,158,0,32
20397,418,180,0,28
20398,418,112,1,19
20399,418,133,0,30
20400,418,122,0,31
20401,419,137,69,3
20402,419,102,55,4
20403,419,172,14,8
20404,419,163,14,10
20405,419,84,8,11
20406,419,77,17,7
20407,419,166,3,14
20408,419,173,0,25
20409,419,174,3,13
20410,419,170,2,16
20411,419,123,0,20
20412,419,105,14,9
20413,419,117,72,1
20414,419,157,1,18
20415,419,140,23,5
20416,419,175,2,15
20417,419,119,2,17
20418,419,156,0,22
20419,419,176,0,26
20420,419,145,0,29
20421,419,110,0,24
20422,419,160,0,27
20423,419,177,22,6
20424,419,178,4,12
20425,419,95,70,2
20426,419,179,0,23
20427,419,118,0,21
20428,419,158,0,32
20429,419,180,0,28
20430,419,112,1,19
20431,419,133,0,30
20432,419,122,0,31
20433,420,117,9,1
20434,420,105,6,2
20435,420,173,4,3
20436,420,163,3,4
20437,420,175,2,5
20438,420,172,1,6
20439,420,140,0,7
20440,420,84,0,8
20441,420,112,0,9
20442,420,118,0,10
20443,420,123,0,11
20444,420,160,0,12
20445,420,181,0,13
20446,420,77,0,14
20447,420,102,0,15
20448,420,158,0,16
20449,420,94,0,17
20450,420,182,0,18
20451,420,110,0,19
20452,420,119,0,20
20453,420,177,0,21
20454,420,183,0,22
20455,420,95,0,23
20456,420,184,0,24
20457,420,137,0,25
20458,421,117,9,2
20459,421,105,12,1
20460,421,173,7,4
20461,421,163,3,6
20462,421,175,6,5
20463,421,172,1,8
20464,421,140,0,10
20465,421,84,0,12
20466,421,112,0,14
20467,421,118,0,11
20468,421,123,0,15
20469,421,160,0,13
20470,421,181,0,16
20471,421,77,0,20
20472,421,102,9,3
20473,421,158,0,18
20474,421,94,0,22
20475,421,182,0,17
20476,421,110,0,19
20477,421,119,0,25
20478,421,177,0,24
20479,421,183,0,26
20480,421,95,2,7
20481,421,184,0,23
20482,421,137,0,21
20483,421,185,1,9
20484,421,156,0,27
20485,422,117,9,5
20486,422,105,12,2
20487,422,173,16,1
20488,422,163,3,9
20489,422,175,10,3
20490,422,172,1,11
20491,422,140,1,10
20492,422,84,0,14
20493,422,112,0,17
20494,422,118,0,13
20495,422,123,6,6
20496,422,160,0,16
20497,422,181,0,18
20498,422,77,0,21
20499,422,102,9,4
20500,422,158,0,19
20501,422,94,0,23
20502,422,182,3,8
20503,422,110,0,20
20504,422,119,0,25
20505,422,177,0,22
20506,422,183,0,26
20507,422,95,4,7
20508,422,184,0,24
20509,422,137,0,15
20510,422,185,1,12
20511,422,156,0,27
20512,423,117,18,2
20513,423,105,18,3
20514,423,173,20,1
20515,423,163,3,10
20516,423,175,10,4
20517,423,172,2,12
20518,423,140,1,13
20519,423,84,0,15
20520,423,112,0,19
20521,423,118,2,11
20522,423,123,6,6
20523,423,160,0,18
20524,423,181,0,21
20525,423,77,0,24
20526,423,102,9,5
20527,423,158,0,22
20528,423,94,0,26
20529,423,182,3,8
20530,423,110,3,9
20531,423,119,0,23
20532,423,177,0,17
20533,423,183,0,28
20534,423,95,4,7
20535,423,184,0,27
20536,423,137,0,16
20537,423,185,1,14
20538,423,156,0,20
20539,423,170,0,25
20540,424,117,22,2
20541,424,105,27,1
20542,424,173,22,3
20543,424,163,3,12
20544,424,175,10,4
20545,424,172,2,14
20546,424,140,7,6
20547,424,84,0,16
20548,424,112,0,19
20549,424,118,2,13
20550,424,123,6,7
20551,424,160,0,18
20552,424,181,0,22
20553,424,77,0,23
20554,424,102,9,5
20555,424,158,0,25
20556,424,94,0,27
20557,424,182,3,11
20558,424,110,3,10
20559,424,119,0,20
20560,424,177,3,9
20561,424,183,0,29
20562,424,95,5,8
20563,424,184,0,28
20564,424,137,0,17
20565,424,185,1,15
20566,424,156,0,21
20567,424,170,0,26
20568,424,176,0,24
20627,425,117,22,3
20628,425,105,31,1
20629,425,173,24,2
20630,425,163,3,13
20631,425,175,10,6
20632,425,172,2,15
20633,425,140,13,4
20634,425,84,0,17
20635,425,112,0,21
20636,425,118,2,14
20637,425,123,6,8
20638,425,160,0,19
20639,425,181,0,25
20640,425,77,0,23
20641,425,102,9,7
20642,425,158,0,20
20643,425,94,0,27
20644,425,182,3,12
20645,425,110,3,11
20646,425,119,0,22
20647,425,177,12,5
20648,425,183,0,29
20649,425,95,5,9
20650,425,184,0,28
20651,425,137,1,16
20652,425,185,4,10
20653,425,156,0,24
20654,425,170,0,26
20655,425,176,0,18
20685,426,117,26,2
20686,426,105,31,1
20687,426,173,26,3
20688,426,163,3,14
20689,426,175,11,6
20690,426,172,2,16
20691,426,140,16,5
20692,426,84,0,18
20693,426,112,0,21
20694,426,118,2,15
20695,426,123,6,9
20696,426,160,0,20
20697,426,181,0,25
20698,426,77,0,23
20699,426,102,9,8
20700,426,158,0,19
20701,426,94,0,27
20702,426,182,3,13
20703,426,110,3,12
20704,426,119,0,22
20705,426,177,18,4
20706,426,183,0,29
20707,426,95,5,10
20708,426,184,0,28
20709,426,137,10,7
20710,426,185,4,11
20711,426,156,0,24
20712,426,170,0,26
20713,426,176,0,17
20714,427,117,35,2
20715,427,105,37,1
20716,427,173,26,3
20717,427,163,3,16
20718,427,175,11,7
20719,427,172,6,10
20720,427,140,16,5
20721,427,84,0,18
20722,427,112,0,23
20723,427,118,4,13
20724,427,123,6,9
20725,427,160,0,22
20726,427,181,0,25
20727,427,77,0,19
20728,427,102,9,8
20729,427,158,0,21
20730,427,94,0,27
20731,427,182,3,15
20732,427,110,3,14
20733,427,119,0,20
20734,427,177,18,4
20735,427,183,0,29
20736,427,95,5,11
20737,427,184,0,28
20738,427,137,13,6
20739,427,185,4,12
20740,427,156,0,24
20741,427,170,0,26
20742,427,176,1,17
20743,428,117,41,2
20744,428,105,46,1
20745,428,173,26,3
20746,428,163,3,16
20747,428,175,11,7
20748,428,172,10,8
20749,428,140,16,5
20750,428,84,0,18
20751,428,112,0,23
20752,428,118,4,14
20753,428,123,9,10
20754,428,160,0,22
20755,428,181,0,26
20756,428,77,0,19
20757,428,102,9,9
20758,428,158,0,21
20759,428,94,0,24
20760,428,182,5,12
20761,428,110,3,15
20762,428,119,0,20
20763,428,177,18,4
20764,428,183,0,30
20765,428,95,6,11
20766,428,184,0,29
20767,428,137,13,6
20768,428,185,4,13
20769,428,156,0,25
20770,428,170,0,27
20771,428,176,1,17
20772,428,179,0,28
20773,429,117,50,1
20774,429,105,50,2
20775,429,173,28,3
20776,429,163,3,16
20777,429,175,11,8
20778,429,172,10,9
20779,429,140,19,4
20780,429,84,0,18
20781,429,112,0,23
20782,429,118,4,14
20783,429,123,9,10
20784,429,160,0,22
20785,429,181,0,27
20786,429,77,0,19
20787,429,102,15,6
20788,429,158,0,21
20789,429,94,0,25
20790,429,182,5,12
20791,429,110,3,15
20792,429,119,0,20
20793,429,177,18,5
20794,429,183,0,31
20795,429,95,6,11
20796,429,184,0,30
20797,429,137,13,7
20798,429,185,4,13
20799,429,156,0,26
20800,429,170,0,28
20801,429,176,2,17
20802,429,179,0,24
20803,429,186,0,29
20804,430,117,56,1
20805,430,105,53,2
20806,430,173,30,3
20807,430,163,3,16
20808,430,175,11,9
20809,430,172,10,10
20810,430,140,19,5
20811,430,84,0,18
20812,430,112,0,24
20813,430,118,4,14
20814,430,123,9,11
20815,430,160,0,22
20816,430,181,0,27
20817,430,77,0,19
20818,430,102,19,4
20819,430,158,0,21
20820,430,94,0,25
20821,430,182,14,7
20822,430,110,3,15
20823,430,119,0,20
20824,430,177,18,6
20825,430,183,0,31
20826,430,95,7,12
20827,430,184,0,30
20828,430,137,13,8
20829,430,185,4,13
20830,430,156,0,26
20831,430,170,0,28
20832,430,176,2,17
20833,430,179,0,23
20834,430,186,0,29
20835,431,117,65,1
20836,431,105,53,2
20837,431,173,31,3
20838,431,163,3,17
20839,431,175,11,9
20840,431,172,10,10
20841,431,140,21,5
20842,431,84,0,18
20843,431,112,0,24
20844,431,118,4,15
20845,431,123,9,11
20846,431,160,0,22
20847,431,181,0,28
20848,431,77,0,19
20849,431,102,23,4
20850,431,158,0,21
20851,431,94,0,26
20852,431,182,14,8
20853,431,110,3,16
20854,431,119,0,20
20855,431,177,18,7
20856,431,183,0,32
20857,431,95,7,12
20858,431,184,0,31
20859,431,137,19,6
20860,431,185,4,14
20861,431,156,0,27
20862,431,170,0,29
20863,431,176,5,13
20864,431,179,0,23
20865,431,186,0,30
20866,431,166,0,25
20867,431,178,0,33
20868,432,117,69,1
20869,432,105,53,2
20870,432,173,31,4
20871,432,163,3,17
20872,432,175,11,10
20873,432,172,10,11
20874,432,140,21,7
20875,432,84,0,18
20876,432,112,0,25
20877,432,118,5,14
20878,432,123,9,12
20879,432,160,0,23
20880,432,181,0,28
20881,432,77,0,19
20882,432,102,32,3
20883,432,158,0,21
20884,432,94,0,26
20885,432,182,14,8
20886,432,110,3,16
20887,432,119,0,20
20888,432,177,21,5
20889,432,183,0,33
20890,432,95,13,9
20891,432,184,0,31
20892,432,137,21,6
20893,432,185,4,15
20894,432,156,0,27
20895,432,170,0,29
20896,432,176,5,13
20897,432,179,0,24
20898,432,186,0,30
20899,432,166,0,22
20900,432,178,0,34
20901,432,157,0,32
20902,433,117,72,1
20903,433,105,53,2
20904,433,173,33,4
20905,433,163,3,17
20906,433,175,11,10
20907,433,172,10,12
20908,433,140,21,8
20909,433,84,0,18
20910,433,112,0,26
20911,433,118,5,14
20912,433,123,10,11
20913,433,160,0,24
20914,433,181,0,29
20915,433,77,0,19
20916,433,102,38,3
20917,433,158,0,23
20918,433,94,0,27
20919,433,182,14,9
20920,433,110,3,16
20921,433,119,0,22
20922,433,177,25,5
20923,433,183,0,35
20924,433,95,22,6
20925,433,184,0,34
20926,433,137,21,7
20927,433,185,4,15
20928,433,156,0,28
20929,433,170,0,30
20930,433,176,5,13
20931,433,179,0,25
20932,433,186,0,32
20933,433,166,0,21
20934,433,178,0,36
20935,433,157,0,31
20936,433,187,0,20
20937,433,122,0,33
20938,434,117,73,1
20939,434,105,53,2
20940,434,173,33,4
20941,434,163,3,17
20942,434,175,11,11
20943,434,172,10,12
20944,434,140,24,7
20945,434,84,0,19
20946,434,112,0,26
20947,434,118,5,14
20948,434,123,11,10
20949,434,160,0,24
20950,434,181,0,29
20951,434,77,2,18
20952,434,102,38,3
20953,434,158,0,23
20954,434,94,0,27
20955,434,182,14,9
20956,434,110,3,16
20957,434,119,0,22
20958,434,177,31,6
20959,434,183,0,36
20960,434,95,31,5
20961,434,184,0,34
20962,434,137,21,8
20963,434,185,4,15
20964,434,156,0,28
20965,434,170,0,30
20966,434,176,5,13
20967,434,179,0,25
20968,434,186,0,32
20969,434,166,0,21
20970,434,178,0,35
20971,434,157,0,31
20972,434,187,0,20
20973,434,122,0,33
20974,435,117,73,1
20975,435,105,53,2
20976,435,173,33,5
20977,435,163,3,19
20978,435,175,11,12
20979,435,172,16,9
20980,435,140,26,7
20981,435,84,0,21
20982,435,112,0,28
20983,435,118,5,14
20984,435,123,11,11
20985,435,160,0,27
20986,435,181,0,30
20987,435,77,3,20
20988,435,102,38,4
20989,435,158,0,26
20990,435,94,0,24
20991,435,182,14,10
20992,435,110,3,17
20993,435,119,0,25
20994,435,177,40,3
20995,435,183,0,36
20996,435,95,31,6
20997,435,184,0,34
20998,435,137,21,8
20999,435,185,4,16
21000,435,156,0,29
21001,435,170,0,31
21002,435,176,5,13
21003,435,179,0,22
21004,435,186,0,33
21005,435,166,4,15
21006,435,178,0,35
21007,435,157,0,32
21008,435,187,0,23
21009,435,122,3,18
21010,436,117,9,1
21011,436,177,6,2
21012,436,173,4,3
21013,436,158,3,4
21014,436,175,2,5
21015,436,123,1,6
21016,436,176,0,7
21017,436,156,0,8
21018,436,118,0,9
21019,436,110,0,10
21020,436,119,0,11
21021,436,182,0,12
21022,436,95,0,13
21023,436,137,0,14
21024,436,170,0,15
21025,436,163,0,16
21026,436,160,0,17
21027,436,183,0,18
21028,436,112,0,19
21029,436,188,0,20
21030,436,172,0,21
21031,436,105,0,22
21032,436,184,0,23
21033,436,102,0,24
21034,437,117,15,1
21035,437,177,6,3
21036,437,173,4,4
21037,437,158,3,7
21038,437,175,2,9
21039,437,123,1,10
21040,437,176,0,12
21041,437,156,0,14
21042,437,118,4,5
21043,437,110,2,8
21044,437,119,3,6
21045,437,182,9,2
21046,437,95,0,18
21047,437,137,0,19
21048,437,170,0,22
21049,437,163,0,23
21050,437,160,0,25
21051,437,183,0,15
21052,437,112,0,26
21053,437,188,0,27
21054,437,172,0,21
21055,437,105,0,16
21056,437,184,0,13
21057,437,102,1,11
21058,437,84,0,17
21059,437,185,0,20
21060,437,181,0,24
21061,438,117,15,1
21062,438,177,9,5
21063,438,173,6,6
21064,438,158,3,9
21065,438,175,2,10
21066,438,123,1,13
21067,438,176,0,14
21068,438,156,0,15
21069,438,118,10,2
21070,438,110,2,11
21071,438,119,3,8
21072,438,182,9,4
21073,438,95,0,20
21074,438,137,0,17
21075,438,170,0,21
21076,438,163,4,7
21077,438,160,0,25
21078,438,183,0,18
21079,438,112,0,26
21080,438,188,0,27
21081,438,172,0,24
21082,438,105,9,3
21083,438,184,0,16
21084,438,102,2,12
21085,438,84,0,19
21086,438,185,0,22
21087,438,181,0,23
21116,439,117,24,1
21117,439,177,9,7
21118,439,173,10,4
21119,439,158,3,8
21120,439,175,2,12
21121,439,123,3,10
21122,439,176,0,14
21123,439,156,0,16
21124,439,118,13,2
21125,439,110,3,11
21126,439,119,3,9
21127,439,182,9,6
21128,439,95,0,22
21129,439,137,0,17
21130,439,170,0,23
21131,439,163,10,3
21132,439,160,0,28
21133,439,183,0,18
21134,439,112,0,19
21135,439,188,0,20
21136,439,172,0,26
21137,439,105,9,5
21138,439,184,0,15
21139,439,102,2,13
21140,439,84,0,21
21141,439,185,0,24
21142,439,181,0,25
21143,439,189,0,27
21144,440,117,24,1
21145,440,177,10,6
21146,440,173,12,5
21147,440,158,3,10
21148,440,175,8,8
21149,440,123,3,13
21150,440,176,0,15
21151,440,156,0,17
21152,440,118,13,3
21153,440,110,3,12
21154,440,119,3,11
21155,440,182,18,2
21156,440,95,4,9
21157,440,137,0,19
21158,440,170,0,20
21159,440,163,13,4
21160,440,160,0,22
21161,440,183,0,21
21162,440,112,0,23
21163,440,188,0,24
21164,440,172,0,18
21165,440,105,9,7
21166,440,184,0,16
21167,440,102,2,14
21168,440,84,0,25
21169,440,185,0,26
21170,440,181,0,27
21171,440,189,0,28
21172,441,117,28,1
21173,441,177,12,6
21174,441,173,13,5
21175,441,158,3,11
21176,441,175,8,8
21177,441,123,3,14
21178,441,176,0,15
21179,441,156,0,19
21180,441,118,13,4
21181,441,110,3,13
21182,441,119,3,12
21183,441,182,18,2
21184,441,95,4,10
21185,441,137,0,20
21186,441,170,0,21
21187,441,163,15,3
21188,441,160,0,16
21189,441,183,0,22
21190,441,112,0,24
21191,441,188,0,25
21192,441,172,0,18
21193,441,105,10,7
21194,441,184,0,17
21195,441,102,5,9
21196,441,84,0,26
21197,441,185,0,27
21198,441,181,0,23
21199,441,189,0,29
21200,441,190,0,28
21201,442,117,32,1
21202,442,177,12,6
21203,442,173,16,4
21204,442,158,3,12
21205,442,175,8,9
21206,442,123,3,15
21207,442,176,0,16
21208,442,156,0,20
21209,442,118,13,5
21210,442,110,3,14
21211,442,119,3,13
21212,442,182,24,2
21213,442,95,5,11
21214,442,137,9,8
21215,442,170,0,23
21216,442,163,17,3
21217,442,160,0,17
21218,442,183,0,25
21219,442,112,0,24
21220,442,188,0,22
21221,442,172,0,19
21222,442,105,10,7
21223,442,184,0,18
21224,442,102,5,10
21225,442,84,0,26
21226,442,185,0,27
21227,442,181,0,21
21228,442,189,0,30
21229,442,190,0,29
21230,442,179,0,28
21231,442,191,0,31
21232,443,117,36,1
21233,443,177,12,7
21234,443,173,22,3
21235,443,158,3,13
21236,443,175,8,9
21237,443,123,3,16
21238,443,176,0,18
21239,443,156,0,21
21240,443,118,13,6
21241,443,110,3,15
21242,443,119,3,14
21243,443,182,24,2
21244,443,95,5,11
21245,443,137,18,4
21246,443,170,4,12
21247,443,163,17,5
21248,443,160,0,19
21249,443,183,0,25
21250,443,112,0,24
21251,443,188,0,23
21252,443,172,2,17
21253,443,105,10,8
21254,443,184,0,20
21255,443,102,5,10
21256,443,84,0,26
21257,443,185,0,28
21258,443,181,0,22
21259,443,189,0,30
21260,443,190,0,29
21261,443,179,0,27
21262,443,191,0,31
21263,444,117,36,1
21264,444,177,20,5
21265,444,173,26,2
21266,444,158,3,14
21267,444,175,8,9
21268,444,123,3,17
21269,444,176,0,19
21270,444,156,0,23
21271,444,118,13,7
21272,444,110,3,16
21273,444,119,3,15
21274,444,182,24,3
21275,444,95,6,10
21276,444,137,18,6
21277,444,170,4,13
21278,444,163,23,4
21279,444,160,2,18
21280,444,183,0,26
21281,444,112,0,25
21282,444,188,0,24
21283,444,172,5,12
21284,444,105,10,8
21285,444,184,0,21
21286,444,102,5,11
21287,444,84,0,27
21288,444,185,0,29
21289,444,181,0,22
21290,444,189,0,30
21291,444,190,0,20
21292,444,179,0,28
21293,444,191,0,31
21294,445,117,36,1
21295,445,177,20,5
21296,445,173,29,3
21297,445,158,3,14
21298,445,175,8,10
21299,445,123,3,17
21300,445,176,0,19
21301,445,156,0,23
21302,445,118,19,6
21303,445,110,3,16
21304,445,119,3,15
21305,445,182,33,2
21306,445,95,6,11
21307,445,137,18,7
21308,445,170,4,13
21309,445,163,24,4
21310,445,160,2,18
21311,445,183,0,26
21312,445,112,0,25
21313,445,188,0,24
21314,445,172,5,12
21315,445,105,12,8
21316,445,184,0,21
21317,445,102,9,9
21318,445,84,0,27
21319,445,185,0,29
21320,445,181,0,22
21321,445,189,0,30
21322,445,190,0,20
21323,445,179,0,28
21324,445,191,0,31
21325,446,117,44,1
21326,446,177,20,6
21327,446,173,29,3
21328,446,158,3,14
21329,446,175,10,9
21330,446,123,3,17
21331,446,176,0,19
21332,446,156,0,23
21333,446,118,23,5
21334,446,110,3,16
21335,446,119,3,15
21336,446,182,39,2
21337,446,95,9,11
21338,446,137,18,7
21339,446,170,4,13
21340,446,163,25,4
21341,446,160,2,18
21342,446,183,0,24
21343,446,112,0,27
21344,446,188,0,25
21345,446,172,5,12
21346,446,105,12,8
21347,446,184,0,22
21348,446,102,9,10
21349,446,84,0,28
21350,446,185,0,29
21351,446,181,0,21
21352,446,189,0,30
21353,446,190,0,20
21354,446,179,0,26
21355,446,191,0,31
21356,447,117,44,2
21357,447,177,20,7
21358,447,173,29,3
21359,447,158,3,15
21360,447,175,10,9
21361,447,123,5,14
21362,447,176,1,19
21363,447,156,0,24
21364,447,118,23,6
21365,447,110,3,17
21366,447,119,3,16
21367,447,182,48,1
21368,447,95,9,11
21369,447,137,24,5
21370,447,170,7,12
21371,447,163,25,4
21372,447,160,2,18
21373,447,183,0,21
21374,447,112,0,27
21375,447,188,0,25
21376,447,172,5,13
21377,447,105,16,8
21378,447,184,0,23
21379,447,102,9,10
21380,447,84,0,29
21381,447,185,0,30
21382,447,181,0,22
21383,447,189,0,31
21384,447,190,0,20
21385,447,179,0,26
21386,447,191,0,32
21387,447,77,0,28
21388,447,140,0,33
21389,448,117,54,2
21390,448,177,20,7
21391,448,173,32,3
21392,448,158,3,15
21393,448,175,11,10
21394,448,123,5,14
21395,448,176,1,19
21396,448,156,0,24
21397,448,118,23,6
21398,448,110,3,17
21399,448,119,3,16
21400,448,182,54,1
21401,448,95,13,9
21402,448,137,24,5
21403,448,170,9,12
21404,448,163,25,4
21405,448,160,2,18
21406,448,183,0,20
21407,448,112,0,27
21408,448,188,0,25
21409,448,172,5,13
21410,448,105,16,8
21411,448,184,0,23
21412,448,102,9,11
21413,448,84,0,30
21414,448,185,0,31
21415,448,181,0,22
21416,448,189,0,28
21417,448,190,0,21
21418,448,179,0,26
21419,448,191,0,32
21420,448,77,0,29
21421,448,140,0,33
21456,449,117,54,2
21457,449,177,20,8
21458,449,173,32,3
21459,449,158,3,16
21460,449,175,11,10
21461,449,123,5,15
21462,449,176,1,20
21463,449,156,0,27
21464,449,118,23,6
21465,449,110,3,18
21466,449,119,7,13
21467,449,182,63,1
21468,449,95,13,9
21469,449,137,24,5
21470,449,170,9,12
21471,449,163,25,4
21472,449,160,2,19
21473,449,183,0,23
21474,449,112,0,30
21475,449,188,0,29
21476,449,172,5,14
21477,449,105,22,7
21478,449,184,0,26
21479,449,102,9,11
21480,449,84,0,31
21481,449,185,0,32
21482,449,181,0,25
21483,449,189,0,21
21484,449,190,0,24
21485,449,179,0,28
21486,449,191,0,33
21487,449,77,0,22
21488,449,140,3,17
21489,449,94,0,34
21490,450,117,62,2
21491,450,177,20,8
21492,450,173,32,3
21493,450,158,3,16
21494,450,175,11,10
21495,450,123,5,15
21496,450,176,1,20
21497,450,156,0,27
21498,450,118,23,7
21499,450,110,3,18
21500,450,119,8,13
21501,450,182,66,1
21502,450,95,13,9
21503,450,137,28,4
21504,450,170,9,12
21505,450,163,27,6
21506,450,160,2,19
21507,450,183,0,23
21508,450,112,0,30
21509,450,188,0,29
21510,450,172,5,14
21511,450,105,28,5
21512,450,184,0,25
21513,450,102,9,11
21514,450,84,0,31
21515,450,185,0,32
21516,450,181,0,26
21517,450,189,0,21
21518,450,190,0,24
21519,450,179,0,28
21520,450,191,0,33
21521,450,77,0,22
21522,450,140,3,17
21523,450,94,0,34
21524,451,117,72,2
21525,451,177,20,8
21526,451,173,34,3
21527,451,158,3,16
21528,451,175,11,11
21529,451,123,5,15
21530,451,176,1,20
21531,451,156,0,27
21532,451,118,23,7
21533,451,110,3,18
21534,451,119,8,13
21535,451,182,72,1
21536,451,95,13,10
21537,451,137,29,5
21538,451,170,9,12
21539,451,163,27,6
21540,451,160,2,19
21541,451,183,0,23
21542,451,112,0,30
21543,451,188,0,29
21544,451,172,5,14
21545,451,105,30,4
21546,451,184,0,25
21547,451,102,13,9
21548,451,84,0,31
21549,451,185,0,32
21550,451,181,0,26
21551,451,189,0,21
21552,451,190,0,24
21553,451,179,0,28
21554,451,191,0,34
21555,451,77,0,22
21556,451,140,3,17
21557,451,94,0,35
21558,451,166,0,33
21559,452,137,9,1
21560,452,182,4,2
21561,452,172,3,3
21562,452,175,2,4
21563,452,176,1,5
21564,452,117,0,6
21565,452,118,0,7
21566,452,192,0,8
21567,452,163,0,9
21568,452,193,0,10
21569,452,95,0,11
21570,452,188,0,12
21571,452,194,0,13
21572,452,181,0,14
21573,452,195,0,15
21574,452,158,0,16
21575,452,187,0,17
21576,452,196,0,18
21577,452,184,0,19
21578,452,197,0,20
21579,452,119,0,21
21580,452,190,0,22
21581,452,152,0,23
21582,452,105,0,24
21583,452,110,0,25
21584,452,160,0,26
21585,453,137,9,2
21586,453,182,10,1
21587,453,172,6,4
21588,453,175,2,7
21589,453,176,3,6
21590,453,117,0,9
21591,453,118,0,12
21592,453,192,0,14
21593,453,163,4,5
21594,453,193,0,11
21595,453,95,0,16
21596,453,188,1,8
21597,453,194,0,18
21598,453,181,0,19
21599,453,195,0,22
21600,453,158,0,17
21601,453,187,9,3
21602,453,196,0,10
21603,453,184,0,26
21604,453,197,0,24
21605,453,119,0,15
21606,453,190,0,28
21607,453,152,0,25
21608,453,105,0,13
21609,453,110,0,21
21610,453,160,0,29
21611,453,178,0,20
21612,453,173,0,23
21613,453,177,0,27
21614,454,137,15,1
21615,454,182,10,2
21616,454,172,7,5
21617,454,175,5,6
21618,454,176,3,9
21619,454,117,9,3
21620,454,118,0,15
21621,454,192,0,17
21622,454,163,4,7
21623,454,193,0,14
21624,454,95,0,19
21625,454,188,1,11
21626,454,194,0,22
21627,454,181,0,23
21628,454,195,0,26
21629,454,158,4,8
21630,454,187,9,4
21631,454,196,0,12
21632,454,184,0,28
21633,454,197,0,16
21634,454,119,0,18
21635,454,190,0,25
21636,454,152,0,21
21637,454,105,0,13
21638,454,110,0,20
21639,454,160,0,29
21640,454,178,0,24
21641,454,173,0,27
21642,454,177,2,10
21643,454,168,0,30
21644,455,137,15,2
21645,455,182,10,5
21646,455,172,7,7
21647,455,175,14,3
21648,455,176,4,10
21649,455,117,15,1
21650,455,118,0,16
21651,455,192,0,13
21652,455,163,8,6
21653,455,193,0,15
21654,455,95,0,21
21655,455,188,1,11
21656,455,194,0,24
21657,455,181,0,20
21658,455,195,0,28
21659,455,158,4,9
21660,455,187,11,4
21661,455,196,0,12
21662,455,184,0,19
21663,455,197,0,17
21664,455,119,0,18
21665,455,190,0,27
21666,455,152,0,23
21667,455,105,0,14
21668,455,110,0,22
21669,455,160,0,29
21670,455,178,0,25
21671,455,173,0,26
21672,455,177,5,8
21673,455,168,0,30
21674,456,137,21,1
21675,456,182,10,6
21676,456,172,7,8
21677,456,175,17,3
21678,456,176,4,10
21679,456,117,19,2
21680,456,118,0,17
21681,456,192,0,14
21682,456,163,8,7
21683,456,193,2,11
21684,456,95,0,21
21685,456,188,1,13
21686,456,194,0,24
21687,456,181,0,20
21688,456,195,0,28
21689,456,158,4,9
21690,456,187,11,5
21691,456,196,0,15
21692,456,184,1,12
21693,456,197,0,18
21694,456,119,0,19
21695,456,190,0,27
21696,456,152,0,23
21697,456,105,0,16
21698,456,110,0,22
21699,456,160,0,29
21700,456,178,0,26
21701,456,173,0,25
21702,456,177,14,4
21703,456,168,0,30
21704,457,137,24,2
21705,457,182,10,6
21706,457,172,8,9
21707,457,175,23,3
21708,457,176,4,10
21709,457,117,28,1
21710,457,118,0,15
21711,457,192,0,14
21712,457,163,8,7
21713,457,193,2,11
21714,457,95,0,23
21715,457,188,1,12
21716,457,194,0,25
21717,457,181,0,22
21718,457,195,0,28
21719,457,158,8,8
21720,457,187,11,5
21721,457,196,0,16
21722,457,184,1,13
21723,457,197,0,20
21724,457,119,0,21
21725,457,190,0,27
21726,457,152,0,18
21727,457,105,0,17
21728,457,110,0,24
21729,457,160,0,30
21730,457,178,0,26
21731,457,173,0,19
21732,457,177,16,4
21733,457,168,0,31
21734,457,123,0,29
21735,458,137,27,2
21736,458,182,10,6
21737,458,172,10,7
21738,458,175,23,3
21739,458,176,4,11
21740,458,117,28,1
21741,458,118,0,17
21742,458,192,0,16
21743,458,163,8,9
21744,458,193,2,12
21745,458,95,1,15
21746,458,188,1,13
21747,458,194,0,26
21748,458,181,0,24
21749,458,195,0,27
21750,458,158,8,10
21751,458,187,15,5
21752,458,196,0,18
21753,458,184,1,14
21754,458,197,0,22
21755,458,119,0,23
21756,458,190,0,29
21757,458,152,0,20
21758,458,105,9,8
21759,458,110,0,25
21760,458,160,0,30
21761,458,178,0,28
21762,458,173,0,21
21763,458,177,22,4
21764,458,168,0,31
21765,458,123,0,19
21766,459,137,27,2
21767,459,182,10,8
21768,459,172,10,9
21769,459,175,27,3
21770,459,176,4,11
21771,459,117,30,1
21772,459,118,0,18
21773,459,192,0,17
21774,459,163,17,5
21775,459,193,2,12
21776,459,95,1,15
21777,459,188,1,14
21778,459,194,0,26
21779,459,181,0,21
21780,459,195,0,27
21781,459,158,14,7
21782,459,187,16,6
21783,459,196,0,19
21784,459,184,1,13
21785,459,197,0,23
21786,459,119,0,24
21787,459,190,0,29
21788,459,152,0,20
21789,459,105,9,10
21790,459,110,0,25
21791,459,160,0,30
21792,459,178,0,28
21793,459,173,0,22
21794,459,177,25,4
21795,459,168,0,32
21796,459,123,0,16
21797,459,198,0,31
21798,460,137,33,2
21799,460,182,11,8
21800,460,172,10,9
21801,460,175,31,3
21802,460,176,4,12
21803,460,117,39,1
21804,460,118,0,18
21805,460,192,0,17
21806,460,163,19,5
21807,460,193,2,13
21808,460,95,4,11
21809,460,188,1,15
21810,460,194,0,26
21811,460,181,0,23
21812,460,195,0,27
21813,460,158,14,7
21814,460,187,16,6
21815,460,196,0,19
21816,460,184,1,14
21817,460,197,0,22
21818,460,119,0,25
21819,460,190,0,29
21820,460,152,0,20
21821,460,105,9,10
21822,460,110,0,21
21823,460,160,0,30
21824,460,178,0,28
21825,460,173,0,24
21826,460,177,25,4
21827,460,168,0,34
21828,460,123,0,16
21829,460,198,0,32
21830,460,140,0,31
21831,460,186,0,33
21832,461,137,33,2
21833,461,182,11,8
21834,461,172,11,9
21835,461,175,31,3
21836,461,176,4,14
21837,461,117,42,1
21838,461,118,0,20
21839,461,192,0,19
21840,461,163,28,4
21841,461,193,2,15
21842,461,95,4,13
21843,461,188,1,17
21844,461,194,0,26
21845,461,181,0,24
21846,461,195,0,27
21847,461,158,14,7
21848,461,187,18,6
21849,461,196,0,21
21850,461,184,1,16
21851,461,197,0,22
21852,461,119,4,12
21853,461,190,0,29
21854,461,152,0,23
21855,461,105,9,10
21856,461,110,6,11
21857,461,160,0,30
21858,461,178,0,28
21859,461,173,0,25
21860,461,177,25,5
21861,461,168,0,34
21862,461,123,0,18
21863,461,198,0,33
21864,461,140,0,31
21865,461,186,0,32
21866,462,137,37,2
21867,462,182,12,8
21868,462,172,11,9
21869,462,175,31,4
21870,462,176,4,14
21871,462,117,51,1
21872,462,118,0,21
21873,462,192,0,20
21874,462,163,34,3
21875,462,193,2,15
21876,462,95,6,12
21877,462,188,1,17
21878,462,194,0,29
21879,462,181,0,24
21880,462,195,0,30
21881,462,158,17,7
21882,462,187,18,6
21883,462,196,0,22
21884,462,184,1,16
21885,462,197,0,19
21886,462,119,4,13
21887,462,190,0,26
21888,462,152,0,23
21889,462,105,9,10
21890,462,110,6,11
21891,462,160,0,27
21892,462,178,0,31
21893,462,173,0,25
21894,462,177,25,5
21895,462,168,0,34
21896,462,123,0,18
21897,462,198,0,33
21898,462,140,0,28
21899,462,186,0,32
21900,463,137,37,3
21901,463,182,12,8
21902,463,172,11,9
21903,463,175,37,4
21904,463,176,4,14
21905,463,117,51,1
21906,463,118,3,15
21907,463,192,0,21
21908,463,163,43,2
21909,463,193,2,17
21910,463,95,6,12
21911,463,188,1,18
21912,463,194,0,30
21913,463,181,0,25
21914,463,195,0,29
21915,463,158,17,7
21916,463,187,22,6
21917,463,196,0,22
21918,463,184,3,16
21919,463,197,0,20
21920,463,119,4,13
21921,463,190,0,27
21922,463,152,0,24
21923,463,105,10,10
21924,463,110,6,11
21925,463,160,0,28
21926,463,178,0,31
21927,463,173,0,26
21928,463,177,25,5
21929,463,168,0,34
21930,463,123,0,19
21931,463,198,0,33
21932,463,140,0,23
21933,463,186,0,32
21934,464,137,46,3
21935,464,182,12,8
21936,464,172,11,9
21937,464,175,40,4
21938,464,176,4,15
21939,464,117,51,1
21940,464,118,4,14
21941,464,192,0,23
21942,464,163,49,2
21943,464,193,2,17
21944,464,95,6,12
21945,464,188,1,19
21946,464,194,0,30
21947,464,181,0,26
21948,464,195,0,29
21949,464,158,21,7
21950,464,187,22,6
21951,464,196,0,24
21952,464,184,3,16
21953,464,197,0,21
21954,464,119,4,13
21955,464,190,0,27
21956,464,152,0,22
21957,464,105,10,10
21958,464,110,6,11
21959,464,160,0,28
21960,464,178,0,31
21961,464,173,2,18
21962,464,177,25,5
21963,464,168,0,34
21964,464,123,0,20
21965,464,198,0,33
21966,464,140,0,25
21967,464,186,0,32
22003,465,137,55,2
22004,465,182,12,8
22005,465,172,11,9
22006,465,175,40,4
22007,465,176,4,15
22008,465,117,57,1
22009,465,118,6,13
22010,465,192,0,23
22011,465,163,49,3
22012,465,193,2,17
22013,465,95,10,11
22014,465,188,1,20
22015,465,194,0,31
22016,465,181,0,26
22017,465,195,0,29
22018,465,158,21,7
22019,465,187,22,6
22020,465,196,0,24
22021,465,184,3,16
22022,465,197,0,22
22023,465,119,4,14
22024,465,190,0,27
22025,465,152,1,19
22026,465,105,10,10
22027,465,110,9,12
22028,465,160,0,28
22029,465,178,0,32
22030,465,173,2,18
22031,465,177,25,5
22032,465,168,0,35
22033,465,123,0,21
22034,465,198,0,34
22035,465,140,0,25
22036,465,186,0,33
22037,465,156,0,30
22038,466,137,59,1
22039,466,182,12,10
22040,466,172,11,11
22041,466,175,40,4
22042,466,176,4,15
22043,466,117,57,2
22044,466,118,9,14
22045,466,192,0,23
22046,466,163,49,3
22047,466,193,2,17
22048,466,95,10,13
22049,466,188,1,20
22050,466,194,0,32
22051,466,181,0,26
22052,466,195,0,29
22053,466,158,22,7
22054,466,187,22,6
22055,466,196,0,24
22056,466,184,3,16
22057,466,197,0,22
22058,466,119,13,9
22059,466,190,0,27
22060,466,152,1,19
22061,466,105,10,12
22062,466,110,15,8
22063,466,160,0,28
22064,466,178,0,33
22065,466,173,2,18
22066,466,177,27,5
22067,466,168,0,35
22068,466,123,0,21
22069,466,198,0,34
22070,466,140,0,25
22071,466,186,0,30
22072,466,156,0,31
22073,467,117,9,1
22074,467,199,6,2
22075,467,163,4,3
22076,467,182,3,4
22077,467,177,2,5
22078,467,187,1,6
22079,467,105,0,7
22080,467,173,0,8
22081,467,194,0,9
22082,467,181,0,10
22083,467,152,0,11
22084,467,200,0,12
22085,467,110,0,13
22086,467,206,0,14
22087,467,196,0,15
22088,467,201,0,16
22089,467,192,0,17
22090,467,202,0,18
22091,467,172,0,19
22092,467,118,0,20
22093,467,119,0,21
22094,467,158,0,22
22095,467,203,0,23
22096,467,137,0,24
22097,467,95,0,25
22098,467,197,0,26
22099,467,184,0,27
22100,467,204,0,28
22101,467,205,0,29
22102,467,195,0,30
22103,467,170,0,31
22104,468,117,18,1
22105,468,199,6,3
22106,468,163,4,4
22107,468,182,3,7
22108,468,177,2,9
22109,468,187,7,2
22110,468,105,3,6
22111,468,173,0,13
22112,468,194,0,14
22113,468,181,2,8
22114,468,152,0,17
22115,468,200,0,12
22116,468,110,0,18
22117,468,206,0,19
22118,468,196,0,20
22119,468,201,0,11
22120,468,192,0,21
22121,468,202,1,10
22122,468,172,0,24
22123,468,118,0,25
22124,468,119,0,22
22125,468,158,0,26
22126,468,203,0,23
22127,468,137,0,27
22128,468,95,4,5
22129,468,197,0,15
22130,468,184,0,16
22131,468,204,0,30
22132,468,205,0,29
22133,468,195,0,31
22134,468,170,0,28
22135,469,117,18,1
22136,469,199,6,5
22137,469,163,4,9
22138,469,182,12,2
22139,469,177,8,3
22140,469,187,8,4
22141,469,105,6,6
22142,469,173,2,10
22143,469,194,0,16
22144,469,181,2,11
22145,469,152,0,19
22146,469,200,0,14
22147,469,110,0,20
22148,469,206,0,21
22149,469,196,0,15
22150,469,201,0,13
22151,469,192,0,22
22152,469,202,1,12
22153,469,172,0,26
22154,469,118,0,29
22155,469,119,4,8
22156,469,158,0,23
22157,469,203,0,27
22158,469,137,0,28
22159,469,95,4,7
22160,469,197,0,17
22161,469,184,0,18
22162,469,204,0,32
22163,469,205,0,24
22164,469,195,0,25
22165,469,170,0,31
22166,469,207,0,30
22167,470,117,18,1
22168,470,199,6,8
22169,470,163,4,10
22170,470,182,12,2
22171,470,177,8,5
22172,470,187,8,6
22173,470,105,10,4
22174,470,173,2,13
22175,470,194,2,14
22176,470,181,2,15
22177,470,152,0,20
22178,470,200,0,17
22179,470,110,0,21
22180,470,206,0,22
22181,470,196,0,18
22182,470,201,0,16
22183,470,192,0,23
22184,470,202,10,3
22185,470,172,0,30
22186,470,118,0,28
22187,470,119,4,11
22188,470,158,0,26
22189,470,203,6,7
22190,470,137,0,31
22191,470,95,4,9
22192,470,197,3,12
22193,470,184,0,19
22194,470,204,0,25
22195,470,205,0,27
22196,470,195,0,29
22197,470,170,0,24
22198,470,207,0,32
22199,471,117,18,1
22200,471,199,6,8
22201,471,163,4,11
22202,471,182,12,4
22203,471,177,14,3
22204,471,187,17,2
22205,471,105,10,6
22206,471,173,5,9
22207,471,194,2,15
22208,471,181,2,16
22209,471,152,0,25
22210,471,200,0,21
22211,471,110,0,26
22212,471,206,0,27
22213,471,196,0,22
22214,471,201,0,19
22215,471,192,1,18
22216,471,202,10,5
22217,471,172,0,23
22218,471,118,0,31
22219,471,119,4,13
22220,471,158,4,12
22221,471,203,6,7
22222,471,137,2,17
22223,471,95,4,10
22224,471,197,3,14
22225,471,184,0,24
22226,471,204,0,29
22227,471,205,0,30
22228,471,195,0,32
22229,471,170,0,28
22230,471,207,0,33
22231,471,176,0,20
22232,471,136,0,34
22233,471,208,0,35
22234,472,117,18,1
22235,472,199,6,11
22236,472,163,4,13
22237,472,182,12,6
22238,472,177,14,4
22239,472,187,17,2
22240,472,105,10,7
22241,472,173,7,9
22242,472,194,2,16
22243,472,181,2,17
22244,472,152,0,28
22245,472,200,0,23
22246,472,110,4,12
22247,472,206,1,19
22248,472,196,0,24
22249,472,201,0,22
22250,472,192,1,20
22251,472,202,16,3
22252,472,172,0,26
22253,472,118,0,31
22254,472,119,13,5
22255,472,158,4,14
22256,472,203,6,10
22257,472,137,2,18
22258,472,95,7,8
22259,472,197,3,15
22260,472,184,0,27
22261,472,204,0,30
22262,472,205,0,25
22263,472,195,0,32
22264,472,170,0,29
22265,472,207,0,33
22266,472,176,0,21
22267,472,136,0,34
22268,472,208,0,35
22269,473,117,18,3
22270,473,199,6,12
22271,473,163,4,13
22272,473,182,12,6
22273,473,177,17,4
22274,473,187,26,1
22275,473,105,10,8
22276,473,173,7,10
22277,473,194,2,17
22278,473,181,2,18
22279,473,152,0,28
22280,473,200,0,22
22281,473,110,4,14
22282,473,206,3,16
22283,473,196,0,25
22284,473,201,0,24
22285,473,192,1,21
22286,473,202,20,2
22287,473,172,1,20
22288,473,118,0,31
22289,473,119,13,5
22290,473,158,10,7
22291,473,203,6,11
22292,473,137,2,19
22293,473,95,7,9
22294,473,197,3,15
22295,473,184,0,27
22296,473,204,0,30
22297,473,205,0,26
22298,473,195,0,32
22299,473,170,0,29
22300,473,207,0,33
22301,473,176,0,23
22302,473,136,0,34
22303,473,208,0,35
22304,474,117,18,4
22305,474,199,6,13
22306,474,163,4,15
22307,474,182,12,6
22308,474,177,17,5
22309,474,187,30,1
22310,474,105,10,9
22311,474,173,10,10
22312,474,194,2,19
22313,474,181,2,20
22314,474,152,0,28
22315,474,200,0,23
22316,474,110,5,14
22317,474,206,3,17
22318,474,196,0,25
22319,474,201,0,24
22320,474,192,1,22
22321,474,202,20,2
22322,474,172,1,21
22323,474,118,0,31
22324,474,119,19,3
22325,474,158,10,8
22326,474,203,6,12
22327,474,137,11,7
22328,474,95,7,11
22329,474,197,3,16
22330,474,184,0,27
22331,474,204,0,30
22332,474,205,0,26
22333,474,195,0,32
22334,474,170,0,29
22335,474,207,0,33
22336,474,176,2,18
22337,474,136,0,34
22338,474,208,0,36
22339,474,209,0,35
22340,475,117,18,5
22341,475,199,6,13
22342,475,163,4,16
22343,475,182,15,7
22344,475,177,21,3
22345,475,187,30,1
22346,475,105,10,9
22347,475,173,10,10
22348,475,194,2,19
22349,475,181,2,20
22350,475,152,0,29
22351,475,200,0,24
22352,475,110,5,14
22353,475,206,5,15
22354,475,196,0,26
22355,475,201,0,25
22356,475,192,1,23
22357,475,202,29,2
22358,475,172,1,22
22359,475,118,0,32
22360,475,119,19,4
22361,475,158,10,8
22362,475,203,6,12
22363,475,137,17,6
22364,475,95,7,11
22365,475,197,3,17
22366,475,184,1,21
22367,475,204,0,31
22368,475,205,0,27
22369,475,195,0,33
22370,475,170,0,30
22371,475,207,0,35
22372,475,176,2,18
22373,475,136,0,34
22374,475,208,0,37
22375,475,209,0,36
22376,475,175,0,28
22377,475,90,0,38
22378,476,117,19,5
22379,476,199,6,14
22380,476,163,4,17
22381,476,182,24,3
22382,476,177,21,4
22383,476,187,30,2
22384,476,105,10,10
22385,476,173,13,8
22386,476,194,2,20
22387,476,181,2,21
22388,476,152,0,27
22389,476,200,0,25
22390,476,110,5,15
22391,476,206,7,12
22392,476,196,0,29
22393,476,201,0,26
22394,476,192,1,24
22395,476,202,35,1
22396,476,172,1,23
22397,476,118,0,32
22398,476,119,19,6
22399,476,158,10,9
22400,476,203,6,13
22401,476,137,17,7
22402,476,95,7,11
22403,476,197,3,18
22404,476,184,1,22
22405,476,204,0,31
22406,476,205,0,28
22407,476,195,0,33
22408,476,170,0,30
22409,476,207,0,35
22410,476,176,2,19
22411,476,136,0,34
22412,476,208,0,37
22413,476,209,0,36
22414,476,175,4,16
22415,476,90,0,38
22416,477,117,25,3
22417,477,199,6,16
22418,477,163,13,8
22419,477,182,24,4
22420,477,177,23,5
22421,477,187,30,2
22422,477,105,11,10
22423,477,173,13,9
22424,477,194,2,20
22425,477,181,2,21
22426,477,152,0,26
22427,477,200,0,25
22428,477,110,5,17
22429,477,206,7,14
22430,477,196,0,29
22431,477,201,0,27
22432,477,192,1,24
22433,477,202,39,1
22434,477,172,1,23
22435,477,118,0,31
22436,477,119,19,6
22437,477,158,10,11
22438,477,203,6,15
22439,477,137,17,7
22440,477,95,7,12
22441,477,197,3,18
22442,477,184,1,22
22443,477,204,0,33
22444,477,205,0,28
22445,477,195,0,34
22446,477,170,0,32
22447,477,207,0,36
22448,477,176,2,19
22449,477,136,0,35
22450,477,208,0,37
22451,477,209,0,30
22452,477,175,7,13
22453,477,90,0,38
22454,478,117,25,4
22455,478,199,6,16
22456,478,163,19,6
22457,478,182,24,5
22458,478,177,27,3
22459,478,187,30,2
22460,478,105,14,10
22461,478,173,13,11
22462,478,194,2,21
22463,478,181,2,22
22464,478,152,2,20
22465,478,200,0,27
22466,478,110,5,17
22467,478,206,7,14
22468,478,196,0,29
22469,478,201,0,28
22470,478,192,1,25
22471,478,202,39,1
22472,478,172,1,24
22473,478,118,0,31
22474,478,119,19,7
22475,478,158,10,12
22476,478,203,6,15
22477,478,137,17,8
22478,478,95,7,13
22479,478,197,3,18
22480,478,184,1,23
22481,478,204,0,34
22482,478,205,0,26
22483,478,195,0,30
22484,478,170,0,33
22485,478,207,0,36
22486,478,176,3,19
22487,478,136,0,35
22488,478,208,0,37
22489,478,209,0,32
22490,478,175,16,9
22491,478,90,0,40
22492,478,210,0,38
22493,478,211,0,39
22494,479,117,25,5
22495,479,199,6,16
22496,479,163,19,7
22497,479,182,26,4
22498,479,177,33,2
22499,479,187,30,3
22500,479,105,14,11
22501,479,173,22,6
22502,479,194,2,22
22503,479,181,2,23
22504,479,152,2,21
22505,479,200,0,27
22506,479,110,5,18
22507,479,206,7,14
22508,479,196,0,29
22509,479,201,0,28
22510,479,192,1,25
22511,479,202,39,1
22512,479,172,5,17
22513,479,118,0,31
22514,479,119,19,8
22515,479,158,10,12
22516,479,203,6,15
22517,479,137,17,10
22518,479,95,7,13
22519,479,197,3,19
22520,479,184,2,24
22521,479,204,0,34
22522,479,205,0,26
22523,479,195,0,30
22524,479,170,0,33
22525,479,207,0,37
22526,479,176,3,20
22527,479,136,0,36
22528,479,208,0,39
22529,479,209,0,32
22530,479,175,19,9
22531,479,90,0,40
22532,479,210,0,35
22533,479,211,0,38
22534,480,117,31,3
22535,480,199,6,16
22536,480,163,19,9
22537,480,182,30,5
22538,480,177,42,1
22539,480,187,30,4
22540,480,105,14,11
22541,480,173,23,6
22542,480,194,2,22
22543,480,181,2,23
22544,480,152,2,21
22545,480,200,0,27
22546,480,110,5,18
22547,480,206,7,14
22548,480,196,0,29
22549,480,201,0,28
22550,480,192,1,25
22551,480,202,39,2
22552,480,172,5,17
22553,480,118,0,31
22554,480,119,21,7
22555,480,158,10,12
22556,480,203,6,15
22557,480,137,20,8
22558,480,95,7,13
22559,480,197,3,19
22560,480,184,2,24
22561,480,204,0,34
22562,480,205,0,26
22563,480,195,0,30
22564,480,170,0,33
22565,480,207,0,37
22566,480,176,3,20
22567,480,136,0,36
22568,480,208,0,39
22569,480,209,0,32
22570,480,175,19,10
22571,480,90,0,40
22572,480,210,0,35
22573,480,211,0,38
22574,481,117,31,4
22575,481,199,6,16
22576,481,163,28,6
22577,481,182,30,5
22578,481,177,42,1
22579,481,187,33,3
22580,481,105,16,11
22581,481,173,23,8
22582,481,194,2,23
22583,481,181,2,24
22584,481,152,2,22
22585,481,200,0,28
22586,481,110,5,18
22587,481,206,7,14
22588,481,196,0,30
22589,481,201,0,29
22590,481,192,1,26
22591,481,202,39,2
22592,481,172,5,17
22593,481,118,0,32
22594,481,119,21,9
22595,481,158,11,12
22596,481,203,6,15
22597,481,137,20,10
22598,481,95,7,13
22599,481,197,3,20
22600,481,184,2,25
22601,481,204,0,35
22602,481,205,0,27
22603,481,195,0,31
22604,481,170,0,34
22605,481,207,4,19
22606,481,176,3,21
22607,481,136,0,37
22608,481,208,0,39
22609,481,209,0,33
22610,481,175,25,7
22611,481,90,0,40
22612,481,210,0,36
22613,481,211,0,38
22695,482,117,34,4
22696,482,199,6,16
22697,482,163,28,6
22698,482,182,30,5
22699,482,177,44,1
22700,482,187,39,3
22701,482,105,25,8
22702,482,173,23,9
22703,482,194,2,23
22704,482,181,2,24
22705,482,152,2,22
22706,482,200,0,28
22707,482,110,5,17
22708,482,206,8,13
22709,482,196,0,30
22710,482,201,0,29
22711,482,192,1,26
22712,482,202,39,2
22713,482,172,5,18
22714,482,118,0,32
22715,482,119,21,10
22716,482,158,15,12
22717,482,203,6,15
22718,482,137,20,11
22719,482,95,7,14
22720,482,197,3,20
22721,482,184,2,25
22722,482,204,0,36
22723,482,205,0,27
22724,482,195,0,31
22725,482,170,0,35
22726,482,207,4,19
22727,482,176,3,21
22728,482,136,0,38
22729,482,208,0,39
22730,482,209,0,34
22731,482,175,25,7
22732,482,90,0,40
22733,482,210,0,37
22734,482,211,0,33
22735,483,178,9,1
22736,483,199,6,2
22737,483,137,4,3
22738,483,207,3,4
22739,483,158,2,5
22740,483,175,1,6
22741,483,192,0,7
22742,483,163,0,8
22743,483,176,0,9
22744,483,202,0,10
22745,483,197,0,11
22746,483,212,0,12
22747,483,152,0,13
22748,483,172,0,14
22749,483,177,0,15
22750,483,136,0,16
22751,483,119,0,17
22752,483,213,0,18
22753,483,95,0,19
22754,483,203,0,20
22755,483,187,0,21
22756,483,173,0,22
22757,483,117,0,23
22758,483,110,0,24
22759,483,214,0,25
22760,483,206,0,26
22761,483,215,0,27
22762,483,216,0,28
22763,483,194,0,29
22764,484,178,15,1
22765,484,199,15,2
22766,484,137,4,3
22767,484,207,3,6
22768,484,158,2,7
22769,484,175,1,9
22770,484,192,0,12
22771,484,163,0,14
22772,484,176,3,5
22773,484,202,0,18
22774,484,197,0,11
22775,484,212,0,19
22776,484,152,0,20
22777,484,172,1,10
22778,484,177,0,15
22779,484,136,0,22
22780,484,119,4,4
22781,484,213,0,24
22782,484,95,0,16
22783,484,203,0,21
22784,484,187,0,13
22785,484,173,2,8
22786,484,117,0,23
22787,484,110,0,26
22788,484,214,0,27
22789,484,206,0,28
22790,484,215,0,29
22791,484,216,0,25
22792,484,194,0,30
22793,484,217,0,17
22794,484,218,0,31
22795,485,178,18,2
22796,485,199,21,1
22797,485,137,13,3
22798,485,207,3,6
22799,485,158,2,10
22800,485,175,1,11
22801,485,192,0,14
22802,485,163,2,9
22803,485,176,3,7
22804,485,202,0,23
22805,485,197,0,13
22806,485,212,0,24
22807,485,152,0,18
22808,485,172,1,12
22809,485,177,0,16
22810,485,136,0,21
22811,485,119,4,4
22812,485,213,0,26
22813,485,95,0,19
22814,485,203,0,25
22815,485,187,0,15
22816,485,173,3,8
22817,485,117,4,5
22818,485,110,0,20
22819,485,214,0,28
22820,485,206,0,29
22821,485,215,0,27
22822,485,216,0,17
22823,485,194,0,30
22824,485,217,0,22
22825,485,218,0,32
22826,485,219,0,31
22827,486,178,18,3
22828,486,199,25,1
22829,486,137,22,2
22830,486,207,3,6
22831,486,158,2,12
22832,486,175,1,13
22833,486,192,0,18
22834,486,163,2,10
22835,486,176,3,7
22836,486,202,2,11
22837,486,197,0,16
22838,486,212,3,8
22839,486,152,0,22
22840,486,172,1,15
22841,486,177,0,20
22842,486,136,0,24
22843,486,119,10,4
22844,486,213,0,30
22845,486,95,0,23
22846,486,203,0,17
22847,486,187,0,19
22848,486,173,3,9
22849,486,117,4,5
22850,486,110,1,14
22851,486,214,0,32
22852,486,206,0,33
22853,486,215,0,31
22854,486,216,0,21
22855,486,194,0,28
22856,486,217,0,25
22857,486,218,0,36
22858,486,219,0,27
22859,486,201,0,26
22860,486,105,0,29
22861,486,118,0,34
22862,486,205,0,35
22863,487,178,18,3
22864,487,199,34,1
22865,487,137,22,2
22866,487,207,3,10
22867,487,158,3,13
22868,487,175,1,16
22869,487,192,0,20
22870,487,163,2,14
22871,487,176,3,11
22872,487,202,2,15
22873,487,197,0,19
22874,487,212,3,12
22875,487,152,0,21
22876,487,172,7,5
22877,487,177,0,22
22878,487,136,0,24
22879,487,119,10,4
22880,487,213,0,31
22881,487,95,4,7
22882,487,203,3,9
22883,487,187,0,18
22884,487,173,5,6
22885,487,117,4,8
22886,487,110,1,17
22887,487,214,0,34
22888,487,206,0,33
22889,487,215,0,32
22890,487,216,0,23
22891,487,194,0,30
22892,487,217,0,26
22893,487,218,0,37
22894,487,219,0,29
22895,487,201,0,27
22896,487,105,0,25
22897,487,118,0,35
22898,487,205,0,36
22899,487,160,0,28
22900,488,178,24,2
22901,488,199,34,1
22902,488,137,22,3
22903,488,207,3,13
22904,488,158,5,8
22905,488,175,1,16
22906,488,192,0,20
22907,488,163,2,15
22908,488,176,4,12
22909,488,202,5,7
22910,488,197,0,19
22911,488,212,3,14
22912,488,152,0,21
22913,488,172,11,5
22914,488,177,0,22
22915,488,136,0,25
22916,488,119,10,6
22917,488,213,0,31
22918,488,95,4,10
22919,488,203,12,4
22920,488,187,0,18
22921,488,173,5,9
22922,488,117,4,11
22923,488,110,1,17
22924,488,214,0,34
22925,488,206,0,33
22926,488,215,0,32
22927,488,216,0,23
22928,488,194,0,30
22929,488,217,0,26
22930,488,218,0,37
22931,488,219,0,29
22932,488,201,0,28
22933,488,105,0,24
22934,488,118,0,35
22935,488,205,0,36
22936,488,160,0,27
22937,489,178,24,2
22938,489,199,37,1
22939,489,137,22,3
22940,489,207,3,14
22941,489,158,5,10
22942,489,175,1,17
22943,489,192,0,19
22944,489,163,2,16
22945,489,176,4,13
22946,489,202,5,9
22947,489,197,0,20
22948,489,212,3,15
22949,489,152,0,21
22950,489,172,17,5
22951,489,177,0,22
22952,489,136,0,25
22953,489,119,10,6
22954,489,213,0,32
22955,489,95,5,8
22956,489,203,21,4
22957,489,187,4,11
22958,489,173,7,7
22959,489,117,4,12
22960,489,110,1,18
22961,489,214,0,34
22962,489,206,0,30
22963,489,215,0,33
22964,489,216,0,23
22965,489,194,0,29
22966,489,217,0,26
22967,489,218,0,38
22968,489,219,0,31
22969,489,201,0,28
22970,489,105,0,24
22971,489,118,0,36
22972,489,205,0,35
22973,489,160,0,27
22974,489,220,0,37
22975,490,178,24,3
22976,490,199,37,1
22977,490,137,26,2
22978,490,207,3,15
22979,490,158,5,13
22980,490,175,1,17
22981,490,192,0,19
22982,490,163,5,12
22983,490,176,4,14
22984,490,202,7,10
22985,490,197,0,20
22986,490,212,3,16
22987,490,152,0,21
22988,490,172,17,5
22989,490,177,0,22
22990,490,136,0,25
22991,490,119,10,8
22992,490,213,0,32
22993,490,95,5,11
22994,490,203,21,4
22995,490,187,10,7
22996,490,173,8,9
22997,490,117,13,6
22998,490,110,1,18
22999,490,214,0,34
23000,490,206,0,30
23001,490,215,0,33
23002,490,216,0,23
23003,490,194,0,29
23004,490,217,0,26
23005,490,218,0,38
23006,490,219,0,31
23007,490,201,0,28
23008,490,105,0,24
23009,490,118,0,36
23010,490,205,0,35
23011,490,160,0,27
23012,490,220,0,37
23013,491,178,24,3
23014,491,199,43,1
23015,491,137,26,2
23016,491,207,3,16
23017,491,158,8,9
23018,491,175,1,17
23019,491,192,0,21
23020,491,163,5,13
23021,491,176,4,15
23022,491,202,7,11
23023,491,197,0,20
23024,491,212,5,14
23025,491,152,0,23
23026,491,172,21,5
23027,491,177,0,24
23028,491,136,0,27
23029,491,119,10,8
23030,491,213,0,32
23031,491,95,5,12
23032,491,203,21,4
23033,491,187,19,6
23034,491,173,8,10
23035,491,117,13,7
23036,491,110,1,18
23037,491,214,0,34
23038,491,206,0,22
23039,491,215,0,33
23040,491,216,0,25
23041,491,194,0,30
23042,491,217,0,28
23043,491,218,0,38
23044,491,219,0,31
23045,491,201,1,19
23046,491,105,0,26
23047,491,118,0,36
23048,491,205,0,35
23049,491,160,0,29
23050,491,220,0,37
23089,492,178,24,4
23090,492,199,43,1
23091,492,137,35,2
23092,492,207,3,16
23093,492,158,10,9
23094,492,175,1,17
23095,492,192,0,21
23096,492,163,5,14
23097,492,176,4,15
23098,492,202,7,12
23099,492,197,0,20
23100,492,212,8,10
23101,492,152,0,23
23102,492,172,25,3
23103,492,177,0,24
23104,492,136,0,27
23105,492,119,10,8
23106,492,213,0,32
23107,492,95,5,13
23108,492,203,21,5
23109,492,187,20,6
23110,492,173,8,11
23111,492,117,19,7
23112,492,110,1,18
23113,492,214,0,34
23114,492,206,0,22
23115,492,215,0,33
23116,492,216,0,25
23117,492,194,0,30
23118,492,217,0,28
23119,492,218,0,38
23120,492,219,0,31
23121,492,201,1,19
23122,492,105,0,26
23123,492,118,0,36
23124,492,205,0,35
23125,492,160,0,29
23126,492,220,0,37
23127,493,178,27,4
23128,493,199,45,1
23129,493,137,39,2
23130,493,207,3,16
23131,493,158,10,10
23132,493,175,1,17
23133,493,192,0,22
23134,493,163,11,8
23135,493,176,4,15
23136,493,202,7,13
23137,493,197,0,20
23138,493,212,8,11
23139,493,152,0,23
23140,493,172,34,3
23141,493,177,0,24
23142,493,136,0,27
23143,493,119,10,9
23144,493,213,0,32
23145,493,95,5,14
23146,493,203,21,5
23147,493,187,21,6
23148,493,173,8,12
23149,493,117,19,7
23150,493,110,1,18
23151,493,214,0,34
23152,493,206,0,21
23153,493,215,0,33
23154,493,216,0,25
23155,493,194,0,30
23156,493,217,0,28
23157,493,218,0,38
23158,493,219,0,31
23159,493,201,1,19
23160,493,105,0,26
23161,493,118,0,36
23162,493,205,0,35
23163,493,160,0,29
23164,493,220,0,37
23165,494,178,31,4
23166,494,199,45,2
23167,494,137,45,1
23168,494,207,3,16
23169,494,158,10,11
23170,494,175,1,17
23171,494,192,0,24
23172,494,163,11,8
23173,494,176,4,15
23174,494,202,7,13
23175,494,197,0,21
23176,494,212,11,9
23177,494,152,0,25
23178,494,172,34,3
23179,494,177,0,27
23180,494,136,0,28
23181,494,119,10,10
23182,494,213,0,32
23183,494,95,5,14
23184,494,203,21,6
23185,494,187,21,7
23186,494,173,10,12
23187,494,117,28,5
23188,494,110,1,18
23189,494,214,0,34
23190,494,206,0,23
23191,494,215,0,33
23192,494,216,0,22
23193,494,194,1,20
23194,494,217,0,29
23195,494,218,0,38
23196,494,219,0,31
23197,494,201,1,19
23198,494,105,0,26
23199,494,118,0,36
23200,494,205,0,35
23201,494,160,0,30
23202,494,220,0,37
23203,495,178,37,4
23204,495,199,49,1
23205,495,137,46,2
23206,495,207,3,16
23207,495,158,10,12
23208,495,175,1,18
23209,495,192,0,24
23210,495,163,11,9
23211,495,176,4,15
23212,495,202,9,13
23213,495,197,0,21
23214,495,212,11,10
23215,495,152,0,25
23216,495,172,34,5
23217,495,177,0,27
23218,495,136,0,29
23219,495,119,10,11
23220,495,213,0,33
23221,495,95,5,14
23222,495,203,21,6
23223,495,187,21,7
23224,495,173,13,8
23225,495,117,37,3
23226,495,110,1,17
23227,495,214,0,35
23228,495,206,0,23
23229,495,215,0,34
23230,495,216,0,22
23231,495,194,1,20
23232,495,217,0,30
23233,495,218,0,38
23234,495,219,0,32
23235,495,201,1,19
23236,495,105,0,26
23237,495,118,0,36
23238,495,205,0,28
23239,495,160,0,31
23240,495,220,0,37
23241,496,178,37,5
23242,496,199,49,1
23243,496,137,48,2
23244,496,207,3,16
23245,496,158,10,12
23246,496,175,1,19
23247,496,192,0,25
23248,496,163,11,9
23249,496,176,4,15
23250,496,202,9,13
23251,496,197,0,22
23252,496,212,11,10
23253,496,152,3,17
23254,496,172,43,3
23255,496,177,0,27
23256,496,136,0,29
23257,496,119,10,11
23258,496,213,0,33
23259,496,95,5,14
23260,496,203,25,7
23261,496,187,27,6
23262,496,173,14,8
23263,496,117,37,4
23264,496,110,1,18
23265,496,214,0,35
23266,496,206,0,23
23267,496,215,0,34
23268,496,216,0,24
23269,496,194,1,21
23270,496,217,0,30
23271,496,218,0,39
23272,496,219,0,32
23273,496,201,1,20
23274,496,105,0,26
23275,496,118,0,36
23276,496,205,0,28
23277,496,160,0,31
23278,496,220,0,38
23279,496,198,0,37
23280,497,178,46,3
23281,497,199,49,2
23282,497,137,50,1
23283,497,207,3,17
23284,497,158,10,12
23285,497,175,1,19
23286,497,192,0,25
23287,497,163,11,9
23288,497,176,4,16
23289,497,202,9,13
23290,497,197,0,22
23291,497,212,11,10
23292,497,152,7,15
23293,497,172,44,4
23294,497,177,0,26
23295,497,136,0,29
23296,497,119,10,11
23297,497,213,0,34
23298,497,95,8,14
23299,497,203,25,7
23300,497,187,27,6
23301,497,173,14,8
23302,497,117,43,5
23303,497,110,1,18
23304,497,214,0,36
23305,497,206,0,23
23306,497,215,0,35
23307,497,216,0,24
23308,497,194,1,21
23309,497,217,0,30
23310,497,218,0,39
23311,497,219,0,32
23312,497,201,1,20
23313,497,105,0,27
23314,497,118,0,33
23315,497,205,0,28
23316,497,160,0,31
23317,497,220,0,38
23318,497,198,0,37
29863,17,18,95,1
29864,17,22,77,3
29865,17,15,32,8
29866,17,10,24,10
29867,17,4,26,9
29868,17,3,34,7
29869,17,67,6,16
29870,17,7,2,19
29871,17,16,5,17
29872,17,2,19,13
29873,17,21,8,15
29874,17,17,70,4
29875,17,20,84,2
29876,17,9,17,14
29877,17,8,48,6
29878,17,13,22,11
29879,17,12,0,21
29880,17,6,0,20
29881,17,5,22,12
29882,17,1,49,5
29883,17,153,0,24
29884,17,154,0,23
29885,17,69,0,25
29886,17,24,0,22
29887,17,155,3,18
43201,833,642,9,1
43202,833,786,6,2
43203,833,686,4,3
43204,833,704,3,4
43205,833,627,2,5
43206,833,619,0,6
43207,833,787,0,7
43208,833,741,0,8
43209,833,784,0,9
43210,833,778,0,11
43211,833,660,0,12
43212,833,579,0,13
43213,833,776,0,14
43214,833,669,0,15
43215,833,747,0,16
43216,833,785,0,17
43217,833,640,0,18
43218,833,589,0,19
43219,833,789,0,20
43220,833,661,0,22
43221,833,790,0,23
43222,833,788,0,10
43223,833,666,0,21
43224,834,642,9,1
43225,834,786,6,3
43226,834,686,4,6
43227,834,704,3,7
43228,834,627,2,9
43229,834,619,0,11
43230,834,787,0,13
43231,834,741,0,14
43232,834,784,0,15
43233,834,778,0,17
43234,834,660,0,12
43235,834,579,9,2
43236,834,776,0,20
43237,834,669,2,10
43238,834,747,0,23
43239,834,785,0,24
43240,834,640,0,22
43241,834,589,4,5
43242,834,789,0,27
43243,834,661,0,30
43244,834,790,0,32
43245,834,647,6,4
43246,834,793,3,8
43247,834,633,0,18
43248,834,498,0,19
43249,834,626,0,21
43250,834,427,0,25
43251,834,762,0,26
43252,834,501,0,28
43253,834,687,0,31
43254,834,792,0,33
43255,834,788,0,16
43256,834,666,0,29
43257,835,642,9,1
43258,835,786,6,4
43259,835,686,4,8
43260,835,704,3,10
43261,835,627,2,13
43262,835,619,0,17
43263,835,787,0,20
43264,835,741,0,22
43265,835,784,0,24
43266,835,778,0,28
43267,835,660,0,19
43268,835,579,9,2
43269,835,776,0,45
43270,835,669,2,14
43271,835,747,0,48
43272,835,785,0,49
43273,835,640,0,47
43274,835,589,4,7
43275,835,789,0,52
43276,835,661,0,55
43277,835,790,0,57
43278,835,647,6,5
43279,835,793,3,12
43280,835,633,0,43
43281,835,498,0,44
43282,835,626,0,46
43283,835,427,0,50
43284,835,762,0,51
43285,835,501,0,53
43286,835,687,0,56
43287,835,792,0,58
43288,835,593,9,3
43289,835,701,6,6
43290,835,768,4,9
43291,835,770,3,11
43292,835,794,1,16
43293,835,766,0,18
43294,835,654,0,21
43295,835,726,0,23
43296,835,555,0,25
43297,835,559,0,26
43298,835,795,0,29
43299,835,518,0,30
43300,835,772,0,31
43301,835,658,0,32
43302,835,526,0,33
43303,835,520,0,34
43304,835,653,0,35
43305,835,732,0,36
43306,835,771,0,37
43307,835,677,0,38
43308,835,659,0,39
43309,835,796,0,40
43310,835,797,0,41
43311,835,509,0,42
43312,835,731,0,67
43313,835,729,0,59
43314,835,798,0,61
43315,835,615,0,62
43316,835,799,0,63
43317,835,611,0,64
43318,835,529,1,15
43319,835,537,0,65
43320,835,630,0,66
43321,835,788,0,27
43322,835,666,0,54
43323,835,803,0,60
43324,836,642,18,1
43325,836,786,12,2
43326,836,686,4,10
43327,836,704,3,13
43328,836,627,6,7
43329,836,619,0,18
43330,836,787,0,22
43331,836,741,0,25
43332,836,784,0,28
43333,836,778,0,32
43334,836,660,0,21
43335,836,579,9,3
43336,836,776,0,50
43337,836,669,5,8
43338,836,747,0,53
43339,836,785,0,54
43340,836,640,0,19
43341,836,589,4,9
43342,836,789,0,51
43343,836,661,0,58
43344,836,790,0,60
43345,836,647,6,5
43346,836,793,3,12
43347,836,633,0,48
43348,836,498,0,49
43349,836,626,0,52
43350,836,427,0,55
43351,836,762,0,56
43352,836,501,0,26
43353,836,687,0,59
43354,836,792,0,61
43355,836,593,9,4
43356,836,701,6,6
43357,836,768,4,11
43358,836,770,3,14
43359,836,794,1,17
43360,836,766,0,20
43361,836,654,0,23
43362,836,726,0,27
43363,836,555,0,29
43364,836,559,0,30
43365,836,795,0,34
43366,836,518,0,35
43367,836,772,0,36
43368,836,658,0,37
43369,836,526,0,38
43370,836,520,0,39
43371,836,653,0,40
43372,836,732,0,41
43373,836,771,0,42
43374,836,677,0,43
43375,836,659,0,44
43376,836,796,0,45
43377,836,797,0,46
43378,836,509,0,47
43379,836,731,0,70
43380,836,729,0,62
43381,836,798,0,64
43382,836,615,0,65
43383,836,799,0,66
43384,836,611,0,67
43385,836,529,1,16
43386,836,537,0,68
43387,836,630,0,69
43388,836,697,2,15
43389,836,800,0,24
43390,836,780,0,33
43391,836,788,0,31
43392,836,666,0,57
43393,836,803,0,63
43394,837,642,22,1
43395,837,786,18,2
43396,837,686,4,10
43397,837,704,3,13
43398,837,627,10,4
43399,837,619,0,18
43400,837,787,0,23
43401,837,741,0,27
43402,837,784,0,31
43403,837,778,0,36
43404,837,660,0,22
43405,837,579,17,3
43406,837,776,0,53
43407,837,669,5,8
43408,837,747,0,56
43409,837,785,0,30
43410,837,640,0,20
43411,837,589,4,9
43412,837,789,0,54
43413,837,661,0,60
43414,837,790,0,62
43415,837,647,8,6
43416,837,793,3,12
43417,837,633,0,19
43418,837,498,0,51
43419,837,626,0,55
43420,837,427,0,57
43421,837,762,0,58
43422,837,501,0,28
43423,837,687,0,61
43424,837,792,0,63
43425,837,593,9,5
43426,837,701,6,7
43427,837,768,4,11
43428,837,770,3,14
43429,837,794,1,17
43430,837,766,0,21
43431,837,654,0,24
43432,837,726,0,29
43433,837,555,0,32
43434,837,559,0,34
43435,837,795,0,37
43436,837,518,0,38
43437,837,772,0,39
43438,837,658,0,40
43439,837,526,0,41
43440,837,520,0,42
43441,837,653,0,43
43442,837,732,0,44
43443,837,771,0,45
43444,837,677,0,46
43445,837,659,0,47
43446,837,796,0,48
43447,837,797,0,49
43448,837,509,0,50
43449,837,731,0,72
43450,837,729,0,64
43451,837,798,0,66
43452,837,615,0,67
43453,837,799,0,68
43454,837,611,0,69
43455,837,529,1,16
43456,837,537,0,70
43457,837,630,0,71
43458,837,697,2,15
43459,837,800,0,26
43460,837,780,0,33
43461,837,773,0,25
43462,837,774,0,52
43463,837,788,0,35
43464,837,666,0,59
43465,837,803,0,65
43466,838,642,22,3
43467,838,786,24,2
43468,838,686,4,10
43469,838,704,3,13
43470,838,627,10,4
43471,838,619,0,22
43472,838,787,0,29
43473,838,741,1,18
43474,838,784,0,35
43475,838,778,0,40
43476,838,660,0,27
43477,838,579,26,1
43478,838,776,0,56
43479,838,669,5,8
43480,838,747,0,59
43481,838,785,0,34
43482,838,640,0,24
43483,838,589,4,9
43484,838,789,0,58
43485,838,661,0,62
43486,838,790,0,63
43487,838,647,8,6
43488,838,793,3,14
43489,838,633,0,23
43490,838,498,0,55
43491,838,626,3,15
43492,838,427,0,60
43493,838,762,0,57
43494,838,501,0,32
43495,838,687,4,11
43496,838,792,0,64
43497,838,593,9,5
43498,838,701,6,7
43499,838,768,4,12
43500,838,770,3,16
43501,838,794,1,21
43502,838,766,0,26
43503,838,654,0,30
43504,838,726,0,33
43505,838,555,0,36
43506,838,559,0,38
43507,838,795,0,41
43508,838,518,0,42
43509,838,772,0,43
43510,838,658,0,44
43511,838,526,0,45
43512,838,520,0,46
43513,838,653,0,47
43514,838,732,0,48
43515,838,771,0,49
43516,838,677,0,50
43517,838,659,0,51
43518,838,796,0,52
43519,838,797,0,53
43520,838,509,0,54
43521,838,731,0,73
43522,838,729,0,65
43523,838,798,0,67
43524,838,615,0,68
43525,838,799,0,69
43526,838,611,0,70
43527,838,529,1,20
43528,838,537,0,71
43529,838,630,0,72
43530,838,697,2,17
43531,838,800,0,31
43532,838,780,0,37
43533,838,773,0,28
43534,838,774,1,19
43535,838,801,0,25
43536,838,788,0,39
43537,838,666,0,61
43538,838,803,0,66
43539,839,642,30,1
43540,839,786,24,3
43541,839,686,4,11
43542,839,704,3,14
43543,839,627,13,4
43544,839,619,0,24
43545,839,787,0,30
43546,839,741,3,18
43547,839,784,0,36
43548,839,778,0,41
43549,839,660,0,28
43550,839,579,27,2
43551,839,776,0,60
43552,839,669,5,8
43553,839,747,0,56
43554,839,785,0,35
43555,839,640,0,23
43556,839,589,4,10
43557,839,789,0,62
43558,839,661,0,68
43559,839,790,0,69
43560,839,647,11,5
43561,839,793,3,15
43562,839,633,0,25
43563,839,498,0,57
43564,839,626,3,16
43565,839,427,0,63
43566,839,762,0,59
43567,839,501,0,33
43568,839,687,4,9
43569,839,792,0,70
43570,839,593,9,6
43571,839,701,6,7
43572,839,768,4,12
43573,839,770,3,17
43574,839,794,1,22
43575,839,766,0,27
43576,839,654,0,31
43577,839,726,0,34
43578,839,555,0,37
43579,839,559,0,39
43580,839,795,0,42
43581,839,518,0,43
43582,839,772,0,44
43583,839,658,0,45
43584,839,526,0,46
43585,839,520,0,47
43586,839,653,0,48
43587,839,732,0,49
43588,839,771,0,50
43589,839,677,0,51
43590,839,659,0,52
43591,839,796,0,53
43592,839,797,0,54
43593,839,509,0,55
43594,839,731,0,81
43595,839,729,0,73
43596,839,798,0,75
43597,839,615,0,76
43598,839,799,0,77
43599,839,611,0,78
43600,839,529,1,21
43601,839,537,0,79
43602,839,630,0,80
43603,839,697,2,19
43604,839,800,0,32
43605,839,780,0,38
43606,839,773,0,29
43607,839,774,1,20
43608,839,801,0,26
43609,839,802,3,13
43610,839,764,0,58
43611,839,641,0,61
43612,839,791,0,64
43613,839,765,0,65
43614,839,740,0,66
43615,839,763,0,71
43616,839,756,0,72
43617,839,788,0,40
43618,839,666,0,67
43619,839,803,0,74
43620,825,579,9,1
43621,825,641,6,2
43622,825,642,4,3
43623,825,763,3,4
43624,825,640,2,5
43625,825,647,0,6
43626,825,589,0,7
43627,825,475,0,8
43628,825,627,0,9
43629,825,741,0,10
43630,825,723,0,11
43631,825,501,0,12
43632,825,660,0,13
43633,825,764,0,14
43634,825,687,0,15
43635,825,765,0,16
43636,825,725,0,17
43637,825,704,0,18
43638,825,633,0,19
43639,825,498,0,20
43640,825,721,0,21
43641,826,579,9,1
43642,826,641,6,4
43643,826,642,4,5
43644,826,763,3,7
43645,826,640,2,10
43646,826,647,0,12
43647,826,589,0,14
43648,826,475,0,17
43649,826,627,0,18
43650,826,741,0,19
43651,826,723,0,20
43652,826,501,0,21
43653,826,660,0,22
43654,826,764,0,23
43655,826,687,0,31
43656,826,765,0,33
43657,826,725,0,34
43658,826,704,0,36
43659,826,633,0,39
43660,826,498,0,40
43661,826,721,0,42
43662,826,766,9,2
43663,826,673,6,3
43664,826,658,2,8
43665,826,612,3,6
43666,826,734,2,9
43667,826,731,0,13
43668,826,767,0,15
43669,826,518,0,16
43670,826,529,0,24
43671,826,699,0,25
43672,826,534,0,26
43673,826,611,0,27
43674,826,729,0,28
43675,826,768,0,29
43676,826,654,0,30
43677,826,653,0,32
43678,826,615,0,35
43679,826,700,0,37
43680,826,769,0,38
43681,826,521,0,41
43682,826,593,0,43
43683,826,770,0,44
43684,826,526,0,45
43685,826,630,0,46
43686,826,733,0,47
43687,826,771,0,48
43688,826,449,0,49
43689,826,629,0,50
43690,826,657,0,51
43691,826,726,0,52
43692,826,772,0,53
43693,826,732,0,54
43694,826,728,0,55
43695,826,675,2,11
43696,827,579,10,2
43697,827,641,6,5
43698,827,642,12,1
43699,827,763,3,9
43700,827,640,2,14
43701,827,647,6,4
43702,827,589,0,19
43703,827,475,0,23
43704,827,627,3,8
43705,827,741,0,24
43706,827,723,0,25
43707,827,501,0,26
43708,827,660,0,18
43709,827,764,0,27
43710,827,687,0,35
43711,827,765,0,37
43712,827,725,0,38
43713,827,704,2,12
43714,827,633,4,7
43715,827,498,0,42
43716,827,721,0,44
43717,827,766,9,3
43718,827,673,6,6
43719,827,658,2,11
43720,827,612,3,10
43721,827,734,2,13
43722,827,731,0,16
43723,827,767,0,20
43724,827,518,0,21
43725,827,529,0,28
43726,827,699,0,29
43727,827,534,0,30
43728,827,611,0,31
43729,827,729,0,32
43730,827,768,0,33
43731,827,654,0,34
43732,827,653,0,36
43733,827,615,0,39
43734,827,700,0,40
43735,827,769,0,41
43736,827,521,0,43
43737,827,593,0,45
43738,827,770,0,46
43739,827,526,0,47
43740,827,630,0,48
43741,827,733,0,49
43742,827,771,0,50
43743,827,449,0,51
43744,827,629,0,52
43745,827,657,0,53
43746,827,726,0,54
43747,827,772,0,55
43748,827,732,0,56
43749,827,728,0,57
43750,827,429,0,17
43751,827,773,0,22
43752,827,675,2,15
43753,828,579,15,1
43754,828,641,6,6
43755,828,642,14,2
43756,828,763,3,11
43757,828,640,2,16
43758,828,647,9,4
43759,828,589,0,19
43760,828,475,0,27
43761,828,627,3,10
43762,828,741,0,29
43763,828,723,0,30
43764,828,501,0,31
43765,828,660,0,22
43766,828,764,0,28
43767,828,687,0,38
43768,828,765,0,42
43769,828,725,0,43
43770,828,704,2,15
43771,828,633,8,5
43772,828,498,3,9
43773,828,721,0,51
43774,828,766,9,3
43775,828,673,6,7
43776,828,658,2,14
43777,828,612,3,12
43778,828,734,2,17
43779,828,731,0,20
43780,828,767,0,23
43781,828,518,0,24
43782,828,529,0,32
43783,828,699,0,33
43784,828,534,0,34
43785,828,611,0,35
43786,828,729,0,36
43787,828,768,0,37
43788,828,654,0,39
43789,828,653,0,41
43790,828,615,0,44
43791,828,700,0,46
43792,828,769,0,47
43793,828,521,0,50
43794,828,593,0,53
43795,828,770,0,54
43796,828,526,0,55
43797,828,630,0,56
43798,828,733,0,57
43799,828,771,0,58
43800,828,449,0,59
43801,828,629,0,60
43802,828,657,0,61
43803,828,726,0,62
43804,828,772,0,63
43805,828,732,0,64
43806,828,728,0,65
43807,828,429,0,21
43808,828,773,0,26
43809,828,786,4,8
43810,828,686,3,13
43811,828,774,0,25
43812,828,775,0,40
43813,828,427,0,45
43814,828,609,0,48
43815,828,626,0,49
43816,828,670,0,52
43817,828,675,2,18
43818,829,579,21,1
43819,829,641,6,7
43820,829,642,15,2
43821,829,763,3,11
43822,829,640,2,17
43823,829,647,9,6
43824,829,589,0,20
43825,829,475,0,29
43826,829,627,3,12
43827,829,741,0,33
43828,829,723,0,34
43829,829,501,0,36
43830,829,660,0,23
43831,829,764,0,31
43832,829,687,0,32
43833,829,765,0,48
43834,829,725,0,49
43835,829,704,2,16
43836,829,633,12,3
43837,829,498,11,4
43838,829,721,0,60
43839,829,766,9,5
43840,829,673,6,8
43841,829,658,2,15
43842,829,612,3,14
43843,829,734,2,18
43844,829,731,0,21
43845,829,767,0,24
43846,829,518,0,26
43847,829,529,0,38
43848,829,699,0,39
43849,829,534,0,40
43850,829,611,0,41
43851,829,729,0,42
43852,829,768,0,43
43853,829,654,0,44
43854,829,653,0,47
43855,829,615,0,50
43856,829,700,0,54
43857,829,769,0,55
43858,829,521,0,59
43859,829,593,0,62
43860,829,770,0,63
43861,829,526,0,64
43862,829,630,0,65
43863,829,733,0,66
43864,829,771,0,67
43865,829,449,0,68
43866,829,629,0,69
43867,829,657,0,70
43868,829,726,0,71
43869,829,772,0,72
43870,829,732,0,73
43871,829,728,0,74
43872,829,429,0,22
43873,829,773,0,28
43874,829,786,4,10
43875,829,686,5,9
43876,829,774,0,27
43877,829,775,0,45
43878,829,427,0,52
43879,829,609,0,56
43880,829,626,0,58
43881,829,670,0,61
43882,829,697,3,13
43883,829,661,0,25
43884,829,778,0,30
43885,829,619,0,35
43886,829,708,0,37
43887,829,776,0,46
43888,829,777,0,51
43889,829,747,0,53
43890,829,779,0,57
43891,829,675,2,19
43892,830,579,27,1
43893,830,641,8,7
43894,830,642,15,4
43895,830,763,3,11
43896,830,640,2,17
43897,830,647,17,2
43898,830,589,0,20
43899,830,475,0,31
43900,830,627,3,12
43901,830,741,0,35
43902,830,723,0,21
43903,830,501,0,39
43904,830,660,0,24
43905,830,764,0,33
43906,830,687,0,34
43907,830,765,0,51
43908,830,725,0,54
43909,830,704,2,16
43910,830,633,15,5
43911,830,498,15,3
43912,830,721,0,63
43913,830,766,9,6
43914,830,673,6,8
43915,830,658,2,15
43916,830,612,3,14
43917,830,734,2,18
43918,830,731,0,22
43919,830,767,0,26
43920,830,518,0,29
43921,830,529,0,40
43922,830,699,0,41
43923,830,534,0,42
43924,830,611,0,43
43925,830,729,0,45
43926,830,768,0,46
43927,830,654,0,47
43928,830,653,0,50
43929,830,615,0,55
43930,830,700,0,58
43931,830,769,0,59
43932,830,521,0,61
43933,830,593,0,65
43934,830,770,0,66
43935,830,526,0,67
43936,830,630,0,68
43937,830,733,0,69
43938,830,771,0,70
43939,830,449,0,71
43940,830,629,0,72
43941,830,657,0,73
43942,830,726,0,74
43943,830,772,0,75
43944,830,732,0,76
43945,830,728,0,77
43946,830,429,0,23
43947,830,773,0,28
43948,830,786,4,10
43949,830,686,5,9
43950,830,774,0,30
43951,830,775,0,48
43952,830,427,0,44
43953,830,609,0,53
43954,830,626,0,25
43955,830,670,0,64
43956,830,697,3,13
43957,830,661,0,27
43958,830,778,0,32
43959,830,619,0,37
43960,830,708,0,38
43961,830,776,0,49
43962,830,777,0,56
43963,830,747,0,57
43964,830,779,0,60
43965,830,680,0,36
43966,830,756,0,52
43967,830,780,0,62
43968,830,675,2,19
43969,831,579,27,1
43970,831,641,10,6
43971,831,642,17,4
43972,831,763,3,12
43973,831,640,2,17
43974,831,647,25,2
43975,831,589,0,20
43976,831,475,0,32
43977,831,627,3,13
43978,831,741,0,37
43979,831,723,0,21
43980,831,501,0,41
43981,831,660,0,25
43982,831,764,0,34
43983,831,687,0,35
43984,831,765,0,53
43985,831,725,0,55
43986,831,704,2,16
43987,831,633,15,5
43988,831,498,21,3
43989,831,721,0,65
43990,831,766,9,7
43991,831,673,6,8
43992,831,658,2,15
43993,831,612,3,14
43994,831,734,2,18
43995,831,731,0,23
43996,831,767,0,27
43997,831,518,0,30
43998,831,529,0,42
43999,831,699,0,43
44000,831,534,0,45
44001,831,611,0,46
44002,831,729,0,47
44003,831,768,0,48
44004,831,654,0,49
44005,831,653,0,52
44006,831,615,0,56
44007,831,700,0,59
44008,831,769,0,60
44009,831,521,0,63
44010,831,593,0,67
44011,831,770,0,68
44012,831,526,0,70
44013,831,630,0,71
44014,831,733,0,72
44015,831,771,0,73
44016,831,449,0,74
44017,831,629,0,75
44018,831,657,0,76
44019,831,726,0,77
44020,831,772,0,78
44021,831,732,0,79
44022,831,728,0,80
44023,831,429,0,24
44024,831,773,0,29
44025,831,786,4,11
44026,831,686,5,10
44027,831,774,0,31
44028,831,775,0,50
44029,831,427,0,44
44030,831,609,0,22
44031,831,626,0,26
44032,831,670,0,66
44033,831,697,5,9
44034,831,661,0,28
44035,831,778,0,33
44036,831,619,0,39
44037,831,708,0,40
44038,831,776,0,51
44039,831,777,0,57
44040,831,747,0,58
44041,831,779,0,61
44042,831,680,0,38
44043,831,756,0,54
44044,831,780,0,64
44045,831,762,0,36
44046,831,622,0,62
44047,831,781,0,69
44048,831,675,2,19
44049,832,579,31,1
44050,832,641,10,6
44051,832,642,19,4
44052,832,763,3,12
44053,832,640,2,16
44054,832,647,25,2
44055,832,589,0,20
44056,832,475,0,33
44057,832,627,3,13
44058,832,741,0,30
44059,832,723,0,21
44060,832,501,0,42
44061,832,660,0,26
44062,832,764,0,35
44063,832,687,0,36
44064,832,765,0,55
44065,832,725,0,57
44066,832,704,2,17
44067,832,633,15,5
44068,832,498,24,3
44069,832,721,0,69
44070,832,766,9,7
44071,832,673,6,9
44072,832,658,2,15
44073,832,612,3,14
44074,832,734,2,18
44075,832,731,0,23
44076,832,767,0,27
44077,832,518,0,31
44078,832,529,0,43
44079,832,699,0,44
44080,832,534,0,46
44081,832,611,0,47
44082,832,729,0,48
44083,832,768,0,49
44084,832,654,0,50
44085,832,653,0,53
44086,832,615,0,58
44087,832,700,0,61
44088,832,769,0,63
44089,832,521,0,67
44090,832,593,0,71
44091,832,770,0,72
44092,832,526,0,74
44093,832,630,0,75
44094,832,733,0,76
44095,832,771,0,77
44096,832,449,0,78
44097,832,629,0,79
44098,832,657,0,80
44099,832,726,0,81
44100,832,772,0,82
44101,832,732,0,83
44102,832,728,0,84
44103,832,429,0,24
44104,832,773,0,29
44105,832,786,4,11
44106,832,686,5,10
44107,832,774,0,32
44108,832,775,0,51
44109,832,427,0,45
44110,832,609,0,22
44111,832,626,0,25
44112,832,670,0,70
44113,832,697,7,8
44114,832,661,0,28
44115,832,778,0,34
44116,832,619,0,40
44117,832,708,0,41
44118,832,776,0,52
44119,832,777,0,59
44120,832,747,0,60
44121,832,779,0,64
44122,832,680,0,38
44123,832,756,0,56
44124,832,780,0,68
44125,832,762,0,37
44126,832,622,0,66
44127,832,781,0,73
44128,832,580,0,39
44129,832,783,0,54
44130,832,669,0,62
44131,832,782,0,65
44132,832,675,2,19
44133,817,641,9,1
44134,817,723,6,2
44135,817,554,4,3
44136,817,663,3,4
44137,817,689,2,5
44138,817,640,0,6
44139,817,721,0,7
44140,817,688,0,8
44141,817,669,0,9
44142,817,609,0,11
44143,817,501,0,12
44144,817,475,0,13
44145,817,651,0,14
44146,817,626,0,15
44147,817,642,0,10
44148,817,581,0,16
44149,817,725,0,17
44150,817,717,0,18
44151,817,724,0,19
44152,817,627,0,20
44153,817,720,0,21
44154,818,641,9,1
44155,818,723,6,3
44156,818,554,4,5
44157,818,663,3,8
44158,818,689,2,9
44159,818,640,0,13
44160,818,721,0,14
44161,818,688,0,16
44162,818,669,0,30
44163,818,609,0,32
44164,818,501,0,33
44165,818,475,0,34
44166,818,651,0,35
44167,818,626,0,36
44168,818,642,0,31
44169,818,581,0,37
44170,818,725,0,38
44171,818,717,0,39
44172,818,724,0,40
44173,818,627,0,41
44174,818,720,0,42
44175,818,526,8,2
44176,818,509,6,4
44177,818,611,4,6
44178,818,518,3,7
44179,818,656,2,10
44180,818,525,0,12
44181,818,592,0,15
44182,818,726,0,17
44183,818,629,0,18
44184,818,593,0,19
44185,818,658,0,20
44186,818,727,0,21
44187,818,728,0,22
44188,818,729,0,23
44189,818,730,0,24
44190,818,513,0,25
44191,818,657,1,11
44192,818,521,0,26
44193,818,731,0,27
44194,818,675,0,28
44195,818,732,0,29
44196,818,677,0,43
44197,818,449,0,44
44198,818,529,0,45
44199,818,699,0,46
44200,818,628,0,47
44201,818,615,0,48
44202,818,520,0,49
44203,818,702,0,50
44204,818,733,0,51
44205,818,647,0,52
44206,818,734,0,53
44207,818,612,0,54
44208,819,641,9,1
44209,819,723,6,5
44210,819,554,4,8
44211,819,663,3,10
44212,819,689,2,13
44213,819,640,0,18
44214,819,721,0,20
44215,819,688,0,22
44216,819,669,0,26
44217,819,609,0,43
44218,819,501,0,44
44219,819,475,0,45
44220,819,651,0,28
44221,819,626,4,7
44222,819,642,6,4
44223,819,581,0,46
44224,819,725,0,48
44225,819,717,0,49
44226,819,724,0,50
44227,819,627,0,51
44228,819,720,0,52
44229,819,526,8,3
44230,819,509,6,6
44231,819,611,4,9
44232,819,518,3,11
44233,819,656,2,14
44234,819,525,0,17
44235,819,592,0,21
44236,819,726,0,24
44237,819,629,0,25
44238,819,593,0,27
44239,819,658,0,29
44240,819,727,0,31
44241,819,728,0,32
44242,819,729,0,35
44243,819,730,0,36
44244,819,513,0,38
44245,819,657,1,16
44246,819,521,0,39
44247,819,731,0,40
44248,819,675,0,41
44249,819,732,0,42
44250,819,677,0,53
44251,819,449,0,54
44252,819,529,0,55
44253,819,699,0,56
44254,819,628,0,57
44255,819,615,0,58
44256,819,520,0,59
44257,819,702,0,60
44258,819,733,0,61
44259,819,647,9,2
44260,819,734,0,62
44261,819,612,0,63
44262,819,578,3,12
44263,819,632,2,15
44264,819,735,0,19
44265,819,660,0,23
44266,819,736,0,30
44267,819,703,0,33
44268,819,737,0,34
44269,819,738,0,37
44270,819,739,0,47
44271,820,641,13,2
44272,820,723,6,6
44273,820,554,4,8
44274,820,663,3,11
44275,820,689,2,13
44276,820,640,0,18
44277,820,721,0,21
44278,820,688,0,24
44279,820,669,0,30
44280,820,609,0,48
44281,820,501,0,49
44282,820,475,0,50
44283,820,651,0,28
44284,820,626,7,5
44285,820,642,12,3
44286,820,581,0,19
44287,820,725,0,54
44288,820,717,0,55
44289,820,724,0,56
44290,820,627,0,53
44291,820,720,0,58
44292,820,526,8,4
44293,820,509,6,7
44294,820,611,4,9
44295,820,518,3,12
44296,820,656,2,14
44297,820,525,0,20
44298,820,592,0,23
44299,820,726,0,27
44300,820,629,0,29
44301,820,593,0,32
44302,820,658,0,33
44303,820,727,0,36
44304,820,728,0,37
44305,820,729,0,40
44306,820,730,0,41
44307,820,513,0,43
44308,820,657,1,17
44309,820,521,0,44
44310,820,731,0,45
44311,820,675,0,46
44312,820,732,0,47
44313,820,677,0,59
44314,820,449,0,60
44315,820,529,0,61
44316,820,699,0,62
44317,820,628,0,63
44318,820,615,0,64
44319,820,520,0,65
44320,820,702,0,66
44321,820,733,0,67
44322,820,647,18,1
44323,820,734,0,68
44324,820,612,0,69
44325,820,578,3,10
44326,820,632,2,15
44327,820,735,0,22
44328,820,660,0,25
44329,820,736,0,35
44330,820,703,0,38
44331,820,737,0,39
44332,820,738,0,42
44333,820,739,0,51
44334,820,427,2,16
44335,820,741,0,26
44336,820,704,0,31
44337,820,740,0,34
44338,820,687,0,52
44339,820,722,0,57
44340,821,641,19,2
44341,821,723,6,7
44342,821,554,4,9
44343,821,663,3,11
44344,821,689,2,14
44345,821,640,0,20
44346,821,721,0,23
44347,821,688,0,27
44348,821,669,0,35
44349,821,609,0,59
44350,821,501,0,52
44351,821,475,0,60
44352,821,651,0,32
44353,821,626,7,5
44354,821,642,12,3
44355,821,581,0,21
44356,821,725,0,63
44357,821,717,0,64
44358,821,724,0,65
44359,821,627,0,62
44360,821,720,0,67
44361,821,526,8,4
44362,821,509,6,8
44363,821,611,4,10
44364,821,518,3,12
44365,821,656,2,16
44366,821,525,0,22
44367,821,592,0,26
44368,821,726,0,30
44369,821,629,0,34
44370,821,593,0,38
44371,821,658,0,39
44372,821,727,0,42
44373,821,728,0,44
44374,821,729,0,47
44375,821,730,0,49
44376,821,513,0,50
44377,821,657,1,19
44378,821,521,0,54
44379,821,731,0,55
44380,821,675,0,56
44381,821,732,0,58
44382,821,677,0,68
44383,821,449,0,69
44384,821,529,0,70
44385,821,699,0,72
44386,821,628,0,73
44387,821,615,0,74
44388,821,520,0,75
44389,821,702,0,77
44390,821,733,0,78
44391,821,647,27,1
44392,821,734,0,81
44393,821,612,0,82
44394,821,578,7,6
44395,821,632,2,17
44396,821,735,0,24
44397,821,660,0,28
44398,821,736,0,41
44399,821,703,0,45
44400,821,737,0,46
44401,821,738,0,48
44402,821,739,0,61
44403,821,427,2,15
44404,821,741,0,29
44405,821,704,0,37
44406,821,740,0,40
44407,821,687,0,36
44408,821,722,0,66
44409,821,742,3,13
44410,821,743,2,18
44411,821,686,0,25
44412,821,456,0,31
44413,821,744,0,33
44414,821,745,0,43
44415,821,664,0,51
44416,821,746,0,53
44417,821,705,0,57
44418,821,708,0,71
44419,821,747,0,76
44420,821,748,0,79
44421,821,749,0,80
44422,822,641,22,2
44423,822,723,10,4
44424,822,554,6,9
44425,822,663,3,11
44426,822,689,2,14
44427,822,640,0,21
44428,822,721,0,24
44429,822,688,0,29
44430,822,669,0,39
44431,822,609,0,64
44432,822,501,0,57
44433,822,475,0,65
44434,822,651,0,35
44435,822,626,7,6
44436,822,642,18,3
44437,822,581,0,22
44438,822,725,0,70
44439,822,717,0,73
44440,822,724,0,31
44441,822,627,0,69
44442,822,720,0,77
44443,822,526,8,5
44444,822,509,6,8
44445,822,611,4,10
44446,822,518,3,12
44447,822,656,2,17
44448,822,525,0,23
44449,822,592,0,27
44450,822,726,0,33
44451,822,629,0,37
44452,822,593,0,42
44453,822,658,0,44
44454,822,727,0,47
44455,822,728,0,49
44456,822,729,0,52
44457,822,730,0,54
44458,822,513,0,55
44459,822,657,1,19
44460,822,521,0,59
44461,822,731,0,60
44462,822,675,0,61
44463,822,732,0,63
44464,822,677,0,80
44465,822,449,0,81
44466,822,529,0,82
44467,822,699,0,86
44468,822,628,0,87
44469,822,615,0,88
44470,822,520,0,90
44471,822,702,0,93
44472,822,733,0,94
44473,822,647,36,1
44474,822,734,0,95
44475,822,612,0,96
44476,822,578,7,7
44477,822,632,2,16
44478,822,735,0,25
44479,822,660,0,30
44480,822,736,0,20
44481,822,703,0,50
44482,822,737,0,51
44483,822,738,0,53
44484,822,739,0,68
44485,822,427,2,15
44486,822,741,0,32
44487,822,704,0,41
44488,822,740,0,45
44489,822,687,0,40
44490,822,722,0,75
44491,822,742,3,13
44492,822,743,2,18
44493,822,686,0,26
44494,822,456,0,34
44495,822,744,0,36
44496,822,745,0,48
44497,822,664,0,56
44498,822,746,0,58
44499,822,705,0,62
44500,822,708,0,83
44501,822,747,0,91
44502,822,748,0,74
44503,822,749,0,79
44504,822,751,0,28
44505,822,752,0,38
44506,822,753,0,43
44507,822,709,0,46
44508,822,712,0,66
44509,822,750,0,67
44510,822,754,0,71
44511,822,715,0,72
44512,822,710,0,76
44513,822,755,0,78
44514,822,756,0,84
44515,822,697,0,85
44516,822,692,0,89
44517,822,757,0,92
44518,823,641,22,3
44519,823,723,10,4
44520,823,554,6,9
44521,823,663,3,12
44522,823,689,2,15
44523,823,640,0,22
44524,823,721,0,25
44525,823,688,0,32
44526,823,669,0,43
44527,823,609,0,68
44528,823,501,0,61
44529,823,475,0,69
44530,823,651,0,31
44531,823,626,9,6
44532,823,642,24,2
44533,823,581,0,23
44534,823,725,0,75
44535,823,717,0,78
44536,823,724,0,34
44537,823,627,0,74
44538,823,720,0,82
44539,823,526,8,7
44540,823,509,6,8
44541,823,611,4,10
44542,823,518,3,13
44543,823,656,2,18
44544,823,525,0,24
44545,823,592,0,29
44546,823,726,0,36
44547,823,629,0,40
44548,823,593,0,46
44549,823,658,0,48
44550,823,727,0,51
44551,823,728,0,53
44552,823,729,0,56
44553,823,730,0,58
44554,823,513,0,59
44555,823,657,1,20
44556,823,521,0,63
44557,823,731,0,64
44558,823,675,0,65
44559,823,732,0,67
44560,823,677,0,85
44561,823,449,0,86
44562,823,529,0,87
44563,823,699,0,90
44564,823,628,0,91
44565,823,615,0,92
44566,823,520,0,94
44567,823,702,0,97
44568,823,733,0,98
44569,823,647,36,1
44570,823,734,0,99
44571,823,612,0,100
44572,823,578,10,5
44573,823,632,2,17
44574,823,735,0,26
44575,823,660,0,33
44576,823,736,0,21
44577,823,703,0,54
44578,823,737,0,55
44579,823,738,0,57
44580,823,739,0,73
44581,823,427,2,16
44582,823,741,0,35
44583,823,704,0,45
44584,823,740,0,49
44585,823,687,0,44
44586,823,722,0,80
44587,823,742,3,14
44588,823,743,2,19
44589,823,686,0,28
44590,823,456,0,37
44591,823,744,0,38
44592,823,745,0,52
44593,823,664,0,60
44594,823,746,0,62
44595,823,705,0,66
44596,823,708,0,27
44597,823,747,0,95
44598,823,748,0,79
44599,823,749,0,84
44600,823,751,0,30
44601,823,752,0,42
44602,823,753,0,47
44603,823,709,0,50
44604,823,712,0,71
44605,823,750,0,72
44606,823,754,0,76
44607,823,715,0,77
44608,823,710,0,81
44609,823,755,0,83
44610,823,756,0,88
44611,823,697,0,89
44612,823,692,0,93
44613,823,757,0,96
44614,823,633,4,11
44615,823,622,0,41
44616,823,758,0,70
44617,823,759,0,39
44618,824,641,22,3
44619,824,723,10,4
44620,824,554,6,11
44621,824,663,3,13
44622,824,689,2,16
44623,824,640,0,24
44624,824,721,0,28
44625,824,688,0,35
44626,824,669,0,46
44627,824,609,0,25
44628,824,501,0,66
44629,824,475,0,73
44630,824,651,0,34
44631,824,626,9,6
44632,824,642,24,2
44633,824,581,0,26
44634,824,725,0,78
44635,824,717,0,80
44636,824,724,0,38
44637,824,627,0,48
44638,824,720,0,85
44639,824,526,8,7
44640,824,509,6,10
44641,824,611,4,12
44642,824,518,3,15
44643,824,656,2,20
44644,824,525,0,27
44645,824,592,0,32
44646,824,726,0,40
44647,824,629,0,44
44648,824,593,0,50
44649,824,658,0,53
44650,824,727,0,56
44651,824,728,0,58
44652,824,729,0,61
44653,824,730,0,63
44654,824,513,0,65
44655,824,657,1,22
44656,824,521,0,68
44657,824,731,0,69
44658,824,675,0,70
44659,824,732,0,72
44660,824,677,0,88
44661,824,449,0,89
44662,824,529,0,91
44663,824,699,0,93
44664,824,628,0,95
44665,824,615,0,96
44666,824,520,0,98
44667,824,702,0,101
44668,824,733,0,102
44669,824,647,36,1
44670,824,734,0,103
44671,824,612,0,104
44672,824,578,10,5
44673,824,632,2,18
44674,824,735,0,29
44675,824,660,0,37
44676,824,736,0,23
44677,824,703,0,59
44678,824,737,0,60
44679,824,738,0,62
44680,824,739,0,77
44681,824,427,2,17
44682,824,741,0,39
44683,824,704,0,49
44684,824,740,0,54
44685,824,687,0,47
44686,824,722,0,82
44687,824,742,3,14
44688,824,743,2,21
44689,824,686,0,31
44690,824,456,0,41
44691,824,744,0,42
44692,824,745,0,57
44693,824,664,0,64
44694,824,746,0,67
44695,824,705,0,71
44696,824,708,0,30
44697,824,747,0,99
44698,824,748,0,51
44699,824,749,0,87
44700,824,751,0,33
44701,824,752,0,45
44702,824,753,0,52
44703,824,709,0,55
44704,824,712,0,75
44705,824,750,0,76
44706,824,754,0,79
44707,824,715,0,81
44708,824,710,0,83
44709,824,755,0,86
44710,824,756,0,92
44711,824,697,2,19
44712,824,692,0,97
44713,824,757,0,100
44714,824,633,8,8
44715,824,622,0,36
44716,824,758,0,74
44717,824,759,0,43
44718,824,498,6,9
44719,824,762,0,84
44720,824,625,0,90
44721,824,761,0,94
44722,824,760,0,105
44723,808,647,9,1
44724,808,633,6,2
44725,808,498,4,3
44726,808,578,3,4
44727,808,695,2,5
44728,808,554,0,6
44729,808,427,0,8
44730,808,696,0,9
44731,808,689,0,10
44732,808,626,0,11
44733,808,579,0,12
44734,808,697,0,13
44735,808,642,0,14
44736,808,496,0,15
44737,808,649,0,16
44738,808,698,0,17
44739,808,501,0,7
44740,809,647,9,1
44741,809,633,6,4
44742,809,498,4,5
44743,809,578,3,6
44744,809,695,2,9
44745,809,554,0,13
44746,809,427,0,18
44747,809,696,0,19
44748,809,689,0,24
44749,809,626,0,37
44750,809,579,0,38
44751,809,697,0,39
44752,809,642,0,40
44753,809,496,0,41
44754,809,649,0,42
44755,809,698,0,43
44756,809,657,9,2
44757,809,656,6,3
44758,809,611,2,8
44759,809,615,2,12
44760,809,658,2,10
44761,809,556,0,14
44762,809,509,0,15
44763,809,679,0,20
44764,809,529,0,23
44765,809,653,0,25
44766,809,699,0,26
44767,809,700,0,28
44768,809,675,0,29
44769,809,525,0,30
44770,809,701,0,31
44771,809,449,0,34
44772,809,654,0,35
44773,809,613,0,44
44774,809,677,0,47
44775,809,628,0,48
44776,809,673,0,49
44777,809,559,0,50
44778,809,659,0,51
44779,809,518,2,7
44780,809,555,2,11
44781,809,593,0,52
44782,809,528,0,53
44783,809,520,0,22
44784,809,521,0,21
44785,809,655,0,54
44786,809,702,0,27
44787,809,512,0,45
44788,809,612,0,32
44789,809,501,0,17
44790,809,513,0,16
44791,809,630,0,33
44792,809,804,0,36
44793,809,797,0,46
44794,810,647,17,1
44795,810,633,7,3
44796,810,498,6,6
44797,810,578,6,7
44798,810,695,2,12
44799,810,554,0,17
44800,810,427,0,16
44801,810,696,0,23
44802,810,689,0,29
44803,810,626,0,43
44804,810,579,0,44
44805,810,697,2,8
44806,810,642,6,4
44807,810,496,0,47
44808,810,649,0,48
44809,810,698,0,50
44810,810,657,9,2
44811,810,656,6,5
44812,810,611,2,10
44813,810,615,2,15
44814,810,658,2,13
44815,810,556,0,18
44816,810,509,0,19
44817,810,679,0,25
44818,810,529,0,28
44819,810,653,0,31
44820,810,699,0,32
44821,810,700,0,34
44822,810,675,0,35
44823,810,525,0,36
44824,810,701,0,37
44825,810,449,0,40
44826,810,654,0,41
44827,810,613,0,53
44828,810,677,0,57
44829,810,628,0,58
44830,810,673,0,59
44831,810,559,0,60
44832,810,659,0,61
44833,810,518,2,9
44834,810,555,2,14
44835,810,593,0,62
44836,810,528,0,63
44837,810,520,0,27
44838,810,521,0,26
44839,810,655,0,64
44840,810,702,0,33
44841,810,512,0,54
44842,810,612,0,38
44843,810,640,2,11
44844,810,627,0,22
44845,810,581,0,24
44846,810,475,0,30
44847,810,664,0,45
44848,810,501,0,20
44849,810,660,0,46
44850,810,643,0,49
44851,810,663,0,51
44852,810,456,0,52
44853,810,651,0,56
44854,810,513,0,21
44855,810,630,0,39
44856,810,804,0,42
44857,810,797,0,55
44858,811,647,25,1
44859,811,633,13,2
44860,811,498,7,4
44861,811,578,6,7
44862,811,695,2,14
44863,811,554,0,18
44864,811,427,2,13
44865,811,696,0,25
44866,811,689,0,30
44867,811,626,0,47
44868,811,579,0,48
44869,811,697,2,10
44870,811,642,6,5
44871,811,496,0,52
44872,811,649,0,53
44873,811,698,0,55
44874,811,657,9,3
44875,811,656,6,6
44876,811,611,2,12
44877,811,615,2,17
44878,811,658,2,15
44879,811,556,0,19
44880,811,509,0,22
44881,811,679,0,26
44882,811,529,0,29
44883,811,653,0,33
44884,811,699,0,35
44885,811,700,0,38
44886,811,675,0,39
44887,811,525,0,40
44888,811,701,0,41
44889,811,449,0,44
44890,811,654,0,45
44891,811,613,0,58
44892,811,677,0,62
44893,811,628,0,64
44894,811,673,0,65
44895,811,559,0,66
44896,811,659,0,67
44897,811,518,2,11
44898,811,555,2,16
44899,811,593,0,68
44900,811,528,0,69
44901,811,520,0,28
44902,811,521,0,27
44903,811,655,0,70
44904,811,702,0,37
44905,811,512,0,59
44906,811,612,0,42
44907,811,640,5,8
44908,811,627,0,21
44909,811,581,0,24
44910,811,475,0,31
44911,811,664,0,49
44912,811,501,0,20
44913,811,660,0,50
44914,811,643,0,54
44915,811,663,0,56
44916,811,456,0,57
44917,811,651,0,51
44918,811,670,4,9
44919,811,693,0,32
44920,811,632,0,34
44921,811,429,0,36
44922,811,681,0,60
44923,811,703,0,63
44924,811,513,0,23
44925,811,630,0,43
44926,811,804,0,46
44927,811,797,0,61
44928,812,647,28,1
44929,812,633,13,3
44930,812,498,11,4
44931,812,578,14,2
44932,812,695,2,15
44933,812,554,0,19
44934,812,427,2,14
44935,812,696,0,26
44936,812,689,0,32
44937,812,626,0,52
44938,812,579,7,7
44939,812,697,2,11
44940,812,642,8,6
44941,812,496,0,55
44942,812,649,0,57
44943,812,698,0,58
44944,812,657,9,5
44945,812,656,6,8
44946,812,611,2,13
44947,812,615,2,18
44948,812,658,2,16
44949,812,556,0,20
44950,812,509,0,23
44951,812,679,0,27
44952,812,529,0,31
44953,812,653,0,34
44954,812,699,0,37
44955,812,700,0,41
44956,812,675,0,42
44957,812,525,0,43
44958,812,701,0,46
44959,812,449,0,49
44960,812,654,0,50
44961,812,613,0,62
44962,812,677,0,67
44963,812,628,0,69
44964,812,673,0,70
44965,812,559,0,71
44966,812,659,0,72
44967,812,518,2,12
44968,812,555,2,17
44969,812,593,0,73
44970,812,528,0,74
44971,812,520,0,30
44972,812,521,0,29
44973,812,655,0,75
44974,812,702,0,40
44975,812,512,0,63
44976,812,612,0,47
44977,812,640,5,9
44978,812,627,0,22
44979,812,581,0,25
44980,812,475,0,28
44981,812,664,0,53
44982,812,501,0,21
44983,812,660,0,39
44984,812,643,0,56
44985,812,663,0,59
44986,812,456,0,60
44987,812,651,0,54
44988,812,670,4,10
44989,812,693,0,33
44990,812,632,0,35
44991,812,429,0,38
44992,812,681,0,65
44993,812,703,0,68
44994,812,619,0,36
44995,812,704,0,44
44996,812,589,0,45
44997,812,669,0,61
44998,812,625,0,64
44999,812,513,0,24
45000,812,630,0,48
45001,812,804,0,51
45002,812,797,0,66
45003,813,647,34,1
45004,813,633,13,4
45005,813,498,14,3
45006,813,578,16,2
45007,813,695,2,15
45008,813,554,0,19
45009,813,427,2,14
45010,813,696,0,28
45011,813,689,0,30
45012,813,626,0,55
45013,813,579,13,5
45014,813,697,2,11
45015,813,642,12,6
45016,813,496,0,60
45017,813,649,0,62
45018,813,698,0,63
45019,813,657,9,7
45020,813,656,6,8
45021,813,611,2,13
45022,813,615,2,18
45023,813,658,2,16
45024,813,556,0,20
45025,813,509,0,23
45026,813,679,0,29
45027,813,529,0,34
45028,813,653,0,37
45029,813,699,0,40
45030,813,700,0,44
45031,813,675,0,45
45032,813,525,0,46
45033,813,701,0,49
45034,813,449,0,52
45035,813,654,0,53
45036,813,613,0,66
45037,813,677,0,71
45038,813,628,0,73
45039,813,673,0,74
45040,813,559,0,75
45041,813,659,0,77
45042,813,518,2,12
45043,813,555,2,17
45044,813,593,0,79
45045,813,528,0,81
45046,813,520,0,33
45047,813,521,0,32
45048,813,655,0,82
45049,813,702,0,43
45050,813,512,0,67
45051,813,612,0,50
45052,813,640,5,9
45053,813,627,0,22
45054,813,581,0,26
45055,813,475,0,31
45056,813,664,0,56
45057,813,501,0,21
45058,813,660,0,42
45059,813,643,0,61
45060,813,663,0,27
45061,813,456,0,65
45062,813,651,0,59
45063,813,670,4,10
45064,813,693,0,35
45065,813,632,0,38
45066,813,429,0,41
45067,813,681,0,69
45068,813,703,0,72
45069,813,619,0,39
45070,813,704,0,47
45071,813,589,0,48
45072,813,669,0,24
45073,813,625,0,68
45074,813,687,0,36
45075,813,706,0,57
45076,813,666,0,58
45077,813,486,0,64
45078,813,707,0,76
45079,813,708,0,78
45080,813,705,0,80
45081,813,513,0,25
45082,813,630,0,51
45083,813,804,0,54
45084,813,797,0,70
45085,814,647,34,1
45086,814,633,13,6
45087,814,498,14,5
45088,814,578,18,4
45089,814,695,2,15
45090,814,554,0,20
45091,814,427,2,14
45092,814,696,0,30
45093,814,689,0,32
45094,814,626,0,63
45095,814,579,19,3
45096,814,697,5,10
45097,814,642,20,2
45098,814,496,0,67
45099,814,649,0,69
45100,814,698,0,70
45101,814,657,9,7
45102,814,656,6,9
45103,814,611,2,13
45104,814,615,2,18
45105,814,658,2,16
45106,814,556,0,21
45107,814,509,0,24
45108,814,679,0,31
45109,814,529,0,35
45110,814,653,0,39
45111,814,699,0,42
45112,814,700,0,48
45113,814,675,0,50
45114,814,525,0,51
45115,814,701,0,55
45116,814,449,0,60
45117,814,654,0,61
45118,814,613,0,73
45119,814,677,0,78
45120,814,628,0,81
45121,814,673,0,82
45122,814,559,0,83
45123,814,659,0,87
45124,814,518,2,12
45125,814,555,2,17
45126,814,593,0,89
45127,814,528,0,92
45128,814,520,0,34
45129,814,521,0,33
45130,814,655,0,95
45131,814,702,0,46
45132,814,512,0,74
45133,814,612,0,57
45134,814,640,7,8
45135,814,627,0,23
45136,814,581,0,28
45137,814,475,0,19
45138,814,664,0,49
45139,814,501,0,22
45140,814,660,0,45
45141,814,643,0,68
45142,814,663,0,29
45143,814,456,0,72
45144,814,651,0,66
45145,814,670,4,11
45146,814,693,0,37
45147,814,632,0,40
45148,814,429,0,44
45149,814,681,0,76
45150,814,703,0,80
45151,814,619,0,41
45152,814,704,0,52
45153,814,589,0,54
45154,814,669,0,25
45155,814,625,0,75
45156,814,687,0,38
45157,814,706,0,64
45158,814,666,0,65
45159,814,486,0,71
45160,814,707,0,85
45161,814,708,0,88
45162,814,705,0,90
45163,814,680,0,27
45164,814,478,0,36
45165,814,690,0,43
45166,814,692,0,47
45167,814,710,0,53
45168,814,709,0,56
45169,814,455,0,59
45170,814,431,0,79
45171,814,711,0,84
45172,814,712,0,86
45173,814,713,0,91
45174,814,714,0,93
45175,814,715,0,94
45176,814,716,0,96
45177,814,717,0,97
45178,814,718,0,98
45179,814,513,0,26
45180,814,630,0,58
45181,814,804,0,62
45182,814,797,0,77
45183,815,647,34,1
45184,815,633,13,6
45185,815,498,14,5
45186,815,578,19,4
45187,815,695,2,15
45188,815,554,0,21
45189,815,427,2,14
45190,815,696,0,31
45191,815,689,0,34
45192,815,626,0,67
45193,815,579,20,3
45194,815,697,6,9
45195,815,642,24,2
45196,815,496,0,71
45197,815,649,0,73
45198,815,698,0,74
45199,815,657,9,7
45200,815,656,6,10
45201,815,611,2,13
45202,815,615,2,19
45203,815,658,2,17
45204,815,556,0,22
45205,815,509,0,26
45206,815,679,0,33
45207,815,529,0,37
45208,815,653,0,43
45209,815,699,0,45
45210,815,700,0,51
45211,815,675,0,53
45212,815,525,0,54
45213,815,701,0,58
45214,815,449,0,63
45215,815,654,0,64
45216,815,613,0,78
45217,815,677,0,83
45218,815,628,0,86
45219,815,673,0,87
45220,815,559,0,88
45221,815,659,0,92
45222,815,518,2,12
45223,815,555,2,18
45224,815,593,0,94
45225,815,528,0,97
45226,815,520,0,36
45227,815,521,0,35
45228,815,655,0,100
45229,815,702,0,49
45230,815,512,0,79
45231,815,612,0,60
45232,815,640,7,8
45233,815,627,0,24
45234,815,581,0,30
45235,815,475,0,20
45236,815,664,0,52
45237,815,501,0,23
45238,815,660,0,48
45239,815,643,0,72
45240,815,663,0,25
45241,815,456,0,77
45242,815,651,0,70
45243,815,670,4,11
45244,815,693,0,40
45245,815,632,0,42
45246,815,429,0,47
45247,815,681,0,81
45248,815,703,0,85
45249,815,619,0,44
45250,815,704,0,55
45251,815,589,0,57
45252,815,669,0,27
45253,815,625,0,80
45254,815,687,0,41
45255,815,706,0,68
45256,815,666,0,69
45257,815,486,0,75
45258,815,707,0,90
45259,815,708,0,93
45260,815,705,0,95
45261,815,680,0,28
45262,815,478,0,38
45263,815,690,0,46
45264,815,692,0,50
45265,815,710,0,56
45266,815,709,0,59
45267,815,455,0,62
45268,815,431,0,84
45269,815,711,0,89
45270,815,712,0,91
45271,815,713,0,96
45272,815,714,0,98
45273,815,715,0,99
45274,815,716,0,101
45275,815,717,0,102
45276,815,718,0,103
45277,815,691,2,16
45278,815,720,0,32
45279,815,719,0,39
45280,815,622,0,66
45281,815,721,0,76
45282,815,513,0,29
45283,815,630,0,61
45284,815,804,0,65
45285,815,797,0,82
45286,816,647,34,1
45287,816,633,17,5
45288,816,498,14,6
45289,816,578,19,4
45290,816,695,2,15
45291,816,554,0,21
45292,816,427,4,12
45293,816,696,0,34
45294,816,689,0,38
45295,816,626,0,72
45296,816,579,28,2
45297,816,697,6,9
45298,816,642,26,3
45299,816,496,0,76
45300,816,649,0,77
45301,816,698,0,78
45302,816,657,9,7
45303,816,656,6,10
45304,816,611,2,14
45305,816,615,2,19
45306,816,658,2,17
45307,816,556,0,23
45308,816,509,0,28
45309,816,679,0,37
45310,816,529,0,41
45311,816,653,0,48
45312,816,699,0,50
45313,816,700,0,56
45314,816,675,0,58
45315,816,525,0,61
45316,816,701,0,63
45317,816,449,0,68
45318,816,654,0,69
45319,816,613,0,82
45320,816,677,0,87
45321,816,628,0,90
45322,816,673,0,91
45323,816,559,0,92
45324,816,659,0,96
45325,816,518,2,13
45326,816,555,2,18
45327,816,593,0,99
45328,816,528,0,102
45329,816,520,0,40
45330,816,521,0,39
45331,816,655,0,106
45332,816,702,0,54
45333,816,512,0,84
45334,816,612,0,65
45335,816,640,7,8
45336,816,627,0,25
45337,816,581,0,33
45338,816,475,0,20
45339,816,664,0,57
45340,816,501,0,24
45341,816,660,0,53
45342,816,643,0,22
45343,816,663,0,26
45344,816,456,0,81
45345,816,651,0,75
45346,816,670,4,11
45347,816,693,0,44
45348,816,632,0,47
45349,816,429,0,52
45350,816,681,0,85
45351,816,703,0,89
45352,816,619,0,49
45353,816,704,0,59
45354,816,589,0,46
45355,816,669,0,27
45356,816,625,0,83
45357,816,687,0,45
45358,816,706,0,73
45359,816,666,0,74
45360,816,486,0,79
45361,816,707,0,94
45362,816,708,0,98
45363,816,705,0,100
45364,816,680,0,29
45365,816,478,0,42
45366,816,690,0,51
45367,816,692,0,55
45368,816,710,0,62
45369,816,709,0,64
45370,816,455,0,67
45371,816,431,0,88
45372,816,711,0,93
45373,816,712,0,95
45374,816,713,0,101
45375,816,714,0,103
45376,816,715,0,105
45377,816,716,0,107
45378,816,717,0,60
45379,816,718,0,108
45380,816,691,2,16
45381,816,720,0,35
45382,816,719,0,43
45383,816,622,0,71
45384,816,721,0,80
45385,816,644,0,31
45386,816,620,0,36
45387,816,722,0,97
45388,816,667,0,104
45389,816,513,0,30
45390,816,630,0,66
45391,816,804,0,70
45392,816,797,0,86
45393,816,577,0,32
46077,792,579,9,1
46078,792,498,2,4
46079,792,642,3,3
46080,792,478,1,9
46081,792,643,2,5
46082,792,501,0,10
46083,792,577,0,13
46084,792,644,0,12
46085,792,645,0,15
46086,792,646,0,16
46087,792,427,3,2
46088,792,608,0,18
46089,792,475,1,7
46090,792,623,0,19
46091,792,647,0,20
46092,792,625,0,21
46093,792,554,0,11
46094,792,648,1,8
46095,792,633,0,17
46096,792,649,0,22
46097,792,496,0,14
46098,792,620,1,6
46099,793,579,10,2
46100,793,498,2,5
46101,793,642,6,3
46102,793,478,1,13
46103,793,643,2,9
46104,793,501,0,14
46105,793,577,0,16
46106,793,644,0,17
46107,793,645,0,22
46108,793,646,0,23
46109,793,427,11,1
46110,793,608,6,4
46111,793,475,1,11
46112,793,623,0,26
46113,793,647,0,24
46114,793,625,0,25
46115,793,554,2,6
46116,793,648,1,12
46117,793,633,2,8
46118,793,649,0,31
46119,793,496,0,21
46120,793,589,0,15
46121,793,650,0,18
46122,793,641,0,20
46123,793,607,2,7
46124,793,626,0,27
46125,793,609,0,28
46126,793,578,0,29
46127,793,627,0,30
46128,793,651,0,32
46129,793,652,0,33
46130,793,620,1,10
46131,793,632,0,19
46132,794,579,10,2
46133,794,498,2,10
46134,794,642,6,4
46135,794,478,1,18
46136,794,643,2,14
46137,794,501,0,22
46138,794,577,0,25
46139,794,644,0,26
46140,794,645,0,39
46141,794,646,0,40
46142,794,427,11,1
46143,794,608,6,5
46144,794,475,1,16
46145,794,623,0,43
46146,794,647,0,41
46147,794,625,0,42
46148,794,554,2,11
46149,794,648,1,17
46150,794,633,2,13
46151,794,649,0,54
46152,794,496,0,38
46153,794,589,0,23
46154,794,650,0,28
46155,794,641,0,31
46156,794,607,2,12
46157,794,626,0,45
46158,794,609,0,48
46159,794,578,0,49
46160,794,627,0,52
46161,794,651,0,55
46162,794,652,0,58
46163,794,628,8,3
46164,794,529,3,7
46165,794,653,4,6
46166,794,512,3,9
46167,794,654,1,19
46168,794,612,0,24
46169,794,538,0,27
46170,794,597,0,30
46171,794,556,0,32
46172,794,559,0,33
46173,794,518,0,34
46174,794,563,0,35
46175,794,513,0,36
46176,794,509,0,37
46177,794,528,0,44
46178,794,655,0,46
46179,794,656,0,47
46180,794,523,0,50
46181,794,611,0,51
46182,794,631,0,53
46183,794,593,0,56
46184,794,532,0,57
46185,794,561,0,59
46186,794,525,0,60
46187,794,657,1,21
46188,794,658,0,61
46189,794,558,0,62
46190,794,449,0,63
46191,794,533,0,64
46192,794,596,0,65
46193,794,659,0,66
46194,794,615,0,67
46195,794,592,0,68
46196,794,620,1,15
46197,794,632,0,29
46198,794,555,3,8
46199,794,519,1,20
46200,795,579,19,1
46201,795,498,2,14
46202,795,642,10,3
46203,795,478,1,19
46204,795,643,3,13
46205,795,501,0,23
46206,795,577,0,26
46207,795,644,0,27
46208,795,645,0,40
46209,795,646,0,41
46210,795,427,11,2
46211,795,608,6,6
46212,795,475,7,5
46213,795,623,0,46
46214,795,647,0,42
46215,795,625,0,44
46216,795,554,3,10
46217,795,648,1,18
46218,795,633,2,16
46219,795,649,0,55
46220,795,496,0,39
46221,795,589,0,24
46222,795,650,0,29
46223,795,641,0,30
46224,795,607,2,15
46225,795,626,0,48
46226,795,609,0,51
46227,795,578,0,43
46228,795,627,0,32
46229,795,651,0,56
46230,795,652,0,59
46231,795,628,8,4
46232,795,529,3,8
46233,795,653,4,7
46234,795,512,3,12
46235,795,654,1,20
46236,795,612,0,25
46237,795,538,0,28
46238,795,597,0,31
46239,795,556,0,33
46240,795,559,0,34
46241,795,518,0,35
46242,795,563,0,36
46243,795,513,0,37
46244,795,509,0,38
46245,795,528,0,47
46246,795,655,0,49
46247,795,656,0,50
46248,795,523,0,52
46249,795,611,0,53
46250,795,631,0,54
46251,795,593,0,57
46252,795,532,0,58
46253,795,561,0,60
46254,795,525,0,61
46255,795,657,1,22
46256,795,658,0,62
46257,795,558,0,63
46258,795,449,0,64
46259,795,533,0,65
46260,795,596,0,66
46261,795,659,0,67
46262,795,615,0,68
46263,795,592,0,69
46264,795,632,3,11
46265,795,660,0,45
46266,795,620,1,17
46267,795,555,3,9
46268,795,519,1,21
46269,796,579,27,1
46270,796,498,2,15
46271,796,642,10,4
46272,796,478,1,20
46273,796,643,7,7
46274,796,501,0,24
46275,796,577,4,8
46276,796,644,0,28
46277,796,645,0,43
46278,796,646,0,44
46279,796,427,11,3
46280,796,608,8,6
46281,796,475,13,2
46282,796,623,0,49
46283,796,647,0,45
46284,796,625,0,47
46285,796,554,3,12
46286,796,648,1,19
46287,796,633,2,17
46288,796,649,0,58
46289,796,496,0,42
46290,796,589,0,25
46291,796,650,0,27
46292,796,641,0,31
46293,796,607,2,16
46294,796,626,0,46
46295,796,609,0,54
46296,796,578,0,29
46297,796,627,0,34
46298,796,651,0,59
46299,796,652,0,62
46300,796,628,8,5
46301,796,529,3,10
46302,796,653,4,9
46303,796,512,3,14
46304,796,654,1,21
46305,796,612,0,26
46306,796,538,0,30
46307,796,597,0,33
46308,796,556,0,35
46309,796,559,0,36
46310,796,518,0,38
46311,796,563,0,39
46312,796,513,0,40
46313,796,509,0,41
46314,796,528,0,50
46315,796,655,0,51
46316,796,656,0,53
46317,796,523,0,55
46318,796,611,0,56
46319,796,631,0,57
46320,796,593,0,60
46321,796,532,0,61
46322,796,561,0,63
46323,796,525,0,64
46324,796,657,1,23
46325,796,658,0,65
46326,796,558,0,66
46327,796,449,0,67
46328,796,533,0,68
46329,796,596,0,69
46330,796,659,0,70
46331,796,615,0,71
46332,796,592,0,72
46333,796,632,3,13
46334,796,660,0,37
46335,796,624,0,32
46336,796,547,0,48
46337,796,661,0,52
46338,796,620,1,18
46339,796,555,3,11
46340,796,519,1,22
46341,797,579,33,1
46342,797,498,2,17
46343,797,642,10,4
46344,797,478,1,21
46345,797,643,7,7
46346,797,501,0,25
46347,797,577,6,8
46348,797,644,0,30
46349,797,645,0,46
46350,797,646,0,47
46351,797,427,11,3
46352,797,608,8,6
46353,797,475,22,2
46354,797,623,0,55
46355,797,647,0,48
46356,797,625,0,52
46357,797,554,3,13
46358,797,648,5,9
46359,797,633,2,19
46360,797,649,0,66
46361,797,496,0,45
46362,797,589,0,27
46363,797,650,0,29
46364,797,641,3,14
46365,797,607,2,18
46366,797,626,0,50
46367,797,609,0,60
46368,797,578,0,26
46369,797,627,0,36
46370,797,651,0,34
46371,797,652,0,70
46372,797,628,8,5
46373,797,529,3,11
46374,797,653,4,10
46375,797,512,3,16
46376,797,654,1,22
46377,797,612,0,28
46378,797,538,0,31
46379,797,597,0,35
46380,797,556,0,37
46381,797,559,0,39
46382,797,518,0,41
46383,797,563,0,42
46384,797,513,0,43
46385,797,509,0,44
46386,797,528,0,56
46387,797,655,0,58
46388,797,656,0,61
46389,797,523,0,62
46390,797,611,0,63
46391,797,631,0,65
46392,797,593,0,68
46393,797,532,0,69
46394,797,561,0,71
46395,797,525,0,72
46396,797,657,1,24
46397,797,658,0,74
46398,797,558,0,75
46399,797,449,0,76
46400,797,533,0,77
46401,797,596,0,78
46402,797,659,0,79
46403,797,615,0,80
46404,797,592,0,81
46405,797,632,3,15
46406,797,660,0,40
46407,797,624,0,33
46408,797,547,0,53
46409,797,661,0,57
46410,797,662,0,32
46411,797,663,0,38
46412,797,356,0,49
46413,797,664,0,51
46414,797,581,0,54
46415,797,456,0,59
46416,797,666,0,64
46417,797,665,0,67
46418,797,486,0,73
46419,797,620,1,20
46420,797,555,3,12
46421,797,519,1,23
46422,798,579,40,1
46423,798,498,2,17
46424,798,642,10,5
46425,798,478,1,22
46426,798,643,7,8
46427,798,501,0,26
46428,798,577,6,10
46429,798,644,0,31
46430,798,645,0,47
46431,798,646,0,48
46432,798,427,11,4
46433,798,608,12,3
46434,798,475,23,2
46435,798,623,0,56
46436,798,647,0,49
46437,798,625,0,54
46438,798,554,6,9
46439,798,648,5,11
46440,798,633,2,20
46441,798,649,0,68
46442,798,496,2,19
46443,798,589,0,28
46444,798,650,0,30
46445,798,641,9,6
46446,798,607,2,18
46447,798,626,0,52
46448,798,609,0,61
46449,798,578,0,27
46450,798,627,0,37
46451,798,651,0,35
46452,798,652,0,72
46453,798,628,8,7
46454,798,529,3,13
46455,798,653,4,12
46456,798,512,3,16
46457,798,654,1,23
46458,798,612,0,29
46459,798,538,0,32
46460,798,597,0,36
46461,798,556,0,39
46462,798,559,0,41
46463,798,518,0,43
46464,798,563,0,44
46465,798,513,0,45
46466,798,509,0,46
46467,798,528,0,57
46468,798,655,0,59
46469,798,656,0,62
46470,798,523,0,63
46471,798,611,0,64
46472,798,631,0,67
46473,798,593,0,70
46474,798,532,0,71
46475,798,561,0,73
46476,798,525,0,75
46477,798,657,1,25
46478,798,658,0,77
46479,798,558,0,78
46480,798,449,0,79
46481,798,533,0,80
46482,798,596,0,81
46483,798,659,0,82
46484,798,615,0,83
46485,798,592,0,84
46486,798,632,3,15
46487,798,660,0,42
46488,798,624,0,34
46489,798,547,0,51
46490,798,661,0,58
46491,798,662,0,33
46492,798,663,0,38
46493,798,356,0,50
46494,798,664,0,53
46495,798,581,0,55
46496,798,456,0,60
46497,798,666,0,66
46498,798,665,0,69
46499,798,486,0,76
46500,798,620,1,21
46501,798,667,0,40
46502,798,668,0,65
46503,798,586,0,74
46504,798,555,3,14
46505,798,519,1,24
46506,784,577,4,3
46507,784,554,6,1
46508,784,578,4,4
46509,784,622,2,7
46510,784,482,2,5
46511,784,623,0,9
46512,784,475,0,10
46513,784,581,0,11
46514,784,586,0,12
46515,784,496,0,13
46516,784,608,0,14
46517,784,498,0,15
46518,784,579,5,2
46519,784,583,2,6
46520,784,806,0,8
46521,785,577,4,4
46522,785,554,10,2
46523,785,578,4,5
46524,785,622,2,11
46525,785,482,2,8
46526,785,623,0,15
46527,785,475,8,3
46528,785,581,3,6
46529,785,586,0,19
46530,785,496,0,20
46531,785,608,2,9
46532,785,498,0,22
46533,785,579,10,1
46534,785,624,2,7
46535,785,625,0,12
46536,785,607,0,16
46537,785,547,0,17
46538,785,626,0,18
46539,785,627,0,21
46540,785,427,0,23
46541,785,501,0,24
46542,785,483,0,25
46543,785,479,0,26
46544,785,589,0,27
46545,785,583,2,10
46546,785,806,0,13
46547,785,429,0,14
46548,786,577,4,6
46549,786,554,10,2
46550,786,578,4,7
46551,786,622,2,16
46552,786,482,2,12
46553,786,623,0,22
46554,786,475,8,3
46555,786,581,3,9
46556,786,586,0,39
46557,786,496,0,40
46558,786,608,2,14
46559,786,498,0,42
46560,786,579,10,1
46561,786,624,2,11
46562,786,625,0,18
46563,786,607,0,23
46564,786,547,0,25
46565,786,626,0,38
46566,786,627,0,41
46567,786,427,0,43
46568,786,501,0,44
46569,786,483,0,45
46570,786,479,0,46
46571,786,589,0,47
46572,786,559,8,4
46573,786,611,6,5
46574,786,528,4,8
46575,786,593,3,10
46576,786,537,2,13
46577,786,628,0,21
46578,786,514,0,24
46579,786,449,0,26
46580,786,592,0,27
46581,786,629,0,28
46582,786,520,0,29
46583,786,615,0,30
46584,786,516,0,31
46585,786,558,0,32
46586,786,513,0,33
46587,786,595,0,34
46588,786,630,0,35
46589,786,597,0,36
46590,786,525,0,37
46591,786,509,0,48
46592,786,594,0,49
46593,786,529,0,50
46594,786,596,0,51
46595,786,556,0,53
46596,786,562,0,54
46597,786,631,0,55
46598,786,612,0,56
46599,786,538,0,57
46600,786,561,0,58
46601,786,533,0,59
46602,786,526,0,60
46603,786,512,0,61
46604,786,555,1,17
46605,786,583,2,15
46606,786,806,0,19
46607,786,429,0,20
46608,786,532,0,52
46609,787,577,4,8
46610,787,554,10,4
46611,787,578,4,9
46612,787,622,2,20
46613,787,482,2,15
46614,787,623,0,26
46615,787,475,11,2
46616,787,581,11,1
46617,787,586,0,43
46618,787,496,0,45
46619,787,608,2,18
46620,787,498,0,46
46621,787,579,10,3
46622,787,624,2,14
46623,787,625,0,23
46624,787,607,2,13
46625,787,547,0,29
46626,787,626,0,42
46627,787,627,0,28
46628,787,427,0,44
46629,787,501,3,11
46630,787,483,0,49
46631,787,479,0,50
46632,787,589,0,51
46633,787,559,8,5
46634,787,611,6,7
46635,787,528,4,10
46636,787,593,3,12
46637,787,537,2,16
46638,787,628,0,25
46639,787,514,0,27
46640,787,449,0,30
46641,787,592,0,31
46642,787,629,0,32
46643,787,520,0,33
46644,787,615,0,34
46645,787,516,0,35
46646,787,558,0,36
46647,787,513,0,37
46648,787,595,0,38
46649,787,630,0,39
46650,787,597,0,40
46651,787,525,0,41
46652,787,509,0,52
46653,787,594,0,53
46654,787,529,0,54
46655,787,596,0,55
46656,787,556,0,57
46657,787,562,0,58
46658,787,631,0,59
46659,787,612,0,60
46660,787,538,0,61
46661,787,561,0,62
46662,787,533,0,63
46663,787,526,0,64
46664,787,512,0,65
46665,787,555,1,21
46666,787,632,6,6
46667,787,633,2,17
46668,787,429,0,22
46669,787,634,0,47
46670,787,580,0,48
46671,787,583,2,19
46672,787,806,0,24
46673,787,532,0,56
46674,788,577,4,9
46675,788,554,14,3
46676,788,578,4,10
46677,788,622,2,20
46678,788,482,2,16
46679,788,623,0,27
46680,788,475,12,4
46681,788,581,19,1
46682,788,586,0,44
46683,788,496,0,46
46684,788,608,8,6
46685,788,498,0,47
46686,788,579,14,2
46687,788,624,2,15
46688,788,625,0,24
46689,788,607,3,12
46690,788,547,0,30
46691,788,626,0,32
46692,788,627,0,23
46693,788,427,0,45
46694,788,501,3,13
46695,788,483,0,50
46696,788,479,0,52
46697,788,589,0,53
46698,788,559,8,5
46699,788,611,6,8
46700,788,528,4,11
46701,788,593,3,14
46702,788,537,2,18
46703,788,628,0,26
46704,788,514,0,29
46705,788,449,0,31
46706,788,592,0,33
46707,788,629,0,34
46708,788,520,0,35
46709,788,615,0,36
46710,788,516,0,37
46711,788,558,0,38
46712,788,513,0,39
46713,788,595,0,40
46714,788,630,0,41
46715,788,597,0,42
46716,788,525,0,43
46717,788,509,0,55
46718,788,594,0,56
46719,788,529,0,57
46720,788,596,0,58
46721,788,556,0,60
46722,788,562,0,61
46723,788,631,0,62
46724,788,612,0,63
46725,788,538,0,64
46726,788,561,0,65
46727,788,533,0,66
46728,788,526,0,67
46729,788,512,0,68
46730,788,555,1,21
46731,788,632,6,7
46732,788,633,2,17
46733,788,429,0,22
46734,788,634,0,49
46735,788,580,0,28
46736,788,609,0,48
46737,788,606,0,51
46738,788,635,0,54
46739,788,583,2,19
46740,788,806,0,25
46741,788,532,0,59
46742,789,577,4,9
46743,789,554,18,3
46744,789,578,4,10
46745,789,622,2,23
46746,789,482,2,20
46747,789,623,0,30
46748,789,475,13,4
46749,789,581,22,2
46750,789,586,0,47
46751,789,496,0,49
46752,789,608,8,6
46753,789,498,0,50
46754,789,579,22,1
46755,789,624,2,18
46756,789,625,0,27
46757,789,607,3,13
46758,789,547,2,19
46759,789,626,0,34
46760,789,627,0,26
46761,789,427,0,48
46762,789,501,3,14
46763,789,483,0,54
46764,789,479,0,55
46765,789,589,0,56
46766,789,559,8,5
46767,789,611,6,8
46768,789,528,4,11
46769,789,593,3,16
46770,789,537,2,21
46771,789,628,0,29
46772,789,514,0,32
46773,789,449,0,33
46774,789,592,0,35
46775,789,629,0,36
46776,789,520,0,38
46777,789,615,0,39
46778,789,516,0,40
46779,789,558,0,41
46780,789,513,0,42
46781,789,595,0,43
46782,789,630,0,44
46783,789,597,0,45
46784,789,525,0,46
46785,789,509,0,59
46786,789,594,0,60
46787,789,529,0,61
46788,789,596,0,63
46789,789,556,0,66
46790,789,562,0,69
46791,789,631,0,70
46792,789,612,0,73
46793,789,538,0,74
46794,789,561,0,75
46795,789,533,0,76
46796,789,526,0,77
46797,789,512,0,78
46798,789,555,1,24
46799,789,632,6,7
46800,789,633,2,17
46801,789,429,0,25
46802,789,634,0,52
46803,789,580,0,31
46804,789,609,0,51
46805,789,606,3,12
46806,789,635,0,58
46807,789,486,3,15
46808,789,619,0,37
46809,789,636,0,53
46810,789,456,0,57
46811,789,506,0,62
46812,789,620,0,64
46813,789,637,0,67
46814,789,585,0,68
46815,789,356,0,71
46816,789,541,0,72
46817,789,583,2,22
46818,789,806,0,28
46819,789,532,0,65
46820,790,577,4,9
46821,790,554,22,3
46822,790,578,4,10
46823,790,622,2,25
46824,790,482,2,22
46825,790,623,0,31
46826,790,475,19,4
46827,790,581,22,2
46828,790,586,0,49
46829,790,496,0,51
46830,790,608,8,6
46831,790,498,0,52
46832,790,579,30,1
46833,790,624,2,20
46834,790,625,0,28
46835,790,607,3,13
46836,790,547,2,21
46837,790,626,0,34
46838,790,627,2,18
46839,790,427,0,50
46840,790,501,3,15
46841,790,483,0,56
46842,790,479,0,59
46843,790,589,0,60
46844,790,559,8,5
46845,790,611,6,8
46846,790,528,4,11
46847,790,593,3,17
46848,790,537,2,23
46849,790,628,0,30
46850,790,514,0,32
46851,790,449,0,33
46852,790,592,0,35
46853,790,629,0,36
46854,790,520,0,38
46855,790,615,0,39
46856,790,516,0,40
46857,790,558,0,41
46858,790,513,0,42
46859,790,595,0,43
46860,790,630,0,44
46861,790,597,0,45
46862,790,525,0,46
46863,790,509,0,62
46864,790,594,0,63
46865,790,529,0,64
46866,790,596,0,66
46867,790,556,0,68
46868,790,562,0,71
46869,790,631,0,72
46870,790,612,0,75
46871,790,538,0,76
46872,790,561,0,77
46873,790,533,0,78
46874,790,526,0,79
46875,790,512,0,80
46876,790,555,1,26
46877,790,632,6,7
46878,790,633,2,19
46879,790,429,0,27
46880,790,634,0,54
46881,790,580,3,14
46882,790,609,0,53
46883,790,606,3,12
46884,790,635,0,61
46885,790,486,3,16
46886,790,619,0,37
46887,790,636,0,55
46888,790,456,0,58
46889,790,506,0,65
46890,790,620,0,57
46891,790,637,0,69
46892,790,585,0,70
46893,790,356,0,73
46894,790,541,0,74
46895,790,638,0,47
46896,790,639,0,48
46897,790,583,2,24
46898,790,806,0,29
46899,790,532,0,67
46900,791,577,4,11
46901,791,554,22,4
46902,791,578,4,12
46903,791,622,2,26
46904,791,482,2,23
46905,791,623,0,33
46906,791,475,27,2
46907,791,581,25,3
46908,791,586,0,29
46909,791,496,0,55
46910,791,608,8,6
46911,791,498,0,56
46912,791,579,30,1
46913,791,624,2,21
46914,791,625,0,30
46915,791,607,3,16
46916,791,547,2,22
46917,791,626,0,37
46918,791,627,2,19
46919,791,427,0,54
46920,791,501,3,17
46921,791,483,0,60
46922,791,479,0,62
46923,791,589,0,63
46924,791,559,8,5
46925,791,611,6,8
46926,791,528,4,14
46927,791,593,3,18
46928,791,537,2,24
46929,791,628,0,32
46930,791,514,0,35
46931,791,449,0,36
46932,791,592,0,39
46933,791,629,0,40
46934,791,520,0,43
46935,791,615,0,44
46936,791,516,0,45
46937,791,558,0,46
46938,791,513,0,47
46939,791,595,0,48
46940,791,630,0,49
46941,791,597,0,50
46942,791,525,0,51
46943,791,509,0,67
46944,791,594,0,68
46945,791,529,0,69
46946,791,596,0,70
46947,791,556,0,73
46948,791,562,0,76
46949,791,631,0,78
46950,791,612,0,80
46951,791,538,0,81
46952,791,561,0,82
46953,791,533,0,83
46954,791,526,0,84
46955,791,512,0,85
46956,791,555,1,27
46957,791,632,6,7
46958,791,633,2,20
46959,791,429,0,28
46960,791,634,0,58
46961,791,580,6,9
46962,791,609,0,38
46963,791,606,3,15
46964,791,635,0,66
46965,791,486,5,10
46966,791,619,0,42
46967,791,636,0,59
46968,791,456,0,41
46969,791,506,0,61
46970,791,620,0,57
46971,791,637,0,74
46972,791,585,0,75
46973,791,356,0,79
46974,791,541,4,13
46975,791,638,0,52
46976,791,639,0,53
46977,791,640,0,34
46978,791,583,2,25
46979,791,641,0,64
46980,791,610,0,71
46981,791,476,0,77
46982,791,806,0,31
46983,791,532,0,72
46984,791,347,0,65
46985,776,579,8,1
46986,776,554,6,2
46987,776,496,4,3
46988,776,501,3,4
46989,776,606,1,5
46990,776,607,0,9
46991,776,347,0,11
46992,776,475,1,7
46993,776,573,0,12
46994,776,586,0,13
46995,776,608,0,14
46996,776,578,0,15
46997,776,577,0,16
46998,776,581,0,8
46999,776,498,1,6
47000,776,476,0,10
47001,777,579,17,1
47002,777,554,6,2
47003,777,496,4,4
47004,777,501,3,6
47005,777,606,1,9
47006,777,607,0,15
47007,777,347,0,16
47008,777,475,1,11
47009,777,573,0,17
47010,777,586,0,18
47011,777,608,0,23
47012,777,578,0,19
47013,777,577,0,25
47014,777,581,0,13
47015,777,479,6,3
47016,777,418,4,5
47017,777,590,3,7
47018,777,427,2,8
47019,777,356,0,14
47020,777,476,0,12
47021,777,483,0,20
47022,777,541,0,21
47023,777,549,0,22
47024,777,547,0,24
47025,777,456,0,26
47026,777,478,0,27
47027,777,609,0,28
47028,777,610,0,29
47029,777,498,1,10
47030,778,579,17,1
47031,778,554,6,4
47032,778,496,4,6
47033,778,501,3,9
47034,778,606,1,14
47035,778,607,0,21
47036,778,347,0,22
47037,778,475,1,16
47038,778,573,0,25
47039,778,586,0,27
47040,778,608,0,40
47041,778,578,0,36
47042,778,577,0,42
47043,778,581,0,18
47044,778,479,6,5
47045,778,418,4,8
47046,778,590,3,10
47047,778,427,2,13
47048,778,356,0,20
47049,778,476,0,17
47050,778,483,0,37
47051,778,541,0,38
47052,778,549,0,39
47053,778,547,0,41
47054,778,456,0,43
47055,778,478,0,44
47056,778,609,0,47
47057,778,610,0,50
47058,778,611,8,2
47059,778,509,7,3
47060,778,525,4,7
47061,778,555,3,11
47062,778,612,2,12
47063,778,533,0,19
47064,778,613,0,23
47065,778,597,0,24
47066,778,514,0,26
47067,778,520,0,28
47068,778,562,0,29
47069,778,512,0,30
47070,778,516,0,31
47071,778,563,0,32
47072,778,529,0,33
47073,778,593,0,34
47074,778,528,0,35
47075,778,592,0,45
47076,778,614,0,46
47077,778,594,0,48
47078,778,538,0,49
47079,778,615,0,51
47080,778,527,0,52
47081,778,565,0,53
47082,778,513,0,54
47083,778,560,0,55
47084,778,558,0,56
47085,778,556,0,57
47086,778,596,0,58
47087,778,449,0,59
47088,778,526,0,60
47089,778,532,0,61
47090,778,616,0,62
47091,778,498,1,15
47092,779,579,25,1
47093,779,554,6,5
47094,779,496,4,9
47095,779,501,5,7
47096,779,606,1,17
47097,779,607,0,23
47098,779,347,0,24
47099,779,475,1,19
47100,779,573,0,28
47101,779,586,0,30
47102,779,608,0,43
47103,779,578,3,12
47104,779,577,7,3
47105,779,581,4,8
47106,779,479,6,6
47107,779,418,4,11
47108,779,590,3,13
47109,779,427,2,15
47110,779,356,0,20
47111,779,476,0,21
47112,779,483,0,39
47113,779,541,0,40
47114,779,549,0,42
47115,779,547,0,45
47116,779,456,0,41
47117,779,478,0,46
47118,779,609,0,49
47119,779,610,0,52
47120,779,611,8,2
47121,779,509,7,4
47122,779,525,4,10
47123,779,555,3,14
47124,779,612,2,16
47125,779,533,0,22
47126,779,613,0,26
47127,779,597,0,27
47128,779,514,0,29
47129,779,520,0,31
47130,779,562,0,32
47131,779,512,0,33
47132,779,516,0,34
47133,779,563,0,35
47134,779,529,0,36
47135,779,593,0,37
47136,779,528,0,38
47137,779,592,0,47
47138,779,614,0,48
47139,779,594,0,50
47140,779,538,0,51
47141,779,615,0,53
47142,779,527,0,54
47143,779,565,0,55
47144,779,513,0,56
47145,779,560,0,57
47146,779,558,0,58
47147,779,556,0,59
47148,779,596,0,60
47149,779,449,0,61
47150,779,526,0,62
47151,779,532,0,63
47152,779,616,0,64
47153,779,617,0,25
47154,779,618,0,44
47155,779,498,1,18
47156,780,579,25,1
47157,780,554,6,8
47158,780,496,4,12
47159,780,501,5,9
47160,780,606,1,19
47161,780,607,0,25
47162,780,347,0,26
47163,780,475,6,7
47164,780,573,0,31
47165,780,586,0,33
47166,780,608,0,44
47167,780,578,7,6
47168,780,577,13,2
47169,780,581,4,11
47170,780,479,10,3
47171,780,418,4,14
47172,780,590,3,15
47173,780,427,5,10
47174,780,356,0,21
47175,780,476,0,22
47176,780,483,0,42
47177,780,541,0,43
47178,780,549,0,29
47179,780,547,0,46
47180,780,456,2,17
47181,780,478,0,49
47182,780,609,0,52
47183,780,610,0,48
47184,780,611,8,4
47185,780,509,7,5
47186,780,525,4,13
47187,780,555,3,16
47188,780,612,2,18
47189,780,533,0,23
47190,780,613,0,28
47191,780,597,0,30
47192,780,514,0,32
47193,780,520,0,34
47194,780,562,0,35
47195,780,512,0,36
47196,780,516,0,37
47197,780,563,0,38
47198,780,529,0,39
47199,780,593,0,40
47200,780,528,0,41
47201,780,592,0,50
47202,780,614,0,51
47203,780,594,0,53
47204,780,538,0,54
47205,780,615,0,55
47206,780,527,0,56
47207,780,565,0,57
47208,780,513,0,58
47209,780,560,0,59
47210,780,558,0,60
47211,780,556,0,61
47212,780,596,0,62
47213,780,449,0,63
47214,780,526,0,64
47215,780,532,0,65
47216,780,616,0,66
47217,780,617,0,27
47218,780,618,0,45
47219,780,619,0,24
47220,780,486,0,47
47221,780,498,1,20
47222,781,579,34,1
47223,781,554,6,9
47224,781,496,4,13
47225,781,501,5,10
47226,781,606,1,19
47227,781,607,0,25
47228,781,347,0,26
47229,781,475,8,5
47230,781,573,0,31
47231,781,586,0,34
47232,781,608,0,49
47233,781,578,13,3
47234,781,577,16,2
47235,781,581,8,7
47236,781,479,10,4
47237,781,418,4,12
47238,781,590,3,15
47239,781,427,5,11
47240,781,356,0,21
47241,781,476,0,22
47242,781,483,0,33
47243,781,541,0,48
47244,781,549,0,29
47245,781,547,0,51
47246,781,456,2,17
47247,781,478,0,54
47248,781,609,0,59
47249,781,610,0,53
47250,781,611,8,6
47251,781,509,7,8
47252,781,525,4,14
47253,781,555,3,16
47254,781,612,2,18
47255,781,533,0,23
47256,781,613,0,28
47257,781,597,0,30
47258,781,514,0,32
47259,781,520,0,35
47260,781,562,0,37
47261,781,512,0,39
47262,781,516,0,40
47263,781,563,0,43
47264,781,529,0,44
47265,781,593,0,46
47266,781,528,0,47
47267,781,592,0,56
47268,781,614,0,57
47269,781,594,0,60
47270,781,538,0,61
47271,781,615,0,62
47272,781,527,0,65
47273,781,565,0,66
47274,781,513,0,67
47275,781,560,0,68
47276,781,558,0,69
47277,781,556,0,70
47278,781,596,0,71
47279,781,449,0,72
47280,781,526,0,73
47281,781,532,0,74
47282,781,616,0,75
47283,781,617,0,27
47284,781,618,0,50
47285,781,619,0,24
47286,781,486,0,52
47287,781,506,0,36
47288,781,431,0,38
47289,781,484,0,41
47290,781,430,0,42
47291,781,459,0,45
47292,781,620,0,55
47293,781,580,0,58
47294,781,621,0,63
47295,781,601,0,64
47296,781,498,1,20
47297,782,579,40,1
47298,782,554,6,11
47299,782,496,4,14
47300,782,501,9,6
47301,782,606,1,19
47302,782,607,0,26
47303,782,347,0,27
47304,782,475,17,2
47305,782,573,0,32
47306,782,586,0,34
47307,782,608,0,50
47308,782,578,13,4
47309,782,577,16,3
47310,782,581,8,8
47311,782,479,10,5
47312,782,418,7,10
47313,782,590,5,12
47314,782,427,5,13
47315,782,356,0,21
47316,782,476,0,23
47317,782,483,0,22
47318,782,541,0,48
47319,782,549,0,30
47320,782,547,0,52
47321,782,456,2,17
47322,782,478,0,55
47323,782,609,0,59
47324,782,610,0,54
47325,782,611,8,7
47326,782,509,7,9
47327,782,525,4,15
47328,782,555,3,16
47329,782,612,2,18
47330,782,533,0,24
47331,782,613,0,29
47332,782,597,0,31
47333,782,514,0,33
47334,782,520,0,35
47335,782,562,0,37
47336,782,512,0,39
47337,782,516,0,40
47338,782,563,0,43
47339,782,529,0,44
47340,782,593,0,46
47341,782,528,0,47
47342,782,592,0,57
47343,782,614,0,58
47344,782,594,0,60
47345,782,538,0,61
47346,782,615,0,62
47347,782,527,0,65
47348,782,565,0,66
47349,782,513,0,67
47350,782,560,0,68
47351,782,558,0,69
47352,782,556,0,70
47353,782,596,0,71
47354,782,449,0,72
47355,782,526,0,73
47356,782,532,0,74
47357,782,616,0,75
47358,782,617,0,28
47359,782,618,0,51
47360,782,619,0,25
47361,782,486,0,53
47362,782,506,0,36
47363,782,431,0,38
47364,782,484,0,41
47365,782,430,0,42
47366,782,459,0,45
47367,782,620,0,56
47368,782,580,0,49
47369,782,621,0,63
47370,782,601,0,64
47371,782,498,1,20
47372,783,579,40,1
47373,783,554,6,11
47374,783,496,4,15
47375,783,501,10,7
47376,783,606,1,21
47377,783,607,0,26
47378,783,347,0,27
47379,783,475,25,2
47380,783,573,0,33
47381,783,586,0,36
47382,783,608,0,53
47383,783,578,13,4
47384,783,577,16,3
47385,783,581,8,9
47386,783,479,11,5
47387,783,418,10,6
47388,783,590,5,12
47389,783,427,5,13
47390,783,356,0,23
47391,783,476,4,14
47392,783,483,1,20
47393,783,541,0,52
47394,783,549,0,30
47395,783,547,0,35
47396,783,456,2,18
47397,783,478,0,57
47398,783,609,0,39
47399,783,610,0,56
47400,783,611,8,8
47401,783,509,7,10
47402,783,525,4,16
47403,783,555,3,17
47404,783,612,2,19
47405,783,533,0,24
47406,783,613,0,29
47407,783,597,0,31
47408,783,514,0,34
47409,783,520,0,37
47410,783,562,0,40
47411,783,512,0,43
47412,783,516,0,44
47413,783,563,0,47
47414,783,529,0,48
47415,783,593,0,50
47416,783,528,0,51
47417,783,592,0,59
47418,783,614,0,60
47419,783,594,0,61
47420,783,538,0,62
47421,783,615,0,63
47422,783,527,0,66
47423,783,565,0,67
47424,783,513,0,68
47425,783,560,0,69
47426,783,558,0,70
47427,783,556,0,71
47428,783,596,0,72
47429,783,449,0,73
47430,783,526,0,74
47431,783,532,0,75
47432,783,616,0,76
47433,783,617,0,28
47434,783,618,0,54
47435,783,619,0,25
47436,783,486,0,55
47437,783,506,0,38
47438,783,431,0,42
47439,783,484,0,45
47440,783,430,0,46
47441,783,459,0,49
47442,783,620,0,58
47443,783,580,0,32
47444,783,621,0,64
47445,783,601,0,65
47446,783,498,1,22
47447,783,638,0,41
48070,738,475,9,1
48071,738,386,6,2
48072,738,403,4,3
48073,738,476,3,4
48074,738,364,2,5
48075,738,360,1,6
48076,738,427,0,7
48077,738,477,0,8
48078,738,478,0,9
48079,738,373,0,10
48080,738,341,0,11
48081,738,347,0,12
48082,738,479,0,13
48083,738,480,0,14
48084,738,356,0,15
48085,738,289,0,16
48086,738,404,0,17
48087,738,481,0,18
48088,738,418,0,19
48089,738,376,0,20
48090,738,482,0,21
48091,739,475,12,1
48092,739,386,8,4
48093,739,403,10,3
48094,739,476,12,2
48095,739,364,2,6
48096,739,360,1,7
48097,739,427,0,10
48098,739,477,0,12
48099,739,478,0,14
48100,739,373,4,5
48101,739,341,0,9
48102,739,347,0,15
48103,739,479,0,13
48104,739,480,0,18
48105,739,356,1,8
48106,739,289,0,11
48107,739,404,0,21
48108,739,481,0,22
48109,739,418,0,19
48110,739,376,0,23
48111,739,482,0,24
48112,739,401,0,16
48113,739,430,0,17
48114,739,437,0,20
48115,740,475,12,3
48116,740,386,12,4
48117,740,403,19,1
48118,740,476,18,2
48119,740,364,3,7
48120,740,360,1,9
48121,740,427,0,12
48122,740,477,0,14
48123,740,478,0,16
48124,740,373,4,5
48125,740,341,2,8
48126,740,347,0,11
48127,740,479,0,15
48128,740,480,0,21
48129,740,356,1,10
48130,740,289,0,13
48131,740,404,0,23
48132,740,481,0,25
48133,740,418,0,18
48134,740,376,0,26
48135,740,482,3,6
48136,740,401,0,20
48137,740,430,0,19
48138,740,437,0,24
48139,740,453,0,17
48140,740,385,0,22
48141,740,435,0,27
48142,740,459,0,28
48143,740,455,0,29
48144,741,475,12,3
48145,741,386,12,4
48146,741,403,19,1
48147,741,476,18,2
48148,741,364,9,6
48149,741,360,3,10
48150,741,427,0,15
48151,741,477,0,16
48152,741,478,0,19
48153,741,373,8,7
48154,741,341,2,11
48155,741,347,0,14
48156,741,479,0,18
48157,741,480,0,24
48158,741,356,1,13
48159,741,289,1,12
48160,741,404,3,8
48161,741,481,0,22
48162,741,418,0,21
48163,741,376,0,29
48164,741,482,3,9
48165,741,401,0,25
48166,741,430,0,23
48167,741,437,0,26
48168,741,453,0,20
48169,741,385,0,27
48170,741,435,0,28
48171,741,459,0,31
48172,741,455,0,32
48173,741,394,9,5
48174,741,456,0,17
48175,741,483,0,30
48176,741,428,0,33
48177,741,485,0,34
48178,741,484,0,35
48179,742,475,12,4
48180,742,386,16,3
48181,742,403,25,2
48182,742,476,27,1
48183,742,364,9,6
48184,742,360,3,11
48185,742,427,0,16
48186,742,477,0,17
48187,742,478,0,19
48188,742,373,8,7
48189,742,341,2,13
48190,742,347,2,12
48191,742,479,0,18
48192,742,480,0,24
48193,742,356,4,8
48194,742,289,1,14
48195,742,404,3,9
48196,742,481,0,22
48197,742,418,0,21
48198,742,376,0,32
48199,742,482,3,10
48200,742,401,0,27
48201,742,430,0,23
48202,742,437,0,28
48203,742,453,0,20
48204,742,385,0,25
48205,742,435,0,31
48206,742,459,0,34
48207,742,455,0,30
48208,742,394,9,5
48209,742,456,1,15
48210,742,483,0,33
48211,742,428,0,35
48212,742,485,0,38
48213,742,484,0,40
48214,742,408,0,26
48215,742,465,0,29
48216,742,441,0,36
48217,742,460,0,37
48218,742,487,0,39
48219,743,475,21,3
48220,743,386,16,4
48221,743,403,29,2
48222,743,476,33,1
48223,743,364,9,7
48224,743,360,4,10
48225,743,427,0,16
48226,743,477,0,17
48227,743,478,0,20
48228,743,373,11,5
48229,743,341,4,9
48230,743,347,2,13
48231,743,479,0,18
48232,743,480,0,25
48233,743,356,4,8
48234,743,289,1,15
48235,743,404,3,11
48236,743,481,0,22
48237,743,418,0,21
48238,743,376,0,34
48239,743,482,3,12
48240,743,401,0,28
48241,743,430,0,24
48242,743,437,0,26
48243,743,453,0,19
48244,743,385,0,27
48245,743,435,0,33
48246,743,459,0,29
48247,743,455,0,32
48248,743,394,9,6
48249,743,456,1,14
48250,743,483,0,36
48251,743,428,0,35
48252,743,485,0,39
48253,743,484,0,42
48254,743,408,0,23
48255,743,465,0,30
48256,743,441,0,37
48257,743,460,0,31
48258,743,487,0,41
48259,743,431,0,38
48260,743,488,0,40
48261,743,489,0,43
48262,743,490,0,44
48263,743,436,0,45
48264,744,475,21,3
48265,744,386,16,4
48266,744,403,34,1
48267,744,476,33,2
48268,744,364,15,5
48269,744,360,8,8
48270,744,427,0,18
48271,744,477,0,21
48272,744,478,0,22
48273,744,373,11,6
48274,744,341,4,10
48275,744,347,2,14
48276,744,479,2,15
48277,744,480,0,27
48278,744,356,4,9
48279,744,289,1,17
48280,744,404,3,12
48281,744,481,0,24
48282,744,418,0,23
48283,744,376,0,38
48284,744,482,3,13
48285,744,401,0,30
48286,744,430,0,19
48287,744,437,0,28
48288,744,453,3,11
48289,744,385,0,20
48290,744,435,0,36
48291,744,459,0,31
48292,744,455,0,34
48293,744,394,9,7
48294,744,456,2,16
48295,744,483,0,41
48296,744,428,0,39
48297,744,485,0,45
48298,744,484,0,42
48299,744,408,0,26
48300,744,465,0,32
48301,744,441,0,25
48302,744,460,0,33
48303,744,487,0,47
48304,744,431,0,44
48305,744,488,0,48
48306,744,489,0,29
48307,744,490,0,50
48308,744,436,0,51
48309,744,447,0,35
48310,744,454,0,37
48311,744,425,0,40
48312,744,486,0,43
48313,744,424,0,46
48314,744,444,0,49
48315,744,429,0,52
48316,744,491,0,53
48317,744,467,0,54
48318,744,492,0,55
48319,745,475,21,3
48320,745,386,16,5
48321,745,403,34,1
48322,745,476,33,2
48323,745,364,21,4
48324,745,360,11,8
48325,745,427,0,18
48326,745,477,0,21
48327,745,478,0,23
48328,745,373,11,7
48329,745,341,4,12
48330,745,347,3,15
48331,745,479,6,10
48332,745,480,0,30
48333,745,356,4,11
48334,745,289,3,16
48335,745,404,12,6
48336,745,481,0,26
48337,745,418,0,25
48338,745,376,0,44
48339,745,482,3,14
48340,745,401,0,33
48341,745,430,0,19
48342,745,437,0,31
48343,745,453,3,13
48344,745,385,0,20
48345,745,435,0,41
48346,745,459,0,34
48347,745,455,0,37
48348,745,394,9,9
48349,745,456,2,17
48350,745,483,0,48
48351,745,428,0,45
48352,745,485,0,52
48353,745,484,0,49
48354,745,408,0,29
48355,745,465,0,35
48356,745,441,0,27
48357,745,460,0,36
48358,745,487,0,54
48359,745,431,0,51
48360,745,488,0,55
48361,745,489,0,32
48362,745,490,0,57
48363,745,436,0,58
48364,745,447,0,40
48365,745,454,0,42
48366,745,425,0,46
48367,745,486,0,50
48368,745,424,0,53
48369,745,444,0,56
48370,745,429,0,59
48371,745,491,0,60
48372,745,467,0,61
48373,745,492,0,62
48374,745,468,0,22
48375,745,493,0,24
48376,745,434,0,28
48377,745,440,0,38
48378,745,494,0,39
48379,745,433,0,43
48380,745,495,0,47
48381,729,289,9,1
48382,729,401,6,2
48383,729,403,4,3
48384,729,394,3,4
48385,729,408,2,5
48386,729,430,1,6
48387,729,347,0,7
48388,729,453,0,8
48389,729,373,0,9
48390,729,454,0,10
48391,729,386,0,11
48392,729,404,0,12
48393,729,418,0,13
48394,729,455,0,14
48395,729,364,0,15
48396,729,360,0,16
48397,729,456,0,17
48398,729,341,0,18
48399,729,356,0,19
48400,729,457,0,20
48401,729,458,0,21
48402,729,427,0,22
48403,730,289,10,1
48404,730,401,6,4
48405,730,403,10,2
48406,730,394,3,7
48407,730,408,2,9
48408,730,430,1,10
48409,730,347,2,8
48410,730,453,0,12
48411,730,373,0,14
48412,730,454,0,16
48413,730,386,0,17
48414,730,404,0,15
48415,730,418,0,19
48416,730,455,0,21
48417,730,364,0,20
48418,730,360,9,3
48419,730,456,0,18
48420,730,341,3,6
48421,730,356,0,13
48422,730,457,0,24
48423,730,458,0,25
48424,730,427,0,22
48425,730,385,4,5
48426,730,435,0,11
48427,730,346,0,23
48428,730,425,0,26
48429,730,424,0,27
48430,730,459,0,28
48431,731,289,16,1
48432,731,401,6,5
48433,731,403,14,2
48434,731,394,3,9
48435,731,408,2,11
48436,731,430,1,12
48437,731,347,2,10
48438,731,453,0,16
48439,731,373,9,3
48440,731,454,3,8
48441,731,386,0,21
48442,731,404,0,20
48443,731,418,0,23
48444,731,455,0,25
48445,731,364,0,24
48446,731,360,9,4
48447,731,456,0,22
48448,731,341,5,6
48449,731,356,1,13
48450,731,457,0,26
48451,731,458,0,28
48452,731,427,0,15
48453,731,385,4,7
48454,731,435,0,14
48455,731,346,0,18
48456,731,425,0,29
48457,731,424,0,31
48458,731,459,0,27
48459,731,376,0,17
48460,731,436,0,19
48461,731,460,0,30
48462,731,461,0,32
48463,732,289,16,1
48464,732,401,6,8
48465,732,403,14,2
48466,732,394,3,12
48467,732,408,8,6
48468,732,430,2,14
48469,732,347,2,13
48470,732,453,0,18
48471,732,373,9,4
48472,732,454,3,11
48473,732,386,4,9
48474,732,404,0,22
48475,732,418,0,24
48476,732,455,0,25
48477,732,364,9,5
48478,732,360,12,3
48479,732,456,0,23
48480,732,341,7,7
48481,732,356,1,15
48482,732,457,0,29
48483,732,458,0,31
48484,732,427,0,16
48485,732,385,4,10
48486,732,435,0,17
48487,732,346,0,20
48488,732,425,0,32
48489,732,424,0,35
48490,732,459,0,27
48491,732,376,0,19
48492,732,436,0,21
48493,732,460,0,34
48494,732,461,0,36
48495,732,397,0,26
48496,732,462,0,28
48497,732,446,0,30
48498,732,437,0,33
48499,733,289,19,1
48500,733,401,6,8
48501,733,403,14,4
48502,733,394,3,12
48503,733,408,9,7
48504,733,430,2,15
48505,733,347,2,14
48506,733,453,0,19
48507,733,373,18,2
48508,733,454,3,11
48509,733,386,4,9
48510,733,404,0,26
48511,733,418,0,17
48512,733,455,0,28
48513,733,364,9,6
48514,733,360,16,3
48515,733,456,0,27
48516,733,341,13,5
48517,733,356,3,13
48518,733,457,0,32
48519,733,458,0,35
48520,733,427,0,16
48521,733,385,4,10
48522,733,435,0,18
48523,733,346,0,21
48524,733,425,0,36
48525,733,424,0,39
48526,733,459,0,30
48527,733,376,0,20
48528,733,436,0,22
48529,733,460,0,38
48530,733,461,0,40
48531,733,397,0,29
48532,733,462,0,31
48533,733,446,0,33
48534,733,437,0,24
48535,733,438,0,23
48536,733,463,0,25
48537,733,464,0,34
48538,733,465,0,37
48539,734,289,28,1
48540,734,401,6,8
48541,734,403,14,5
48542,734,394,3,12
48543,734,408,9,7
48544,734,430,2,15
48545,734,347,2,14
48546,734,453,0,19
48547,734,373,21,2
48548,734,454,4,11
48549,734,386,4,9
48550,734,404,0,28
48551,734,418,0,17
48552,734,455,0,30
48553,734,364,13,6
48554,734,360,18,4
48555,734,456,0,29
48556,734,341,19,3
48557,734,356,3,13
48558,734,457,0,35
48559,734,458,0,38
48560,734,427,0,16
48561,734,385,4,10
48562,734,435,0,18
48563,734,346,0,21
48564,734,425,0,26
48565,734,424,0,40
48566,734,459,0,32
48567,734,376,0,20
48568,734,436,0,23
48569,734,460,0,39
48570,734,461,0,41
48571,734,397,0,31
48572,734,462,0,34
48573,734,446,0,37
48574,734,437,0,22
48575,734,438,0,24
48576,734,463,0,27
48577,734,464,0,36
48578,734,465,0,33
48579,734,466,0,25
48580,734,428,0,42
48581,734,445,0,43
48582,735,289,36,1
48583,735,401,6,9
48584,735,403,14,5
48585,735,394,5,10
48586,735,408,9,8
48587,735,430,2,16
48588,735,347,3,14
48589,735,453,0,19
48590,735,373,21,3
48591,735,454,4,12
48592,735,386,10,7
48593,735,404,0,28
48594,735,418,0,18
48595,735,455,0,30
48596,735,364,13,6
48597,735,360,22,2
48598,735,456,0,29
48599,735,341,19,4
48600,735,356,3,15
48601,735,457,0,35
48602,735,458,0,38
48603,735,427,0,17
48604,735,385,4,11
48605,735,435,3,13
48606,735,346,0,22
48607,735,425,0,20
48608,735,424,0,40
48609,735,459,0,32
48610,735,376,0,21
48611,735,436,0,25
48612,735,460,0,39
48613,735,461,0,41
48614,735,397,0,31
48615,735,462,0,34
48616,735,446,0,37
48617,735,437,0,23
48618,735,438,0,24
48619,735,463,0,27
48620,735,464,0,36
48621,735,465,0,33
48622,735,466,0,26
48623,735,428,0,42
48624,735,445,0,46
48625,735,467,0,43
48626,735,444,0,44
48627,735,439,0,45
48628,735,442,0,47
48629,736,289,39,1
48630,736,401,6,9
48631,736,403,14,6
48632,736,394,5,11
48633,736,408,9,8
48634,736,430,2,16
48635,736,347,3,15
48636,736,453,0,19
48637,736,373,30,2
48638,736,454,4,13
48639,736,386,10,7
48640,736,404,0,20
48641,736,418,1,17
48642,736,455,0,33
48643,736,364,15,5
48644,736,360,24,3
48645,736,456,0,32
48646,736,341,19,4
48647,736,356,6,10
48648,736,457,0,40
48649,736,458,0,43
48650,736,427,0,18
48651,736,385,4,12
48652,736,435,3,14
48653,736,346,0,24
48654,736,425,0,21
48655,736,424,0,45
48656,736,459,0,36
48657,736,376,0,22
48658,736,436,0,28
48659,736,460,0,44
48660,736,461,0,46
48661,736,397,0,35
48662,736,462,0,38
48663,736,446,0,42
48664,736,437,0,26
48665,736,438,0,27
48666,736,463,0,31
48667,736,464,0,41
48668,736,465,0,37
48669,736,466,0,30
48670,736,428,0,47
48671,736,445,0,51
48672,736,467,0,48
48673,736,444,0,49
48674,736,439,0,50
48675,736,442,0,52
48676,736,468,0,23
48677,736,469,0,25
48678,736,434,0,29
48679,736,470,0,34
48680,736,440,0,39
48681,737,289,42,1
48682,737,401,6,10
48683,737,403,14,6
48684,737,394,5,11
48685,737,408,13,7
48686,737,430,2,17
48687,737,347,3,15
48688,737,453,0,21
48689,737,373,30,2
48690,737,454,4,13
48691,737,386,10,8
48692,737,404,2,16
48693,737,418,1,18
48694,737,455,0,38
48695,737,364,15,5
48696,737,360,27,3
48697,737,456,0,36
48698,737,341,19,4
48699,737,356,9,9
48700,737,457,0,48
48701,737,458,0,51
48702,737,427,0,20
48703,737,385,4,12
48704,737,435,3,14
48705,737,346,0,27
48706,737,425,0,23
48707,737,424,0,54
48708,737,459,0,43
48709,737,376,0,24
48710,737,436,0,32
48711,737,460,0,53
48712,737,461,0,55
48713,737,397,0,41
48714,737,462,0,46
48715,737,446,0,50
48716,737,437,0,30
48717,737,438,0,31
48718,737,463,0,35
48719,737,464,0,49
48720,737,465,0,45
48721,737,466,0,34
48722,737,428,0,56
48723,737,445,0,60
48724,737,467,0,57
48725,737,444,0,58
48726,737,439,0,59
48727,737,442,0,61
48728,737,468,0,26
48729,737,469,0,29
48730,737,434,0,33
48731,737,470,0,40
48732,737,440,0,47
48733,737,410,1,19
48734,737,340,0,22
48735,737,471,0,25
48736,737,413,0,28
48737,737,411,0,37
48738,737,472,0,39
48739,737,473,0,42
48740,737,474,0,44
48741,737,368,0,52
48742,690,328,9,1
48743,690,385,6,2
48744,690,289,4,3
48745,690,396,3,4
48746,690,386,0,5
48747,690,389,0,6
48748,690,347,0,7
48749,690,373,0,8
48750,690,358,0,9
48751,690,346,0,10
48752,690,374,0,11
48753,690,356,0,12
48754,690,341,0,13
48755,690,304,0,14
48756,690,360,0,15
48757,690,383,0,16
48758,691,328,9,2
48759,691,385,10,1
48760,691,289,4,5
48761,691,396,3,7
48762,691,386,2,8
48763,691,389,0,9
48764,691,347,0,10
48765,691,373,0,12
48766,691,358,6,4
48767,691,346,0,14
48768,691,374,0,13
48769,691,356,3,6
48770,691,341,9,3
48771,691,304,0,15
48772,691,360,0,16
48773,691,383,0,17
48774,691,364,0,11
48775,691,397,0,18
48776,691,398,0,19
48777,692,328,9,3
48778,692,385,10,2
48779,692,289,4,7
48780,692,396,3,9
48781,692,386,2,10
48782,692,389,0,15
48783,692,347,0,16
48784,692,373,0,17
48785,692,358,9,5
48786,692,346,0,19
48787,692,374,0,18
48788,692,356,12,1
48789,692,341,9,4
48790,692,304,4,8
48791,692,360,0,21
48792,692,383,0,13
48793,692,364,2,11
48794,692,397,0,22
48795,692,398,0,23
48796,692,387,6,6
48797,692,399,1,12
48798,692,278,0,14
48799,692,345,0,20
48800,693,328,9,5
48801,693,385,10,3
48802,693,289,8,7
48803,693,396,3,9
48804,693,386,2,11
48805,693,389,0,18
48806,693,347,0,20
48807,693,373,3,10
48808,693,358,11,2
48809,693,346,0,22
48810,693,374,0,21
48811,693,356,21,1
48812,693,341,9,6
48813,693,304,10,4
48814,693,360,1,14
48815,693,383,0,15
48816,693,364,2,12
48817,693,397,0,24
48818,693,398,0,25
48819,693,387,6,8
48820,693,399,1,13
48821,693,278,0,17
48822,693,345,0,23
48823,693,388,0,16
48824,693,400,0,19
48825,693,401,0,26
48826,694,328,12,3
48827,694,385,11,4
48828,694,289,14,2
48829,694,396,3,10
48830,694,386,2,11
48831,694,389,0,20
48832,694,347,0,16
48833,694,373,7,8
48834,694,358,11,5
48835,694,346,0,22
48836,694,374,2,13
48837,694,356,30,1
48838,694,341,9,7
48839,694,304,10,6
48840,694,360,1,15
48841,694,383,0,17
48842,694,364,2,12
48843,694,397,0,24
48844,694,398,0,25
48845,694,387,6,9
48846,694,399,1,14
48847,694,278,0,19
48848,694,345,0,23
48849,694,388,0,18
48850,694,400,0,21
48851,694,401,0,26
48852,695,328,14,5
48853,695,385,12,6
48854,695,289,17,2
48855,695,396,3,10
48856,695,386,2,12
48857,695,389,0,21
48858,695,347,0,16
48859,695,373,7,8
48860,695,358,15,4
48861,695,346,0,23
48862,695,374,2,13
48863,695,356,39,1
48864,695,341,15,3
48865,695,304,10,7
48866,695,360,1,15
48867,695,383,0,17
48868,695,364,2,11
48869,695,397,0,19
48870,695,398,0,26
48871,695,387,6,9
48872,695,399,1,14
48873,695,278,0,20
48874,695,345,0,24
48875,695,388,0,18
48876,695,400,0,22
48877,695,401,0,27
48878,695,375,0,25
48879,696,328,14,5
48880,696,385,12,8
48881,696,289,17,3
48882,696,396,3,12
48883,696,386,2,14
48884,696,389,0,22
48885,696,347,0,18
48886,696,373,7,10
48887,696,358,18,2
48888,696,346,0,25
48889,696,374,4,11
48890,696,356,39,1
48891,696,341,15,4
48892,696,304,14,6
48893,696,360,1,17
48894,696,383,1,15
48895,696,364,2,13
48896,696,397,0,20
48897,696,398,0,28
48898,696,387,12,7
48899,696,399,1,16
48900,696,278,0,21
48901,696,345,0,27
48902,696,388,0,19
48903,696,400,0,24
48904,696,401,0,29
48905,696,375,9,9
48906,696,402,0,23
48907,696,394,0,26
48908,696,403,0,30
48909,697,328,14,6
48910,697,385,12,9
48911,697,289,17,4
48912,697,396,3,12
48913,697,386,2,16
48914,697,389,0,23
48915,697,347,0,20
48916,697,373,16,5
48917,697,358,22,2
48918,697,346,3,13
48919,697,374,4,11
48920,697,356,39,1
48921,697,341,19,3
48922,697,304,14,7
48923,697,360,3,14
48924,697,383,1,17
48925,697,364,2,15
48926,697,397,1,18
48927,697,398,0,30
48928,697,387,12,8
48929,697,399,1,19
48930,697,278,0,22
48931,697,345,0,27
48932,697,388,0,21
48933,697,400,0,25
48934,697,401,0,31
48935,697,375,9,10
48936,697,402,0,24
48937,697,394,0,28
48938,697,403,0,32
48939,697,404,0,26
48940,697,405,0,29
48941,698,328,14,7
48942,698,385,12,9
48943,698,289,17,5
48944,698,396,3,14
48945,698,386,5,11
48946,698,389,0,24
48947,698,347,1,18
48948,698,373,16,6
48949,698,358,22,3
48950,698,346,3,15
48951,698,374,4,13
48952,698,356,42,1
48953,698,341,28,2
48954,698,304,18,4
48955,698,360,3,16
48956,698,383,1,19
48957,698,364,4,12
48958,698,397,1,17
48959,698,398,0,31
48960,698,387,12,8
48961,698,399,1,20
48962,698,278,0,23
48963,698,345,0,28
48964,698,388,0,21
48965,698,400,0,26
48966,698,401,0,32
48967,698,375,9,10
48968,698,402,0,25
48969,698,394,0,29
48970,698,403,0,33
48971,698,404,0,27
48972,698,405,0,22
48973,698,382,0,30
48974,765,475,8,1
48975,765,577,6,2
48976,765,578,4,3
48977,765,579,4,4
48978,765,554,2,5
48979,765,501,0,6
48980,765,496,0,7
48981,765,580,0,8
48982,765,547,0,9
48983,765,581,0,10
48984,766,475,8,2
48985,766,577,12,1
48986,766,578,5,4
48987,766,579,4,6
48988,766,554,2,9
48989,766,501,2,8
48990,766,496,0,11
48991,766,580,0,12
48992,766,547,0,13
48993,766,581,4,5
48994,766,427,8,3
48995,766,356,3,7
48996,766,477,0,10
48997,766,476,0,14
48998,766,347,0,15
48999,766,289,0,16
49000,766,456,0,17
49001,766,483,0,18
49002,766,479,0,19
49003,766,590,0,20
49004,766,541,0,21
49005,766,582,0,22
49006,766,583,0,23
49007,766,584,0,24
49008,766,585,0,25
49009,766,551,0,26
49010,766,553,0,27
49011,766,543,0,28
49012,766,586,0,29
49013,766,587,0,30
49014,766,588,0,31
49015,766,589,0,32
49016,767,475,17,1
49017,767,577,12,2
49018,767,578,7,5
49019,767,579,4,8
49020,767,554,6,6
49021,767,501,8,4
49022,767,496,0,12
49023,767,580,0,13
49024,767,547,0,14
49025,767,581,4,7
49026,767,427,8,3
49027,767,356,3,9
49028,767,477,0,11
49029,767,476,0,17
49030,767,347,0,15
49031,767,289,0,18
49032,767,456,3,10
49033,767,483,0,19
49034,767,479,0,21
49035,767,590,0,20
49036,767,541,0,23
49037,767,582,0,24
49038,767,583,0,25
49039,767,584,0,26
49040,767,585,0,27
49041,767,551,0,28
49042,767,553,0,29
49043,767,543,0,30
49044,767,586,0,31
49045,767,587,0,32
49046,767,588,0,33
49047,767,589,0,34
49048,767,430,0,16
49049,767,418,0,22
49050,768,475,17,1
49051,768,577,12,2
49052,768,578,7,6
49053,768,579,4,12
49054,768,554,6,8
49055,768,501,8,5
49056,768,496,0,19
49057,768,580,0,20
49058,768,547,0,22
49059,768,581,4,9
49060,768,427,8,3
49061,768,356,3,13
49062,768,477,0,16
49063,768,476,0,30
49064,768,347,0,24
49065,768,289,0,31
49066,768,456,3,14
49067,768,483,0,32
49068,768,479,0,35
49069,768,590,0,33
49070,768,541,0,39
49071,768,582,0,41
49072,768,583,0,43
49073,768,584,0,45
49074,768,585,0,47
49075,768,551,0,49
49076,768,553,0,51
49077,768,543,0,53
49078,768,586,0,55
49079,768,587,0,59
49080,768,588,0,62
49081,768,589,0,63
49082,768,430,0,26
49083,768,418,0,38
49084,768,525,8,4
49085,768,591,6,7
49086,768,533,4,10
49087,768,529,4,11
49088,768,509,2,15
49089,768,592,0,17
49090,768,528,0,18
49091,768,564,0,21
49092,768,513,0,23
49093,768,560,0,25
49094,768,558,0,27
49095,768,593,0,28
49096,768,594,0,29
49097,768,516,0,34
49098,768,539,0,36
49099,768,531,0,37
49100,768,565,0,40
49101,768,555,0,42
49102,768,523,0,44
49103,768,449,0,46
49104,768,595,0,48
49105,768,527,0,50
49106,768,512,0,52
49107,768,563,0,54
49108,768,562,0,56
49109,768,514,0,57
49110,768,537,0,58
49111,768,596,0,60
49112,768,597,0,61
49113,768,510,0,64
49114,768,598,0,65
49115,768,536,0,66
49116,768,599,0,67
49117,769,475,17,1
49118,769,577,12,3
49119,769,578,14,2
49120,769,579,4,14
49121,769,554,6,9
49122,769,501,10,4
49123,769,496,0,22
49124,769,580,0,23
49125,769,547,0,26
49126,769,581,4,10
49127,769,427,8,5
49128,769,356,3,17
49129,769,477,3,15
49130,769,476,0,34
49131,769,347,0,25
49132,769,289,0,35
49133,769,456,3,16
49134,769,483,0,36
49135,769,479,8,6
49136,769,590,4,11
49137,769,541,0,41
49138,769,582,0,44
49139,769,583,0,46
49140,769,584,0,48
49141,769,585,0,50
49142,769,551,0,28
49143,769,553,0,53
49144,769,543,0,55
49145,769,586,0,57
49146,769,587,0,61
49147,769,588,0,64
49148,769,589,0,65
49149,769,430,0,30
49150,769,418,0,39
49151,769,525,8,7
49152,769,591,6,8
49153,769,533,4,12
49154,769,529,4,13
49155,769,509,2,18
49156,769,592,0,20
49157,769,528,0,21
49158,769,564,0,24
49159,769,513,0,27
49160,769,560,0,29
49161,769,558,0,31
49162,769,593,0,32
49163,769,594,0,33
49164,769,516,0,37
49165,769,539,0,38
49166,769,531,0,40
49167,769,565,0,42
49168,769,555,0,45
49169,769,523,0,47
49170,769,449,0,49
49171,769,595,0,51
49172,769,527,0,52
49173,769,512,0,54
49174,769,563,0,56
49175,769,562,0,58
49176,769,514,0,59
49177,769,537,0,60
49178,769,596,0,62
49179,769,597,0,63
49180,769,510,0,66
49181,769,598,0,67
49182,769,536,0,68
49183,769,599,0,69
49184,769,482,0,19
49185,769,455,0,43
49186,770,475,23,1
49187,770,577,12,3
49188,770,578,23,2
49189,770,579,7,8
49190,770,554,6,11
49191,770,501,10,4
49192,770,496,0,24
49193,770,580,0,26
49194,770,547,0,28
49195,770,581,6,10
49196,770,427,8,5
49197,770,356,3,17
49198,770,477,3,16
49199,770,476,4,12
49200,770,347,0,25
49201,770,289,0,38
49202,770,456,3,18
49203,770,483,0,39
49204,770,479,8,6
49205,770,590,4,13
49206,770,541,0,44
49207,770,582,0,47
49208,770,583,0,29
49209,770,584,0,50
49210,770,585,0,53
49211,770,551,0,31
49212,770,553,0,56
49213,770,543,0,58
49214,770,586,0,60
49215,770,587,0,64
49216,770,588,0,67
49217,770,589,0,68
49218,770,430,0,34
49219,770,418,0,42
49220,770,525,8,7
49221,770,591,6,9
49222,770,533,4,14
49223,770,529,4,15
49224,770,509,2,19
49225,770,592,0,21
49226,770,528,0,22
49227,770,564,0,27
49228,770,513,0,30
49229,770,560,0,32
49230,770,558,0,35
49231,770,593,0,36
49232,770,594,0,37
49233,770,516,0,40
49234,770,539,0,41
49235,770,531,0,43
49236,770,565,0,45
49237,770,555,0,48
49238,770,523,0,49
49239,770,449,0,52
49240,770,595,0,54
49241,770,527,0,55
49242,770,512,0,57
49243,770,563,0,59
49244,770,562,0,61
49245,770,514,0,62
49246,770,537,0,63
49247,770,596,0,65
49248,770,597,0,66
49249,770,510,0,69
49250,770,598,0,70
49251,770,536,0,71
49252,770,599,0,72
49253,770,482,0,20
49254,770,455,0,46
49255,770,403,0,23
49256,770,526,0,33
49257,770,566,0,51
49258,771,475,23,2
49259,771,577,12,4
49260,771,578,30,1
49261,771,579,7,11
49262,771,554,6,13
49263,771,501,12,5
49264,771,496,0,24
49265,771,580,0,26
49266,771,547,0,29
49267,771,581,14,3
49268,771,427,8,6
49269,771,356,3,17
49270,771,477,3,18
49271,771,476,4,14
49272,771,347,0,25
49273,771,289,0,39
49274,771,456,7,9
49275,771,483,0,40
49276,771,479,8,7
49277,771,590,7,10
49278,771,541,0,46
49279,771,582,0,50
49280,771,583,0,28
49281,771,584,0,55
49282,771,585,0,57
49283,771,551,0,32
49284,771,553,0,60
49285,771,543,0,62
49286,771,586,0,64
49287,771,587,0,68
49288,771,588,0,71
49289,771,589,0,72
49290,771,430,0,35
49291,771,418,0,44
49292,771,525,8,8
49293,771,591,6,12
49294,771,533,4,15
49295,771,529,4,16
49296,771,509,2,19
49297,771,592,0,21
49298,771,528,0,22
49299,771,564,0,27
49300,771,513,0,31
49301,771,560,0,33
49302,771,558,0,36
49303,771,593,0,37
49304,771,594,0,38
49305,771,516,0,42
49306,771,539,0,43
49307,771,531,0,45
49308,771,565,0,48
49309,771,555,0,51
49310,771,523,0,53
49311,771,449,0,56
49312,771,595,0,58
49313,771,527,0,59
49314,771,512,0,61
49315,771,563,0,63
49316,771,562,0,65
49317,771,514,0,66
49318,771,537,0,67
49319,771,596,0,69
49320,771,597,0,70
49321,771,510,0,73
49322,771,598,0,74
49323,771,536,0,75
49324,771,599,0,76
49325,771,482,0,20
49326,771,455,0,49
49327,771,403,0,23
49328,771,526,0,34
49329,771,566,0,30
49330,771,437,0,41
49331,771,549,0,47
49332,771,502,0,52
49333,771,486,0,54
49334,772,475,24,2
49335,772,577,12,7
49336,772,578,30,1
49337,772,579,7,12
49338,772,554,6,14
49339,772,501,12,8
49340,772,496,0,27
49341,772,580,0,29
49342,772,547,0,33
49343,772,581,14,4
49344,772,427,12,6
49345,772,356,3,17
49346,772,477,3,18
49347,772,476,7,10
49348,772,347,0,28
49349,772,289,0,44
49350,772,456,13,5
49351,772,483,0,45
49352,772,479,16,3
49353,772,590,7,11
49354,772,541,0,52
49355,772,582,0,54
49356,772,583,0,32
49357,772,584,0,60
49358,772,585,0,62
49359,772,551,0,36
49360,772,553,0,67
49361,772,543,0,69
49362,772,586,0,71
49363,772,587,0,75
49364,772,588,0,78
49365,772,589,0,79
49366,772,430,0,40
49367,772,418,0,49
49368,772,525,8,9
49369,772,591,6,13
49370,772,533,4,15
49371,772,529,4,16
49372,772,509,2,19
49373,772,592,0,23
49374,772,528,0,26
49375,772,564,0,30
49376,772,513,0,35
49377,772,560,0,38
49378,772,558,0,41
49379,772,593,0,42
49380,772,594,0,43
49381,772,516,0,47
49382,772,539,0,48
49383,772,531,0,50
49384,772,565,0,53
49385,772,555,0,55
49386,772,523,0,57
49387,772,449,0,61
49388,772,595,0,63
49389,772,527,0,65
49390,772,512,0,68
49391,772,563,0,70
49392,772,562,0,72
49393,772,514,0,73
49394,772,537,0,74
49395,772,596,0,76
49396,772,597,0,77
49397,772,510,0,80
49398,772,598,0,81
49399,772,536,0,82
49400,772,599,0,83
49401,772,482,0,22
49402,772,455,0,46
49403,772,403,0,24
49404,772,526,0,37
49405,772,566,0,34
49406,772,437,0,25
49407,772,549,0,39
49408,772,502,0,56
49409,772,486,0,58
49410,772,360,0,20
49411,772,431,0,21
49412,772,459,0,31
49413,772,600,0,51
49414,772,478,0,59
49415,772,601,0,64
49416,772,484,0,66
49417,773,475,32,2
49418,773,577,12,7
49419,773,578,36,1
49420,773,579,7,13
49421,773,554,9,11
49422,773,501,12,8
49423,773,496,0,27
49424,773,580,0,29
49425,773,547,0,34
49426,773,581,14,4
49427,773,427,12,6
49428,773,356,3,17
49429,773,477,3,18
49430,773,476,9,10
49431,773,347,0,28
49432,773,289,0,44
49433,773,456,13,5
49434,773,483,0,45
49435,773,479,16,3
49436,773,590,11,9
49437,773,541,0,52
49438,773,582,0,54
49439,773,583,0,33
49440,773,584,0,60
49441,773,585,0,62
49442,773,551,0,36
49443,773,553,0,67
49444,773,543,0,69
49445,773,586,0,71
49446,773,587,0,75
49447,773,588,0,78
49448,773,589,0,79
49449,773,430,0,40
49450,773,418,0,49
49451,773,525,8,12
49452,773,591,6,14
49453,773,533,4,15
49454,773,529,4,16
49455,773,509,2,19
49456,773,592,0,23
49457,773,528,0,26
49458,773,564,0,30
49459,773,513,0,35
49460,773,560,0,38
49461,773,558,0,41
49462,773,593,0,42
49463,773,594,0,43
49464,773,516,0,47
49465,773,539,0,48
49466,773,531,0,50
49467,773,565,0,53
49468,773,555,0,55
49469,773,523,0,57
49470,773,449,0,61
49471,773,595,0,63
49472,773,527,0,65
49473,773,512,0,68
49474,773,563,0,70
49475,773,562,0,72
49476,773,514,0,73
49477,773,537,0,74
49478,773,596,0,76
49479,773,597,0,77
49480,773,510,0,80
49481,773,598,0,81
49482,773,536,0,82
49483,773,599,0,83
49484,773,482,0,22
49485,773,455,0,46
49486,773,403,0,24
49487,773,526,0,37
49488,773,566,0,32
49489,773,437,0,25
49490,773,549,0,39
49491,773,502,0,56
49492,773,486,0,58
49493,773,360,0,20
49494,773,431,0,21
49495,773,459,0,31
49496,773,600,0,51
49497,773,478,0,59
49498,773,601,0,64
49499,773,484,0,66
49500,774,475,32,2
49501,774,577,12,7
49502,774,578,40,1
49503,774,579,7,13
49504,774,554,9,11
49505,774,501,12,8
49506,774,496,0,30
49507,774,580,0,32
49508,774,547,0,36
49509,774,581,14,5
49510,774,427,12,6
49511,774,356,3,18
49512,774,477,3,19
49513,774,476,9,10
49514,774,347,0,31
49515,774,289,0,24
49516,774,456,15,4
49517,774,483,0,48
49518,774,479,24,3
49519,774,590,11,9
49520,774,541,0,54
49521,774,582,0,56
49522,774,583,0,35
49523,774,584,0,61
49524,774,585,0,63
49525,774,551,0,38
49526,774,553,0,68
49527,774,543,0,46
49528,774,586,0,71
49529,774,587,0,75
49530,774,588,0,78
49531,774,589,0,79
49532,774,430,0,42
49533,774,418,0,22
49534,774,525,8,12
49535,774,591,6,14
49536,774,533,4,16
49537,774,529,4,17
49538,774,509,2,20
49539,774,592,0,27
49540,774,528,0,29
49541,774,564,0,33
49542,774,513,0,37
49543,774,560,0,40
49544,774,558,0,43
49545,774,593,0,44
49546,774,594,0,45
49547,774,516,0,50
49548,774,539,0,51
49549,774,531,0,52
49550,774,565,0,55
49551,774,555,0,57
49552,774,523,0,59
49553,774,449,0,62
49554,774,595,0,64
49555,774,527,0,66
49556,774,512,0,69
49557,774,563,0,70
49558,774,562,0,72
49559,774,514,0,73
49560,774,537,0,74
49561,774,596,0,76
49562,774,597,0,77
49563,774,510,0,80
49564,774,598,0,81
49565,774,536,0,82
49566,774,599,0,83
49567,774,482,0,25
49568,774,455,0,49
49569,774,403,5,15
49570,774,526,0,39
49571,774,566,0,21
49572,774,437,0,28
49573,774,549,0,41
49574,774,502,0,58
49575,774,486,0,60
49576,774,360,0,23
49577,774,431,0,26
49578,774,459,0,34
49579,774,600,0,53
49580,774,478,0,47
49581,774,601,0,65
49582,774,484,0,67
49583,775,475,41,2
49584,775,577,12,8
49585,775,578,42,1
49586,775,579,7,14
49587,775,554,9,12
49588,775,501,14,6
49589,775,496,0,31
49590,775,580,0,32
49591,775,547,0,38
49592,775,581,14,5
49593,775,427,12,7
49594,775,356,3,18
49595,775,477,3,19
49596,775,476,9,11
49597,775,347,3,20
49598,775,289,0,25
49599,775,456,15,4
49600,775,483,0,51
49601,775,479,24,3
49602,775,590,11,9
49603,775,541,0,57
49604,775,582,0,59
49605,775,583,0,36
49606,775,584,0,65
49607,775,585,0,67
49608,775,551,0,40
49609,775,553,0,72
49610,775,543,0,50
49611,775,586,0,75
49612,775,587,0,79
49613,775,588,0,82
49614,775,589,0,83
49615,775,430,0,44
49616,775,418,0,22
49617,775,525,8,13
49618,775,591,6,15
49619,775,533,4,16
49620,775,529,4,17
49621,775,509,2,21
49622,775,592,0,28
49623,775,528,0,30
49624,775,564,0,34
49625,775,513,0,39
49626,775,560,0,42
49627,775,558,0,45
49628,775,593,0,46
49629,775,594,0,47
49630,775,516,0,53
49631,775,539,0,54
49632,775,531,0,55
49633,775,565,0,58
49634,775,555,0,61
49635,775,523,0,64
49636,775,449,0,66
49637,775,595,0,68
49638,775,527,0,70
49639,775,512,0,73
49640,775,563,0,74
49641,775,562,0,76
49642,775,514,0,77
49643,775,537,0,78
49644,775,596,0,80
49645,775,597,0,81
49646,775,510,0,84
49647,775,598,0,85
49648,775,536,0,86
49649,775,599,0,87
49650,775,482,0,26
49651,775,455,0,52
49652,775,403,9,10
49653,775,526,0,41
49654,775,566,0,23
49655,775,437,0,29
49656,775,549,0,43
49657,775,502,0,62
49658,775,486,0,33
49659,775,360,0,24
49660,775,431,0,27
49661,775,459,0,35
49662,775,600,0,56
49663,775,478,0,37
49664,775,601,0,69
49665,775,484,0,71
49666,775,602,0,48
49667,775,603,0,49
49668,775,604,0,60
49669,775,605,0,63
49670,746,360,8,1
49671,746,477,6,2
49672,746,475,0,6
49673,746,496,3,3
49674,746,476,2,4
49675,746,404,1,5
49676,746,347,0,8
49677,746,403,0,9
49678,746,497,0,10
49679,746,498,0,11
49680,746,499,0,12
49681,746,418,0,13
49682,746,500,0,14
49683,746,439,0,15
49684,746,501,0,16
49685,746,356,0,17
49686,746,289,0,18
49687,746,502,0,19
49688,746,503,0,20
49689,746,504,0,21
49690,746,483,0,22
49691,746,427,0,7
49692,747,360,14,1
49693,747,477,6,3
49694,747,475,8,2
49695,747,496,3,6
49696,747,476,2,8
49697,747,404,1,9
49698,747,347,2,7
49699,747,403,4,4
49700,747,497,0,13
49701,747,498,0,14
49702,747,499,0,15
49703,747,418,0,16
49704,747,500,0,17
49705,747,439,0,18
49706,747,501,0,23
49707,747,356,0,25
49708,747,289,0,12
49709,747,502,0,21
49710,747,503,0,28
49711,747,504,0,29
49712,747,483,0,31
49713,747,479,3,5
49714,747,386,1,10
49715,747,364,0,19
49716,747,456,0,20
49717,747,505,0,22
49718,747,341,0,24
49719,747,427,0,11
49720,747,506,0,26
49721,747,484,0,27
49722,747,507,0,30
49723,747,508,0,32
49724,747,437,0,33
49725,748,360,14,1
49726,748,477,6,4
49727,748,475,8,2
49728,748,496,3,10
49729,748,476,2,12
49730,748,404,1,14
49731,748,347,2,11
49732,748,403,4,6
49733,748,497,0,21
49734,748,498,0,24
49735,748,499,0,26
49736,748,418,0,27
49737,748,500,0,30
49738,748,439,0,31
49739,748,501,0,56
49740,748,356,0,58
49741,748,289,0,18
49742,748,502,0,54
49743,748,503,0,61
49744,748,504,0,62
49745,748,483,0,64
49746,748,479,3,9
49747,748,386,1,15
49748,748,364,0,52
49749,748,456,0,53
49750,748,505,0,55
49751,748,341,0,57
49752,748,427,0,17
49753,748,506,0,59
49754,748,484,0,60
49755,748,507,0,63
49756,748,508,0,65
49757,748,437,0,66
49758,748,509,8,3
49759,748,449,6,5
49760,748,510,4,7
49761,748,511,3,8
49762,748,512,2,13
49763,748,513,1,16
49764,748,494,0,19
49765,748,514,0,20
49766,748,515,0,22
49767,748,516,0,23
49768,748,517,0,25
49769,748,518,0,28
49770,748,519,0,29
49771,748,520,0,32
49772,748,521,0,33
49773,748,522,0,34
49774,748,523,0,35
49775,748,524,0,36
49776,748,525,0,37
49777,748,526,0,38
49778,748,527,0,39
49779,748,528,0,40
49780,748,529,0,41
49781,748,530,0,42
49782,748,531,0,43
49783,748,532,0,44
49784,748,533,0,45
49785,748,534,0,46
49786,748,535,0,47
49787,748,536,0,48
49788,748,537,0,49
49789,748,538,0,50
49790,748,539,0,51
49791,749,360,14,1
49792,749,477,6,6
49793,749,475,11,2
49794,749,496,3,14
49795,749,476,4,11
49796,749,404,7,5
49797,749,347,2,15
49798,749,403,4,9
49799,749,497,0,24
49800,749,498,0,27
49801,749,499,0,29
49802,749,418,0,30
49803,749,500,0,33
49804,749,439,0,34
49805,749,501,0,60
49806,749,356,8,3
49807,749,289,4,8
49808,749,502,0,55
49809,749,503,0,65
49810,749,504,0,67
49811,749,483,0,68
49812,749,479,3,12
49813,749,386,2,17
49814,749,364,0,56
49815,749,456,0,57
49816,749,505,0,59
49817,749,341,0,61
49818,749,427,0,19
49819,749,506,0,62
49820,749,484,0,63
49821,749,507,0,66
49822,749,508,0,64
49823,749,437,0,69
49824,749,509,8,4
49825,749,449,6,7
49826,749,510,4,10
49827,749,511,3,13
49828,749,512,2,16
49829,749,513,1,18
49830,749,494,0,20
49831,749,514,0,23
49832,749,515,0,25
49833,749,516,0,26
49834,749,517,0,28
49835,749,518,0,31
49836,749,519,0,32
49837,749,520,0,35
49838,749,521,0,36
49839,749,522,0,37
49840,749,523,0,38
49841,749,524,0,39
49842,749,525,0,40
49843,749,526,0,41
49844,749,527,0,42
49845,749,528,0,43
49846,749,529,0,44
49847,749,530,0,45
49848,749,531,0,46
49849,749,532,0,47
49850,749,533,0,48
49851,749,534,0,49
49852,749,535,0,50
49853,749,536,0,51
49854,749,537,0,52
49855,749,538,0,53
49856,749,539,0,54
49857,749,481,0,21
49858,749,430,0,22
49859,749,373,0,58
49860,750,360,20,1
49861,750,477,6,7
49862,750,475,11,3
49863,750,496,3,15
49864,750,476,4,12
49865,750,404,7,5
49866,750,347,2,16
49867,750,403,7,6
49868,750,497,0,27
49869,750,498,0,30
49870,750,499,0,32
49871,750,418,0,33
49872,750,500,0,36
49873,750,439,0,37
49874,750,501,0,64
49875,750,356,16,2
49876,750,289,4,9
49877,750,502,0,58
49878,750,503,0,70
49879,750,504,0,71
49880,750,483,0,72
49881,750,479,3,13
49882,750,386,2,19
49883,750,364,0,60
49884,750,456,0,62
49885,750,505,0,61
49886,750,341,0,65
49887,750,427,0,22
49888,750,506,0,67
49889,750,484,0,68
49890,750,507,0,63
49891,750,508,0,66
49892,750,437,0,73
49893,750,509,8,4
49894,750,449,6,8
49895,750,510,4,11
49896,750,511,3,14
49897,750,512,2,18
49898,750,513,1,21
49899,750,494,0,23
49900,750,514,0,26
49901,750,515,0,28
49902,750,516,0,29
49903,750,517,0,31
49904,750,518,0,34
49905,750,519,0,35
49906,750,520,0,38
49907,750,521,0,39
49908,750,522,0,40
49909,750,523,0,41
49910,750,524,0,42
49911,750,525,0,43
49912,750,526,0,44
49913,750,527,0,45
49914,750,528,0,46
49915,750,529,0,47
49916,750,530,0,48
49917,750,531,0,49
49918,750,532,0,50
49919,750,533,0,51
49920,750,534,0,52
49921,750,535,0,53
49922,750,536,0,54
49923,750,537,0,55
49924,750,538,0,56
49925,750,539,0,57
49926,750,481,0,24
49927,750,430,0,25
49928,750,373,2,17
49929,750,482,4,10
49930,750,376,1,20
49931,750,435,0,59
49932,750,540,0,69
49933,751,360,24,2
49934,751,477,6,8
49935,751,475,11,3
49936,751,496,3,17
49937,751,476,4,12
49938,751,404,7,6
49939,751,347,2,18
49940,751,403,7,7
49941,751,497,0,30
49942,751,498,0,34
49943,751,499,0,36
49944,751,418,0,29
49945,751,500,0,38
49946,751,439,0,40
49947,751,501,0,67
49948,751,356,24,1
49949,751,289,4,10
49950,751,502,0,61
49951,751,503,0,72
49952,751,504,0,73
49953,751,483,0,74
49954,751,479,3,15
49955,751,386,2,20
49956,751,364,0,63
49957,751,456,0,65
49958,751,505,0,64
49959,751,341,0,68
49960,751,427,0,24
49961,751,506,0,26
49962,751,484,0,70
49963,751,507,0,66
49964,751,508,0,69
49965,751,437,0,32
49966,751,509,8,5
49967,751,449,6,9
49968,751,510,4,11
49969,751,511,3,16
49970,751,512,2,19
49971,751,513,1,23
49972,751,494,0,25
49973,751,514,0,28
49974,751,515,0,31
49975,751,516,0,33
49976,751,517,0,35
49977,751,518,0,37
49978,751,519,0,39
49979,751,520,0,41
49980,751,521,0,42
49981,751,522,0,43
49982,751,523,0,44
49983,751,524,0,45
49984,751,525,0,46
49985,751,526,0,47
49986,751,527,0,48
49987,751,528,0,49
49988,751,529,0,50
49989,751,530,0,51
49990,751,531,0,52
49991,751,532,0,53
49992,751,533,0,54
49993,751,534,0,55
49994,751,535,0,56
49995,751,536,0,57
49996,751,537,0,58
49997,751,538,0,59
49998,751,539,0,60
49999,751,481,3,14
50000,751,430,0,27
50001,751,373,4,13
50002,751,482,10,4
50003,751,376,1,21
50004,751,435,0,62
50005,751,540,0,71
50006,751,541,1,22
50007,751,542,0,75
50008,752,360,27,2
50009,752,477,6,9
50010,752,475,11,3
50011,752,496,3,18
50012,752,476,5,12
50013,752,404,11,4
50014,752,347,2,19
50015,752,403,7,7
50016,752,497,0,31
50017,752,498,0,36
50018,752,499,0,38
50019,752,418,0,30
50020,752,500,0,41
50021,752,439,0,44
50022,752,501,0,70
50023,752,356,32,1
50024,752,289,4,13
50025,752,502,0,65
50026,752,503,0,73
50027,752,504,0,74
50028,752,483,0,75
50029,752,479,5,11
50030,752,386,2,21
50031,752,364,0,33
50032,752,456,0,68
50033,752,505,0,67
50034,752,341,6,8
50035,752,427,0,25
50036,752,506,0,27
50037,752,484,0,42
50038,752,507,0,69
50039,752,508,0,71
50040,752,437,0,34
50041,752,509,8,6
50042,752,449,6,10
50043,752,510,4,14
50044,752,511,3,17
50045,752,512,2,20
50046,752,513,1,24
50047,752,494,0,26
50048,752,514,0,29
50049,752,515,0,32
50050,752,516,0,35
50051,752,517,0,37
50052,752,518,0,40
50053,752,519,0,43
50054,752,520,0,45
50055,752,521,0,46
50056,752,522,0,47
50057,752,523,0,48
50058,752,524,0,49
50059,752,525,0,50
50060,752,526,0,51
50061,752,527,0,52
50062,752,528,0,53
50063,752,529,0,54
50064,752,530,0,55
50065,752,531,0,56
50066,752,532,0,57
50067,752,533,0,58
50068,752,534,0,59
50069,752,535,0,60
50070,752,536,0,61
50071,752,537,0,62
50072,752,538,0,63
50073,752,539,0,64
50074,752,481,3,16
50075,752,430,0,28
50076,752,373,4,15
50077,752,482,10,5
50078,752,376,1,22
50079,752,435,0,66
50080,752,540,0,72
50081,752,541,1,23
50082,752,542,0,39
50083,752,486,0,76
50084,752,465,0,77
50085,753,360,33,2
50086,753,477,6,12
50087,753,475,11,4
50088,753,496,3,18
50089,753,476,8,8
50090,753,404,12,3
50091,753,347,2,19
50092,753,403,7,9
50093,753,497,0,31
50094,753,498,0,36
50095,753,499,0,38
50096,753,418,0,30
50097,753,500,0,41
50098,753,439,0,44
50099,753,501,0,71
50100,753,356,40,1
50101,753,289,4,14
50102,753,502,0,65
50103,753,503,0,74
50104,753,504,0,75
50105,753,483,0,76
50106,753,479,7,10
50107,753,386,2,21
50108,753,364,0,33
50109,753,456,0,69
50110,753,505,0,68
50111,753,341,6,11
50112,753,427,0,25
50113,753,506,0,27
50114,753,484,0,42
50115,753,507,0,70
50116,753,508,0,72
50117,753,437,0,34
50118,753,509,8,6
50119,753,449,6,13
50120,753,510,4,15
50121,753,511,3,17
50122,753,512,2,20
50123,753,513,1,24
50124,753,494,0,26
50125,753,514,0,29
50126,753,515,0,32
50127,753,516,0,35
50128,753,517,0,37
50129,753,518,0,40
50130,753,519,0,43
50131,753,520,0,45
50132,753,521,0,46
50133,753,522,0,47
50134,753,523,0,48
50135,753,524,0,49
50136,753,525,0,50
50137,753,526,0,51
50138,753,527,0,52
50139,753,528,0,53
50140,753,529,0,54
50141,753,530,0,55
50142,753,531,0,56
50143,753,532,0,57
50144,753,533,0,58
50145,753,534,0,59
50146,753,535,0,60
50147,753,536,0,61
50148,753,537,0,62
50149,753,538,0,63
50150,753,539,0,64
50151,753,481,3,16
50152,753,430,0,28
50153,753,373,8,7
50154,753,482,10,5
50155,753,376,1,22
50156,753,435,0,66
50157,753,540,0,73
50158,753,541,1,23
50159,753,542,0,39
50160,753,486,0,77
50161,753,465,0,78
50162,753,432,0,67
50163,754,360,33,2
50164,754,477,6,13
50165,754,475,11,5
50166,754,496,3,21
50167,754,476,10,7
50168,754,404,12,4
50169,754,347,2,22
50170,754,403,15,3
50171,754,497,0,36
50172,754,498,0,43
50173,754,499,0,45
50174,754,418,0,35
50175,754,500,0,48
50176,754,439,0,51
50177,754,501,0,79
50178,754,356,40,1
50179,754,289,4,15
50180,754,502,0,72
50181,754,503,0,85
50182,754,504,0,86
50183,754,483,0,78
50184,754,479,7,11
50185,754,386,8,9
50186,754,364,0,39
50187,754,456,0,75
50188,754,505,0,74
50189,754,341,6,12
50190,754,427,0,28
50191,754,506,0,31
50192,754,484,0,49
50193,754,507,0,76
50194,754,508,0,82
50195,754,437,0,40
50196,754,509,8,8
50197,754,449,6,14
50198,754,510,4,17
50199,754,511,3,19
50200,754,512,2,23
50201,754,513,1,27
50202,754,494,0,30
50203,754,514,0,34
50204,754,515,0,38
50205,754,516,0,41
50206,754,517,0,44
50207,754,518,0,47
50208,754,519,0,50
50209,754,520,0,52
50210,754,521,0,53
50211,754,522,0,54
50212,754,523,0,55
50213,754,524,0,56
50214,754,525,0,57
50215,754,526,0,58
50216,754,527,0,59
50217,754,528,0,60
50218,754,529,0,61
50219,754,530,0,62
50220,754,531,0,63
50221,754,532,0,64
50222,754,533,0,65
50223,754,534,0,66
50224,754,535,0,67
50225,754,536,0,68
50226,754,537,0,69
50227,754,538,0,70
50228,754,539,0,71
50229,754,481,3,18
50230,754,430,0,32
50231,754,373,8,10
50232,754,482,10,6
50233,754,376,1,24
50234,754,435,4,16
50235,754,540,0,84
50236,754,541,1,25
50237,754,542,0,46
50238,754,486,0,87
50239,754,465,0,88
50240,754,432,0,73
50241,754,543,3,20
50242,754,478,1,26
50243,754,431,0,29
50244,754,544,0,33
50245,754,455,0,37
50246,754,545,0,42
50247,754,491,0,77
50248,754,398,0,80
50249,754,546,0,81
50250,754,547,0,83
50251,755,360,34,2
50252,755,477,6,13
50253,755,475,19,3
50254,755,496,3,22
50255,755,476,10,7
50256,755,404,18,4
50257,755,347,4,18
50258,755,403,16,5
50259,755,497,0,38
50260,755,498,0,46
50261,755,499,0,48
50262,755,418,0,37
50263,755,500,0,52
50264,755,439,0,56
50265,755,501,0,82
50266,755,356,43,1
50267,755,289,4,15
50268,755,502,0,77
50269,755,503,0,88
50270,755,504,0,89
50271,755,483,0,81
50272,755,479,7,11
50273,755,386,8,9
50274,755,364,0,41
50275,755,456,0,32
50276,755,505,0,79
50277,755,341,6,12
50278,755,427,0,28
50279,755,506,0,33
50280,755,484,0,53
50281,755,507,0,42
50282,755,508,0,85
50283,755,437,0,43
50284,755,509,8,8
50285,755,449,6,14
50286,755,510,4,17
50287,755,511,3,20
50288,755,512,2,23
50289,755,513,1,27
50290,755,494,0,31
50291,755,514,0,36
50292,755,515,0,40
50293,755,516,0,44
50294,755,517,0,47
50295,755,518,0,51
50296,755,519,0,55
50297,755,520,0,57
50298,755,521,0,58
50299,755,522,0,59
50300,755,523,0,60
50301,755,524,0,61
50302,755,525,0,62
50303,755,526,0,63
50304,755,527,0,64
50305,755,528,0,65
50306,755,529,0,66
50307,755,530,0,67
50308,755,531,0,68
50309,755,532,0,69
50310,755,533,0,70
50311,755,534,0,71
50312,755,535,0,72
50313,755,536,0,73
50314,755,537,0,74
50315,755,538,0,75
50316,755,539,0,76
50317,755,481,3,19
50318,755,430,0,34
50319,755,373,8,10
50320,755,482,10,6
50321,755,376,1,24
50322,755,435,4,16
50323,755,540,0,87
50324,755,541,1,25
50325,755,542,0,50
50326,755,486,0,90
50327,755,465,0,91
50328,755,432,0,78
50329,755,543,3,21
50330,755,478,1,26
50331,755,431,0,29
50332,755,544,0,35
50333,755,455,0,39
50334,755,545,0,45
50335,755,491,0,80
50336,755,398,0,83
50337,755,546,0,84
50338,755,547,0,86
50339,755,440,0,30
50340,755,353,0,49
50341,755,548,0,54
50720,709,289,9,1
50721,709,386,6,2
50722,709,397,4,3
50723,709,373,3,4
50724,709,347,2,5
50725,709,305,1,6
50726,709,383,0,7
50727,709,346,0,8
50728,709,403,0,9
50729,709,385,0,10
50730,709,364,0,11
50731,709,427,0,12
50732,709,356,0,13
50733,709,360,0,14
50734,709,341,0,15
50735,709,401,0,16
50736,709,278,0,17
50737,709,309,0,18
50738,709,428,0,19
50739,709,404,0,20
50740,709,429,0,21
50741,709,394,0,22
50742,709,408,0,23
50743,710,289,12,2
50744,710,386,6,4
50745,710,397,8,3
50746,710,373,12,1
50747,710,347,2,6
50748,710,305,1,9
50749,710,383,1,8
50750,710,346,0,12
50751,710,403,0,11
50752,710,385,0,13
50753,710,364,0,15
50754,710,427,0,16
50755,710,356,0,17
50756,710,360,0,10
50757,710,341,6,5
50758,710,401,0,18
50759,710,278,2,7
50760,710,309,0,21
50761,710,428,0,22
50762,710,404,0,23
50763,710,429,0,24
50764,710,394,0,14
50765,710,408,0,20
50766,710,430,0,19
50767,711,289,14,2
50768,711,386,9,3
50769,711,397,8,4
50770,711,373,21,1
50771,711,347,2,8
50772,711,305,1,11
50773,711,383,1,10
50774,711,346,0,16
50775,711,403,0,14
50776,711,385,0,17
50777,711,364,1,12
50778,711,427,0,19
50779,711,356,4,7
50780,711,360,6,5
50781,711,341,6,6
50782,711,401,0,13
50783,711,278,2,9
50784,711,309,0,23
50785,711,428,0,24
50786,711,404,0,18
50787,711,429,0,20
50788,711,394,0,15
50789,711,408,0,22
50790,711,430,0,21
50791,712,289,20,2
50792,712,386,11,3
50793,712,397,11,4
50794,712,373,21,1
50795,712,347,2,9
50796,712,305,1,12
50797,712,383,1,11
50798,712,346,0,16
50799,712,403,0,13
50800,712,385,0,17
50801,712,364,10,5
50802,712,427,0,19
50803,712,356,8,6
50804,712,360,7,7
50805,712,341,6,8
50806,712,401,0,14
50807,712,278,2,10
50808,712,309,0,23
50809,712,428,0,24
50810,712,404,0,18
50811,712,429,0,20
50812,712,394,0,15
50813,712,408,0,22
50814,712,430,0,21
50815,713,289,26,2
50816,713,386,11,3
50817,713,397,11,4
50818,713,373,30,1
50819,713,347,2,10
50820,713,305,1,14
50821,713,383,1,12
50822,713,346,0,17
50823,713,403,1,13
50824,713,385,2,9
50825,713,364,10,6
50826,713,427,0,20
50827,713,356,11,5
50828,713,360,7,8
50829,713,341,10,7
50830,713,401,0,15
50831,713,278,2,11
50832,713,309,0,23
50833,713,428,0,27
50834,713,404,0,19
50835,713,429,0,22
50836,713,394,0,16
50837,713,408,0,24
50838,713,430,0,25
50839,713,374,0,18
50840,713,399,0,21
50841,713,420,0,26
50842,713,380,0,28
50843,713,370,0,29
50844,714,289,32,1
50845,714,386,11,4
50846,714,397,11,5
50847,714,373,30,2
50848,714,347,2,11
50849,714,305,1,16
50850,714,383,1,14
50851,714,346,3,10
50852,714,403,1,15
50853,714,385,6,9
50854,714,364,10,7
50855,714,427,2,13
50856,714,356,11,6
50857,714,360,7,8
50858,714,341,19,3
50859,714,401,0,18
50860,714,278,2,12
50861,714,309,0,24
50862,714,428,0,30
50863,714,404,0,22
50864,714,429,0,26
50865,714,394,0,20
50866,714,408,1,17
50867,714,430,0,27
50868,714,374,0,19
50869,714,399,0,25
50870,714,420,0,29
50871,714,380,0,31
50872,714,370,0,32
50873,714,423,0,21
50874,714,405,0,23
50875,714,431,0,28
50876,715,289,32,1
50877,715,386,17,4
50878,715,397,11,7
50879,715,373,30,2
50880,715,347,3,13
50881,715,305,1,18
50882,715,383,5,10
50883,715,346,3,12
50884,715,403,1,17
50885,715,385,15,5
50886,715,364,10,8
50887,715,427,2,16
50888,715,356,11,6
50889,715,360,7,9
50890,715,341,19,3
50891,715,401,0,20
50892,715,278,2,15
50893,715,309,0,24
50894,715,428,0,31
50895,715,404,2,14
50896,715,429,0,27
50897,715,394,0,19
50898,715,408,4,11
50899,715,430,0,28
50900,715,374,0,21
50901,715,399,0,25
50902,715,420,0,30
50903,715,380,0,32
50904,715,370,0,33
50905,715,423,0,22
50906,715,405,0,23
50907,715,431,0,29
50908,715,358,0,26
50909,716,289,32,1
50910,716,386,20,4
50911,716,397,11,8
50912,716,373,30,2
50913,716,347,3,14
50914,716,305,1,18
50915,716,383,5,10
50916,716,346,3,13
50917,716,403,1,17
50918,716,385,19,5
50919,716,364,10,9
50920,716,427,2,16
50921,716,356,11,7
50922,716,360,13,6
50923,716,341,28,3
50924,716,401,0,21
50925,716,278,2,15
50926,716,309,0,24
50927,716,428,0,33
50928,716,404,4,12
50929,716,429,0,28
50930,716,394,0,20
50931,716,408,4,11
50932,716,430,0,30
50933,716,374,1,19
50934,716,399,0,26
50935,716,420,0,31
50936,716,380,0,35
50937,716,370,0,37
50938,716,423,0,22
50939,716,405,0,25
50940,716,431,0,32
50941,716,358,0,27
50942,716,375,0,23
50943,716,432,0,29
50944,716,402,0,34
50945,716,340,0,36
50946,717,289,39,1
50947,717,386,23,4
50948,717,397,11,8
50949,717,373,30,3
50950,717,347,3,14
50951,717,305,1,20
50952,717,383,5,11
50953,717,346,7,10
50954,717,403,1,18
50955,717,385,19,5
50956,717,364,10,9
50957,717,427,2,16
50958,717,356,11,7
50959,717,360,13,6
50960,717,341,34,2
50961,717,401,1,19
50962,717,278,2,15
50963,717,309,0,25
50964,717,428,0,35
50965,717,404,4,13
50966,717,429,0,30
50967,717,394,0,22
50968,717,408,4,12
50969,717,430,0,32
50970,717,374,1,21
50971,717,399,0,27
50972,717,420,0,33
50973,717,380,0,37
50974,717,370,0,39
50975,717,423,0,23
50976,717,405,0,26
50977,717,431,0,34
50978,717,358,0,28
50979,717,375,0,24
50980,717,432,0,31
50981,717,402,0,36
50982,717,340,0,38
50983,717,433,2,17
50984,717,434,0,29
50985,718,289,39,2
50986,718,386,23,5
50987,718,397,11,9
50988,718,373,32,3
50989,718,347,3,15
50990,718,305,1,21
50991,718,383,5,11
50992,718,346,7,10
50993,718,403,1,19
50994,718,385,23,4
50995,718,364,19,6
50996,718,427,2,17
50997,718,356,11,8
50998,718,360,13,7
50999,718,341,40,1
51000,718,401,1,20
51001,718,278,2,16
51002,718,309,0,27
51003,718,428,0,37
51004,718,404,4,14
51005,718,429,0,32
51006,718,394,0,23
51007,718,408,4,13
51008,718,430,0,34
51009,718,374,4,12
51010,718,399,0,30
51011,718,420,0,35
51012,718,380,0,39
51013,718,370,0,41
51014,718,423,0,24
51015,718,405,0,29
51016,718,431,0,36
51017,718,358,0,31
51018,718,375,0,25
51019,718,432,0,33
51020,718,402,0,38
51021,718,340,0,40
51022,718,433,2,18
51023,718,434,0,28
51024,718,345,1,22
51025,718,382,0,26
51026,699,373,9,1
51027,699,341,6,2
51028,699,289,4,3
51029,699,374,3,4
51030,699,360,2,5
51031,699,328,1,6
51032,699,346,0,7
51033,699,356,0,8
51034,699,406,0,9
51035,699,362,0,10
51036,699,408,0,11
51037,699,380,0,12
51038,699,368,0,13
51039,699,407,0,14
51040,699,385,0,15
51041,699,383,0,16
51042,699,347,0,17
51043,699,358,0,18
51044,699,340,0,19
51045,699,364,0,20
51046,699,409,0,21
51047,699,410,0,22
51048,699,411,0,23
51049,699,412,0,24
51050,699,413,0,25
51051,699,414,0,26
51052,699,334,0,27
51053,699,293,0,28
51054,699,415,0,29
51055,699,416,0,30
51056,699,417,0,31
51057,700,373,9,2
51058,700,341,9,3
51059,700,289,13,1
51060,700,374,3,7
51061,700,360,4,6
51062,700,328,5,5
51063,700,346,1,8
51064,700,356,0,10
51065,700,406,0,12
51066,700,362,0,14
51067,700,408,0,15
51068,700,380,0,16
51069,700,368,0,17
51070,700,407,0,18
51071,700,385,6,4
51072,700,383,0,13
51073,700,347,0,9
51074,700,358,0,23
51075,700,340,0,24
51076,700,364,0,25
51077,700,409,0,26
51078,700,410,0,27
51079,700,411,0,28
51080,700,412,0,29
51081,700,413,0,30
51082,700,414,0,31
51083,700,334,0,32
51084,700,293,0,33
51085,700,415,0,34
51086,700,416,0,35
51087,700,417,0,36
51088,700,304,0,11
51089,700,370,0,19
51090,700,405,0,20
51091,700,305,0,21
51092,700,386,0,22
51093,701,373,18,1
51094,701,341,9,4
51095,701,289,15,2
51096,701,374,3,7
51097,701,360,8,5
51098,701,328,11,3
51099,701,346,1,9
51100,701,356,3,8
51101,701,406,0,13
51102,701,362,0,16
51103,701,408,0,18
51104,701,380,0,19
51105,701,368,0,22
51106,701,407,0,24
51107,701,385,6,6
51108,701,383,0,14
51109,701,347,0,11
51110,701,358,0,17
51111,701,340,0,28
51112,701,364,0,15
51113,701,409,0,29
51114,701,410,0,30
51115,701,411,0,31
51116,701,412,0,32
51117,701,413,0,33
51118,701,414,0,34
51119,701,334,0,35
51120,701,293,0,36
51121,701,415,0,37
51122,701,416,0,38
51123,701,417,0,39
51124,701,304,0,12
51125,701,370,0,23
51126,701,405,0,25
51127,701,305,0,27
51128,701,386,1,10
51129,701,376,0,20
51130,701,404,0,21
51131,701,418,0,26
51132,702,373,27,1
51133,702,341,13,4
51134,702,289,17,2
51135,702,374,3,7
51136,702,360,8,5
51137,702,328,17,3
51138,702,346,2,10
51139,702,356,3,8
51140,702,406,0,14
51141,702,362,0,16
51142,702,408,0,18
51143,702,380,0,19
51144,702,368,0,22
51145,702,407,0,24
51146,702,385,6,6
51147,702,383,0,13
51148,702,347,0,12
51149,702,358,0,17
51150,702,340,0,29
51151,702,364,0,15
51152,702,409,0,30
51153,702,410,0,31
51154,702,411,0,32
51155,702,412,0,33
51156,702,413,0,34
51157,702,414,0,35
51158,702,334,0,36
51159,702,293,0,37
51160,702,415,0,38
51161,702,416,0,39
51162,702,417,0,40
51163,702,304,3,9
51164,702,370,0,23
51165,702,405,0,26
51166,702,305,0,28
51167,702,386,1,11
51168,702,376,0,20
51169,702,404,0,21
51170,702,418,0,27
51171,702,278,0,25
51172,703,373,36,1
51173,703,341,17,4
51174,703,289,23,2
51175,703,374,6,7
51176,703,360,8,5
51177,703,328,19,3
51178,703,346,2,10
51179,703,356,3,8
51180,703,406,0,16
51181,703,362,0,17
51182,703,408,0,19
51183,703,380,0,14
51184,703,368,0,25
51185,703,407,0,26
51186,703,385,6,6
51187,703,383,0,15
51188,703,347,0,13
51189,703,358,0,18
51190,703,340,0,31
51191,703,364,1,11
51192,703,409,0,32
51193,703,410,0,33
51194,703,411,0,36
51195,703,412,0,37
51196,703,413,0,38
51197,703,414,0,39
51198,703,334,0,40
51199,703,293,0,41
51200,703,415,0,42
51201,703,416,0,43
51202,703,417,0,44
51203,703,304,3,9
51204,703,370,0,23
51205,703,405,0,28
51206,703,305,0,29
51207,703,386,1,12
51208,703,376,0,22
51209,703,404,0,24
51210,703,418,0,21
51211,703,278,0,27
51212,703,420,0,20
51213,703,419,0,30
51214,703,421,0,34
51215,703,422,0,35
51216,704,373,45,1
51217,704,341,17,4
51218,704,289,26,2
51219,704,374,6,7
51220,704,360,8,5
51221,704,328,25,3
51222,704,346,2,11
51223,704,356,3,10
51224,704,406,0,16
51225,704,362,0,18
51226,704,408,0,20
51227,704,380,0,14
51228,704,368,0,25
51229,704,407,0,26
51230,704,385,6,6
51231,704,383,0,15
51232,704,347,0,13
51233,704,358,0,19
51234,704,340,0,31
51235,704,364,5,8
51236,704,409,0,32
51237,704,410,0,33
51238,704,411,0,36
51239,704,412,0,37
51240,704,413,0,38
51241,704,414,0,39
51242,704,334,0,40
51243,704,293,0,41
51244,704,415,0,42
51245,704,416,0,43
51246,704,417,0,44
51247,704,304,5,9
51248,704,370,0,22
51249,704,405,0,28
51250,704,305,0,29
51251,704,386,2,12
51252,704,376,0,24
51253,704,404,0,17
51254,704,418,0,23
51255,704,278,0,27
51256,704,420,0,21
51257,704,419,0,30
51258,704,421,0,34
51259,704,422,0,35
51260,705,373,54,1
51261,705,341,17,4
51262,705,289,30,2
51263,705,374,6,8
51264,705,360,8,6
51265,705,328,25,3
51266,705,346,2,12
51267,705,356,5,9
51268,705,406,0,18
51269,705,362,0,20
51270,705,408,0,22
51271,705,380,0,15
51272,705,368,0,25
51273,705,407,0,26
51274,705,385,7,7
51275,705,383,0,17
51276,705,347,0,14
51277,705,358,3,11
51278,705,340,0,32
51279,705,364,9,5
51280,705,409,0,34
51281,705,410,0,35
51282,705,411,0,38
51283,705,412,0,39
51284,705,413,0,40
51285,705,414,0,41
51286,705,334,0,42
51287,705,293,0,43
51288,705,415,0,44
51289,705,416,0,45
51290,705,417,0,46
51291,705,304,5,10
51292,705,370,0,23
51293,705,405,0,29
51294,705,305,0,30
51295,705,386,2,13
51296,705,376,0,24
51297,705,404,0,19
51298,705,418,0,16
51299,705,278,0,27
51300,705,420,0,21
51301,705,419,0,31
51302,705,421,0,36
51303,705,422,0,37
51304,705,423,0,28
51305,705,424,0,33
51306,706,373,54,1
51307,706,341,17,4
51308,706,289,34,2
51309,706,374,6,8
51310,706,360,10,7
51311,706,328,33,3
51312,706,346,2,12
51313,706,356,5,9
51314,706,406,0,20
51315,706,362,0,21
51316,706,408,0,23
51317,706,380,0,16
51318,706,368,0,27
51319,706,407,0,28
51320,706,385,10,6
51321,706,383,0,18
51322,706,347,0,15
51323,706,358,3,11
51324,706,340,0,35
51325,706,364,13,5
51326,706,409,0,36
51327,706,410,0,38
51328,706,411,0,42
51329,706,412,0,43
51330,706,413,0,44
51331,706,414,0,45
51332,706,334,0,46
51333,706,293,0,47
51334,706,415,0,48
51335,706,416,0,49
51336,706,417,0,50
51337,706,304,5,10
51338,706,370,1,14
51339,706,405,0,31
51340,706,305,0,32
51341,706,386,2,13
51342,706,376,0,24
51343,706,404,0,19
51344,706,418,0,17
51345,706,278,0,29
51346,706,420,0,22
51347,706,419,0,33
51348,706,421,0,39
51349,706,422,0,41
51350,706,423,0,30
51351,706,424,0,26
51352,706,425,0,25
51353,706,402,0,34
51354,706,394,0,37
51355,706,426,0,40
51356,707,373,54,1
51357,707,341,17,5
51358,707,289,40,2
51359,707,374,6,9
51360,707,360,10,7
51361,707,328,33,3
51362,707,346,2,13
51363,707,356,9,8
51364,707,406,0,21
51365,707,362,0,23
51366,707,408,0,25
51367,707,380,0,17
51368,707,368,0,31
51369,707,407,0,32
51370,707,385,13,6
51371,707,383,0,19
51372,707,347,0,16
51373,707,358,4,11
51374,707,340,0,38
51375,707,364,19,4
51376,707,409,0,39
51377,707,410,0,41
51378,707,411,0,45
51379,707,412,0,46
51380,707,413,0,47
51381,707,414,0,48
51382,707,334,0,49
51383,707,293,0,50
51384,707,415,0,51
51385,707,416,0,52
51386,707,417,0,53
51387,707,304,5,10
51388,707,370,1,15
51389,707,405,0,29
51390,707,305,0,35
51391,707,386,2,14
51392,707,376,0,26
51393,707,404,0,20
51394,707,418,0,18
51395,707,278,0,33
51396,707,420,0,24
51397,707,419,0,36
51398,707,421,0,42
51399,707,422,0,44
51400,707,423,0,34
51401,707,424,0,30
51402,707,425,0,28
51403,707,402,0,37
51404,707,394,0,40
51405,707,426,0,43
51406,707,345,2,12
51407,707,396,0,22
51408,707,382,0,27
51409,708,373,54,1
51410,708,341,17,5
51411,708,289,40,2
51412,708,374,10,8
51413,708,360,10,9
51414,708,328,33,3
51415,708,346,5,12
51416,708,356,9,10
51417,708,406,0,22
51418,708,362,0,24
51419,708,408,0,26
51420,708,380,0,18
51421,708,368,0,31
51422,708,407,0,32
51423,708,385,13,6
51424,708,383,0,20
51425,708,347,0,17
51426,708,358,4,13
51427,708,340,0,38
51428,708,364,25,4
51429,708,409,0,40
51430,708,410,0,42
51431,708,411,0,46
51432,708,412,0,47
51433,708,413,0,48
51434,708,414,0,49
51435,708,334,0,50
51436,708,293,0,51
51437,708,415,0,52
51438,708,416,0,53
51439,708,417,0,54
51440,708,304,5,11
51441,708,370,2,16
51442,708,405,2,15
51443,708,305,0,35
51444,708,386,11,7
51445,708,376,0,28
51446,708,404,0,21
51447,708,418,0,19
51448,708,278,0,33
51449,708,420,0,25
51450,708,419,0,36
51451,708,421,0,43
51452,708,422,0,45
51453,708,423,0,34
51454,708,424,0,30
51455,708,425,0,29
51456,708,402,0,37
51457,708,394,0,41
51458,708,426,0,44
51459,708,345,2,14
51460,708,396,0,23
51461,708,382,0,27
51462,708,375,0,39
51463,799,579,8,1
51464,799,642,6,2
51465,799,498,5,3
51466,799,427,3,4
51467,799,625,2,5
51468,799,501,0,6
51469,799,669,0,7
51470,799,640,0,8
51471,799,620,0,9
51472,799,670,0,10
51473,799,643,0,11
51474,799,671,0,12
51475,799,672,0,13
51476,799,627,0,14
51477,799,577,0,15
51478,799,496,0,16
51479,800,579,8,1
51480,800,642,6,4
51481,800,498,5,5
51482,800,427,3,7
51483,800,625,2,8
51484,800,501,0,13
51485,800,669,0,14
51486,800,640,0,17
51487,800,620,0,20
51488,800,670,0,41
51489,800,643,0,42
51490,800,671,0,43
51491,800,672,0,44
51492,800,627,0,45
51493,800,577,0,46
51494,800,496,0,47
51495,800,657,8,2
51496,800,525,6,3
51497,800,658,5,6
51498,800,526,2,11
51499,800,673,2,9
51500,800,615,0,12
51501,800,528,0,15
51502,800,555,0,18
51503,800,674,0,19
51504,800,655,0,21
51505,800,656,0,26
51506,800,521,0,28
51507,800,675,0,29
51508,800,628,0,30
51509,800,518,2,10
51510,800,679,0,34
51511,800,592,0,35
51512,800,596,0,37
51513,800,676,0,39
51514,800,611,0,23
51515,800,597,0,49
51516,800,449,0,51
51517,800,520,0,40
51518,800,512,0,53
51519,800,612,0,24
51520,800,659,0,16
51521,800,556,0,52
51522,800,509,0,48
51523,800,529,0,32
51524,800,677,0,56
51525,800,678,0,57
51526,800,593,0,25
51527,800,519,0,58
51528,800,653,0,22
51529,800,654,0,27
51530,800,613,0,31
51531,800,799,0,33
51532,800,702,0,36
51533,800,730,0,38
51534,800,513,0,50
51535,800,559,0,54
51536,800,805,0,55
51537,801,579,17,1
51538,801,642,6,5
51539,801,498,6,4
51540,801,427,9,2
51541,801,625,2,9
51542,801,501,0,17
51543,801,669,0,15
51544,801,640,0,21
51545,801,620,0,24
51546,801,670,0,47
51547,801,643,0,48
51548,801,671,0,50
51549,801,672,0,51
51550,801,627,0,52
51551,801,577,0,53
51552,801,496,0,54
51553,801,657,8,3
51554,801,525,6,6
51555,801,658,5,7
51556,801,526,2,14
51557,801,673,2,10
51558,801,615,0,16
51559,801,528,0,18
51560,801,555,0,22
51561,801,674,0,23
51562,801,655,0,25
51563,801,656,0,30
51564,801,521,0,32
51565,801,675,0,33
51566,801,628,0,34
51567,801,518,2,12
51568,801,679,0,38
51569,801,592,0,39
51570,801,596,0,41
51571,801,676,0,43
51572,801,611,0,27
51573,801,597,0,56
51574,801,449,0,58
51575,801,520,0,44
51576,801,512,0,60
51577,801,612,0,28
51578,801,659,0,20
51579,801,556,0,59
51580,801,509,0,55
51581,801,529,0,36
51582,801,677,0,63
51583,801,678,0,64
51584,801,593,0,29
51585,801,519,0,65
51586,801,475,4,8
51587,801,429,2,11
51588,801,644,0,19
51589,801,632,0,45
51590,801,554,0,46
51591,801,680,0,49
51592,801,653,0,26
51593,801,654,0,31
51594,801,613,0,35
51595,801,799,0,37
51596,801,702,0,40
51597,801,730,0,42
51598,801,513,0,57
51599,801,559,0,61
51600,801,805,0,62
51601,801,578,2,13
51602,802,579,25,1
51603,802,642,6,5
51604,802,498,6,4
51605,802,427,9,2
51606,802,625,2,12
51607,802,501,0,21
51608,802,669,3,11
51609,802,640,0,26
51610,802,620,0,29
51611,802,670,0,52
51612,802,643,0,53
51613,802,671,0,56
51614,802,672,0,57
51615,802,627,0,51
51616,802,577,0,60
51617,802,496,0,62
51618,802,657,8,3
51619,802,525,6,6
51620,802,658,5,8
51621,802,526,2,18
51622,802,673,2,13
51623,802,615,0,22
51624,802,528,0,24
51625,802,555,0,27
51626,802,674,0,28
51627,802,655,0,30
51628,802,656,0,35
51629,802,521,0,37
51630,802,675,0,38
51631,802,628,0,39
51632,802,518,2,16
51633,802,679,0,43
51634,802,592,0,44
51635,802,596,0,46
51636,802,676,0,48
51637,802,611,0,32
51638,802,597,0,66
51639,802,449,0,68
51640,802,520,0,49
51641,802,512,0,70
51642,802,612,0,33
51643,802,659,0,25
51644,802,556,0,69
51645,802,509,0,63
51646,802,529,0,41
51647,802,677,0,73
51648,802,678,0,74
51649,802,593,0,34
51650,802,519,0,75
51651,802,475,4,10
51652,802,429,2,14
51653,802,644,0,23
51654,802,632,0,50
51655,802,554,0,20
51656,802,680,0,55
51657,802,648,6,7
51658,802,626,4,9
51659,802,633,2,15
51660,802,663,0,54
51661,802,478,1,19
51662,802,456,0,58
51663,802,651,0,59
51664,802,681,0,61
51665,802,578,2,17
51666,802,650,0,64
51667,802,647,0,65
51668,802,653,0,31
51669,802,654,0,36
51670,802,613,0,40
51671,802,799,0,42
51672,802,702,0,45
51673,802,730,0,47
51674,802,513,0,67
51675,802,559,0,71
51676,802,805,0,72
51677,803,579,28,1
51678,803,642,6,7
51679,803,498,15,2
51680,803,427,11,3
51681,803,625,2,16
51682,803,501,0,21
51683,803,669,3,13
51684,803,640,0,29
51685,803,620,0,32
51686,803,670,4,10
51687,803,643,0,23
51688,803,671,0,61
51689,803,672,0,63
51690,803,627,0,59
51691,803,577,0,65
51692,803,496,0,68
51693,803,657,8,4
51694,803,525,6,8
51695,803,658,5,9
51696,803,526,2,19
51697,803,673,2,17
51698,803,615,0,24
51699,803,528,0,26
51700,803,555,0,30
51701,803,674,0,31
51702,803,655,0,34
51703,803,656,0,40
51704,803,521,0,42
51705,803,675,0,43
51706,803,628,0,45
51707,803,518,2,18
51708,803,679,0,51
51709,803,592,0,52
51710,803,596,0,54
51711,803,676,0,56
51712,803,611,0,36
51713,803,597,0,73
51714,803,449,0,76
51715,803,520,0,57
51716,803,512,0,79
51717,803,612,0,37
51718,803,659,0,28
51719,803,556,0,78
51720,803,509,0,69
51721,803,529,0,48
51722,803,677,0,86
51723,803,678,0,88
51724,803,593,0,38
51725,803,519,0,90
51726,803,475,4,11
51727,803,429,2,14
51728,803,644,0,25
51729,803,632,0,58
51730,803,554,0,22
51731,803,680,0,60
51732,803,648,6,6
51733,803,626,4,12
51734,803,633,2,15
51735,803,663,0,27
51736,803,478,1,20
51737,803,456,0,62
51738,803,651,0,64
51739,803,681,0,67
51740,803,578,8,5
51741,803,650,0,71
51742,803,647,0,72
51743,803,619,0,33
51744,803,682,0,39
51745,803,665,0,44
51746,803,683,0,46
51747,803,547,0,49
51748,803,684,0,66
51749,803,685,0,75
51750,803,686,0,77
51751,803,645,0,80
51752,803,581,0,81
51753,803,687,0,83
51754,803,688,0,84
51755,803,689,0,87
51756,803,690,0,89
51757,803,653,0,35
51758,803,654,0,41
51759,803,613,0,47
51760,803,799,0,50
51761,803,702,0,53
51762,803,730,0,55
51763,803,513,0,74
51764,803,559,0,82
51765,803,805,0,85
51766,803,541,0,70
51767,804,579,36,1
51768,804,642,6,7
51769,804,498,18,2
51770,804,427,15,3
51771,804,625,2,17
51772,804,501,0,22
51773,804,669,3,13
51774,804,640,0,31
51775,804,620,0,34
51776,804,670,4,10
51777,804,643,0,24
51778,804,671,0,65
51779,804,672,0,67
51780,804,627,0,28
51781,804,577,0,69
51782,804,496,0,72
51783,804,657,8,6
51784,804,525,6,8
51785,804,658,5,9
51786,804,526,2,20
51787,804,673,2,18
51788,804,615,0,25
51789,804,528,0,27
51790,804,555,0,32
51791,804,674,0,33
51792,804,655,0,36
51793,804,656,0,42
51794,804,521,0,44
51795,804,675,0,45
51796,804,628,0,47
51797,804,518,2,19
51798,804,679,0,53
51799,804,592,0,54
51800,804,596,0,56
51801,804,676,0,58
51802,804,611,0,38
51803,804,597,0,77
51804,804,449,0,80
51805,804,520,0,59
51806,804,512,0,83
51807,804,612,0,39
51808,804,659,0,30
51809,804,556,0,82
51810,804,509,0,73
51811,804,529,0,50
51812,804,677,0,89
51813,804,678,0,91
51814,804,593,0,40
51815,804,519,0,93
51816,804,475,4,12
51817,804,429,2,15
51818,804,644,2,14
51819,804,632,0,60
51820,804,554,0,23
51821,804,680,0,63
51822,804,648,10,5
51823,804,626,4,11
51824,804,633,2,16
51825,804,663,0,29
51826,804,478,1,21
51827,804,456,0,66
51828,804,651,0,68
51829,804,681,0,71
51830,804,578,11,4
51831,804,650,0,75
51832,804,647,0,76
51833,804,619,0,35
51834,804,682,0,41
51835,804,665,0,46
51836,804,683,0,48
51837,804,547,0,51
51838,804,684,0,70
51839,804,685,0,79
51840,804,686,0,81
51841,804,645,0,62
51842,804,581,0,84
51843,804,687,0,86
51844,804,688,0,87
51845,804,689,0,90
51846,804,690,0,92
51847,804,641,0,26
51848,804,691,0,61
51849,804,692,0,64
51850,804,653,0,37
51851,804,654,0,43
51852,804,613,0,49
51853,804,799,0,52
51854,804,702,0,55
51855,804,730,0,57
51856,804,513,0,78
51857,804,559,0,85
51858,804,805,0,88
51859,804,541,0,74
51860,805,579,42,1
51861,805,642,6,7
51862,805,498,24,2
51863,805,427,15,3
51864,805,625,2,19
51865,805,501,0,23
51866,805,669,3,15
51867,805,640,0,33
51868,805,620,0,28
51869,805,670,4,11
51870,805,643,3,16
51871,805,671,0,65
51872,805,672,0,68
51873,805,627,0,30
51874,805,577,0,70
51875,805,496,0,73
51876,805,657,8,6
51877,805,525,6,8
51878,805,658,5,10
51879,805,526,2,22
51880,805,673,2,20
51881,805,615,0,26
51882,805,528,0,29
51883,805,555,0,34
51884,805,674,0,35
51885,805,655,0,37
51886,805,656,0,43
51887,805,521,0,45
51888,805,675,0,46
51889,805,628,0,48
51890,805,518,2,21
51891,805,679,0,54
51892,805,592,0,55
51893,805,596,0,57
51894,805,676,0,59
51895,805,611,0,39
51896,805,597,0,78
51897,805,449,0,81
51898,805,520,0,60
51899,805,512,0,84
51900,805,612,0,40
51901,805,659,0,32
51902,805,556,0,83
51903,805,509,0,74
51904,805,529,0,51
51905,805,677,0,90
51906,805,678,0,92
51907,805,593,0,41
51908,805,519,0,94
51909,805,475,4,13
51910,805,429,2,17
51911,805,644,4,14
51912,805,632,0,61
51913,805,554,0,25
51914,805,680,0,31
51915,805,648,10,5
51916,805,626,4,12
51917,805,633,2,18
51918,805,663,0,24
51919,805,478,5,9
51920,805,456,0,67
51921,805,651,0,69
51922,805,681,0,72
51923,805,578,11,4
51924,805,650,0,76
51925,805,647,0,77
51926,805,619,0,36
51927,805,682,0,42
51928,805,665,0,47
51929,805,683,0,49
51930,805,547,0,52
51931,805,684,0,71
51932,805,685,0,80
51933,805,686,0,82
51934,805,645,0,63
51935,805,581,0,85
51936,805,687,0,87
51937,805,688,0,88
51938,805,689,0,91
51939,805,690,0,93
51940,805,641,0,27
51941,805,691,0,62
51942,805,692,0,64
51943,805,693,0,66
51944,805,653,0,38
51945,805,654,0,44
51946,805,613,0,50
51947,805,799,0,53
51948,805,702,0,56
51949,805,730,0,58
51950,805,513,0,79
51951,805,559,0,86
51952,805,805,0,89
51953,805,541,0,75
51954,806,579,42,1
51955,806,642,6,8
51956,806,498,25,2
51957,806,427,17,3
51958,806,625,2,20
51959,806,501,0,24
51960,806,669,3,15
51961,806,640,0,35
51962,806,620,2,17
51963,806,670,4,11
51964,806,643,3,16
51965,806,671,0,69
51966,806,672,0,40
51967,806,627,0,32
51968,806,577,0,71
51969,806,496,0,75
51970,806,657,8,6
51971,806,525,6,9
51972,806,658,5,10
51973,806,526,2,23
51974,806,673,2,21
51975,806,615,0,28
51976,806,528,0,31
51977,806,555,0,36
51978,806,674,0,37
51979,806,655,0,39
51980,806,656,0,46
51981,806,521,0,48
51982,806,675,0,49
51983,806,628,0,51
51984,806,518,2,22
51985,806,679,0,57
51986,806,592,0,58
51987,806,596,0,60
51988,806,676,0,62
51989,806,611,0,42
51990,806,597,0,80
51991,806,449,0,83
51992,806,520,0,63
51993,806,512,0,86
51994,806,612,0,43
51995,806,659,0,34
51996,806,556,0,85
51997,806,509,0,76
51998,806,529,0,54
51999,806,677,0,91
52000,806,678,0,93
52001,806,593,0,44
52002,806,519,0,95
52003,806,475,4,13
52004,806,429,2,18
52005,806,644,4,14
52006,806,632,0,64
52007,806,554,0,26
52008,806,680,0,33
52009,806,648,10,5
52010,806,626,4,12
52011,806,633,2,19
52012,806,663,0,25
52013,806,478,8,7
52014,806,456,0,70
52015,806,651,0,72
52016,806,681,0,74
52017,806,578,17,4
52018,806,650,0,78
52019,806,647,0,65
52020,806,619,0,38
52021,806,682,0,45
52022,806,665,0,50
52023,806,683,0,52
52024,806,547,0,55
52025,806,684,0,73
52026,806,685,0,82
52027,806,686,0,84
52028,806,645,0,67
52029,806,581,0,30
52030,806,687,0,88
52031,806,688,0,89
52032,806,689,0,92
52033,806,690,0,94
52034,806,641,0,29
52035,806,691,0,66
52036,806,692,0,68
52037,806,693,0,27
52038,806,694,0,79
52039,806,653,0,41
52040,806,654,0,47
52041,806,613,0,53
52042,806,799,0,56
52043,806,702,0,59
52044,806,730,0,61
52045,806,513,0,81
52046,806,559,0,87
52047,806,805,0,90
52048,806,541,0,77
52049,807,579,42,1
52050,807,642,6,8
52051,807,498,25,2
52052,807,427,17,4
52053,807,625,2,21
52054,807,501,0,26
52055,807,669,3,17
52056,807,640,0,36
52057,807,620,2,18
52058,807,670,4,13
52059,807,643,6,11
52060,807,671,0,73
52061,807,672,0,43
52062,807,627,0,33
52063,807,577,6,9
52064,807,496,0,78
52065,807,657,8,6
52066,807,525,6,10
52067,807,658,5,12
52068,807,526,2,24
52069,807,673,2,22
52070,807,615,0,30
52071,807,528,0,35
52072,807,555,0,39
52073,807,674,0,40
52074,807,655,0,42
52075,807,656,0,49
52076,807,521,0,51
52077,807,675,0,52
52078,807,628,0,54
52079,807,518,2,23
52080,807,679,0,60
52081,807,592,0,61
52082,807,596,0,63
52083,807,676,0,65
52084,807,611,0,45
52085,807,597,0,82
52086,807,449,0,85
52087,807,520,0,66
52088,807,512,0,88
52089,807,612,0,46
52090,807,659,0,38
52091,807,556,0,87
52092,807,509,0,79
52093,807,529,0,57
52094,807,677,0,93
52095,807,678,0,95
52096,807,593,0,47
52097,807,519,0,97
52098,807,475,4,15
52099,807,429,2,19
52100,807,644,4,16
52101,807,632,0,67
52102,807,554,0,28
52103,807,680,0,37
52104,807,648,12,5
52105,807,626,4,14
52106,807,633,2,20
52107,807,663,0,27
52108,807,478,8,7
52109,807,456,0,74
52110,807,651,0,75
52111,807,681,0,77
52112,807,578,25,3
52113,807,650,0,71
52114,807,647,1,25
52115,807,619,0,41
52116,807,682,0,48
52117,807,665,0,53
52118,807,683,0,55
52119,807,547,0,58
52120,807,684,0,76
52121,807,685,0,84
52122,807,686,0,86
52123,807,645,0,70
52124,807,581,0,34
52125,807,687,0,90
52126,807,688,0,91
52127,807,689,0,94
52128,807,690,0,96
52129,807,641,0,32
52130,807,691,0,69
52131,807,692,0,72
52132,807,693,0,29
52133,807,694,0,81
52134,807,580,0,31
52135,807,653,0,44
52136,807,654,0,50
52137,807,613,0,56
52138,807,799,0,59
52139,807,702,0,62
52140,807,730,0,64
52141,807,513,0,83
52142,807,559,0,89
52143,807,805,0,92
52144,807,541,0,80
52145,807,638,0,68
52509,679,345,9,1
52510,679,340,6,2
52511,679,341,4,3
52512,679,304,3,4
52513,679,383,2,5
52514,679,356,1,6
52515,679,293,0,7
52516,679,384,0,8
52517,679,368,0,9
52518,679,361,0,10
52519,679,364,0,11
52520,679,346,0,12
52521,679,358,0,13
52522,679,374,0,14
52523,679,347,0,15
52524,679,373,0,16
52525,679,289,0,17
52526,679,328,0,18
52527,680,345,11,2
52528,680,340,6,4
52529,680,341,4,5
52530,680,304,12,1
52531,680,383,2,8
52532,680,356,1,10
52533,680,293,0,12
52534,680,384,0,14
52535,680,368,0,16
52536,680,361,0,13
52537,680,364,0,18
52538,680,346,0,17
52539,680,358,0,20
52540,680,374,1,9
52541,680,347,0,21
52542,680,373,0,15
52543,680,289,6,3
52544,680,328,0,19
52545,680,278,4,6
52546,680,360,3,7
52547,680,385,0,11
52548,680,359,0,22
52549,680,306,0,23
52550,680,386,0,24
52551,681,345,11,2
52552,681,340,6,7
52553,681,341,4,8
52554,681,304,16,1
52555,681,383,2,10
52556,681,356,7,4
52557,681,293,0,17
52558,681,384,0,19
52559,681,368,0,20
52560,681,361,0,18
52561,681,364,0,21
52562,681,346,0,15
52563,681,358,0,23
52564,681,374,1,12
52565,681,347,0,24
52566,681,373,9,3
52567,681,289,6,6
52568,681,328,0,22
52569,681,278,7,5
52570,681,360,3,9
52571,681,385,0,16
52572,681,359,0,25
52573,681,306,0,26
52574,681,386,0,27
52575,681,387,2,11
52576,681,375,1,13
52577,681,388,0,14
52578,682,345,11,2
52579,682,340,6,9
52580,682,341,4,10
52581,682,304,16,1
52582,682,383,2,14
52583,682,356,7,6
52584,682,293,0,21
52585,682,384,0,23
52586,682,368,0,24
52587,682,361,0,22
52588,682,364,9,5
52589,682,346,0,17
52590,682,358,3,11
52591,682,374,3,13
52592,682,347,0,25
52593,682,373,10,4
52594,682,289,6,8
52595,682,328,6,7
52596,682,278,11,3
52597,682,360,3,12
52598,682,385,0,20
52599,682,359,0,26
52600,682,306,0,27
52601,682,386,0,28
52602,682,387,2,15
52603,682,375,1,16
52604,682,388,0,18
52605,682,389,0,19
52606,683,345,12,3
52607,683,340,6,9
52608,683,341,4,10
52609,683,304,22,1
52610,683,383,2,16
52611,683,356,16,2
52612,683,293,0,21
52613,683,384,0,23
52614,683,368,0,24
52615,683,361,0,22
52616,683,364,9,7
52617,683,346,3,11
52618,683,358,3,12
52619,683,374,3,14
52620,683,347,0,25
52621,683,373,10,5
52622,683,289,6,8
52623,683,328,10,6
52624,683,278,11,4
52625,683,360,3,13
52626,683,385,0,20
52627,683,359,0,26
52628,683,306,0,27
52629,683,386,0,28
52630,683,387,2,17
52631,683,375,1,18
52632,683,388,2,15
52633,683,389,0,19
52634,684,345,14,5
52635,684,340,6,9
52636,684,341,5,10
52637,684,304,28,1
52638,684,383,2,16
52639,684,356,19,3
52640,684,293,0,23
52641,684,384,0,25
52642,684,368,0,26
52643,684,361,0,24
52644,684,364,9,7
52645,684,346,3,11
52646,684,358,3,12
52647,684,374,3,14
52648,684,347,0,27
52649,684,373,19,2
52650,684,289,6,8
52651,684,328,10,6
52652,684,278,15,4
52653,684,360,3,13
52654,684,385,0,22
52655,684,359,0,29
52656,684,306,0,30
52657,684,386,0,31
52658,684,387,2,17
52659,684,375,1,18
52660,684,388,2,15
52661,684,389,0,21
52662,684,322,0,19
52663,684,390,0,20
52664,684,351,0,28
52665,685,345,14,5
52666,685,340,6,10
52667,685,341,8,8
52668,685,304,37,1
52669,685,383,2,16
52670,685,356,25,2
52671,685,293,0,25
52672,685,384,0,27
52673,685,368,0,28
52674,685,361,0,26
52675,685,364,9,7
52676,685,346,3,11
52677,685,358,3,12
52678,685,374,3,14
52679,685,347,2,18
52680,685,373,19,3
52681,685,289,6,9
52682,685,328,10,6
52683,685,278,19,4
52684,685,360,3,13
52685,685,385,0,24
52686,685,359,0,32
52687,685,306,0,34
52688,685,386,0,35
52689,685,387,2,17
52690,685,375,1,19
52691,685,388,2,15
52692,685,389,1,20
52693,685,322,0,23
52694,685,390,0,22
52695,685,351,0,31
52696,685,262,0,21
52697,685,235,0,29
52698,685,391,0,30
52699,685,365,0,33
52700,685,379,0,36
52701,685,377,0,37
52702,686,345,14,5
52703,686,340,6,10
52704,686,341,8,9
52705,686,304,43,1
52706,686,383,2,16
52707,686,356,34,2
52708,686,293,0,27
52709,686,384,0,29
52710,686,368,0,30
52711,686,361,0,28
52712,686,364,13,6
52713,686,346,3,12
52714,686,358,3,14
52715,686,374,5,11
52716,686,347,2,18
52717,686,373,19,4
52718,686,289,9,8
52719,686,328,10,7
52720,686,278,20,3
52721,686,360,3,13
52722,686,385,0,26
52723,686,359,0,35
52724,686,306,0,37
52725,686,386,0,39
52726,686,387,2,17
52727,686,375,1,19
52728,686,388,2,15
52729,686,389,1,20
52730,686,322,0,23
52731,686,390,0,22
52732,686,351,0,33
52733,686,262,0,21
52734,686,235,0,31
52735,686,391,0,32
52736,686,365,0,36
52737,686,379,0,40
52738,686,377,0,41
52739,686,370,0,24
52740,686,392,0,25
52741,686,371,0,34
52742,686,393,0,38
52743,687,345,14,6
52744,687,340,6,11
52745,687,341,17,5
52746,687,304,43,1
52747,687,383,2,16
52748,687,356,40,2
52749,687,293,0,28
52750,687,384,0,30
52751,687,368,0,31
52752,687,361,0,29
52753,687,364,13,7
52754,687,346,3,13
52755,687,358,6,12
52756,687,374,7,10
52757,687,347,2,18
52758,687,373,23,3
52759,687,289,9,9
52760,687,328,10,8
52761,687,278,20,4
52762,687,360,3,14
52763,687,385,0,27
52764,687,359,0,36
52765,687,306,0,38
52766,687,386,0,40
52767,687,387,2,17
52768,687,375,1,19
52769,687,388,2,15
52770,687,389,1,21
52771,687,322,0,24
52772,687,390,0,23
52773,687,351,0,34
52774,687,262,0,22
52775,687,235,1,20
52776,687,391,0,33
52777,687,365,0,37
52778,687,379,0,41
52779,687,377,0,42
52780,687,370,0,25
52781,687,392,0,26
52782,687,371,0,35
52783,687,393,0,39
52784,687,394,0,32
52785,688,345,14,7
52786,688,340,6,11
52787,688,341,17,5
52788,688,304,47,1
52789,688,383,2,17
52790,688,356,42,2
52791,688,293,0,29
52792,688,384,0,31
52793,688,368,0,32
52794,688,361,0,30
52795,688,364,13,8
52796,688,346,6,12
52797,688,358,6,13
52798,688,374,7,10
52799,688,347,3,15
52800,688,373,32,3
52801,688,289,15,6
52802,688,328,10,9
52803,688,278,20,4
52804,688,360,3,14
52805,688,385,0,28
52806,688,359,0,37
52807,688,306,0,24
52808,688,386,0,41
52809,688,387,2,18
52810,688,375,1,20
52811,688,388,2,16
52812,688,389,1,21
52813,688,322,0,25
52814,688,390,0,23
52815,688,351,0,35
52816,688,262,0,22
52817,688,235,1,19
52818,688,391,0,34
52819,688,365,0,38
52820,688,379,0,42
52821,688,377,0,43
52822,688,370,0,26
52823,688,392,0,27
52824,688,371,0,36
52825,688,393,0,39
52826,688,394,0,33
52827,688,382,0,40
52828,689,345,15,6
52829,689,340,6,11
52830,689,341,20,4
52831,689,304,51,1
52832,689,383,2,17
52833,689,356,46,2
52834,689,293,0,30
52835,689,384,0,32
52836,689,368,0,33
52837,689,361,0,31
52838,689,364,13,8
52839,689,346,6,12
52840,689,358,6,13
52841,689,374,9,10
52842,689,347,3,15
52843,689,373,41,3
52844,689,289,15,7
52845,689,328,10,9
52846,689,278,20,5
52847,689,360,3,14
52848,689,385,0,29
52849,689,359,0,38
52850,689,306,0,23
52851,689,386,0,42
52852,689,387,2,18
52853,689,375,1,20
52854,689,388,2,16
52855,689,389,1,21
52856,689,322,0,25
52857,689,390,0,24
52858,689,351,0,36
52859,689,262,0,22
52860,689,235,1,19
52861,689,391,0,35
52862,689,365,0,40
52863,689,379,0,43
52864,689,377,0,44
52865,689,370,0,27
52866,689,392,0,28
52867,689,371,0,37
52868,689,393,0,41
52869,689,394,0,34
52870,689,382,0,39
52871,689,395,0,26
52872,656,328,9,1
52873,656,289,6,2
52874,656,304,4,3
52875,656,346,3,4
52876,656,360,2,5
52877,656,306,1,6
52878,656,262,0,7
52879,656,368,0,8
52880,656,362,0,9
52881,656,358,0,10
52882,656,341,0,11
52883,656,345,0,12
52884,656,278,0,13
52885,656,356,0,14
52886,656,207,0,15
52887,656,340,0,16
52888,656,235,0,17
52889,656,369,0,18
52890,657,328,18,1
52891,657,289,6,4
52892,657,304,7,3
52893,657,346,3,6
52894,657,360,8,2
52895,657,306,5,5
52896,657,262,0,9
52897,657,368,0,10
52898,657,362,0,14
52899,657,358,0,15
52900,657,341,2,7
52901,657,345,0,11
52902,657,278,0,12
52903,657,356,0,13
52904,657,207,0,17
52905,657,340,0,18
52906,657,235,1,8
52907,657,369,0,19
52908,657,361,0,16
52909,658,328,18,1
52910,658,289,15,2
52911,658,304,8,4
52912,658,346,7,5
52913,658,360,10,3
52914,658,306,5,7
52915,658,262,0,11
52916,658,368,0,13
52917,658,362,0,17
52918,658,358,0,18
52919,658,341,2,9
52920,658,345,0,14
52921,658,278,0,15
52922,658,356,0,16
52923,658,207,0,20
52924,658,340,0,21
52925,658,235,1,10
52926,658,369,0,22
52927,658,361,6,6
52928,658,370,3,8
52929,658,350,0,12
52930,658,351,0,19
52931,659,328,27,1
52932,659,289,15,2
52933,659,304,11,4
52934,659,346,13,3
52935,659,360,10,5
52936,659,306,5,7
52937,659,262,0,14
52938,659,368,0,15
52939,659,362,0,17
52940,659,358,0,18
52941,659,341,2,11
52942,659,345,0,16
52943,659,278,4,8
52944,659,356,1,12
52945,659,207,0,20
52946,659,340,0,21
52947,659,235,3,10
52948,659,369,0,22
52949,659,361,6,6
52950,659,370,3,9
52951,659,350,0,13
52952,659,351,0,19
52953,660,328,36,1
52954,660,289,16,2
52955,660,304,11,6
52956,660,346,13,3
52957,660,360,13,4
52958,660,306,11,5
52959,660,262,0,15
52960,660,368,0,16
52961,660,362,0,18
52962,660,358,0,19
52963,660,341,2,12
52964,660,345,0,17
52965,660,278,4,9
52966,660,356,1,13
52967,660,207,0,21
52968,660,340,0,22
52969,660,235,7,7
52970,660,369,0,23
52971,660,361,6,8
52972,660,370,3,10
52973,660,350,2,11
52974,660,351,0,14
52975,660,357,0,20
52976,661,328,45,1
52977,661,289,16,3
52978,661,304,11,7
52979,661,346,13,4
52980,661,360,17,2
52981,661,306,11,6
52982,661,262,0,16
52983,661,368,0,17
52984,661,362,0,20
52985,661,358,3,10
52986,661,341,2,13
52987,661,345,0,19
52988,661,278,4,9
52989,661,356,1,14
52990,661,207,0,21
52991,661,340,0,24
52992,661,235,13,5
52993,661,369,0,25
52994,661,361,8,8
52995,661,370,3,11
52996,661,350,3,12
52997,661,351,0,15
52998,661,357,0,18
52999,661,347,0,22
53000,661,321,0,23
53001,662,328,51,1
53002,662,289,19,4
53003,662,304,11,7
53004,662,346,15,5
53005,662,360,21,3
53006,662,306,12,6
53007,662,262,0,15
53008,662,368,0,17
53009,662,362,0,20
53010,662,358,3,10
53011,662,341,2,13
53012,662,345,0,19
53013,662,278,4,9
53014,662,356,1,14
53015,662,207,0,22
53016,662,340,0,24
53017,662,235,22,2
53018,662,369,0,25
53019,662,361,8,8
53020,662,370,3,11
53021,662,350,3,12
53022,662,351,0,16
53023,662,357,0,18
53024,662,347,0,21
53025,662,321,0,23
53026,663,328,60,1
53027,663,289,19,4
53028,663,304,11,7
53029,663,346,15,6
53030,663,360,24,2
53031,663,306,16,5
53032,663,262,0,16
53033,663,368,0,18
53034,663,362,0,20
53035,663,358,9,9
53036,663,341,2,13
53037,663,345,1,14
53038,663,278,4,10
53039,663,356,1,15
53040,663,207,0,22
53041,663,340,0,24
53042,663,235,22,3
53043,663,369,0,25
53044,663,361,10,8
53045,663,370,3,11
53046,663,350,3,12
53047,663,351,0,17
53048,663,357,0,19
53049,663,347,0,21
53050,663,321,0,23
53051,664,328,60,1
53052,664,289,19,4
53053,664,304,11,8
53054,664,346,15,6
53055,664,360,26,3
53056,664,306,19,5
53057,664,262,0,17
53058,664,368,0,20
53059,664,362,0,23
53060,664,358,13,7
53061,664,341,2,14
53062,664,345,1,15
53063,664,278,4,11
53064,664,356,7,10
53065,664,207,0,25
53066,664,340,0,27
53067,664,235,31,2
53068,664,369,0,29
53069,664,361,10,9
53070,664,370,3,12
53071,664,350,3,13
53072,664,351,0,18
53073,664,357,0,21
53074,664,347,0,24
53075,664,321,0,26
53076,664,359,1,16
53077,664,353,0,19
53078,664,343,0,22
53079,664,372,0,28
53080,665,328,60,1
53081,665,289,19,5
53082,665,304,11,9
53083,665,346,15,8
53084,665,360,26,3
53085,665,306,19,6
53086,665,262,0,18
53087,665,368,0,20
53088,665,362,0,23
53089,665,358,22,4
53090,665,341,6,11
53091,665,345,3,15
53092,665,278,4,12
53093,665,356,10,10
53094,665,207,0,26
53095,665,340,0,28
53096,665,235,31,2
53097,665,369,0,30
53098,665,361,16,7
53099,665,370,3,13
53100,665,350,3,14
53101,665,351,1,16
53102,665,357,0,21
53103,665,347,0,24
53104,665,321,0,27
53105,665,359,1,17
53106,665,353,0,19
53107,665,343,0,22
53108,665,372,0,29
53109,665,352,0,25
53110,666,328,63,1
53111,666,289,19,7
53112,666,304,20,6
53113,666,346,15,9
53114,666,360,26,3
53115,666,306,21,5
53116,666,262,1,17
53117,666,368,0,20
53118,666,362,0,23
53119,666,358,22,4
53120,666,341,6,11
53121,666,345,3,15
53122,666,278,4,12
53123,666,356,14,10
53124,666,207,0,26
53125,666,340,0,28
53126,666,235,37,2
53127,666,369,0,30
53128,666,361,16,8
53129,666,370,3,13
53130,666,350,3,14
53131,666,351,1,16
53132,666,357,0,21
53133,666,347,0,25
53134,666,321,0,27
53135,666,359,1,18
53136,666,353,0,19
53137,666,343,0,22
53138,666,372,0,29
53139,666,352,0,24
53140,632,207,9,1
53141,632,328,6,2
53142,632,223,4,3
53143,632,317,3,4
53144,632,278,2,5
53145,632,304,1,6
53146,632,312,0,7
53147,632,235,0,8
53148,632,289,0,9
53149,632,238,0,10
53150,632,280,0,11
53151,632,243,0,12
53152,632,333,0,13
53153,632,224,0,14
53154,632,341,0,15
53155,632,327,0,16
53156,632,307,0,17
53157,632,345,0,18
53158,632,293,0,19
53159,632,346,0,20
53160,632,340,0,21
53161,632,334,0,22
53162,632,320,0,23
53163,632,347,0,24
53164,632,339,0,25
53165,633,207,9,2
53166,633,328,15,1
53167,633,223,4,5
53168,633,317,3,6
53169,633,278,6,4
53170,633,304,3,8
53171,633,312,0,11
53172,633,235,6,3
53173,633,289,0,13
53174,633,238,0,16
53175,633,280,0,17
53176,633,243,0,19
53177,633,333,0,20
53178,633,224,0,21
53179,633,341,0,18
53180,633,327,0,10
53181,633,307,0,15
53182,633,345,3,7
53183,633,293,0,23
53184,633,346,0,24
53185,633,340,0,25
53186,633,334,0,26
53187,633,320,0,12
53188,633,347,0,27
53189,633,339,0,22
53190,633,306,1,9
53191,633,314,0,14
53192,634,207,9,3
53193,634,328,24,1
53194,634,223,4,7
53195,634,317,3,9
53196,634,278,6,5
53197,634,304,6,6
53198,634,312,0,15
53199,634,235,10,2
53200,634,289,0,19
53201,634,238,6,4
53202,634,280,0,16
53203,634,243,1,11
53204,634,333,0,21
53205,634,224,2,10
53206,634,341,0,13
53207,634,327,0,14
53208,634,307,0,20
53209,634,345,3,8
53210,634,293,0,24
53211,634,346,0,22
53212,634,340,0,25
53213,634,334,0,27
53214,634,320,0,17
53215,634,347,0,28
53216,634,339,0,23
53217,634,306,1,12
53218,634,314,0,18
53219,634,342,0,26
53220,635,207,9,3
53221,635,328,24,1
53222,635,223,8,6
53223,635,317,3,9
53224,635,278,6,7
53225,635,304,6,8
53226,635,312,0,17
53227,635,235,19,2
53228,635,289,0,22
53229,635,238,9,5
53230,635,280,0,18
53231,635,243,1,13
53232,635,333,0,23
53233,635,224,2,11
53234,635,341,2,10
53235,635,327,0,16
53236,635,307,0,15
53237,635,345,9,4
53238,635,293,0,26
53239,635,346,1,14
53240,635,340,0,27
53241,635,334,0,28
53242,635,320,0,19
53243,635,347,0,30
53244,635,339,0,25
53245,635,306,1,12
53246,635,314,0,21
53247,635,342,0,24
53248,635,298,0,20
53249,635,338,0,29
53250,636,207,9,3
53251,636,328,33,1
53252,636,223,8,6
53253,636,317,4,12
53254,636,278,8,7
53255,636,304,6,10
53256,636,312,0,17
53257,636,235,19,2
53258,636,289,0,22
53259,636,238,9,5
53260,636,280,0,19
53261,636,243,1,15
53262,636,333,0,23
53263,636,224,6,9
53264,636,341,2,13
53265,636,327,6,8
53266,636,307,0,16
53267,636,345,9,4
53268,636,293,0,28
53269,636,346,4,11
53270,636,340,0,29
53271,636,334,0,30
53272,636,320,0,18
53273,636,347,0,32
53274,636,339,0,27
53275,636,306,1,14
53276,636,314,0,21
53277,636,342,0,25
53278,636,298,0,20
53279,636,338,0,31
53280,636,348,0,24
53281,636,349,0,26
53282,637,207,9,5
53283,637,328,42,1
53284,637,223,8,7
53285,637,317,4,12
53286,637,278,8,8
53287,637,304,6,10
53288,637,312,0,18
53289,637,235,19,2
53290,637,289,0,22
53291,637,238,15,3
53292,637,280,3,13
53293,637,243,3,15
53294,637,333,0,24
53295,637,224,10,4
53296,637,341,3,14
53297,637,327,6,9
53298,637,307,0,17
53299,637,345,9,6
53300,637,293,0,29
53301,637,346,4,11
53302,637,340,0,32
53303,637,334,0,33
53304,637,320,0,19
53305,637,347,0,35
53306,637,339,0,28
53307,637,306,1,16
53308,637,314,0,21
53309,637,342,0,26
53310,637,298,0,20
53311,637,338,0,34
53312,637,348,0,25
53313,637,349,0,27
53314,637,330,0,23
53315,637,321,0,30
53316,637,329,0,31
53317,637,262,0,36
53318,638,207,12,4
53319,638,328,51,1
53320,638,223,12,6
53321,638,317,4,11
53322,638,278,8,9
53323,638,304,6,10
53324,638,312,0,19
53325,638,235,19,2
53326,638,289,0,22
53327,638,238,17,3
53328,638,280,3,13
53329,638,243,3,15
53330,638,333,0,25
53331,638,224,10,7
53332,638,341,3,14
53333,638,327,12,5
53334,638,307,0,18
53335,638,345,9,8
53336,638,293,0,30
53337,638,346,4,12
53338,638,340,0,33
53339,638,334,0,34
53340,638,320,0,20
53341,638,347,0,36
53342,638,339,0,29
53343,638,306,1,16
53344,638,314,1,17
53345,638,342,0,27
53346,638,298,0,21
53347,638,338,0,35
53348,638,348,0,26
53349,638,349,0,28
53350,638,330,0,23
53351,638,321,0,31
53352,638,329,0,32
53353,638,262,0,37
53354,638,350,0,24
53355,639,207,12,6
53356,639,328,51,1
53357,639,223,12,8
53358,639,317,7,11
53359,639,278,8,10
53360,639,304,6,12
53361,639,312,0,20
53362,639,235,19,2
53363,639,289,2,17
53364,639,238,17,3
53365,639,280,4,14
53366,639,243,3,16
53367,639,333,0,27
53368,639,224,16,4
53369,639,341,3,15
53370,639,327,12,7
53371,639,307,0,19
53372,639,345,9,9
53373,639,293,0,34
53374,639,346,13,5
53375,639,340,0,36
53376,639,334,0,38
53377,639,320,0,21
53378,639,347,0,37
53379,639,339,0,32
53380,639,306,1,18
53381,639,314,5,13
53382,639,342,0,30
53383,639,298,0,22
53384,639,338,0,39
53385,639,348,0,28
53386,639,349,0,31
53387,639,330,0,24
53388,639,321,0,35
53389,639,329,0,29
53390,639,262,0,23
53391,639,350,0,25
53392,639,337,0,26
53393,639,182,0,33
53394,640,207,12,7
53395,640,328,51,1
53396,640,223,12,8
53397,640,317,7,12
53398,640,278,9,11
53399,640,304,6,13
53400,640,312,0,23
53401,640,235,19,3
53402,640,289,2,20
53403,640,238,23,2
53404,640,280,4,15
53405,640,243,3,18
53406,640,333,0,29
53407,640,224,16,5
53408,640,341,3,17
53409,640,327,16,4
53410,640,307,2,19
53411,640,345,9,10
53412,640,293,0,37
53413,640,346,13,6
53414,640,340,0,39
53415,640,334,0,41
53416,640,320,9,9
53417,640,347,0,25
53418,640,339,0,35
53419,640,306,1,21
53420,640,314,5,14
53421,640,342,0,33
53422,640,298,0,24
53423,640,338,0,42
53424,640,348,0,30
53425,640,349,0,34
53426,640,330,0,26
53427,640,321,0,38
53428,640,329,0,32
53429,640,262,0,22
53430,640,350,0,28
53431,640,337,0,27
53432,640,182,0,36
53433,640,305,3,16
53434,640,197,0,31
53435,640,351,0,40
53436,641,207,12,7
53437,641,328,60,1
53438,641,223,12,8
53439,641,317,9,12
53440,641,278,9,11
53441,641,304,9,13
53442,641,312,0,24
53443,641,235,19,3
53444,641,289,2,21
53445,641,238,29,2
53446,641,280,4,16
53447,641,243,3,19
53448,641,333,0,30
53449,641,224,16,5
53450,641,341,3,18
53451,641,327,17,4
53452,641,307,2,20
53453,641,345,9,10
53454,641,293,0,40
53455,641,346,13,6
53456,641,340,0,42
53457,641,334,0,44
53458,641,320,9,9
53459,641,347,0,26
53460,641,339,0,37
53461,641,306,1,22
53462,641,314,5,14
53463,641,342,0,35
53464,641,298,0,25
53465,641,338,0,45
53466,641,348,0,31
53467,641,349,0,36
53468,641,330,0,27
53469,641,321,0,41
53470,641,329,0,34
53471,641,262,0,23
53472,641,350,0,29
53473,641,337,0,28
53474,641,182,0,38
53475,641,305,3,17
53476,641,197,0,33
53477,641,351,0,43
53478,641,288,4,15
53479,641,352,0,32
53480,641,353,0,39
53481,641,354,0,46
53482,642,207,12,8
53483,642,328,62,1
53484,642,223,13,7
53485,642,317,9,12
53486,642,278,9,11
53487,642,304,9,13
53488,642,312,0,24
53489,642,235,19,4
53490,642,289,2,21
53491,642,238,33,2
53492,642,280,4,17
53493,642,243,3,20
53494,642,333,0,30
53495,642,224,16,6
53496,642,341,3,19
53497,642,327,26,3
53498,642,307,5,15
53499,642,345,9,10
53500,642,293,0,42
53501,642,346,19,5
53502,642,340,0,44
53503,642,334,0,46
53504,642,320,9,9
53505,642,347,0,26
53506,642,339,0,39
53507,642,306,1,22
53508,642,314,5,14
53509,642,342,0,37
53510,642,298,0,25
53511,642,338,0,47
53512,642,348,0,32
53513,642,349,0,38
53514,642,330,0,28
53515,642,321,0,43
53516,642,329,0,36
53517,642,262,0,23
53518,642,350,0,31
53519,642,337,0,29
53520,642,182,0,40
53521,642,305,3,18
53522,642,197,0,35
53523,642,351,0,45
53524,642,288,4,16
53525,642,352,0,34
53526,642,353,0,41
53527,642,354,0,48
53528,642,322,0,27
53529,642,355,0,33
53530,642,344,0,49
53531,642,309,0,50
53532,667,373,9,1
53533,667,289,6,2
53534,667,358,4,3
53535,667,278,3,4
53536,667,304,2,5
53537,667,306,1,6
53538,667,346,0,7
53539,667,341,0,8
53540,667,340,0,9
53541,667,334,0,10
53542,667,364,0,11
53543,667,235,0,12
53544,667,347,0,13
53545,667,328,0,14
53546,667,368,0,15
53547,667,369,0,16
53548,667,345,0,17
53549,667,356,0,18
53550,667,333,0,19
53551,667,374,0,20
53552,667,312,0,21
53553,667,293,0,22
53554,667,375,0,23
53555,668,373,9,2
53556,668,289,15,1
53557,668,358,4,4
53558,668,278,3,6
53559,668,304,8,3
53560,668,306,3,8
53561,668,346,0,9
53562,668,341,0,10
53563,668,340,0,11
53564,668,334,0,14
53565,668,364,0,16
53566,668,235,0,17
53567,668,347,0,18
53568,668,328,0,20
53569,668,368,0,21
53570,668,369,0,22
53571,668,345,0,15
53572,668,356,0,19
53573,668,333,0,23
53574,668,374,0,24
53575,668,312,4,5
53576,668,293,0,25
53577,668,375,3,7
53578,668,360,0,12
53579,668,361,0,13
53580,669,373,9,3
53581,669,289,24,1
53582,669,358,4,6
53583,669,278,3,9
53584,669,304,10,2
53585,669,306,3,10
53586,669,346,0,11
53587,669,341,0,12
53588,669,340,0,13
53589,669,334,0,17
53590,669,364,0,18
53591,669,235,0,19
53592,669,347,0,21
53593,669,328,0,23
53594,669,368,0,24
53595,669,369,0,26
53596,669,345,0,15
53597,669,356,0,20
53598,669,333,0,28
53599,669,374,0,29
53600,669,312,4,7
53601,669,293,0,30
53602,669,375,6,5
53603,669,360,0,14
53604,669,361,0,16
53605,669,370,6,4
53606,669,376,4,8
53607,669,359,0,22
53608,669,262,0,25
53609,669,351,0,27
53610,670,373,9,4
53611,670,289,24,1
53612,670,358,4,10
53613,670,278,3,12
53614,670,304,10,2
53615,670,306,3,14
53616,670,346,0,16
53617,670,341,0,17
53618,670,340,0,18
53619,670,334,0,20
53620,670,364,0,21
53621,670,235,4,9
53622,670,347,0,23
53623,670,328,3,13
53624,670,368,0,25
53625,670,369,0,26
53626,670,345,6,5
53627,670,356,0,22
53628,670,333,0,28
53629,670,374,0,29
53630,670,312,4,11
53631,670,293,0,30
53632,670,375,6,7
53633,670,360,9,3
53634,670,361,0,19
53635,670,370,6,6
53636,670,376,5,8
53637,670,359,0,24
53638,670,262,2,15
53639,670,351,0,27
53640,671,373,9,6
53641,671,289,24,1
53642,671,358,4,12
53643,671,278,4,14
53644,671,304,10,4
53645,671,306,9,7
53646,671,346,0,17
53647,671,341,0,18
53648,671,340,0,20
53649,671,334,0,22
53650,671,364,0,23
53651,671,235,7,8
53652,671,347,0,19
53653,671,328,12,2
53654,671,368,0,26
53655,671,369,0,27
53656,671,345,10,3
53657,671,356,0,24
53658,671,333,0,28
53659,671,374,0,29
53660,671,312,4,13
53661,671,293,0,30
53662,671,375,6,10
53663,671,360,9,5
53664,671,361,0,21
53665,671,370,6,9
53666,671,376,5,11
53667,671,359,0,25
53668,671,262,2,15
53669,671,351,2,16
53670,672,373,9,7
53671,672,289,24,1
53672,672,358,4,13
53673,672,278,4,15
53674,672,304,12,4
53675,672,306,9,8
53676,672,346,0,20
53677,672,341,6,10
53678,672,340,0,22
53679,672,334,0,23
53680,672,364,0,24
53681,672,235,16,2
53682,672,347,0,21
53683,672,328,16,3
53684,672,368,0,27
53685,672,369,0,28
53686,672,345,10,5
53687,672,356,0,25
53688,672,333,0,30
53689,672,374,0,31
53690,672,312,4,14
53691,672,293,0,32
53692,672,375,6,11
53693,672,360,9,6
53694,672,361,1,19
53695,672,370,6,9
53696,672,376,5,12
53697,672,359,0,26
53698,672,262,2,17
53699,672,351,2,18
53700,672,350,3,16
53701,672,377,0,29
53702,673,373,9,9
53703,673,289,24,1
53704,673,358,4,15
53705,673,278,10,6
53706,673,304,15,4
53707,673,306,9,10
53708,673,346,9,7
53709,673,341,8,11
53710,673,340,0,22
53711,673,334,0,23
53712,673,364,0,24
53713,673,235,20,2
53714,673,347,0,21
53715,673,328,17,3
53716,673,368,0,28
53717,673,369,0,29
53718,673,345,10,5
53719,673,356,0,25
53720,673,333,0,31
53721,673,374,0,32
53722,673,312,4,16
53723,673,293,0,33
53724,673,375,6,13
53725,673,360,9,8
53726,673,361,1,20
53727,673,370,6,12
53728,673,376,5,14
53729,673,359,0,27
53730,673,262,2,18
53731,673,351,2,19
53732,673,350,3,17
53733,673,377,0,30
53734,673,378,0,26
53735,674,373,9,9
53736,674,289,30,1
53737,674,358,8,12
53738,674,278,10,6
53739,674,304,15,4
53740,674,306,9,10
53741,674,346,9,7
53742,674,341,8,11
53743,674,340,0,24
53744,674,334,0,27
53745,674,364,0,23
53746,674,235,23,3
53747,674,347,0,22
53748,674,328,26,2
53749,674,368,0,30
53750,674,369,0,31
53751,674,345,11,5
53752,674,356,2,20
53753,674,333,0,33
53754,674,374,0,34
53755,674,312,4,16
53756,674,293,0,35
53757,674,375,6,14
53758,674,360,9,8
53759,674,361,1,21
53760,674,370,6,13
53761,674,376,5,15
53762,674,359,0,29
53763,674,262,2,18
53764,674,351,2,19
53765,674,350,3,17
53766,674,377,0,32
53767,674,378,0,28
53768,674,365,0,25
53769,674,379,0,26
53770,675,373,9,10
53771,675,289,30,1
53772,675,358,8,12
53773,675,278,10,7
53774,675,304,24,4
53775,675,306,11,6
53776,675,346,9,8
53777,675,341,8,11
53778,675,340,0,25
53779,675,334,0,29
53780,675,364,0,24
53781,675,235,27,2
53782,675,347,1,23
53783,675,328,26,3
53784,675,368,0,31
53785,675,369,0,32
53786,675,345,11,5
53787,675,356,2,21
53788,675,333,0,35
53789,675,374,0,36
53790,675,312,4,17
53791,675,293,0,38
53792,675,375,6,15
53793,675,360,9,9
53794,675,361,4,18
53795,675,370,6,13
53796,675,376,5,16
53797,675,359,6,14
53798,675,262,2,20
53799,675,351,2,22
53800,675,350,3,19
53801,675,377,0,33
53802,675,378,0,30
53803,675,365,0,26
53804,675,379,0,27
53805,675,322,0,28
53806,675,321,0,34
53807,675,380,0,37
53808,676,373,9,10
53809,676,289,33,1
53810,676,358,8,12
53811,676,278,10,8
53812,676,304,33,2
53813,676,306,11,7
53814,676,346,9,9
53815,676,341,8,11
53816,676,340,0,25
53817,676,334,0,29
53818,676,364,0,24
53819,676,235,27,4
53820,676,347,1,23
53821,676,328,27,3
53822,676,368,0,32
53823,676,369,0,33
53824,676,345,15,6
53825,676,356,2,21
53826,676,333,0,37
53827,676,374,0,38
53828,676,312,4,18
53829,676,293,0,40
53830,676,375,6,15
53831,676,360,15,5
53832,676,361,4,19
53833,676,370,6,13
53834,676,376,5,16
53835,676,359,6,14
53836,676,262,2,20
53837,676,351,2,22
53838,676,350,5,17
53839,676,377,0,34
53840,676,378,0,31
53841,676,365,0,26
53842,676,379,0,27
53843,676,322,0,28
53844,676,321,0,36
53845,676,380,0,39
53846,676,280,0,30
53847,676,343,0,35
53848,677,373,9,11
53849,677,289,39,1
53850,677,358,8,12
53851,677,278,10,10
53852,677,304,33,3
53853,677,306,11,9
53854,677,346,11,8
53855,677,341,12,7
53856,677,340,0,25
53857,677,334,0,29
53858,677,364,3,20
53859,677,235,27,4
53860,677,347,1,24
53861,677,328,36,2
53862,677,368,0,32
53863,677,369,0,33
53864,677,345,15,6
53865,677,356,2,22
53866,677,333,0,39
53867,677,374,0,40
53868,677,312,4,18
53869,677,293,0,42
53870,677,375,6,15
53871,677,360,16,5
53872,677,361,4,19
53873,677,370,6,13
53874,677,376,5,16
53875,677,359,6,14
53876,677,262,2,21
53877,677,351,2,23
53878,677,350,5,17
53879,677,377,0,34
53880,677,378,0,31
53881,677,365,0,26
53882,677,379,0,27
53883,677,322,0,28
53884,677,321,0,38
53885,677,380,0,41
53886,677,280,0,30
53887,677,343,0,37
53888,677,381,0,35
53889,677,207,0,36
53890,678,373,9,11
53891,678,289,48,1
53892,678,358,8,12
53893,678,278,10,10
53894,678,304,33,3
53895,678,306,11,9
53896,678,346,12,7
53897,678,341,12,8
53898,678,340,0,26
53899,678,334,0,30
53900,678,364,3,21
53901,678,235,27,4
53902,678,347,3,22
53903,678,328,36,2
53904,678,368,0,32
53905,678,369,0,33
53906,678,345,18,6
53907,678,356,2,23
53908,678,333,0,40
53909,678,374,0,41
53910,678,312,4,19
53911,678,293,0,43
53912,678,375,6,16
53913,678,360,22,5
53914,678,361,4,20
53915,678,370,6,13
53916,678,376,5,17
53917,678,359,6,14
53918,678,262,6,15
53919,678,351,2,24
53920,678,350,5,18
53921,678,377,0,34
53922,678,378,0,31
53923,678,365,0,27
53924,678,379,0,28
53925,678,322,0,29
53926,678,321,0,39
53927,678,380,0,42
53928,678,280,0,25
53929,678,343,0,38
53930,678,381,0,36
53931,678,207,0,37
53932,678,382,0,35
53933,620,328,9,1
53934,620,304,6,2
53935,620,235,4,3
53936,620,223,3,4
53937,620,314,2,5
53938,620,238,1,6
53939,620,199,0,7
53940,620,280,0,8
53941,620,307,0,9
53942,620,337,0,10
53943,620,182,0,11
53944,620,224,0,12
53945,620,327,0,13
53946,620,317,0,14
53947,620,309,0,15
53948,620,207,0,16
53949,620,333,0,17
53950,620,289,0,18
53951,620,320,0,19
53952,620,339,0,20
53953,620,278,0,21
53954,621,328,9,2
53955,621,304,15,1
53956,621,235,4,4
53957,621,223,3,6
53958,621,314,2,9
53959,621,238,3,8
53960,621,199,0,12
53961,621,280,0,13
53962,621,307,0,15
53963,621,337,0,16
53964,621,182,0,11
53965,621,224,6,3
53966,621,327,0,14
53967,621,317,0,22
53968,621,309,4,5
53969,621,207,3,7
53970,621,333,0,23
53971,621,289,1,10
53972,621,320,0,24
53973,621,339,0,26
53974,621,278,0,19
53975,621,338,0,17
53976,621,243,0,18
53977,621,340,0,20
53978,621,250,0,21
53979,621,306,0,25
53980,621,305,0,27
53981,621,293,0,28
53982,622,328,9,4
53983,622,304,15,2
53984,622,235,10,3
53985,622,223,7,5
53986,622,314,2,10
53987,622,238,3,9
53988,622,199,0,14
53989,622,280,0,16
53990,622,307,0,19
53991,622,337,0,20
53992,622,182,0,13
53993,622,224,15,1
53994,622,327,0,18
53995,622,317,0,24
53996,622,309,6,6
53997,622,207,3,7
53998,622,333,3,8
53999,622,289,1,11
54000,622,320,0,25
54001,622,339,0,28
54002,622,278,0,22
54003,622,338,0,17
54004,622,243,0,21
54005,622,340,0,23
54006,622,250,1,12
54007,622,306,0,27
54008,622,305,0,26
54009,622,293,0,30
54010,622,290,0,15
54011,622,329,0,29
54012,623,328,12,4
54013,623,304,15,3
54014,623,235,16,2
54015,623,223,7,6
54016,623,314,2,11
54017,623,238,3,10
54018,623,199,0,18
54019,623,280,0,20
54020,623,307,0,23
54021,623,337,0,19
54022,623,182,0,17
54023,623,224,19,1
54024,623,327,0,22
54025,623,317,0,27
54026,623,309,6,7
54027,623,207,3,9
54028,623,333,3,8
54029,623,289,1,13
54030,623,320,0,28
54031,623,339,0,30
54032,623,278,1,14
54033,623,338,0,21
54034,623,243,0,24
54035,623,340,0,26
54036,623,250,1,15
54037,623,306,9,5
54038,623,305,0,29
54039,623,293,0,31
54040,623,290,0,16
54041,623,329,0,25
54042,623,312,2,12
54043,624,328,12,4
54044,624,304,19,2
54045,624,235,16,3
54046,624,223,7,6
54047,624,314,2,14
54048,624,238,3,12
54049,624,199,0,20
54050,624,280,0,23
54051,624,307,0,21
54052,624,337,0,22
54053,624,182,0,19
54054,624,224,28,1
54055,624,327,6,7
54056,624,317,0,28
54057,624,309,6,8
54058,624,207,3,10
54059,624,333,3,9
54060,624,289,1,17
54061,624,320,0,29
54062,624,339,0,31
54063,624,278,2,16
54064,624,338,0,24
54065,624,243,0,25
54066,624,340,0,27
54067,624,250,3,13
54068,624,306,9,5
54069,624,305,3,11
54070,624,293,0,32
54071,624,290,0,18
54072,624,329,0,26
54073,624,312,2,15
54074,624,330,0,30
54075,625,328,21,2
54076,625,304,19,3
54077,625,235,16,4
54078,625,223,7,7
54079,625,314,2,15
54080,625,238,5,10
54081,625,199,0,20
54082,625,280,0,23
54083,625,307,0,21
54084,625,337,0,22
54085,625,182,0,19
54086,625,224,34,1
54087,625,327,9,6
54088,625,317,0,29
54089,625,309,6,8
54090,625,207,3,13
54091,625,333,3,12
54092,625,289,1,17
54093,625,320,0,30
54094,625,339,0,32
54095,625,278,6,9
54096,625,338,0,24
54097,625,243,0,25
54098,625,340,0,28
54099,625,250,3,14
54100,625,306,9,5
54101,625,305,4,11
54102,625,293,0,33
54103,625,290,0,18
54104,625,329,0,26
54105,625,312,2,16
54106,625,330,0,27
54107,625,221,0,31
54108,626,328,27,2
54109,626,304,21,3
54110,626,235,16,4
54111,626,223,7,9
54112,626,314,2,15
54113,626,238,5,10
54114,626,199,0,20
54115,626,280,0,24
54116,626,307,0,22
54117,626,337,0,23
54118,626,182,0,21
54119,626,224,43,1
54120,626,327,9,7
54121,626,317,0,30
54122,626,309,10,5
54123,626,207,3,13
54124,626,333,3,12
54125,626,289,1,17
54126,626,320,0,31
54127,626,339,0,34
54128,626,278,9,8
54129,626,338,0,25
54130,626,243,0,26
54131,626,340,0,29
54132,626,250,3,14
54133,626,306,9,6
54134,626,305,4,11
54135,626,293,0,35
54136,626,290,0,19
54137,626,329,0,27
54138,626,312,2,16
54139,626,330,0,28
54140,626,221,0,32
54141,626,232,1,18
54142,626,262,0,33
54143,627,328,27,2
54144,627,304,21,4
54145,627,235,25,3
54146,627,223,13,5
54147,627,314,2,17
54148,627,238,9,10
54149,627,199,0,21
54150,627,280,0,24
54151,627,307,3,14
54152,627,337,0,23
54153,627,182,0,22
54154,627,224,43,1
54155,627,327,9,8
54156,627,317,0,30
54157,627,309,10,6
54158,627,207,3,15
54159,627,333,3,13
54160,627,289,2,18
54161,627,320,0,31
54162,627,339,0,34
54163,627,278,9,9
54164,627,338,0,26
54165,627,243,0,27
54166,627,340,0,29
54167,627,250,3,16
54168,627,306,9,7
54169,627,305,4,11
54170,627,293,0,35
54171,627,290,0,20
54172,627,329,0,25
54173,627,312,4,12
54174,627,330,0,28
54175,627,221,0,32
54176,627,232,1,19
54177,627,262,0,33
54178,627,321,0,36
54179,628,328,27,2
54180,628,304,27,3
54181,628,235,25,4
54182,628,223,13,6
54183,628,314,2,17
54184,628,238,9,10
54185,628,199,0,21
54186,628,280,0,24
54187,628,307,4,12
54188,628,337,0,23
54189,628,182,0,22
54190,628,224,52,1
54191,628,327,9,9
54192,628,317,0,31
54193,628,309,14,5
54194,628,207,3,15
54195,628,333,3,14
54196,628,289,2,18
54197,628,320,0,28
54198,628,339,0,34
54199,628,278,11,7
54200,628,338,0,26
54201,628,243,0,27
54202,628,340,0,30
54203,628,250,3,16
54204,628,306,9,8
54205,628,305,7,11
54206,628,293,0,36
54207,628,290,0,20
54208,628,329,0,25
54209,628,312,4,13
54210,628,330,0,29
54211,628,221,0,32
54212,628,232,1,19
54213,628,262,0,33
54214,628,321,0,37
54215,628,296,0,35
54216,629,328,27,3
54217,629,304,31,2
54218,629,235,25,4
54219,629,223,13,6
54220,629,314,2,18
54221,629,238,9,11
54222,629,199,0,22
54223,629,280,0,26
54224,629,307,4,12
54225,629,337,0,24
54226,629,182,0,23
54227,629,224,61,1
54228,629,327,9,10
54229,629,317,0,29
54230,629,309,17,5
54231,629,207,3,16
54232,629,333,3,15
54233,629,289,4,14
54234,629,320,1,20
54235,629,339,0,35
54236,629,278,11,8
54237,629,338,0,27
54238,629,243,0,28
54239,629,340,0,31
54240,629,250,3,17
54241,629,306,9,9
54242,629,305,13,7
54243,629,293,0,37
54244,629,290,0,21
54245,629,329,0,25
54246,629,312,4,13
54247,629,330,0,30
54248,629,221,0,33
54249,629,232,1,19
54250,629,262,0,34
54251,629,321,0,38
54252,629,296,0,36
54253,629,341,0,32
54254,630,328,36,2
54255,630,304,35,3
54256,630,235,25,4
54257,630,223,15,6
54258,630,314,2,19
54259,630,238,9,11
54260,630,199,3,15
54261,630,280,0,26
54262,630,307,4,12
54263,630,337,0,24
54264,630,182,0,23
54265,630,224,61,1
54266,630,327,9,10
54267,630,317,0,29
54268,630,309,23,5
54269,630,207,3,17
54270,630,333,3,16
54271,630,289,4,14
54272,630,320,1,21
54273,630,339,0,36
54274,630,278,12,8
54275,630,338,0,27
54276,630,243,0,28
54277,630,340,0,31
54278,630,250,3,18
54279,630,306,9,9
54280,630,305,13,7
54281,630,293,0,38
54282,630,290,0,22
54283,630,329,0,25
54284,630,312,4,13
54285,630,330,0,30
54286,630,221,0,34
54287,630,232,1,20
54288,630,262,0,35
54289,630,321,0,40
54290,630,296,0,37
54291,630,341,0,32
54292,630,342,0,33
54293,630,343,0,39
54294,631,328,45,2
54295,631,304,39,3
54296,631,235,27,4
54297,631,223,15,7
54298,631,314,2,19
54299,631,238,12,9
54300,631,199,3,16
54301,631,280,0,27
54302,631,307,4,13
54303,631,337,0,25
54304,631,182,0,23
54305,631,224,61,1
54306,631,327,15,6
54307,631,317,0,31
54308,631,309,23,5
54309,631,207,4,12
54310,631,333,3,17
54311,631,289,4,15
54312,631,320,1,21
54313,631,339,0,38
54314,631,278,12,10
54315,631,338,0,28
54316,631,243,0,30
54317,631,340,0,35
54318,631,250,3,18
54319,631,306,9,11
54320,631,305,13,8
54321,631,293,0,40
54322,631,290,0,22
54323,631,329,0,26
54324,631,312,4,14
54325,631,330,0,33
54326,631,221,0,24
54327,631,232,1,20
54328,631,262,0,37
54329,631,321,0,42
54330,631,296,0,39
54331,631,341,0,36
54332,631,342,0,34
54333,631,343,0,41
54334,631,222,0,29
54335,631,344,0,32
54336,643,356,9,1
54337,643,304,6,2
54338,643,328,4,3
54339,643,306,3,4
54340,643,357,2,5
54341,643,289,1,6
54342,643,280,0,7
54343,643,340,0,8
54344,643,345,0,9
54345,643,346,0,10
54346,643,362,0,11
54347,643,293,0,12
54348,643,358,0,13
54349,643,235,0,14
54350,643,341,0,15
54351,643,352,0,16
54352,643,359,0,17
54353,643,360,0,18
54354,643,361,0,19
54355,643,207,0,20
54356,643,243,0,21
54357,643,262,0,22
54358,643,278,0,23
54359,644,356,9,2
54360,644,304,6,3
54361,644,328,13,1
54362,644,306,3,7
54363,644,357,2,9
54364,644,289,4,6
54365,644,280,0,10
54366,644,340,0,11
54367,644,345,0,12
54368,644,346,0,13
54369,644,362,0,14
54370,644,293,0,15
54371,644,358,0,16
54372,644,235,0,20
54373,644,341,0,17
54374,644,352,0,21
54375,644,359,2,8
54376,644,360,6,4
54377,644,361,0,23
54378,644,207,4,5
54379,644,243,0,18
54380,644,262,0,22
54381,644,278,0,19
54382,644,333,0,24
54383,644,339,0,25
54384,645,356,15,1
54385,645,304,9,4
54386,645,328,13,2
54387,645,306,3,9
54388,645,357,2,11
54389,645,289,6,6
54390,645,280,4,7
54391,645,340,0,15
54392,645,345,1,12
54393,645,346,0,14
54394,645,362,0,16
54395,645,293,0,17
54396,645,358,9,3
54397,645,235,0,23
54398,645,341,0,18
54399,645,352,0,24
54400,645,359,2,10
54401,645,360,6,5
54402,645,361,0,21
54403,645,207,4,8
54404,645,243,0,19
54405,645,262,0,22
54406,645,278,0,20
54407,645,333,0,25
54408,645,339,0,26
54409,645,238,0,13
54410,646,356,15,1
54411,646,304,9,5
54412,646,328,13,2
54413,646,306,7,6
54414,646,357,2,14
54415,646,289,6,9
54416,646,280,5,10
54417,646,340,0,19
54418,646,345,10,3
54419,646,346,0,16
54420,646,362,0,20
54421,646,293,0,21
54422,646,358,9,4
54423,646,235,0,18
54424,646,341,0,22
54425,646,352,0,25
54426,646,359,2,15
54427,646,360,6,8
54428,646,361,0,23
54429,646,207,4,11
54430,646,243,2,13
54431,646,262,0,24
54432,646,278,6,7
54433,646,333,0,26
54434,646,339,0,28
54435,646,238,0,17
54436,646,363,3,12
54437,646,321,0,27
54438,647,356,15,3
54439,647,304,9,5
54440,647,328,19,1
54441,647,306,9,6
54442,647,357,2,15
54443,647,289,6,9
54444,647,280,5,10
54445,647,340,0,21
54446,647,345,10,4
54447,647,346,0,19
54448,647,362,0,22
54449,647,293,0,23
54450,647,358,18,2
54451,647,235,4,11
54452,647,341,1,18
54453,647,352,0,27
54454,647,359,2,17
54455,647,360,6,8
54456,647,361,0,24
54457,647,207,4,12
54458,647,243,2,16
54459,647,262,0,25
54460,647,278,6,7
54461,647,333,0,28
54462,647,339,0,32
54463,647,238,0,20
54464,647,363,3,13
54465,647,321,0,29
54466,647,223,3,14
54467,647,327,0,26
54468,647,320,0,30
54469,647,364,0,31
54470,647,353,0,33
54471,647,351,0,34
54472,648,356,19,3
54473,648,304,12,5
54474,648,328,19,2
54475,648,306,9,7
54476,648,357,2,15
54477,648,289,6,10
54478,648,280,7,8
54479,648,340,0,22
54480,648,345,10,6
54481,648,346,0,20
54482,648,362,0,24
54483,648,293,0,26
54484,648,358,27,1
54485,648,235,4,11
54486,648,341,1,18
54487,648,352,0,25
54488,648,359,2,17
54489,648,360,6,9
54490,648,361,0,27
54491,648,207,4,12
54492,648,243,2,16
54493,648,262,0,28
54494,648,278,12,4
54495,648,333,0,29
54496,648,339,0,33
54497,648,238,0,21
54498,648,363,3,13
54499,648,321,0,30
54500,648,223,3,14
54501,648,327,0,23
54502,648,320,0,31
54503,648,364,1,19
54504,648,353,0,34
54505,648,351,0,32
54506,649,356,25,2
54507,649,304,16,4
54508,649,328,19,3
54509,649,306,9,7
54510,649,357,2,15
54511,649,289,7,9
54512,649,280,7,8
54513,649,340,0,24
54514,649,345,10,6
54515,649,346,0,20
54516,649,362,0,25
54517,649,293,0,27
54518,649,358,36,1
54519,649,235,4,12
54520,649,341,1,18
54521,649,352,0,26
54522,649,359,2,17
54523,649,360,6,10
54524,649,361,0,28
54525,649,207,4,13
54526,649,243,2,16
54527,649,262,0,30
54528,649,278,14,5
54529,649,333,0,31
54530,649,339,0,35
54531,649,238,0,21
54532,649,363,3,14
54533,649,321,0,32
54534,649,223,6,11
54535,649,327,0,22
54536,649,320,0,33
54537,649,364,1,19
54538,649,353,0,29
54539,649,351,0,34
54540,649,224,0,23
54541,650,356,25,2
54542,650,304,20,3
54543,650,328,19,4
54544,650,306,9,8
54545,650,357,2,17
54546,650,289,7,10
54547,650,280,8,9
54548,650,340,0,24
54549,650,345,10,6
54550,650,346,0,22
54551,650,362,0,25
54552,650,293,0,27
54553,650,358,45,1
54554,650,235,10,7
54555,650,341,1,19
54556,650,352,0,26
54557,650,359,2,18
54558,650,360,6,11
54559,650,361,0,28
54560,650,207,4,13
54561,650,243,4,14
54562,650,262,0,30
54563,650,278,14,5
54564,650,333,0,31
54565,650,339,0,35
54566,650,238,0,23
54567,650,363,3,16
54568,650,321,0,32
54569,650,223,6,12
54570,650,327,0,21
54571,650,320,0,33
54572,650,364,1,20
54573,650,353,0,29
54574,650,351,0,34
54575,650,224,3,15
54576,650,312,0,36
54577,650,365,0,37
54578,651,356,25,2
54579,651,304,20,3
54580,651,328,19,5
54581,651,306,10,9
54582,651,357,2,17
54583,651,289,7,12
54584,651,280,8,11
54585,651,340,0,25
54586,651,345,13,7
54587,651,346,0,23
54588,651,362,0,28
54589,651,293,0,30
54590,651,358,45,1
54591,651,235,19,4
54592,651,341,1,20
54593,651,352,0,27
54594,651,359,2,19
54595,651,360,6,13
54596,651,361,0,31
54597,651,207,4,14
54598,651,243,8,10
54599,651,262,2,18
54600,651,278,14,6
54601,651,333,0,29
54602,651,339,0,36
54603,651,238,0,24
54604,651,363,3,15
54605,651,321,0,33
54606,651,223,12,8
54607,651,327,0,22
54608,651,320,0,26
54609,651,364,1,21
54610,651,353,0,32
54611,651,351,0,35
54612,651,224,3,16
54613,651,312,0,37
54614,651,365,0,38
54615,651,314,0,34
54616,652,356,25,3
54617,652,304,23,4
54618,652,328,25,2
54619,652,306,14,8
54620,652,357,2,17
54621,652,289,7,12
54622,652,280,8,11
54623,652,340,0,26
54624,652,345,13,9
54625,652,346,0,23
54626,652,362,0,29
54627,652,293,0,30
54628,652,358,45,1
54629,652,235,19,6
54630,652,341,1,21
54631,652,352,0,28
54632,652,359,2,19
54633,652,360,6,13
54634,652,361,0,31
54635,652,207,4,14
54636,652,243,10,10
54637,652,262,2,18
54638,652,278,14,7
54639,652,333,0,25
54640,652,339,0,36
54641,652,238,0,24
54642,652,363,3,15
54643,652,321,0,34
54644,652,223,21,5
54645,652,327,1,20
54646,652,320,0,27
54647,652,364,1,22
54648,652,353,0,32
54649,652,351,0,35
54650,652,224,3,16
54651,652,312,0,37
54652,652,365,0,39
54653,652,314,0,33
54654,652,347,0,38
54655,652,330,0,40
54656,653,356,25,5
54657,653,304,23,6
54658,653,328,25,4
54659,653,306,14,9
54660,653,357,2,18
54661,653,289,7,12
54662,653,280,8,11
54663,653,340,0,27
54664,653,345,16,8
54665,653,346,0,24
54666,653,362,0,29
54667,653,293,0,30
54668,653,358,45,1
54669,653,235,28,2
54670,653,341,3,17
54671,653,352,0,28
54672,653,359,2,20
54673,653,360,6,13
54674,653,361,0,31
54675,653,207,4,14
54676,653,243,10,10
54677,653,262,2,19
54678,653,278,18,7
54679,653,333,0,26
54680,653,339,0,36
54681,653,238,0,25
54682,653,363,3,15
54683,653,321,0,34
54684,653,223,27,3
54685,653,327,1,21
54686,653,320,1,22
54687,653,364,1,23
54688,653,353,0,32
54689,653,351,0,35
54690,653,224,3,16
54691,653,312,0,37
54692,653,365,0,39
54693,653,314,0,33
54694,653,347,0,38
54695,653,330,0,40
54696,654,356,25,5
54697,654,304,23,6
54698,654,328,25,4
54699,654,306,14,9
54700,654,357,2,19
54701,654,289,7,13
54702,654,280,8,12
54703,654,340,0,29
54704,654,345,22,7
54705,654,346,0,26
54706,654,362,0,31
54707,654,293,0,32
54708,654,358,45,1
54709,654,235,31,2
54710,654,341,3,18
54711,654,352,0,30
54712,654,359,2,21
54713,654,360,6,14
54714,654,361,0,33
54715,654,207,4,15
54716,654,243,10,11
54717,654,262,2,20
54718,654,278,20,8
54719,654,333,0,28
54720,654,339,0,39
54721,654,238,0,27
54722,654,363,3,17
54723,654,321,1,25
54724,654,223,27,3
54725,654,327,1,22
54726,654,320,1,23
54727,654,364,1,24
54728,654,353,0,34
54729,654,351,0,37
54730,654,224,12,10
54731,654,312,0,40
54732,654,365,0,41
54733,654,314,0,35
54734,654,347,0,36
54735,654,330,0,43
54736,654,317,4,16
54737,654,366,0,38
54738,654,367,0,42
54739,655,356,25,6
54740,655,304,27,4
54741,655,328,25,5
54742,655,306,16,9
54743,655,357,2,19
54744,655,289,7,13
54745,655,280,8,12
54746,655,340,0,29
54747,655,345,23,7
54748,655,346,0,26
54749,655,362,0,31
54750,655,293,0,32
54751,655,358,45,1
54752,655,235,40,2
54753,655,341,3,18
54754,655,352,0,30
54755,655,359,2,21
54756,655,360,6,14
54757,655,361,0,33
54758,655,207,4,16
54759,655,243,10,11
54760,655,262,2,20
54761,655,278,23,8
54762,655,333,0,28
54763,655,339,0,39
54764,655,238,0,27
54765,655,363,3,17
54766,655,321,1,25
54767,655,223,33,3
54768,655,327,1,22
54769,655,320,1,23
54770,655,364,1,24
54771,655,353,0,34
54772,655,351,0,37
54773,655,224,12,10
54774,655,312,0,40
54775,655,365,0,41
54776,655,314,0,35
54777,655,347,0,36
54778,655,330,0,43
54779,655,317,4,15
54780,655,366,0,38
54781,655,367,0,42
54782,605,224,9,1
54783,605,327,6,2
54784,605,328,4,3
54785,605,235,3,4
54786,605,304,2,5
54787,605,290,1,6
54788,605,223,0,7
54789,605,309,0,8
54790,605,232,0,9
54791,605,329,0,10
54792,605,197,0,11
54793,605,306,0,12
54794,605,307,0,13
54795,605,238,0,14
54796,605,182,0,15
54797,605,199,0,16
54798,605,305,0,17
54799,605,250,0,18
54800,605,330,0,19
54801,606,224,18,1
54802,606,327,6,3
54803,606,328,10,2
54804,606,235,5,5
54805,606,304,6,4
54806,606,290,1,8
54807,606,223,1,7
54808,606,309,0,11
54809,606,232,3,6
54810,606,329,0,13
54811,606,197,0,16
54812,606,306,0,17
54813,606,307,0,9
54814,606,238,0,18
54815,606,182,0,10
54816,606,199,0,14
54817,606,305,0,20
54818,606,250,0,19
54819,606,330,0,12
54820,606,331,0,15
54821,607,224,22,1
54822,607,327,6,5
54823,607,328,19,2
54824,607,235,5,7
54825,607,304,8,3
54826,607,290,1,9
54827,607,223,1,8
54828,607,309,6,4
54829,607,232,6,6
54830,607,329,0,17
54831,607,197,0,20
54832,607,306,0,21
54833,607,307,0,11
54834,607,238,0,18
54835,607,182,0,13
54836,607,199,0,12
54837,607,305,0,24
54838,607,250,0,22
54839,607,330,0,15
54840,607,331,0,19
54841,607,332,1,10
54842,607,333,0,14
54843,607,222,0,16
54844,607,292,0,23
54845,607,334,0,25
54846,607,262,0,26
54847,607,293,0,27
54848,608,224,31,1
54849,608,327,12,3
54850,608,328,19,2
54851,608,235,5,8
54852,608,304,9,5
54853,608,290,1,11
54854,608,223,1,10
54855,608,309,9,4
54856,608,232,6,6
54857,608,329,0,13
54858,608,197,0,22
54859,608,306,2,9
54860,608,307,0,12
54861,608,238,0,20
54862,608,182,0,15
54863,608,199,0,14
54864,608,305,0,25
54865,608,250,0,23
54866,608,330,0,18
54867,608,331,0,21
54868,608,332,5,7
54869,608,333,0,16
54870,608,222,0,19
54871,608,292,0,24
54872,608,334,0,27
54873,608,262,0,28
54874,608,293,0,29
54875,608,280,0,17
54876,608,289,0,26
54877,609,224,35,1
54878,609,327,18,3
54879,609,328,28,2
54880,609,235,5,8
54881,609,304,9,5
54882,609,290,1,13
54883,609,223,1,12
54884,609,309,9,4
54885,609,232,6,6
54886,609,329,0,15
54887,609,197,0,25
54888,609,306,2,11
54889,609,307,0,16
54890,609,238,0,23
54891,609,182,2,10
54892,609,199,0,17
54893,609,305,0,27
54894,609,250,0,18
54895,609,330,0,20
54896,609,331,0,24
54897,609,332,5,7
54898,609,333,3,9
54899,609,222,0,22
54900,609,292,0,26
54901,609,334,0,28
54902,609,262,0,29
54903,609,293,0,30
54904,609,280,0,19
54905,609,289,0,21
54906,609,278,1,14
54907,610,224,41,1
54908,610,327,21,3
54909,610,328,37,2
54910,610,235,5,8
54911,610,304,10,5
54912,610,290,1,14
54913,610,223,1,13
54914,610,309,11,4
54915,610,232,6,6
54916,610,329,0,16
54917,610,197,0,28
54918,610,306,2,12
54919,610,307,0,17
54920,610,238,4,9
54921,610,182,2,11
54922,610,199,0,18
54923,610,305,0,20
54924,610,250,0,19
54925,610,330,0,22
54926,610,331,0,27
54927,610,332,5,7
54928,610,333,3,10
54929,610,222,0,25
54930,610,292,0,29
54931,610,334,0,30
54932,610,262,0,26
54933,610,293,0,32
54934,610,280,0,21
54935,610,289,0,23
54936,610,278,1,15
54937,610,231,0,24
54938,610,259,0,31
54939,611,224,41,1
54940,611,327,25,3
54941,611,328,39,2
54942,611,235,6,8
54943,611,304,19,4
54944,611,290,1,15
54945,611,223,1,14
54946,611,309,11,5
54947,611,232,6,7
54948,611,329,0,17
54949,611,197,0,28
54950,611,306,2,13
54951,611,307,0,18
54952,611,238,10,6
54953,611,182,2,12
54954,611,199,3,11
54955,611,305,0,20
54956,611,250,0,19
54957,611,330,0,22
54958,611,331,0,27
54959,611,332,5,9
54960,611,333,3,10
54961,611,222,0,25
54962,611,292,0,29
54963,611,334,0,30
54964,611,262,0,26
54965,611,293,0,33
54966,611,280,0,21
54967,611,289,0,23
54968,611,278,1,16
54969,611,231,0,24
54970,611,259,0,31
54971,611,317,0,32
54972,612,224,41,2
54973,612,327,31,3
54974,612,328,42,1
54975,612,235,8,7
54976,612,304,19,5
54977,612,290,1,16
54978,612,223,1,14
54979,612,309,11,6
54980,612,232,6,9
54981,612,329,0,18
54982,612,197,0,29
54983,612,306,2,13
54984,612,307,0,19
54985,612,238,19,4
54986,612,182,2,12
54987,612,199,7,8
54988,612,305,0,21
54989,612,250,0,20
54990,612,330,0,24
54991,612,331,0,27
54992,612,332,5,10
54993,612,333,3,11
54994,612,222,0,25
54995,612,292,0,30
54996,612,334,0,31
54997,612,262,0,26
54998,612,293,0,34
54999,612,280,0,22
55000,612,289,0,23
55001,612,278,1,17
55002,612,231,1,15
55003,612,259,0,32
55004,612,317,0,33
55005,612,313,0,28
55006,613,224,41,2
55007,613,327,33,3
55008,613,328,42,1
55009,613,235,8,8
55010,613,304,23,5
55011,613,290,1,16
55012,613,223,1,15
55013,613,309,20,6
55014,613,232,6,9
55015,613,329,0,18
55016,613,197,0,29
55017,613,306,2,14
55018,613,307,0,19
55019,613,238,25,4
55020,613,182,2,13
55021,613,199,8,7
55022,613,305,0,21
55023,613,250,0,20
55024,613,330,0,24
55025,613,331,0,27
55026,613,332,5,10
55027,613,333,3,12
55028,613,222,0,25
55029,613,292,0,30
55030,613,334,0,32
55031,613,262,0,26
55032,613,293,0,36
55033,613,280,0,22
55034,613,289,0,23
55035,613,278,1,17
55036,613,231,4,11
55037,613,259,0,33
55038,613,317,0,34
55039,613,313,0,28
55040,613,187,0,31
55041,613,200,0,35
55042,613,335,0,37
55043,613,336,0,38
55044,614,224,41,2
55045,614,327,39,3
55046,614,328,51,1
55047,614,235,8,9
55048,614,304,23,6
55049,614,290,1,16
55050,614,223,1,15
55051,614,309,23,5
55052,614,232,6,10
55053,614,329,0,19
55054,614,197,0,30
55055,614,306,4,12
55056,614,307,0,21
55057,614,238,25,4
55058,614,182,2,14
55059,614,199,8,7
55060,614,305,0,22
55061,614,250,0,20
55062,614,330,0,25
55063,614,331,0,28
55064,614,332,5,11
55065,614,333,3,13
55066,614,222,0,26
55067,614,292,0,31
55068,614,334,0,33
55069,614,262,0,27
55070,614,293,0,38
55071,614,280,0,23
55072,614,289,0,24
55073,614,278,1,17
55074,614,231,8,8
55075,614,259,0,34
55076,614,317,0,36
55077,614,313,0,29
55078,614,187,0,32
55079,614,200,0,37
55080,614,335,0,35
55081,614,336,0,39
55082,614,298,1,18
55083,615,224,42,3
55084,615,327,45,2
55085,615,328,60,1
55086,615,235,12,7
55087,615,304,23,6
55088,615,290,3,15
55089,615,223,1,17
55090,615,309,23,5
55091,615,232,6,10
55092,615,329,0,20
55093,615,197,0,33
55094,615,306,4,12
55095,615,307,0,21
55096,615,238,25,4
55097,615,182,2,16
55098,615,199,8,8
55099,615,305,0,25
55100,615,250,3,13
55101,615,330,0,27
55102,615,331,0,30
55103,615,332,5,11
55104,615,333,3,14
55105,615,222,0,28
55106,615,292,0,34
55107,615,334,0,36
55108,615,262,0,23
55109,615,293,0,39
55110,615,280,0,24
55111,615,289,0,26
55112,615,278,1,18
55113,615,231,8,9
55114,615,259,0,32
55115,615,317,0,38
55116,615,313,0,31
55117,615,187,0,35
55118,615,200,0,22
55119,615,335,0,37
55120,615,336,0,40
55121,615,298,1,19
55122,615,243,0,29
55123,616,224,42,3
55124,616,327,45,2
55125,616,328,66,1
55126,616,235,12,7
55127,616,304,23,6
55128,616,290,3,15
55129,616,223,2,17
55130,616,309,23,5
55131,616,232,6,11
55132,616,329,0,20
55133,616,197,0,33
55134,616,306,6,12
55135,616,307,0,21
55136,616,238,34,4
55137,616,182,2,16
55138,616,199,11,8
55139,616,305,0,23
55140,616,250,7,10
55141,616,330,0,27
55142,616,331,0,30
55143,616,332,5,13
55144,616,333,3,14
55145,616,222,0,28
55146,616,292,0,34
55147,616,334,0,36
55148,616,262,0,24
55149,616,293,0,39
55150,616,280,0,25
55151,616,289,0,26
55152,616,278,1,19
55153,616,231,8,9
55154,616,259,0,32
55155,616,317,0,38
55156,616,313,0,31
55157,616,187,0,35
55158,616,200,0,22
55159,616,335,0,37
55160,616,336,0,40
55161,616,298,1,18
55162,616,243,0,29
55163,617,224,48,2
55164,617,327,47,3
55165,617,328,69,1
55166,617,235,12,8
55167,617,304,23,6
55168,617,290,3,15
55169,617,223,2,17
55170,617,309,27,5
55171,617,232,6,11
55172,617,329,0,20
55173,617,197,0,33
55174,617,306,6,12
55175,617,307,0,22
55176,617,238,43,4
55177,617,182,2,16
55178,617,199,12,7
55179,617,305,0,21
55180,617,250,7,10
55181,617,330,0,27
55182,617,331,0,31
55183,617,332,5,13
55184,617,333,3,14
55185,617,222,0,29
55186,617,292,0,34
55187,617,334,0,36
55188,617,262,0,24
55189,617,293,0,39
55190,617,280,0,25
55191,617,289,0,26
55192,617,278,1,19
55193,617,231,8,9
55194,617,259,0,28
55195,617,317,0,38
55196,617,313,0,32
55197,617,187,0,35
55198,617,200,0,23
55199,617,335,0,37
55200,617,336,0,40
55201,617,298,1,18
55202,617,243,0,30
55203,618,224,54,2
55204,618,327,47,3
55205,618,328,71,1
55206,618,235,12,8
55207,618,304,23,6
55208,618,290,3,16
55209,618,223,2,18
55210,618,309,36,5
55211,618,232,6,12
55212,618,329,0,23
55213,618,197,0,34
55214,618,306,9,9
55215,618,307,1,19
55216,618,238,43,4
55217,618,182,2,17
55218,618,199,12,7
55219,618,305,0,22
55220,618,250,7,11
55221,618,330,0,27
55222,618,331,0,31
55223,618,332,5,13
55224,618,333,3,15
55225,618,222,0,29
55226,618,292,0,35
55227,618,334,0,37
55228,618,262,4,14
55229,618,293,0,40
55230,618,280,0,25
55231,618,289,0,26
55232,618,278,1,21
55233,618,231,8,10
55234,618,259,0,28
55235,618,317,0,39
55236,618,313,0,32
55237,618,187,0,36
55238,618,200,0,24
55239,618,335,0,38
55240,618,336,0,42
55241,618,298,1,20
55242,618,243,0,30
55243,618,314,0,33
55244,618,320,0,41
55245,619,224,55,2
55246,619,327,47,4
55247,619,328,71,1
55248,619,235,12,9
55249,619,304,26,6
55250,619,290,3,16
55251,619,223,2,18
55252,619,309,38,5
55253,619,232,6,12
55254,619,329,0,23
55255,619,197,0,31
55256,619,306,9,10
55257,619,307,1,19
55258,619,238,52,3
55259,619,182,2,17
55260,619,199,16,7
55261,619,305,0,22
55262,619,250,7,11
55263,619,330,0,27
55264,619,331,0,32
55265,619,332,5,13
55266,619,333,3,15
55267,619,222,0,29
55268,619,292,0,35
55269,619,334,0,37
55270,619,262,4,14
55271,619,293,0,40
55272,619,280,0,25
55273,619,289,0,26
55274,619,278,1,21
55275,619,231,14,8
55276,619,259,0,28
55277,619,317,0,39
55278,619,313,0,33
55279,619,187,0,36
55280,619,200,0,24
55281,619,335,0,38
55282,619,336,0,42
55283,619,298,1,20
55284,619,243,0,30
55285,619,314,0,34
55286,619,320,0,41
55287,590,304,9,1
55288,590,182,6,2
55289,590,223,4,3
55290,590,305,3,4
55291,590,306,2,5
55292,590,221,1,6
55293,590,199,0,7
55294,590,307,0,8
55295,590,280,0,9
55296,590,224,0,10
55297,590,265,0,11
55298,590,187,0,12
55299,590,238,0,13
55300,590,289,0,14
55301,590,235,0,15
55302,590,308,0,16
55303,590,233,0,17
55304,590,296,0,18
55305,590,222,0,19
55306,590,250,0,20
55307,590,232,0,21
55308,590,231,0,22
55309,590,200,0,23
55310,590,309,0,24
55311,590,197,0,25
55312,591,304,9,3
55313,591,182,6,4
55314,591,223,10,1
55315,591,305,5,5
55316,591,306,2,8
55317,591,221,1,9
55318,591,199,0,11
55319,591,307,0,12
55320,591,280,0,13
55321,591,224,9,2
55322,591,265,0,16
55323,591,187,0,17
55324,591,238,1,10
55325,591,289,0,15
55326,591,235,4,6
55327,591,308,0,19
55328,591,233,0,22
55329,591,296,0,20
55330,591,222,0,18
55331,591,250,3,7
55332,591,232,0,24
55333,591,231,0,14
55334,591,200,0,21
55335,591,309,0,25
55336,591,197,0,23
55337,592,304,9,4
55338,592,182,6,7
55339,592,223,10,1
55340,592,305,9,5
55341,592,306,8,6
55342,592,221,4,9
55343,592,199,9,2
55344,592,307,0,15
55345,592,280,0,16
55346,592,224,9,3
55347,592,265,0,20
55348,592,187,0,21
55349,592,238,1,12
55350,592,289,0,19
55351,592,235,4,8
55352,592,308,0,25
55353,592,233,2,11
55354,592,296,0,24
55355,592,222,0,14
55356,592,250,3,10
55357,592,232,1,13
55358,592,231,0,17
55359,592,200,0,26
55360,592,309,0,29
55361,592,197,0,28
55362,592,230,0,18
55363,592,251,0,22
55364,592,292,0,23
55365,592,293,0,27
55366,592,310,0,30
55367,592,311,0,31
55368,593,304,10,4
55369,593,182,15,2
55370,593,223,16,1
55371,593,305,9,6
55372,593,306,8,7
55373,593,221,4,10
55374,593,199,9,5
55375,593,307,0,16
55376,593,280,0,18
55377,593,224,13,3
55378,593,265,0,22
55379,593,187,0,21
55380,593,238,1,13
55381,593,289,0,20
55382,593,235,4,9
55383,593,308,0,27
55384,593,233,5,8
55385,593,296,0,26
55386,593,222,2,12
55387,593,250,3,11
55388,593,232,1,14
55389,593,231,0,17
55390,593,200,0,28
55391,593,309,0,31
55392,593,197,0,30
55393,593,230,0,19
55394,593,251,0,23
55395,593,292,0,24
55396,593,293,0,29
55397,593,310,0,34
55398,593,311,0,35
55399,593,312,0,15
55400,593,314,0,25
55401,593,278,0,32
55402,593,313,0,33
55403,594,304,11,4
55404,594,182,21,2
55405,594,223,19,3
55406,594,305,9,7
55407,594,306,10,5
55408,594,221,4,11
55409,594,199,9,6
55410,594,307,0,17
55411,594,280,0,20
55412,594,224,22,1
55413,594,265,0,23
55414,594,187,0,22
55415,594,238,1,13
55416,594,289,0,16
55417,594,235,4,10
55418,594,308,0,29
55419,594,233,5,9
55420,594,296,0,28
55421,594,222,6,8
55422,594,250,3,12
55423,594,232,1,14
55424,594,231,0,18
55425,594,200,0,31
55426,594,309,0,35
55427,594,197,0,24
55428,594,230,0,19
55429,594,251,0,25
55430,594,292,0,26
55431,594,293,0,33
55432,594,310,0,38
55433,594,311,0,40
55434,594,312,0,15
55435,594,314,0,21
55436,594,278,0,36
55437,594,313,0,37
55438,594,298,0,27
55439,594,267,0,30
55440,594,269,0,32
55441,594,252,0,34
55442,594,315,0,39
55443,594,316,0,41
55444,595,304,11,5
55445,595,182,21,3
55446,595,223,22,2
55447,595,305,9,9
55448,595,306,10,7
55449,595,221,4,13
55450,595,199,9,8
55451,595,307,0,20
55452,595,280,0,23
55453,595,224,24,1
55454,595,265,0,19
55455,595,187,1,15
55456,595,238,10,6
55457,595,289,0,17
55458,595,235,4,12
55459,595,308,0,29
55460,595,233,5,10
55461,595,296,0,28
55462,595,222,12,4
55463,595,250,3,14
55464,595,232,1,16
55465,595,231,0,21
55466,595,200,0,31
55467,595,309,0,35
55468,595,197,4,11
55469,595,230,0,22
55470,595,251,0,25
55471,595,292,0,26
55472,595,293,0,33
55473,595,310,0,38
55474,595,311,0,40
55475,595,312,0,18
55476,595,314,0,24
55477,595,278,0,36
55478,595,313,0,37
55479,595,298,0,27
55480,595,267,0,30
55481,595,269,0,32
55482,595,252,0,34
55483,595,315,0,39
55484,595,316,0,41
55485,596,304,11,5
55486,596,182,21,3
55487,596,223,22,2
55488,596,305,9,10
55489,596,306,10,8
55490,596,221,10,7
55491,596,199,9,9
55492,596,307,0,21
55493,596,280,0,24
55494,596,224,27,1
55495,596,265,0,19
55496,596,187,1,17
55497,596,238,10,6
55498,596,289,1,16
55499,596,235,4,14
55500,596,308,0,31
55501,596,233,5,12
55502,596,296,0,30
55503,596,222,21,4
55504,596,250,3,15
55505,596,232,1,18
55506,596,231,4,13
55507,596,200,0,33
55508,596,309,0,38
55509,596,197,6,11
55510,596,230,0,23
55511,596,251,0,27
55512,596,292,0,28
55513,596,293,0,35
55514,596,310,0,41
55515,596,311,0,22
55516,596,312,0,20
55517,596,314,0,26
55518,596,278,0,39
55519,596,313,0,25
55520,596,298,0,29
55521,596,267,0,32
55522,596,269,0,34
55523,596,252,0,37
55524,596,315,0,42
55525,596,316,0,40
55526,596,317,0,36
55527,596,318,0,43
55528,597,304,11,6
55529,597,182,30,2
55530,597,223,28,3
55531,597,305,12,5
55532,597,306,10,9
55533,597,221,11,7
55534,597,199,9,10
55535,597,307,0,21
55536,597,280,0,25
55537,597,224,31,1
55538,597,265,0,19
55539,597,187,1,17
55540,597,238,10,8
55541,597,289,1,16
55542,597,235,4,14
55543,597,308,0,31
55544,597,233,5,12
55545,597,296,0,30
55546,597,222,23,4
55547,597,250,3,15
55548,597,232,1,18
55549,597,231,4,13
55550,597,200,0,33
55551,597,309,0,38
55552,597,197,6,11
55553,597,230,0,24
55554,597,251,0,27
55555,597,292,0,29
55556,597,293,0,35
55557,597,310,0,41
55558,597,311,0,22
55559,597,312,0,20
55560,597,314,0,26
55561,597,278,0,39
55562,597,313,0,23
55563,597,298,0,28
55564,597,267,0,32
55565,597,269,0,34
55566,597,252,0,37
55567,597,315,0,42
55568,597,316,0,40
55569,597,317,0,36
55570,597,318,0,43
55571,598,304,12,6
55572,598,182,36,1
55573,598,223,32,2
55574,598,305,12,7
55575,598,306,10,9
55576,598,221,11,8
55577,598,199,9,10
55578,598,307,0,21
55579,598,280,0,25
55580,598,224,31,3
55581,598,265,0,19
55582,598,187,1,17
55583,598,238,19,5
55584,598,289,1,16
55585,598,235,6,11
55586,598,308,0,31
55587,598,233,5,13
55588,598,296,0,28
55589,598,222,26,4
55590,598,250,3,15
55591,598,232,1,18
55592,598,231,4,14
55593,598,200,0,33
55594,598,309,0,38
55595,598,197,6,12
55596,598,230,0,24
55597,598,251,0,27
55598,598,292,0,30
55599,598,293,0,35
55600,598,310,0,42
55601,598,311,0,22
55602,598,312,0,20
55603,598,314,0,26
55604,598,278,0,39
55605,598,313,0,23
55606,598,298,0,29
55607,598,267,0,32
55608,598,269,0,34
55609,598,252,0,37
55610,598,315,0,41
55611,598,316,0,40
55612,598,317,0,36
55613,598,318,0,43
55614,598,219,0,44
55615,598,319,0,45
55616,599,304,12,6
55617,599,182,38,1
55618,599,223,35,4
55619,599,305,12,7
55620,599,306,10,10
55621,599,221,11,8
55622,599,199,10,9
55623,599,307,0,22
55624,599,280,0,26
55625,599,224,37,2
55626,599,265,0,19
55627,599,187,1,17
55628,599,238,19,5
55629,599,289,1,16
55630,599,235,10,11
55631,599,308,0,33
55632,599,233,5,13
55633,599,296,0,29
55634,599,222,35,3
55635,599,250,3,15
55636,599,232,1,18
55637,599,231,4,14
55638,599,200,0,30
55639,599,309,0,38
55640,599,197,6,12
55641,599,230,0,25
55642,599,251,0,28
55643,599,292,0,32
55644,599,293,0,36
55645,599,310,0,42
55646,599,311,0,23
55647,599,312,0,20
55648,599,314,0,27
55649,599,278,0,39
55650,599,313,0,24
55651,599,298,0,31
55652,599,267,0,34
55653,599,269,0,35
55654,599,252,0,21
55655,599,315,0,41
55656,599,316,0,40
55657,599,317,0,37
55658,599,318,0,44
55659,599,219,0,45
55660,599,319,0,48
55661,599,320,0,43
55662,599,259,0,46
55663,599,321,0,47
55664,599,275,0,49
55665,599,300,0,50
55666,599,283,0,51
55667,600,304,12,7
55668,600,182,38,3
55669,600,223,44,1
55670,600,305,12,9
55671,600,306,10,11
55672,600,221,11,10
55673,600,199,14,6
55674,600,307,0,22
55675,600,280,0,26
55676,600,224,37,4
55677,600,265,0,20
55678,600,187,1,17
55679,600,238,22,5
55680,600,289,1,16
55681,600,235,12,8
55682,600,308,0,35
55683,600,233,5,13
55684,600,296,0,30
55685,600,222,41,2
55686,600,250,3,15
55687,600,232,1,19
55688,600,231,4,14
55689,600,200,0,31
55690,600,309,0,40
55691,600,197,6,12
55692,600,230,0,25
55693,600,251,0,29
55694,600,292,0,34
55695,600,293,0,38
55696,600,310,0,45
55697,600,311,0,23
55698,600,312,0,21
55699,600,314,0,27
55700,600,278,0,41
55701,600,313,0,24
55702,600,298,0,32
55703,600,267,0,36
55704,600,269,0,37
55705,600,252,1,18
55706,600,315,0,44
55707,600,316,0,42
55708,600,317,0,39
55709,600,318,0,47
55710,600,219,0,48
55711,600,319,0,50
55712,600,320,0,46
55713,600,259,0,49
55714,600,321,0,28
55715,600,275,0,51
55716,600,300,0,53
55717,600,283,0,54
55718,600,270,0,33
55719,600,172,0,43
55720,600,256,0,52
55721,601,304,18,7
55722,601,182,38,3
55723,601,223,46,1
55724,601,305,12,9
55725,601,306,10,11
55726,601,221,11,10
55727,601,199,23,5
55728,601,307,0,24
55729,601,280,0,27
55730,601,224,37,4
55731,601,265,0,21
55732,601,187,4,15
55733,601,238,22,6
55734,601,289,1,17
55735,601,235,12,8
55736,601,308,0,37
55737,601,233,5,14
55738,601,296,0,32
55739,601,222,41,2
55740,601,250,3,16
55741,601,232,1,20
55742,601,231,8,12
55743,601,200,0,33
55744,601,309,0,43
55745,601,197,6,13
55746,601,230,1,19
55747,601,251,0,31
55748,601,292,0,36
55749,601,293,0,40
55750,601,310,0,48
55751,601,311,0,25
55752,601,312,0,22
55753,601,314,0,29
55754,601,278,0,45
55755,601,313,0,26
55756,601,298,0,35
55757,601,267,0,38
55758,601,269,0,39
55759,601,252,1,18
55760,601,315,0,47
55761,601,316,0,44
55762,601,317,0,41
55763,601,318,0,50
55764,601,219,0,51
55765,601,319,0,53
55766,601,320,0,49
55767,601,259,0,52
55768,601,321,0,30
55769,601,275,0,55
55770,601,300,0,58
55771,601,283,0,54
55772,601,270,0,34
55773,601,172,0,42
55774,601,256,0,56
55775,601,322,0,23
55776,601,323,0,28
55777,601,243,0,46
55778,601,324,0,57
55779,602,304,19,7
55780,602,182,38,4
55781,602,223,46,1
55782,602,305,12,9
55783,602,306,10,11
55784,602,221,11,10
55785,602,199,23,6
55786,602,307,0,24
55787,602,280,0,27
55788,602,224,43,3
55789,602,265,0,21
55790,602,187,4,16
55791,602,238,31,5
55792,602,289,1,18
55793,602,235,12,8
55794,602,308,0,37
55795,602,233,5,14
55796,602,296,0,32
55797,602,222,45,2
55798,602,250,5,15
55799,602,232,4,17
55800,602,231,8,12
55801,602,200,0,33
55802,602,309,0,44
55803,602,197,6,13
55804,602,230,1,20
55805,602,251,0,31
55806,602,292,0,36
55807,602,293,0,40
55808,602,310,0,48
55809,602,311,0,25
55810,602,312,0,23
55811,602,314,0,29
55812,602,278,0,46
55813,602,313,0,26
55814,602,298,0,35
55815,602,267,0,38
55816,602,269,0,39
55817,602,252,1,19
55818,602,315,0,47
55819,602,316,0,45
55820,602,317,0,41
55821,602,318,0,50
55822,602,219,0,52
55823,602,319,0,51
55824,602,320,0,49
55825,602,259,0,53
55826,602,321,0,30
55827,602,275,0,56
55828,602,300,0,59
55829,602,283,0,55
55830,602,270,0,34
55831,602,172,0,43
55832,602,256,0,57
55833,602,322,0,22
55834,602,323,0,28
55835,602,243,0,42
55836,602,324,0,58
55837,602,325,0,54
55838,603,304,20,7
55839,603,182,38,4
55840,603,223,52,2
55841,603,305,12,10
55842,603,306,10,12
55843,603,221,13,8
55844,603,199,23,6
55845,603,307,0,25
55846,603,280,0,28
55847,603,224,52,1
55848,603,265,0,21
55849,603,187,4,16
55850,603,238,35,5
55851,603,289,1,18
55852,603,235,12,9
55853,603,308,0,41
55854,603,233,5,14
55855,603,296,0,36
55856,603,222,45,3
55857,603,250,5,15
55858,603,232,4,17
55859,603,231,11,11
55860,603,200,0,37
55861,603,309,0,48
55862,603,197,6,13
55863,603,230,1,20
55864,603,251,0,35
55865,603,292,0,40
55866,603,293,0,45
55867,603,310,0,51
55868,603,311,0,26
55869,603,312,0,23
55870,603,314,0,30
55871,603,278,0,47
55872,603,313,0,27
55873,603,298,0,39
55874,603,267,0,43
55875,603,269,0,44
55876,603,252,1,19
55877,603,315,0,50
55878,603,316,0,49
55879,603,317,0,46
55880,603,318,0,53
55881,603,219,0,56
55882,603,319,0,55
55883,603,320,0,52
55884,603,259,0,57
55885,603,321,0,33
55886,603,275,0,60
55887,603,300,0,62
55888,603,283,0,59
55889,603,270,0,38
55890,603,172,0,42
55891,603,256,0,61
55892,603,322,0,22
55893,603,323,0,29
55894,603,243,0,32
55895,603,324,0,31
55896,603,325,0,58
55897,603,207,0,24
55898,603,288,0,34
55899,603,326,0,54
55900,604,304,20,7
55901,604,182,38,4
55902,604,223,52,2
55903,604,305,12,11
55904,604,306,10,13
55905,604,221,14,9
55906,604,199,32,6
55907,604,307,0,26
55908,604,280,0,29
55909,604,224,55,1
55910,604,265,0,21
55911,604,187,6,15
55912,604,238,35,5
55913,604,289,1,18
55914,604,235,12,10
55915,604,308,0,42
55916,604,233,5,16
55917,604,296,0,38
55918,604,222,45,3
55919,604,250,11,12
55920,604,232,4,17
55921,604,231,15,8
55922,604,200,0,23
55923,604,309,0,50
55924,604,197,6,14
55925,604,230,1,20
55926,604,251,0,37
55927,604,292,0,41
55928,604,293,0,46
55929,604,310,0,53
55930,604,311,0,27
55931,604,312,0,24
55932,604,314,0,32
55933,604,278,0,30
55934,604,313,0,28
55935,604,298,0,40
55936,604,267,0,44
55937,604,269,0,45
55938,604,252,1,19
55939,604,315,0,52
55940,604,316,0,51
55941,604,317,0,48
55942,604,318,0,55
55943,604,219,0,57
55944,604,319,0,49
55945,604,320,0,54
55946,604,259,0,58
55947,604,321,0,35
55948,604,275,0,60
55949,604,300,0,62
55950,604,283,0,47
55951,604,270,0,39
55952,604,172,0,43
55953,604,256,0,61
55954,604,322,0,22
55955,604,323,0,31
55956,604,243,0,34
55957,604,324,0,33
55958,604,325,0,59
55959,604,207,0,25
55960,604,288,0,36
55961,604,326,0,56
55962,576,224,9,1
55963,576,231,6,2
55964,576,199,4,3
55965,576,223,3,4
55966,576,221,2,5
55967,576,182,1,6
55968,576,288,0,7
55969,576,235,0,8
55970,576,230,0,9
55971,576,289,0,10
55972,576,222,0,11
55973,576,252,0,12
55974,576,243,0,13
55975,576,200,0,14
55976,576,250,0,15
55977,576,232,0,16
55978,576,207,0,17
55979,576,283,0,18
55980,576,238,0,19
55981,576,172,0,20
55982,576,290,0,21
55983,576,197,0,22
55984,577,224,15,1
55985,577,231,7,3
55986,577,199,4,5
55987,577,223,6,4
55988,577,221,2,8
55989,577,182,3,7
55990,577,288,0,10
55991,577,235,0,11
55992,577,230,0,12
55993,577,289,0,13
55994,577,222,0,16
55995,577,252,0,17
55996,577,243,0,18
55997,577,200,4,6
55998,577,250,9,2
55999,577,232,0,21
56000,577,207,0,9
56001,577,283,0,23
56002,577,238,0,20
56003,577,172,0,15
56004,577,290,0,19
56005,577,197,0,22
56006,577,187,0,14
56007,578,224,15,1
56008,578,231,7,5
56009,578,199,10,3
56010,578,223,6,7
56011,578,221,6,6
56012,578,182,5,9
56013,578,288,0,10
56014,578,235,0,13
56015,578,230,0,15
56016,578,289,0,16
56017,578,222,9,4
56018,578,252,0,14
56019,578,243,0,11
56020,578,200,5,8
56021,578,250,12,2
56022,578,232,0,25
56023,578,207,0,12
56024,578,283,0,27
56025,578,238,0,17
56026,578,172,0,19
56027,578,290,0,21
56028,578,197,0,26
56029,578,187,0,18
56030,578,291,0,20
56031,578,292,0,22
56032,578,293,0,23
56033,578,276,0,24
56034,578,251,0,28
56035,578,275,0,29
56036,579,224,15,1
56037,579,231,7,6
56038,579,199,12,3
56039,579,223,6,8
56040,579,221,6,7
56041,579,182,5,9
56042,579,288,0,14
56043,579,235,3,10
56044,579,230,1,12
56045,579,289,0,20
56046,579,222,9,5
56047,579,252,0,19
56048,579,243,0,15
56049,579,200,10,4
56050,579,250,12,2
56051,579,232,0,30
56052,579,207,0,16
56053,579,283,0,31
56054,579,238,0,21
56055,579,172,0,22
56056,579,290,0,24
56057,579,197,2,11
56058,579,187,0,18
56059,579,291,0,23
56060,579,292,0,25
56061,579,293,0,26
56062,579,276,0,27
56063,579,251,0,32
56064,579,275,0,13
56065,579,294,0,17
56066,579,295,0,28
56067,579,296,0,29
56068,579,178,0,33
56069,580,224,21,1
56070,580,231,7,8
56071,580,199,12,4
56072,580,223,6,9
56073,580,221,8,7
56074,580,182,14,3
56075,580,288,0,15
56076,580,235,3,10
56077,580,230,1,13
56078,580,289,0,21
56079,580,222,9,6
56080,580,252,0,20
56081,580,243,0,16
56082,580,200,10,5
56083,580,250,16,2
56084,580,232,0,31
56085,580,207,0,17
56086,580,283,0,32
56087,580,238,3,11
56088,580,172,0,22
56089,580,290,0,24
56090,580,197,2,12
56091,580,187,0,19
56092,580,291,0,23
56093,580,292,0,25
56094,580,293,0,26
56095,580,276,0,27
56096,580,251,0,33
56097,580,275,0,14
56098,580,294,0,18
56099,580,295,0,29
56100,580,296,0,30
56101,580,178,0,28
56102,580,297,0,34
56103,581,224,21,2
56104,581,231,7,9
56105,581,199,16,4
56106,581,223,8,8
56107,581,221,11,6
56108,581,182,23,1
56109,581,288,0,16
56110,581,235,3,10
56111,581,230,1,13
56112,581,289,0,22
56113,581,222,15,5
56114,581,252,1,14
56115,581,243,0,17
56116,581,200,10,7
56117,581,250,16,3
56118,581,232,0,31
56119,581,207,0,18
56120,581,283,0,32
56121,581,238,3,11
56122,581,172,0,23
56123,581,290,0,25
56124,581,197,2,12
56125,581,187,0,20
56126,581,291,0,24
56127,581,292,0,26
56128,581,293,0,27
56129,581,276,0,21
56130,581,251,0,33
56131,581,275,0,15
56132,581,294,0,19
56133,581,295,0,30
56134,581,296,0,29
56135,581,178,0,28
56136,581,297,0,34
56137,582,224,21,3
56138,582,231,7,9
56139,582,199,22,2
56140,582,223,12,6
56141,582,221,11,7
56142,582,182,32,1
56143,582,288,2,13
56144,582,235,3,10
56145,582,230,1,15
56146,582,289,0,22
56147,582,222,15,5
56148,582,252,1,17
56149,582,243,0,19
56150,582,200,10,8
56151,582,250,16,4
56152,582,232,0,33
56153,582,207,3,11
56154,582,283,0,34
56155,582,238,3,12
56156,582,172,0,25
56157,582,290,0,27
56158,582,197,2,14
56159,582,187,0,20
56160,582,291,0,26
56161,582,292,0,28
56162,582,293,0,29
56163,582,276,0,21
56164,582,251,0,35
56165,582,275,0,18
56166,582,294,1,16
56167,582,295,0,32
56168,582,296,0,31
56169,582,178,0,24
56170,582,297,0,23
56171,582,282,0,30
56172,582,267,0,36
56173,583,224,21,3
56174,583,231,16,5
56175,583,199,25,2
56176,583,223,16,6
56177,583,221,11,8
56178,583,182,38,1
56179,583,288,2,13
56180,583,235,3,10
56181,583,230,1,16
56182,583,289,0,22
56183,583,222,15,7
56184,583,252,2,14
56185,583,243,0,19
56186,583,200,10,9
56187,583,250,18,4
56188,583,232,0,35
56189,583,207,3,11
56190,583,283,0,36
56191,583,238,3,12
56192,583,172,0,27
56193,583,290,0,25
56194,583,197,2,15
56195,583,187,0,20
56196,583,291,0,28
56197,583,292,0,30
56198,583,293,0,31
56199,583,276,0,21
56200,583,251,0,29
56201,583,275,0,18
56202,583,294,1,17
56203,583,295,0,34
56204,583,296,0,33
56205,583,178,0,26
56206,583,297,0,23
56207,583,282,0,32
56208,583,267,0,37
56209,583,298,0,24
56210,583,299,0,38
56211,584,224,24,3
56212,584,231,22,4
56213,584,199,25,2
56214,584,223,16,6
56215,584,221,12,9
56216,584,182,47,1
56217,584,288,2,13
56218,584,235,3,11
56219,584,230,1,16
56220,584,289,0,22
56221,584,222,15,7
56222,584,252,2,14
56223,584,243,0,19
56224,584,200,14,8
56225,584,250,18,5
56226,584,232,0,36
56227,584,207,5,10
56228,584,283,0,37
56229,584,238,3,12
56230,584,172,0,25
56231,584,290,0,26
56232,584,197,2,15
56233,584,187,0,20
56234,584,291,0,28
56235,584,292,0,31
56236,584,293,0,32
56237,584,276,0,21
56238,584,251,0,29
56239,584,275,0,18
56240,584,294,1,17
56241,584,295,0,35
56242,584,296,0,34
56243,584,178,0,27
56244,584,297,0,24
56245,584,282,0,33
56246,584,267,0,38
56247,584,298,0,23
56248,584,299,0,39
56249,584,219,0,30
56250,585,224,33,2
56251,585,231,25,3
56252,585,199,25,4
56253,585,223,16,7
56254,585,221,12,9
56255,585,182,47,1
56256,585,288,4,11
56257,585,235,3,12
56258,585,230,2,14
56259,585,289,0,23
56260,585,222,19,6
56261,585,252,2,15
56262,585,243,0,19
56263,585,200,14,8
56264,585,250,24,5
56265,585,232,0,39
56266,585,207,5,10
56267,585,283,0,40
56268,585,238,3,13
56269,585,172,0,26
56270,585,290,0,27
56271,585,197,2,16
56272,585,187,0,20
56273,585,291,0,28
56274,585,292,0,31
56275,585,293,0,32
56276,585,276,0,21
56277,585,251,0,29
56278,585,275,0,18
56279,585,294,1,17
56280,585,295,0,38
56281,585,296,0,37
56282,585,178,0,22
56283,585,297,0,25
56284,585,282,0,33
56285,585,267,0,41
56286,585,298,0,24
56287,585,299,0,44
56288,585,219,0,30
56289,585,205,0,34
56290,585,300,0,35
56291,585,301,0,36
56292,585,233,0,42
56293,585,302,0,43
56294,586,224,33,3
56295,586,231,25,4
56296,586,199,34,2
56297,586,223,16,7
56298,586,221,12,9
56299,586,182,51,1
56300,586,288,4,13
56301,586,235,3,14
56302,586,230,2,16
56303,586,289,0,26
56304,586,222,19,6
56305,586,252,5,12
56306,586,243,0,22
56307,586,200,14,8
56308,586,250,24,5
56309,586,232,0,40
56310,586,207,5,11
56311,586,283,0,42
56312,586,238,3,15
56313,586,172,6,10
56314,586,290,0,28
56315,586,197,2,18
56316,586,187,0,23
56317,586,291,0,29
56318,586,292,0,32
56319,586,293,0,33
56320,586,276,0,25
56321,586,251,0,30
56322,586,275,0,21
56323,586,294,1,19
56324,586,295,0,39
56325,586,296,0,38
56326,586,178,2,17
56327,586,297,0,27
56328,586,282,0,34
56329,586,267,0,43
56330,586,298,1,20
56331,586,299,0,45
56332,586,219,0,31
56333,586,205,0,35
56334,586,300,0,36
56335,586,301,0,37
56336,586,233,0,41
56337,586,302,0,44
56338,586,229,0,24
56339,586,270,0,46
56340,586,245,0,47
56341,587,224,33,3
56342,587,231,28,4
56343,587,199,34,2
56344,587,223,16,8
56345,587,221,12,9
56346,587,182,52,1
56347,587,288,4,15
56348,587,235,3,16
56349,587,230,6,11
56350,587,289,0,26
56351,587,222,19,6
56352,587,252,7,10
56353,587,243,0,22
56354,587,200,16,7
56355,587,250,24,5
56356,587,232,0,42
56357,587,207,5,13
56358,587,283,0,44
56359,587,238,4,14
56360,587,172,6,12
56361,587,290,0,28
56362,587,197,2,18
56363,587,187,0,23
56364,587,291,0,29
56365,587,292,0,33
56366,587,293,0,35
56367,587,276,0,25
56368,587,251,0,30
56369,587,275,0,21
56370,587,294,1,19
56371,587,295,0,41
56372,587,296,0,40
56373,587,178,2,17
56374,587,297,0,27
56375,587,282,0,36
56376,587,267,0,45
56377,587,298,1,20
56378,587,299,0,48
56379,587,219,0,32
56380,587,205,0,37
56381,587,300,0,38
56382,587,301,0,39
56383,587,233,0,43
56384,587,302,0,46
56385,587,229,0,24
56386,587,270,0,49
56387,587,245,0,50
56388,587,278,0,31
56389,587,239,0,34
56390,587,303,0,47
56391,588,224,39,2
56392,588,231,30,4
56393,588,199,37,3
56394,588,223,25,5
56395,588,221,12,9
56396,588,182,56,1
56397,588,288,4,15
56398,588,235,3,16
56399,588,230,6,11
56400,588,289,0,26
56401,588,222,19,7
56402,588,252,8,10
56403,588,243,0,22
56404,588,200,16,8
56405,588,250,24,6
56406,588,232,0,30
56407,588,207,5,13
56408,588,283,0,46
56409,588,238,4,14
56410,588,172,6,12
56411,588,290,0,29
56412,588,197,2,18
56413,588,187,0,24
56414,588,291,0,31
56415,588,292,0,36
56416,588,293,0,37
56417,588,276,0,25
56418,588,251,0,33
56419,588,275,0,21
56420,588,294,1,19
56421,588,295,0,44
56422,588,296,0,43
56423,588,178,2,17
56424,588,297,0,28
56425,588,282,0,38
56426,588,267,0,47
56427,588,298,1,20
56428,588,299,0,49
56429,588,219,0,34
56430,588,205,0,40
56431,588,300,0,41
56432,588,301,0,42
56433,588,233,0,45
56434,588,302,0,35
56435,588,229,0,23
56436,588,270,0,50
56437,588,245,0,51
56438,588,278,0,32
56439,588,239,0,27
56440,588,303,0,48
56441,588,254,0,39
56442,589,224,45,2
56443,589,231,33,4
56444,589,199,37,3
56445,589,223,25,5
56446,589,221,12,9
56447,589,182,64,1
56448,589,288,4,15
56449,589,235,3,16
56450,589,230,6,11
56451,589,289,0,28
56452,589,222,20,7
56453,589,252,8,10
56454,589,243,0,22
56455,589,200,20,8
56456,589,250,24,6
56457,589,232,0,31
56458,589,207,5,14
56459,589,283,0,46
56460,589,238,6,13
56461,589,172,6,12
56462,589,290,0,27
56463,589,197,2,18
56464,589,187,0,23
56465,589,291,0,32
56466,589,292,0,37
56467,589,293,0,38
56468,589,276,0,26
56469,589,251,0,34
56470,589,275,0,21
56471,589,294,1,19
56472,589,295,0,45
56473,589,296,0,44
56474,589,178,2,17
56475,589,297,0,30
56476,589,282,0,39
56477,589,267,0,48
56478,589,298,1,20
56479,589,299,0,50
56480,589,219,0,35
56481,589,205,0,41
56482,589,300,0,42
56483,589,301,0,43
56484,589,233,0,25
56485,589,302,0,36
56486,589,229,0,24
56487,589,270,0,51
56488,589,245,0,52
56489,589,278,0,33
56490,589,239,0,29
56491,589,303,0,49
56492,589,254,0,40
56493,589,277,0,47
56494,560,182,9,1
56495,560,221,6,2
56496,560,252,4,3
56497,560,233,3,4
56498,560,222,2,5
56499,560,200,1,6
56500,560,223,0,7
56501,560,235,0,8
56502,560,254,0,9
56503,560,250,0,10
56504,560,253,0,11
56505,560,199,0,12
56506,560,224,0,13
56507,560,275,0,14
56508,560,197,0,15
56509,560,231,0,16
56510,560,230,0,17
56511,560,172,0,18
56512,560,238,0,19
56513,560,207,0,20
56514,560,187,0,21
56515,560,270,0,22
56516,561,182,18,1
56517,561,221,6,2
56518,561,252,4,6
56519,561,233,3,7
56520,561,222,5,5
56521,561,200,5,4
56522,561,223,0,10
56523,561,235,0,11
56524,561,254,0,13
56525,561,250,0,14
56526,561,253,0,16
56527,561,199,0,18
56528,561,224,0,19
56529,561,275,0,22
56530,561,197,0,24
56531,561,231,6,3
56532,561,230,0,12
56533,561,172,0,25
56534,561,238,0,26
56535,561,207,1,9
56536,561,187,2,8
56537,561,270,0,27
56538,561,276,0,15
56539,561,239,0,17
56540,561,277,0,20
56541,561,278,0,21
56542,561,229,0,23
56543,561,255,0,28
56544,561,251,0,29
56545,562,182,24,1
56546,562,221,10,2
56547,562,252,4,7
56548,562,233,3,8
56549,562,222,5,6
56550,562,200,7,4
56551,562,223,9,3
56552,562,235,0,15
56553,562,254,0,18
56554,562,250,0,17
56555,562,253,0,21
56556,562,199,0,23
56557,562,224,1,11
56558,562,275,0,25
56559,562,197,0,13
56560,562,231,6,5
56561,562,230,0,16
56562,562,172,3,9
56563,562,238,0,19
56564,562,207,1,12
56565,562,187,2,10
56566,562,270,0,29
56567,562,276,0,20
56568,562,239,0,22
56569,562,277,0,24
56570,562,278,0,14
56571,562,229,0,26
56572,562,255,0,28
56573,562,251,0,31
56574,562,178,0,27
56575,562,232,0,30
56576,563,182,30,1
56577,563,221,10,3
56578,563,252,4,7
56579,563,233,3,9
56580,563,222,5,6
56581,563,200,7,5
56582,563,223,9,4
56583,563,235,0,17
56584,563,254,0,21
56585,563,250,1,14
56586,563,253,0,25
56587,563,199,3,11
56588,563,224,1,15
56589,563,275,0,28
56590,563,197,0,18
56591,563,231,15,2
56592,563,230,0,19
56593,563,172,3,10
56594,563,238,0,23
56595,563,207,1,16
56596,563,187,2,13
56597,563,270,0,31
56598,563,276,0,24
56599,563,239,0,26
56600,563,277,0,22
56601,563,278,2,12
56602,563,229,0,29
56603,563,255,4,8
56604,563,251,0,32
56605,563,178,0,20
56606,563,232,0,30
56607,563,256,0,27
56608,563,271,0,33
56609,563,279,0,34
56610,563,208,0,35
56611,564,182,39,1
56612,564,221,10,4
56613,564,252,4,8
56614,564,233,3,10
56615,564,222,8,6
56616,564,200,8,5
56617,564,223,15,2
56618,564,235,0,18
56619,564,254,0,22
56620,564,250,1,15
56621,564,253,0,27
56622,564,199,3,11
56623,564,224,1,16
56624,564,275,0,29
56625,564,197,0,19
56626,564,231,15,3
56627,564,230,0,21
56628,564,172,7,7
56629,564,238,0,24
56630,564,207,1,17
56631,564,187,2,12
56632,564,270,0,33
56633,564,276,0,25
56634,564,239,0,26
56635,564,277,0,23
56636,564,278,2,13
56637,564,229,0,30
56638,564,255,4,9
56639,564,251,0,34
56640,564,178,2,14
56641,564,232,0,31
56642,564,256,0,20
56643,564,271,0,28
56644,564,279,0,35
56645,564,208,0,36
56646,564,258,0,32
56647,564,265,0,37
56648,565,182,48,1
56649,565,221,14,4
56650,565,252,4,9
56651,565,233,6,8
56652,565,222,14,5
56653,565,200,10,6
56654,565,223,15,2
56655,565,235,0,19
56656,565,254,0,22
56657,565,250,1,16
56658,565,253,0,27
56659,565,199,3,11
56660,565,224,2,15
56661,565,275,0,29
56662,565,197,0,18
56663,565,231,15,3
56664,565,230,0,21
56665,565,172,7,7
56666,565,238,0,24
56667,565,207,1,17
56668,565,187,2,12
56669,565,270,0,33
56670,565,276,0,25
56671,565,239,0,26
56672,565,277,0,23
56673,565,278,2,13
56674,565,229,0,30
56675,565,255,4,10
56676,565,251,0,35
56677,565,178,2,14
56678,565,232,0,31
56679,565,256,0,20
56680,565,271,0,28
56681,565,279,0,36
56682,565,208,0,37
56683,565,258,0,32
56684,565,265,0,38
56685,565,280,0,34
56686,566,182,52,1
56687,566,221,20,3
56688,566,252,4,9
56689,566,233,6,8
56690,566,222,23,2
56691,566,200,10,7
56692,566,223,16,5
56693,566,235,0,19
56694,566,254,0,23
56695,566,250,1,16
56696,566,253,0,27
56697,566,199,3,11
56698,566,224,2,15
56699,566,275,0,30
56700,566,197,0,18
56701,566,231,17,4
56702,566,230,0,21
56703,566,172,10,6
56704,566,238,0,20
56705,566,207,1,17
56706,566,187,2,12
56707,566,270,0,33
56708,566,276,0,25
56709,566,239,0,26
56710,566,277,0,24
56711,566,278,2,13
56712,566,229,0,31
56713,566,255,4,10
56714,566,251,0,35
56715,566,178,2,14
56716,566,232,0,29
56717,566,256,0,22
56718,566,271,0,28
56719,566,279,0,37
56720,566,208,0,38
56721,566,258,0,32
56722,566,265,0,39
56723,566,280,0,34
56724,566,281,0,36
56725,567,182,52,1
56726,567,221,26,3
56727,567,252,4,10
56728,567,233,6,9
56729,567,222,24,4
56730,567,200,10,7
56731,567,223,16,5
56732,567,235,0,19
56733,567,254,0,24
56734,567,250,4,12
56735,567,253,0,28
56736,567,199,3,13
56737,567,224,2,17
56738,567,275,0,30
56739,567,197,0,18
56740,567,231,26,2
56741,567,230,0,21
56742,567,172,10,6
56743,567,238,0,20
56744,567,207,3,14
56745,567,187,6,8
56746,567,270,0,35
56747,567,276,0,26
56748,567,239,0,27
56749,567,277,0,25
56750,567,278,2,15
56751,567,229,0,31
56752,567,255,4,11
56753,567,251,0,36
56754,567,178,2,16
56755,567,232,0,23
56756,567,256,0,22
56757,567,271,0,29
56758,567,279,0,38
56759,567,208,0,39
56760,567,258,0,33
56761,567,265,0,32
56762,567,280,0,34
56763,567,281,0,37
56764,567,282,0,40
56765,568,182,61,1
56766,568,221,26,4
56767,568,252,7,9
56768,568,233,6,10
56769,568,222,30,2
56770,568,200,10,8
56771,568,223,16,5
56772,568,235,0,19
56773,568,254,0,25
56774,568,250,4,12
56775,568,253,0,29
56776,568,199,3,14
56777,568,224,3,16
56778,568,275,0,31
56779,568,197,0,18
56780,568,231,26,3
56781,568,230,0,22
56782,568,172,10,7
56783,568,238,0,20
56784,568,207,3,15
56785,568,187,10,6
56786,568,270,0,35
56787,568,276,0,27
56788,568,239,0,28
56789,568,277,0,26
56790,568,278,2,17
56791,568,229,0,21
56792,568,255,4,11
56793,568,251,0,36
56794,568,178,4,13
56795,568,232,0,24
56796,568,256,0,23
56797,568,271,0,30
56798,568,279,0,38
56799,568,208,0,39
56800,568,258,0,33
56801,568,265,0,32
56802,568,280,0,34
56803,568,281,0,37
56804,568,282,0,41
56805,568,242,0,40
56806,568,283,0,42
56807,569,182,61,1
56808,569,221,26,4
56809,569,252,7,9
56810,569,233,6,12
56811,569,222,36,2
56812,569,200,14,6
56813,569,223,16,5
56814,569,235,0,20
56815,569,254,0,26
56816,569,250,7,10
56817,569,253,0,30
56818,569,199,3,14
56819,569,224,3,16
56820,569,275,0,32
56821,569,197,0,19
56822,569,231,35,3
56823,569,230,0,23
56824,569,172,10,8
56825,569,238,0,21
56826,569,207,3,15
56827,569,187,10,7
56828,569,270,0,37
56829,569,276,0,28
56830,569,239,0,29
56831,569,277,0,27
56832,569,278,2,17
56833,569,229,0,22
56834,569,255,6,11
56835,569,251,0,38
56836,569,178,4,13
56837,569,232,0,25
56838,569,256,0,24
56839,569,271,0,31
56840,569,279,0,40
56841,569,208,0,41
56842,569,258,0,35
56843,569,265,0,34
56844,569,280,0,36
56845,569,281,0,39
56846,569,282,0,43
56847,569,242,0,42
56848,569,283,0,44
56849,569,243,1,18
56850,569,284,0,33
56851,570,182,61,1
56852,570,221,26,4
56853,570,252,7,10
56854,570,233,6,12
56855,570,222,36,3
56856,570,200,14,8
56857,570,223,16,6
56858,570,235,0,21
56859,570,254,0,27
56860,570,250,7,11
56861,570,253,0,32
56862,570,199,3,15
56863,570,224,3,16
56864,570,275,0,33
56865,570,197,0,20
56866,570,231,38,2
56867,570,230,0,23
56868,570,172,16,7
56869,570,238,1,18
56870,570,207,5,13
56871,570,187,19,5
56872,570,270,0,38
56873,570,276,0,30
56874,570,239,0,29
56875,570,277,0,28
56876,570,278,2,17
56877,570,229,0,22
56878,570,255,10,9
56879,570,251,0,39
56880,570,178,4,14
56881,570,232,0,25
56882,570,256,0,24
56883,570,271,0,34
56884,570,279,0,41
56885,570,208,0,42
56886,570,258,0,36
56887,570,265,0,35
56888,570,280,0,26
56889,570,281,0,40
56890,570,282,0,44
56891,570,242,0,43
56892,570,283,0,45
56893,570,243,1,19
56894,570,284,0,31
56895,570,246,0,37
56896,571,182,61,1
56897,571,221,26,4
56898,571,252,10,10
56899,571,233,6,13
56900,571,222,38,3
56901,571,200,14,8
56902,571,223,22,5
56903,571,235,0,22
56904,571,254,0,27
56905,571,250,7,12
56906,571,253,0,32
56907,571,199,3,15
56908,571,224,3,16
56909,571,275,0,33
56910,571,197,0,21
56911,571,231,47,2
56912,571,230,1,19
56913,571,172,16,7
56914,571,238,1,18
56915,571,207,9,11
56916,571,187,19,6
56917,571,270,0,39
56918,571,276,0,30
56919,571,239,0,29
56920,571,277,0,28
56921,571,278,2,17
56922,571,229,0,23
56923,571,255,10,9
56924,571,251,0,41
56925,571,178,4,14
56926,571,232,0,26
56927,571,256,0,24
56928,571,271,0,34
56929,571,279,0,43
56930,571,208,0,44
56931,571,258,0,36
56932,571,265,0,35
56933,571,280,0,25
56934,571,281,0,42
56935,571,282,0,46
56936,571,242,0,45
56937,571,283,0,47
56938,571,243,1,20
56939,571,284,0,31
56940,571,246,0,37
56941,571,257,0,38
56942,571,260,0,40
56943,572,182,64,1
56944,572,221,27,5
56945,572,252,10,11
56946,572,233,6,14
56947,572,222,40,3
56948,572,200,14,8
56949,572,223,28,4
56950,572,235,0,22
56951,572,254,0,27
56952,572,250,7,13
56953,572,253,0,32
56954,572,199,3,16
56955,572,224,3,17
56956,572,275,0,33
56957,572,197,0,21
56958,572,231,47,2
56959,572,230,1,19
56960,572,172,20,6
56961,572,238,10,9
56962,572,207,9,12
56963,572,187,19,7
56964,572,270,0,39
56965,572,276,0,30
56966,572,239,0,29
56967,572,277,0,28
56968,572,278,2,18
56969,572,229,0,23
56970,572,255,10,10
56971,572,251,0,41
56972,572,178,4,15
56973,572,232,0,26
56974,572,256,0,24
56975,572,271,0,34
56976,572,279,0,43
56977,572,208,0,44
56978,572,258,0,36
56979,572,265,0,35
56980,572,280,0,25
56981,572,281,0,42
56982,572,282,0,46
56983,572,242,0,45
56984,572,283,0,48
56985,572,243,1,20
56986,572,284,0,31
56987,572,246,0,37
56988,572,257,0,38
56989,572,260,0,40
56990,572,285,0,47
56991,573,182,64,1
56992,573,221,33,4
56993,573,252,10,12
56994,573,233,6,14
56995,573,222,43,3
56996,573,200,16,8
56997,573,223,29,5
56998,573,235,0,22
56999,573,254,0,27
57000,573,250,7,13
57001,573,253,0,32
57002,573,199,3,16
57003,573,224,3,17
57004,573,275,0,33
57005,573,197,0,21
57006,573,231,56,2
57007,573,230,1,19
57008,573,172,20,6
57009,573,238,10,10
57010,573,207,13,9
57011,573,187,19,7
57012,573,270,0,39
57013,573,276,0,30
57014,573,239,0,29
57015,573,277,0,28
57016,573,278,2,18
57017,573,229,0,23
57018,573,255,10,11
57019,573,251,0,41
57020,573,178,4,15
57021,573,232,0,26
57022,573,256,0,24
57023,573,271,0,34
57024,573,279,0,44
57025,573,208,0,45
57026,573,258,0,36
57027,573,265,0,35
57028,573,280,0,25
57029,573,281,0,43
57030,573,282,0,47
57031,573,242,0,46
57032,573,283,0,48
57033,573,243,1,20
57034,573,284,0,31
57035,573,246,0,37
57036,573,257,0,38
57037,573,260,0,40
57038,573,285,0,42
57039,574,182,68,1
57040,574,221,33,4
57041,574,252,10,12
57042,574,233,8,13
57043,574,222,49,3
57044,574,200,19,8
57045,574,223,29,5
57046,574,235,0,22
57047,574,254,0,27
57048,574,250,7,14
57049,574,253,0,32
57050,574,199,3,16
57051,574,224,3,17
57052,574,275,0,33
57053,574,197,0,21
57054,574,231,65,2
57055,574,230,1,19
57056,574,172,20,7
57057,574,238,10,10
57058,574,207,13,9
57059,574,187,20,6
57060,574,270,0,41
57061,574,276,0,30
57062,574,239,0,29
57063,574,277,0,28
57064,574,278,2,18
57065,574,229,0,23
57066,574,255,10,11
57067,574,251,0,43
57068,574,178,4,15
57069,574,232,0,26
57070,574,256,0,24
57071,574,271,0,34
57072,574,279,0,46
57073,574,208,0,47
57074,574,258,0,38
57075,574,265,0,37
57076,574,280,0,25
57077,574,281,0,45
57078,574,282,0,49
57079,574,242,0,48
57080,574,283,0,50
57081,574,243,1,20
57082,574,284,0,31
57083,574,246,0,39
57084,574,257,0,40
57085,574,260,0,42
57086,574,285,0,44
57087,574,237,0,35
57088,574,286,0,36
57089,575,182,68,2
57090,575,221,39,4
57091,575,252,10,12
57092,575,233,8,13
57093,575,222,49,3
57094,575,200,19,9
57095,575,223,31,5
57096,575,235,0,23
57097,575,254,0,28
57098,575,250,7,14
57099,575,253,0,33
57100,575,199,3,16
57101,575,224,3,17
57102,575,275,0,35
57103,575,197,0,22
57104,575,231,69,1
57105,575,230,1,19
57106,575,172,20,8
57107,575,238,10,11
57108,575,207,22,6
57109,575,187,20,7
57110,575,270,0,44
57111,575,276,0,31
57112,575,239,0,30
57113,575,277,0,29
57114,575,278,2,18
57115,575,229,0,21
57116,575,255,11,10
57117,575,251,0,46
57118,575,178,7,15
57119,575,232,0,26
57120,575,256,0,24
57121,575,271,0,36
57122,575,279,0,50
57123,575,208,0,51
57124,575,258,0,40
57125,575,265,0,39
57126,575,280,0,25
57127,575,281,0,49
57128,575,282,0,53
57129,575,242,0,52
57130,575,283,0,54
57131,575,243,1,20
57132,575,284,0,32
57133,575,246,0,41
57134,575,257,0,42
57135,575,260,0,45
57136,575,285,0,48
57137,575,237,0,37
57138,575,286,0,38
57139,575,274,0,27
57140,575,287,0,34
57141,575,273,0,43
57142,575,245,0,47
57143,527,207,9,1
57144,527,182,6,2
57145,527,221,4,3
57146,527,231,3,4
57147,527,238,2,5
57148,527,175,1,6
57149,527,199,0,7
57150,527,203,0,8
57151,527,224,0,9
57152,527,222,0,10
57153,527,200,0,11
57154,527,197,0,12
57155,527,239,0,13
57156,527,202,0,14
57157,527,223,0,15
57158,527,172,0,16
57159,527,233,0,17
57160,527,230,0,18
57161,527,187,0,19
57162,527,178,0,20
57163,527,240,0,21
57164,527,241,0,22
57165,527,232,0,23
57166,527,211,0,24
57167,527,212,0,25
57168,527,158,0,26
57169,527,242,0,27
57170,528,207,12,1
57171,528,182,10,2
57172,528,221,4,5
57173,528,231,3,6
57174,528,238,2,8
57175,528,175,1,10
57176,528,199,9,3
57177,528,203,0,12
57178,528,224,6,4
57179,528,222,0,15
57180,528,200,0,11
57181,528,197,0,18
57182,528,239,0,19
57183,528,202,1,9
57184,528,223,2,7
57185,528,172,0,14
57186,528,233,0,20
57187,528,230,0,21
57188,528,187,0,13
57189,528,178,0,17
57190,528,240,0,23
57191,528,241,0,24
57192,528,232,0,26
57193,528,211,0,25
57194,528,212,0,22
57195,528,158,0,27
57196,528,242,0,28
57197,528,119,0,16
57198,529,207,12,1
57199,529,182,10,3
57200,529,221,10,4
57201,529,231,3,9
57202,529,238,11,2
57203,529,175,1,13
57204,529,199,9,5
57205,529,203,0,16
57206,529,224,6,6
57207,529,222,0,20
57208,529,200,0,14
57209,529,197,0,15
57210,529,239,0,21
57211,529,202,2,12
57212,529,223,2,11
57213,529,172,2,10
57214,529,233,0,23
57215,529,230,0,22
57216,529,187,4,7
57217,529,178,3,8
57218,529,240,0,24
57219,529,241,0,27
57220,529,232,0,26
57221,529,211,0,25
57222,529,212,0,18
57223,529,158,0,30
57224,529,242,0,31
57225,529,119,0,19
57226,529,243,0,17
57227,529,219,0,28
57228,529,177,0,29
57229,529,163,0,32
57230,530,207,18,2
57231,530,182,10,5
57232,530,221,14,4
57233,530,231,3,10
57234,530,238,14,3
57235,530,175,1,14
57236,530,199,18,1
57237,530,203,0,17
57238,530,224,6,6
57239,530,222,0,20
57240,530,200,0,15
57241,530,197,0,16
57242,530,239,0,21
57243,530,202,2,12
57244,530,223,2,11
57245,530,172,4,8
57246,530,233,0,23
57247,530,230,0,22
57248,530,187,4,7
57249,530,178,3,9
57250,530,240,0,26
57251,530,241,0,28
57252,530,232,0,25
57253,530,211,0,27
57254,530,212,0,19
57255,530,158,0,30
57256,530,242,0,31
57257,530,119,1,13
57258,530,243,0,18
57259,530,219,0,24
57260,530,177,0,29
57261,530,163,0,32
57262,530,206,0,33
57263,531,207,18,3
57264,531,182,16,4
57265,531,221,23,1
57266,531,231,3,12
57267,531,238,14,5
57268,531,175,1,15
57269,531,199,18,2
57270,531,203,0,18
57271,531,224,6,7
57272,531,222,4,8
57273,531,200,0,16
57274,531,197,0,17
57275,531,239,0,22
57276,531,202,4,10
57277,531,223,2,13
57278,531,172,4,9
57279,531,233,0,24
57280,531,230,0,23
57281,531,187,7,6
57282,531,178,3,11
57283,531,240,0,28
57284,531,241,0,29
57285,531,232,0,27
57286,531,211,0,26
57287,531,212,0,20
57288,531,158,0,31
57289,531,242,0,34
57290,531,119,2,14
57291,531,243,0,19
57292,531,219,0,21
57293,531,177,0,30
57294,531,163,0,33
57295,531,206,0,32
57296,531,235,0,25
57297,532,207,27,1
57298,532,182,16,5
57299,532,221,23,2
57300,532,231,3,13
57301,532,238,20,4
57302,532,175,1,16
57303,532,199,22,3
57304,532,203,3,12
57305,532,224,6,7
57306,532,222,4,10
57307,532,200,0,17
57308,532,197,0,19
57309,532,239,0,18
57310,532,202,5,9
57311,532,223,2,14
57312,532,172,6,8
57313,532,233,0,27
57314,532,230,0,25
57315,532,187,7,6
57316,532,178,3,11
57317,532,240,0,30
57318,532,241,0,31
57319,532,232,0,29
57320,532,211,0,28
57321,532,212,0,23
57322,532,158,0,33
57323,532,242,0,35
57324,532,119,2,15
57325,532,243,0,21
57326,532,219,0,24
57327,532,177,0,32
57328,532,163,0,22
57329,532,206,0,34
57330,532,235,0,26
57331,532,152,0,20
57332,532,244,0,36
57333,533,207,36,1
57334,533,182,16,5
57335,533,221,23,3
57336,533,231,4,11
57337,533,238,26,2
57338,533,175,1,16
57339,533,199,22,4
57340,533,203,3,13
57341,533,224,6,9
57342,533,222,7,8
57343,533,200,0,17
57344,533,197,0,20
57345,533,239,0,18
57346,533,202,5,10
57347,533,223,2,14
57348,533,172,10,6
57349,533,233,0,28
57350,533,230,0,19
57351,533,187,9,7
57352,533,178,3,12
57353,533,240,0,30
57354,533,241,0,31
57355,533,232,0,29
57356,533,211,0,26
57357,533,212,0,25
57358,533,158,0,33
57359,533,242,0,35
57360,533,119,2,15
57361,533,243,0,22
57362,533,219,0,24
57363,533,177,0,32
57364,533,163,0,23
57365,533,206,0,34
57366,533,235,0,27
57367,533,152,0,21
57368,533,244,0,37
57369,533,208,0,36
57370,534,207,36,1
57371,534,182,25,3
57372,534,221,23,4
57373,534,231,4,13
57374,534,238,30,2
57375,534,175,4,12
57376,534,199,22,5
57377,534,203,3,16
57378,534,224,7,9
57379,534,222,7,10
57380,534,200,0,17
57381,534,197,0,20
57382,534,239,0,18
57383,534,202,5,11
57384,534,223,4,14
57385,534,172,10,6
57386,534,233,0,26
57387,534,230,0,19
57388,534,187,9,7
57389,534,178,3,15
57390,534,240,0,31
57391,534,241,0,32
57392,534,232,0,30
57393,534,211,0,27
57394,534,212,0,24
57395,534,158,0,33
57396,534,242,0,35
57397,534,119,8,8
57398,534,243,0,22
57399,534,219,0,25
57400,534,177,0,29
57401,534,163,0,23
57402,534,206,0,34
57403,534,235,0,28
57404,534,152,0,21
57405,534,244,0,37
57406,534,208,0,36
57407,535,207,45,1
57408,535,182,25,3
57409,535,221,23,4
57410,535,231,8,9
57411,535,238,36,2
57412,535,175,4,14
57413,535,199,22,5
57414,535,203,3,16
57415,535,224,7,11
57416,535,222,8,10
57417,535,200,0,17
57418,535,197,0,20
57419,535,239,0,18
57420,535,202,5,13
57421,535,223,4,15
57422,535,172,10,7
57423,535,233,0,26
57424,535,230,0,19
57425,535,187,12,6
57426,535,178,5,12
57427,535,240,0,31
57428,535,241,0,32
57429,535,232,0,30
57430,535,211,0,27
57431,535,212,0,24
57432,535,158,0,33
57433,535,242,0,35
57434,535,119,8,8
57435,535,243,0,22
57436,535,219,0,25
57437,535,177,0,29
57438,535,163,0,23
57439,535,206,0,34
57440,535,235,0,28
57441,535,152,0,21
57442,535,244,0,37
57443,535,208,0,36
57444,536,207,45,1
57445,536,182,31,4
57446,536,221,26,5
57447,536,231,8,9
57448,536,238,36,2
57449,536,175,5,13
57450,536,199,31,3
57451,536,203,3,16
57452,536,224,7,11
57453,536,222,8,10
57454,536,200,0,20
57455,536,197,0,22
57456,536,239,0,18
57457,536,202,5,14
57458,536,223,4,15
57459,536,172,10,7
57460,536,233,2,17
57461,536,230,0,21
57462,536,187,16,6
57463,536,178,5,12
57464,536,240,0,31
57465,536,241,0,33
57466,536,232,0,30
57467,536,211,0,27
57468,536,212,0,25
57469,536,158,0,34
57470,536,242,0,35
57471,536,119,8,8
57472,536,243,0,23
57473,536,219,0,26
57474,536,177,0,29
57475,536,163,0,24
57476,536,206,0,32
57477,536,235,0,28
57478,536,152,0,19
57479,536,244,0,37
57480,536,208,0,36
57481,536,209,0,38
57482,536,245,0,39
57483,537,207,54,1
57484,537,182,31,4
57485,537,221,26,5
57486,537,231,8,11
57487,537,238,36,2
57488,537,175,5,14
57489,537,199,31,3
57490,537,203,3,16
57491,537,224,10,9
57492,537,222,14,7
57493,537,200,0,21
57494,537,197,0,23
57495,537,239,0,19
57496,537,202,7,12
57497,537,223,4,15
57498,537,172,14,8
57499,537,233,2,17
57500,537,230,0,22
57501,537,187,16,6
57502,537,178,5,13
57503,537,240,0,33
57504,537,241,0,35
57505,537,232,0,31
57506,537,211,0,28
57507,537,212,1,18
57508,537,158,0,36
57509,537,242,0,37
57510,537,119,8,10
57511,537,243,0,24
57512,537,219,0,26
57513,537,177,0,27
57514,537,163,0,25
57515,537,206,0,34
57516,537,235,0,30
57517,537,152,0,20
57518,537,244,0,39
57519,537,208,0,38
57520,537,209,0,40
57521,537,245,0,41
57522,537,229,0,29
57523,537,137,0,32
57524,538,207,54,1
57525,538,182,31,5
57526,538,221,32,3
57527,538,231,8,11
57528,538,238,45,2
57529,538,175,5,15
57530,538,199,31,4
57531,538,203,7,12
57532,538,224,13,9
57533,538,222,14,8
57534,538,200,0,22
57535,538,197,0,23
57536,538,239,0,20
57537,538,202,7,13
57538,538,223,4,16
57539,538,172,16,7
57540,538,233,2,17
57541,538,230,1,18
57542,538,187,16,6
57543,538,178,5,14
57544,538,240,0,33
57545,538,241,0,35
57546,538,232,0,31
57547,538,211,0,28
57548,538,212,1,19
57549,538,158,0,36
57550,538,242,0,37
57551,538,119,8,10
57552,538,243,0,24
57553,538,219,0,26
57554,538,177,0,27
57555,538,163,0,25
57556,538,206,0,34
57557,538,235,0,30
57558,538,152,0,21
57559,538,244,0,39
57560,538,208,0,38
57561,538,209,0,40
57562,538,245,0,42
57563,538,229,0,29
57564,538,137,0,32
57565,538,246,0,41
57566,539,207,63,1
57567,539,182,35,3
57568,539,221,32,4
57569,539,231,8,12
57570,539,238,51,2
57571,539,175,5,15
57572,539,199,31,5
57573,539,203,8,11
57574,539,224,15,8
57575,539,222,14,9
57576,539,200,0,22
57577,539,197,0,23
57578,539,239,0,20
57579,539,202,7,13
57580,539,223,4,16
57581,539,172,16,7
57582,539,233,2,17
57583,539,230,1,18
57584,539,187,19,6
57585,539,178,5,14
57586,539,240,0,33
57587,539,241,0,35
57588,539,232,0,31
57589,539,211,0,28
57590,539,212,1,19
57591,539,158,0,36
57592,539,242,0,37
57593,539,119,8,10
57594,539,243,0,24
57595,539,219,0,26
57596,539,177,0,27
57597,539,163,0,25
57598,539,206,0,34
57599,539,235,0,30
57600,539,152,0,21
57601,539,244,0,39
57602,539,208,0,38
57603,539,209,0,41
57604,539,245,0,43
57605,539,229,0,29
57606,539,137,0,32
57607,539,246,0,42
57608,539,247,0,40
57609,540,207,64,1
57610,540,182,44,3
57611,540,221,32,5
57612,540,231,8,12
57613,540,238,51,2
57614,540,175,7,13
57615,540,199,35,4
57616,540,203,8,11
57617,540,224,15,8
57618,540,222,14,9
57619,540,200,0,22
57620,540,197,0,23
57621,540,239,0,20
57622,540,202,7,14
57623,540,223,4,16
57624,540,172,19,7
57625,540,233,2,17
57626,540,230,1,18
57627,540,187,25,6
57628,540,178,5,15
57629,540,240,0,34
57630,540,241,0,35
57631,540,232,0,33
57632,540,211,0,30
57633,540,212,1,19
57634,540,158,0,36
57635,540,242,0,37
57636,540,119,8,10
57637,540,243,0,24
57638,540,219,0,27
57639,540,177,0,28
57640,540,163,0,25
57641,540,206,0,29
57642,540,235,0,32
57643,540,152,0,21
57644,540,244,0,40
57645,540,208,0,39
57646,540,209,0,42
57647,540,245,0,44
57648,540,229,0,31
57649,540,137,0,26
57650,540,246,0,43
57651,540,247,0,38
57652,540,248,0,41
57653,541,207,64,1
57654,541,182,44,4
57655,541,221,32,5
57656,541,231,8,13
57657,541,238,51,2
57658,541,175,8,14
57659,541,199,44,3
57660,541,203,8,12
57661,541,224,17,9
57662,541,222,18,8
57663,541,200,0,23
57664,541,197,0,25
57665,541,239,0,21
57666,541,202,7,15
57667,541,223,4,16
57668,541,172,19,7
57669,541,233,2,18
57670,541,230,1,19
57671,541,187,25,6
57672,541,178,11,10
57673,541,240,0,36
57674,541,241,0,37
57675,541,232,0,34
57676,541,211,0,30
57677,541,212,1,20
57678,541,158,0,38
57679,541,242,0,39
57680,541,119,8,11
57681,541,243,0,27
57682,541,219,3,17
57683,541,177,0,29
57684,541,163,0,26
57685,541,206,0,24
57686,541,235,0,32
57687,541,152,0,22
57688,541,244,0,42
57689,541,208,0,40
57690,541,209,0,44
57691,541,245,0,46
57692,541,229,0,31
57693,541,137,0,28
57694,541,246,0,45
57695,541,247,0,35
57696,541,248,0,43
57697,541,249,0,33
57698,541,213,0,41
57699,542,207,64,1
57700,542,182,44,4
57701,542,221,34,5
57702,542,231,8,13
57703,542,238,51,2
57704,542,175,8,14
57705,542,199,48,3
57706,542,203,17,9
57707,542,224,17,10
57708,542,222,24,7
57709,542,200,0,24
57710,542,197,0,25
57711,542,239,0,22
57712,542,202,7,15
57713,542,223,4,16
57714,542,172,19,8
57715,542,233,2,18
57716,542,230,1,19
57717,542,187,25,6
57718,542,178,11,11
57719,542,240,0,36
57720,542,241,0,37
57721,542,232,0,34
57722,542,211,0,30
57723,542,212,1,21
57724,542,158,0,39
57725,542,242,0,40
57726,542,119,11,12
57727,542,243,0,27
57728,542,219,3,17
57729,542,177,0,29
57730,542,163,0,26
57731,542,206,1,20
57732,542,235,0,32
57733,542,152,0,23
57734,542,244,0,42
57735,542,208,0,41
57736,542,209,0,44
57737,542,245,0,46
57738,542,229,0,31
57739,542,137,0,28
57740,542,246,0,45
57741,542,247,0,35
57742,542,248,0,43
57743,542,249,0,33
57744,542,213,0,38
57745,543,222,9,1
57746,543,250,6,2
57747,543,199,4,3
57748,543,224,3,4
57749,543,207,2,5
57750,543,223,1,6
57751,543,230,0,7
57752,543,251,0,8
57753,543,252,0,9
57754,543,187,0,10
57755,543,237,0,11
57756,543,172,0,12
57757,543,221,0,13
57758,543,231,0,14
57759,543,200,0,15
57760,543,238,0,16
57761,543,253,0,17
57762,543,182,0,18
57763,543,246,0,19
57764,543,254,0,20
57765,543,255,0,21
57766,544,222,9,2
57767,544,250,6,3
57768,544,199,13,1
57769,544,224,6,5
57770,544,207,2,7
57771,544,223,1,9
57772,544,230,0,12
57773,544,251,0,13
57774,544,252,0,14
57775,544,187,0,15
57776,544,237,0,17
57777,544,172,0,18
57778,544,221,0,19
57779,544,231,6,4
57780,544,200,0,20
57781,544,238,0,21
57782,544,253,0,11
57783,544,182,4,6
57784,544,246,0,16
57785,544,254,1,10
57786,544,255,2,8
57787,544,256,0,22
57788,545,222,15,1
57789,545,250,6,5
57790,545,199,13,2
57791,545,224,6,6
57792,545,207,2,9
57793,545,223,1,11
57794,545,230,0,14
57795,545,251,0,19
57796,545,252,0,20
57797,545,187,1,12
57798,545,237,0,21
57799,545,172,0,22
57800,545,221,4,7
57801,545,231,9,4
57802,545,200,2,10
57803,545,238,0,23
57804,545,253,0,15
57805,545,182,13,3
57806,545,246,0,16
57807,545,254,1,13
57808,545,255,2,8
57809,545,256,0,18
57810,545,239,0,17
57811,545,233,0,24
57812,545,257,0,25
57813,546,222,19,2
57814,546,250,6,8
57815,546,199,13,3
57816,546,224,8,6
57817,546,207,11,4
57818,546,223,1,11
57819,546,230,0,15
57820,546,251,0,22
57821,546,252,0,23
57822,546,187,1,12
57823,546,237,0,24
57824,546,172,0,17
57825,546,221,7,7
57826,546,231,9,5
57827,546,200,2,10
57828,546,238,0,25
57829,546,253,0,16
57830,546,182,19,1
57831,546,246,0,19
57832,546,254,1,13
57833,546,255,2,9
57834,546,256,0,21
57835,546,239,0,20
57836,546,233,0,26
57837,546,257,0,28
57838,546,197,1,14
57839,546,205,0,18
57840,546,178,0,27
57841,547,222,23,1
57842,547,250,6,8
57843,547,199,19,3
57844,547,224,8,6
57845,547,207,20,2
57846,547,223,1,11
57847,547,230,0,16
57848,547,251,0,23
57849,547,252,0,27
57850,547,187,1,12
57851,547,237,0,28
57852,547,172,0,17
57853,547,221,7,7
57854,547,231,9,5
57855,547,200,5,9
57856,547,238,0,19
57857,547,253,0,18
57858,547,182,19,4
57859,547,246,0,20
57860,547,254,1,14
57861,547,255,4,10
57862,547,256,0,26
57863,547,239,0,21
57864,547,233,1,13
57865,547,257,0,32
57866,547,197,1,15
57867,547,205,0,22
57868,547,178,0,29
57869,547,258,0,24
57870,547,208,0,25
57871,547,211,0,30
57872,547,229,0,31
57873,547,232,0,33
57874,547,259,0,34
57875,547,260,0,35
57876,548,222,32,1
57877,548,250,6,9
57878,548,199,23,3
57879,548,224,8,6
57880,548,207,22,4
57881,548,223,1,11
57882,548,230,0,17
57883,548,251,0,26
57884,548,252,0,31
57885,548,187,1,13
57886,548,237,0,32
57887,548,172,0,18
57888,548,221,7,8
57889,548,231,9,5
57890,548,200,8,7
57891,548,238,0,20
57892,548,253,0,19
57893,548,182,25,2
57894,548,246,0,21
57895,548,254,1,16
57896,548,255,4,10
57897,548,256,0,30
57898,548,239,0,23
57899,548,233,1,14
57900,548,257,0,34
57901,548,197,1,12
57902,548,205,0,24
57903,548,178,1,15
57904,548,258,0,28
57905,548,208,0,29
57906,548,211,0,27
57907,548,229,0,33
57908,548,232,0,35
57909,548,259,0,36
57910,548,260,0,37
57911,548,119,0,22
57912,548,235,0,25
57913,549,222,32,1
57914,549,250,6,10
57915,549,199,23,3
57916,549,224,8,7
57917,549,207,22,4
57918,549,223,1,15
57919,549,230,3,12
57920,549,251,0,28
57921,549,252,0,34
57922,549,187,1,17
57923,549,237,0,35
57924,549,172,0,19
57925,549,221,7,9
57926,549,231,9,6
57927,549,200,8,8
57928,549,238,4,11
57929,549,253,0,20
57930,549,182,31,2
57931,549,246,0,21
57932,549,254,1,18
57933,549,255,13,5
57934,549,256,0,29
57935,549,239,0,25
57936,549,233,2,14
57937,549,257,0,36
57938,549,197,1,16
57939,549,205,0,26
57940,549,178,3,13
57941,549,258,0,24
57942,549,208,0,31
57943,549,211,0,30
57944,549,229,0,22
57945,549,232,0,33
57946,549,259,0,32
57947,549,260,0,37
57948,549,119,0,23
57949,549,235,0,27
57950,549,261,0,38
57951,549,212,0,39
57952,550,222,32,1
57953,550,250,6,11
57954,550,199,27,3
57955,550,224,8,10
57956,550,207,23,4
57957,550,223,1,17
57958,550,230,3,13
57959,550,251,0,29
57960,550,252,0,35
57961,550,187,3,15
57962,550,237,0,36
57963,550,172,9,8
57964,550,221,10,7
57965,550,231,9,9
57966,550,200,14,5
57967,550,238,4,12
57968,550,253,0,20
57969,550,182,31,2
57970,550,246,0,21
57971,550,254,1,19
57972,550,255,13,6
57973,550,256,0,31
57974,550,239,0,25
57975,550,233,2,16
57976,550,257,0,37
57977,550,197,1,18
57978,550,205,0,27
57979,550,178,3,14
57980,550,258,0,26
57981,550,208,0,33
57982,550,211,0,30
57983,550,229,0,22
57984,550,232,0,34
57985,550,259,0,32
57986,550,260,0,38
57987,550,119,0,23
57988,550,235,0,28
57989,550,261,0,40
57990,550,212,0,39
57991,550,262,0,24
57992,550,263,0,41
57993,551,222,32,3
57994,551,250,6,12
57995,551,199,28,4
57996,551,224,8,11
57997,551,207,32,2
57998,551,223,1,17
57999,551,230,3,14
58000,551,251,0,30
58001,551,252,0,35
58002,551,187,9,10
58003,551,237,0,36
58004,551,172,9,9
58005,551,221,10,8
58006,551,231,13,7
58007,551,200,14,6
58008,551,238,4,13
58009,551,253,0,20
58010,551,182,33,1
58011,551,246,0,21
58012,551,254,1,19
58013,551,255,16,5
58014,551,256,0,31
58015,551,239,0,25
58016,551,233,2,16
58017,551,257,0,37
58018,551,197,1,18
58019,551,205,0,28
58020,551,178,3,15
58021,551,258,0,27
58022,551,208,0,33
58023,551,211,0,26
58024,551,229,0,22
58025,551,232,0,34
58026,551,259,0,32
58027,551,260,0,39
58028,551,119,0,23
58029,551,235,0,29
58030,551,261,0,41
58031,551,212,0,38
58032,551,262,0,24
58033,551,263,0,42
58034,551,175,0,40
58035,552,222,32,3
58036,552,250,6,12
58037,552,199,28,4
58038,552,224,8,11
58039,552,207,32,2
58040,552,223,1,17
58041,552,230,3,15
58042,552,251,0,30
58043,552,252,0,37
58044,552,187,9,10
58045,552,237,0,38
58046,552,172,10,8
58047,552,221,10,9
58048,552,231,22,5
58049,552,200,17,7
58050,552,238,4,13
58051,552,253,0,20
58052,552,182,39,1
58053,552,246,0,21
58054,552,254,1,19
58055,552,255,20,6
58056,552,256,0,32
58057,552,239,0,26
58058,552,233,4,14
58059,552,257,0,39
58060,552,197,1,18
58061,552,205,0,28
58062,552,178,3,16
58063,552,258,0,25
58064,552,208,0,35
58065,552,211,0,27
58066,552,229,0,22
58067,552,232,0,36
58068,552,259,0,34
58069,552,260,0,43
58070,552,119,0,23
58071,552,235,0,29
58072,552,261,0,44
58073,552,212,0,42
58074,552,262,0,24
58075,552,263,0,45
58076,552,175,0,41
58077,552,203,0,31
58078,552,267,0,33
58079,552,219,0,40
58080,552,264,0,46
58081,552,265,0,47
58082,552,245,0,48
58083,552,266,0,49
58084,553,222,38,2
58085,553,250,6,13
58086,553,199,31,4
58087,553,224,8,12
58088,553,207,32,3
58089,553,223,1,17
58090,553,230,5,14
58091,553,251,0,33
58092,553,252,0,39
58093,553,187,9,10
58094,553,237,0,23
58095,553,172,10,8
58096,553,221,10,9
58097,553,231,22,5
58098,553,200,17,7
58099,553,238,4,15
58100,553,253,0,22
58101,553,182,48,1
58102,553,246,0,25
58103,553,254,1,19
58104,553,255,20,6
58105,553,256,0,35
58106,553,239,0,29
58107,553,233,8,11
58108,553,257,0,40
58109,553,197,1,18
58110,553,205,0,31
58111,553,178,3,16
58112,553,258,0,28
58113,553,208,0,37
58114,553,211,0,30
58115,553,229,0,26
58116,553,232,0,38
58117,553,259,0,36
58118,553,260,0,44
58119,553,119,0,24
58120,553,235,0,32
58121,553,261,0,46
58122,553,212,0,41
58123,553,262,0,27
58124,553,263,0,47
58125,553,175,1,20
58126,553,203,0,34
58127,553,267,0,21
58128,553,219,0,42
58129,553,264,0,48
58130,553,265,0,49
58131,553,245,0,50
58132,553,266,0,51
58133,553,268,0,43
58134,553,269,0,45
58135,554,222,38,2
58136,554,250,6,14
58137,554,199,34,3
58138,554,224,8,13
58139,554,207,32,4
58140,554,223,1,17
58141,554,230,5,16
58142,554,251,0,33
58143,554,252,0,39
58144,554,187,9,12
58145,554,237,0,24
58146,554,172,10,10
58147,554,221,10,11
58148,554,231,22,5
58149,554,200,18,7
58150,554,238,6,15
58151,554,253,0,23
58152,554,182,54,1
58153,554,246,0,27
58154,554,254,1,19
58155,554,255,20,6
58156,554,256,0,35
58157,554,239,0,30
58158,554,233,12,9
58159,554,257,0,40
58160,554,197,1,18
58161,554,205,0,31
58162,554,178,12,8
58163,554,258,0,25
58164,554,208,0,37
58165,554,211,0,21
58166,554,229,0,28
58167,554,232,0,38
58168,554,259,0,36
58169,554,260,0,45
58170,554,119,0,26
58171,554,235,0,32
58172,554,261,0,47
58173,554,212,0,41
58174,554,262,0,29
58175,554,263,0,48
58176,554,175,1,20
58177,554,203,0,34
58178,554,267,0,22
58179,554,219,0,42
58180,554,264,0,49
58181,554,265,0,50
58182,554,245,0,51
58183,554,266,0,52
58184,554,268,0,43
58185,554,269,0,46
58186,554,270,0,44
58187,555,222,42,2
58188,555,250,6,14
58189,555,199,35,3
58190,555,224,11,11
58191,555,207,32,4
58192,555,223,1,18
58193,555,230,5,16
58194,555,251,0,31
58195,555,252,0,39
58196,555,187,9,13
58197,555,237,0,25
58198,555,172,16,8
58199,555,221,10,12
58200,555,231,22,5
58201,555,200,18,7
58202,555,238,6,15
58203,555,253,0,23
58204,555,182,63,1
58205,555,246,0,24
58206,555,254,1,20
58207,555,255,20,6
58208,555,256,0,35
58209,555,239,0,26
58210,555,233,12,10
58211,555,257,0,40
58212,555,197,1,19
58213,555,205,0,32
58214,555,178,12,9
58215,555,258,0,27
58216,555,208,0,37
58217,555,211,0,21
58218,555,229,0,29
58219,555,232,0,38
58220,555,259,0,36
58221,555,260,0,45
58222,555,119,0,28
58223,555,235,0,33
58224,555,261,0,47
58225,555,212,0,42
58226,555,262,0,30
58227,555,263,0,48
58228,555,175,3,17
58229,555,203,0,34
58230,555,267,0,22
58231,555,219,0,41
58232,555,264,0,49
58233,555,265,0,50
58234,555,245,0,52
58235,555,266,0,53
58236,555,268,0,43
58237,555,269,0,46
58238,555,270,0,44
58239,555,247,0,51
58240,556,222,42,2
58241,556,250,6,15
58242,556,199,35,4
58243,556,224,11,11
58244,556,207,41,3
58245,556,223,3,17
58246,556,230,5,16
58247,556,251,0,31
58248,556,252,0,39
58249,556,187,9,13
58250,556,237,0,26
58251,556,172,16,8
58252,556,221,10,12
58253,556,231,22,5
58254,556,200,21,6
58255,556,238,7,14
58256,556,253,0,24
58257,556,182,69,1
58258,556,246,0,25
58259,556,254,1,20
58260,556,255,20,7
58261,556,256,0,35
58262,556,239,0,27
58263,556,233,12,10
58264,556,257,0,42
58265,556,197,1,19
58266,556,205,0,32
58267,556,178,16,9
58268,556,258,0,21
58269,556,208,0,37
58270,556,211,0,22
58271,556,229,0,29
58272,556,232,0,38
58273,556,259,0,36
58274,556,260,0,47
58275,556,119,0,28
58276,556,235,0,33
58277,556,261,0,49
58278,556,212,0,43
58279,556,262,0,30
58280,556,263,0,50
58281,556,175,3,18
58282,556,203,0,34
58283,556,267,0,23
58284,556,219,0,41
58285,556,264,0,51
58286,556,265,0,52
58287,556,245,0,56
58288,556,266,0,57
58289,556,268,0,44
58290,556,269,0,48
58291,556,270,0,46
58292,556,247,0,54
58293,556,152,0,40
58294,556,241,0,45
58295,556,271,0,53
58296,556,220,0,55
58297,557,222,46,3
58298,557,250,6,15
58299,557,199,36,4
58300,557,224,11,11
58301,557,207,47,2
58302,557,223,5,17
58303,557,230,5,16
58304,557,251,0,31
58305,557,252,0,40
58306,557,187,9,13
58307,557,237,0,26
58308,557,172,16,8
58309,557,221,10,12
58310,557,231,31,5
58311,557,200,21,6
58312,557,238,7,14
58313,557,253,0,24
58314,557,182,72,1
58315,557,246,0,25
58316,557,254,1,20
58317,557,255,20,7
58318,557,256,0,35
58319,557,239,0,27
58320,557,233,12,10
58321,557,257,0,43
58322,557,197,1,19
58323,557,205,0,32
58324,557,178,16,9
58325,557,258,0,22
58326,557,208,0,37
58327,557,211,0,21
58328,557,229,0,29
58329,557,232,0,38
58330,557,259,0,36
58331,557,260,0,48
58332,557,119,0,28
58333,557,235,0,33
58334,557,261,0,50
58335,557,212,0,44
58336,557,262,0,30
58337,557,263,0,51
58338,557,175,3,18
58339,557,203,0,34
58340,557,267,0,23
58341,557,219,0,42
58342,557,264,0,52
58343,557,265,0,53
58344,557,245,0,57
58345,557,266,0,58
58346,557,268,0,45
58347,557,269,0,49
58348,557,270,0,39
58349,557,247,0,55
58350,557,152,0,41
58351,557,241,0,47
58352,557,271,0,54
58353,557,220,0,56
58354,557,240,0,46
58355,558,222,55,2
58356,558,250,6,15
58357,558,199,36,4
58358,558,224,11,12
58359,558,207,47,3
58360,558,223,5,17
58361,558,230,6,16
58362,558,251,0,32
58363,558,252,0,41
58364,558,187,9,13
58365,558,237,0,26
58366,558,172,16,9
58367,558,221,16,10
58368,558,231,31,5
58369,558,200,25,6
58370,558,238,7,14
58371,558,253,0,24
58372,558,182,72,1
58373,558,246,0,27
58374,558,254,1,20
58375,558,255,20,7
58376,558,256,0,36
58377,558,239,0,28
58378,558,233,12,11
58379,558,257,0,44
58380,558,197,1,19
58381,558,205,0,33
58382,558,178,19,8
58383,558,258,0,22
58384,558,208,0,38
58385,558,211,0,21
58386,558,229,0,30
58387,558,232,0,39
58388,558,259,0,37
58389,558,260,0,48
58390,558,119,0,29
58391,558,235,0,34
58392,558,261,0,50
58393,558,212,0,45
58394,558,262,0,31
58395,558,263,0,51
58396,558,175,5,18
58397,558,203,0,35
58398,558,267,0,23
58399,558,219,0,43
58400,558,264,0,52
58401,558,265,0,53
58402,558,245,0,57
58403,558,266,0,58
58404,558,268,0,46
58405,558,269,0,49
58406,558,270,0,40
58407,558,247,0,55
58408,558,152,0,42
58409,558,241,0,47
58410,558,271,0,54
58411,558,220,0,56
58412,558,240,0,25
58413,559,222,55,2
58414,559,250,6,15
58415,559,199,42,4
58416,559,224,11,12
58417,559,207,47,3
58418,559,223,5,17
58419,559,230,6,16
58420,559,251,0,33
58421,559,252,0,43
58422,559,187,9,13
58423,559,237,0,27
58424,559,172,18,10
58425,559,221,20,9
58426,559,231,40,5
58427,559,200,25,6
58428,559,238,7,14
58429,559,253,0,25
58430,559,182,72,1
58431,559,246,0,28
58432,559,254,1,21
58433,559,255,20,8
58434,559,256,0,38
58435,559,239,0,29
58436,559,233,12,11
58437,559,257,0,46
58438,559,197,1,19
58439,559,205,0,34
58440,559,178,22,7
58441,559,258,0,23
58442,559,208,0,40
58443,559,211,0,22
58444,559,229,0,30
58445,559,232,0,41
58446,559,259,0,39
58447,559,260,0,51
58448,559,119,1,20
58449,559,235,0,35
58450,559,261,0,53
58451,559,212,0,47
58452,559,262,0,31
58453,559,263,0,54
58454,559,175,5,18
58455,559,203,0,36
58456,559,267,0,24
58457,559,219,0,45
58458,559,264,0,55
58459,559,265,0,56
58460,559,245,0,60
58461,559,266,0,61
58462,559,268,0,49
58463,559,269,0,52
58464,559,270,0,42
58465,559,247,0,58
58466,559,152,0,44
58467,559,241,0,50
58468,559,271,0,57
58469,559,220,0,59
58470,559,240,0,26
58471,559,272,0,32
58472,559,273,0,37
58473,559,274,0,48
58474,512,172,9,1
58475,512,199,6,2
58476,512,187,4,3
58477,512,221,3,4
58478,512,207,2,5
58479,512,224,1,6
58480,512,173,0,7
58481,512,200,0,8
58482,512,178,0,9
58483,512,223,0,10
58484,512,206,0,11
58485,512,203,0,12
58486,512,212,0,13
58487,512,136,0,14
58488,512,231,0,15
58489,512,197,0,16
58490,512,219,0,17
58491,512,182,0,18
58492,512,163,0,19
58493,512,222,0,20
58494,512,202,0,21
58495,512,175,0,22
58496,512,137,0,23
58497,512,232,0,24
58498,512,119,0,25
58499,512,233,0,26
58500,513,172,18,1
58501,513,199,10,2
58502,513,187,4,4
58503,513,221,9,3
58504,513,207,2,7
58505,513,224,1,8
58506,513,173,0,11
58507,513,200,0,10
58508,513,178,0,12
58509,513,223,0,14
58510,513,206,0,16
58511,513,203,2,6
58512,513,212,0,18
58513,513,136,0,17
58514,513,231,0,19
58515,513,197,0,20
58516,513,219,0,15
58517,513,182,0,23
58518,513,163,0,22
58519,513,222,1,9
58520,513,202,3,5
58521,513,175,0,24
58522,513,137,0,25
58523,513,232,0,26
58524,513,119,0,13
58525,513,233,0,21
58526,514,172,18,1
58527,514,199,12,2
58528,514,187,4,7
58529,514,221,9,4
58530,514,207,5,6
58531,514,224,1,10
58532,514,173,0,13
58533,514,200,0,12
58534,514,178,0,18
58535,514,223,0,16
58536,514,206,0,21
58537,514,203,11,3
58538,514,212,0,23
58539,514,136,0,22
58540,514,231,0,15
58541,514,197,4,8
58542,514,219,0,19
58543,514,182,1,11
58544,514,163,0,24
58545,514,222,7,5
58546,514,202,3,9
58547,514,175,0,20
58548,514,137,0,14
58549,514,232,0,26
58550,514,119,0,17
58551,514,233,0,25
58552,515,172,18,2
58553,515,199,12,4
58554,515,187,4,8
58555,515,221,11,5
58556,515,207,8,6
58557,515,224,1,11
58558,515,173,0,13
58559,515,200,0,14
58560,515,178,4,9
58561,515,223,0,17
58562,515,206,0,21
58563,515,203,20,1
58564,515,212,0,23
58565,515,136,0,22
58566,515,231,0,16
58567,515,197,5,7
58568,515,219,0,19
58569,515,182,1,12
58570,515,163,0,24
58571,515,222,13,3
58572,515,202,3,10
58573,515,175,0,20
58574,515,137,0,15
58575,515,232,0,26
58576,515,119,0,18
58577,515,233,0,25
58578,516,172,18,3
58579,516,199,18,4
58580,516,187,4,8
58581,516,221,20,2
58582,516,207,12,6
58583,516,224,1,11
58584,516,173,0,13
58585,516,200,0,14
58586,516,178,4,9
58587,516,223,0,18
58588,516,206,0,22
58589,516,203,20,1
58590,516,212,0,25
58591,516,136,0,23
58592,516,231,0,16
58593,516,197,7,7
58594,516,219,0,21
58595,516,182,1,12
58596,516,163,0,19
58597,516,222,16,5
58598,516,202,4,10
58599,516,175,0,20
58600,516,137,0,15
58601,516,232,0,26
58602,516,119,0,17
58603,516,233,0,24
58604,516,234,0,27
58605,517,172,24,1
58606,517,199,19,5
58607,517,187,5,9
58608,517,221,20,4
58609,517,207,12,6
58610,517,224,1,12
58611,517,173,0,14
58612,517,200,0,15
58613,517,178,4,10
58614,517,223,0,19
58615,517,206,0,24
58616,517,203,20,3
58617,517,212,0,25
58618,517,136,0,21
58619,517,231,0,18
58620,517,197,7,8
58621,517,219,0,23
58622,517,182,1,13
58623,517,163,0,20
58624,517,222,24,2
58625,517,202,8,7
58626,517,175,0,22
58627,517,137,0,16
58628,517,232,0,27
58629,517,119,2,11
58630,517,233,0,17
58631,517,234,0,28
58632,517,152,0,26
58633,518,172,24,2
58634,518,199,20,5
58635,518,187,8,7
58636,518,221,20,4
58637,518,207,12,6
58638,518,224,1,14
58639,518,173,0,16
58640,518,200,1,13
58641,518,178,4,11
58642,518,223,6,10
58643,518,206,0,24
58644,518,203,20,3
58645,518,212,0,25
58646,518,136,0,21
58647,518,231,0,19
58648,518,197,7,9
58649,518,219,0,23
58650,518,182,1,15
58651,518,163,0,20
58652,518,222,30,1
58653,518,202,8,8
58654,518,175,0,22
58655,518,137,0,17
58656,518,232,0,27
58657,518,119,2,12
58658,518,233,0,18
58659,518,234,0,28
58660,518,152,0,26
58661,519,172,24,3
58662,519,199,20,5
58663,519,187,8,9
58664,519,221,20,4
58665,519,207,12,6
58666,519,224,1,16
58667,519,173,0,18
58668,519,200,1,15
58669,519,178,7,12
58670,519,223,7,11
58671,519,206,0,25
58672,519,203,26,2
58673,519,212,0,26
58674,519,136,0,24
58675,519,231,0,21
58676,519,197,9,8
58677,519,219,9,7
58678,519,182,1,17
58679,519,163,4,13
58680,519,222,30,1
58681,519,202,8,10
58682,519,175,0,23
58683,519,137,0,19
58684,519,232,0,28
58685,519,119,2,14
58686,519,233,0,20
58687,519,234,0,30
58688,519,152,0,27
58689,519,177,0,22
58690,519,235,0,29
58691,519,236,0,31
58692,520,172,24,3
58693,520,199,20,5
58694,520,187,11,9
58695,520,221,20,4
58696,520,207,12,8
58697,520,224,1,16
58698,520,173,0,19
58699,520,200,1,15
58700,520,178,7,13
58701,520,223,16,6
58702,520,206,0,27
58703,520,203,26,2
58704,520,212,0,24
58705,520,136,0,26
58706,520,231,0,23
58707,520,197,13,7
58708,520,219,9,11
58709,520,182,1,17
58710,520,163,10,10
58711,520,222,32,1
58712,520,202,8,12
58713,520,175,0,21
58714,520,137,0,20
58715,520,232,0,30
58716,520,119,2,14
58717,520,233,0,22
58718,520,234,0,31
58719,520,152,0,29
58720,520,177,0,25
58721,520,235,1,18
58722,520,236,0,28
58723,521,172,28,2
58724,521,199,20,6
58725,521,187,13,9
58726,521,221,20,5
58727,521,207,12,10
58728,521,224,1,16
58729,521,173,0,19
58730,521,200,2,15
58731,521,178,16,7
58732,521,223,22,4
58733,521,206,0,28
58734,521,203,26,3
58735,521,212,0,25
58736,521,136,0,27
58737,521,231,0,24
58738,521,197,13,8
58739,521,219,9,12
58740,521,182,1,17
58741,521,163,10,11
58742,521,222,35,1
58743,521,202,8,13
58744,521,175,0,21
58745,521,137,0,20
58746,521,232,0,31
58747,521,119,2,14
58748,521,233,0,23
58749,521,234,0,32
58750,521,152,0,30
58751,521,177,0,26
58752,521,235,1,18
58753,521,236,0,29
58754,521,209,0,22
58755,522,172,32,3
58756,522,199,20,7
58757,522,187,13,9
58758,522,221,20,6
58759,522,207,12,10
58760,522,224,1,16
58761,522,173,0,19
58762,522,200,2,15
58763,522,178,25,4
58764,522,223,24,5
58765,522,206,0,23
58766,522,203,32,2
58767,522,212,0,26
58768,522,136,0,28
58769,522,231,0,25
58770,522,197,13,8
58771,522,219,9,12
58772,522,182,1,17
58773,522,163,11,11
58774,522,222,38,1
58775,522,202,8,13
58776,522,175,0,21
58777,522,137,0,20
58778,522,232,0,31
58779,522,119,2,14
58780,522,233,0,24
58781,522,234,0,32
58782,522,152,0,30
58783,522,177,0,27
58784,522,235,1,18
58785,522,236,0,29
58786,522,209,0,22
58787,523,172,36,2
58788,523,199,20,7
58789,523,187,13,9
58790,523,221,20,6
58791,523,207,12,10
58792,523,224,1,18
58793,523,173,0,20
58794,523,200,3,16
58795,523,178,34,3
58796,523,223,24,5
58797,523,206,0,24
58798,523,203,32,4
58799,523,212,0,21
58800,523,136,0,28
58801,523,231,0,26
58802,523,197,13,8
58803,523,219,9,12
58804,523,182,1,19
58805,523,163,11,11
58806,523,222,44,1
58807,523,202,8,13
58808,523,175,0,22
58809,523,137,3,14
58810,523,232,0,31
58811,523,119,2,17
58812,523,233,0,25
58813,523,234,0,32
58814,523,152,0,30
58815,523,177,0,27
58816,523,235,3,15
58817,523,236,0,29
58818,523,209,0,23
58819,524,172,36,3
58820,524,199,20,7
58821,524,187,13,10
58822,524,221,20,6
58823,524,207,14,9
58824,524,224,1,19
58825,524,173,0,20
58826,524,200,3,17
58827,524,178,34,4
58828,524,223,27,5
58829,524,206,0,24
58830,524,203,38,2
58831,524,212,0,21
58832,524,136,0,28
58833,524,231,0,26
58834,524,197,14,8
58835,524,219,9,12
58836,524,182,4,14
58837,524,163,11,11
58838,524,222,51,1
58839,524,202,8,13
58840,524,175,0,22
58841,524,137,3,15
58842,524,232,0,32
58843,524,119,2,18
58844,524,233,0,25
58845,524,234,0,33
58846,524,152,0,31
58847,524,177,0,27
58848,524,235,3,16
58849,524,236,0,30
58850,524,209,0,23
58851,524,230,0,29
58852,524,176,0,34
58853,525,172,36,4
58854,525,199,20,7
58855,525,187,14,10
58856,525,221,20,6
58857,525,207,14,9
58858,525,224,1,19
58859,525,173,0,20
58860,525,200,3,17
58861,525,178,40,3
58862,525,223,29,5
58863,525,206,0,25
58864,525,203,44,2
58865,525,212,0,21
58866,525,136,0,28
58867,525,231,0,27
58868,525,197,14,8
58869,525,219,9,13
58870,525,182,4,14
58871,525,163,11,11
58872,525,222,51,1
58873,525,202,10,12
58874,525,175,0,22
58875,525,137,3,15
58876,525,232,0,33
58877,525,119,2,18
58878,525,233,0,26
58879,525,234,0,34
58880,525,152,0,32
58881,525,177,0,29
58882,525,235,3,16
58883,525,236,0,31
58884,525,209,0,23
58885,525,230,0,30
58886,525,176,0,35
58887,525,217,0,24
58888,525,237,0,36
58889,526,172,36,4
58890,526,199,20,7
58891,526,187,15,9
58892,526,221,20,6
58893,526,207,14,12
58894,526,224,1,21
58895,526,173,3,15
58896,526,200,3,18
58897,526,178,40,3
58898,526,223,29,5
58899,526,206,0,26
58900,526,203,47,2
58901,526,212,0,22
58902,526,136,0,28
58903,526,231,0,27
58904,526,197,14,11
58905,526,219,9,13
58906,526,182,4,14
58907,526,163,17,8
58908,526,222,51,1
58909,526,202,14,10
58910,526,175,0,23
58911,526,137,3,16
58912,526,232,0,34
58913,526,119,2,20
58914,526,233,2,19
58915,526,234,0,35
58916,526,152,0,32
58917,526,177,0,29
58918,526,235,3,17
58919,526,236,0,31
58920,526,209,0,25
58921,526,230,0,30
58922,526,176,0,33
58923,526,217,0,24
58924,526,237,0,36
58925,498,178,9,1
58926,498,137,6,2
58927,498,177,4,3
58928,498,206,3,4
58929,498,152,2,5
58930,498,117,1,6
58931,498,217,0,7
58932,498,221,0,8
58933,498,222,0,9
58934,498,223,0,10
58935,498,224,0,11
58936,498,203,0,12
58937,498,172,0,13
58938,498,119,0,14
58939,498,176,0,15
58940,498,207,0,16
58941,498,200,0,17
58942,498,199,0,18
58943,498,173,0,19
58944,498,187,0,20
58945,498,219,0,21
58946,498,163,0,22
58947,498,202,0,23
58948,498,197,0,24
58949,498,225,0,25
58950,498,140,0,26
58951,498,136,0,27
58952,498,158,0,28
58953,499,178,13,1
58954,499,137,6,4
58955,499,177,4,5
58956,499,206,3,6
58957,499,152,2,9
58958,499,117,3,8
58959,499,217,0,11
58960,499,221,0,18
58961,499,222,0,19
58962,499,223,0,20
58963,499,224,0,16
58964,499,203,0,17
58965,499,172,0,21
58966,499,119,1,10
58967,499,176,0,12
58968,499,207,0,22
58969,499,200,0,13
58970,499,199,0,24
58971,499,173,6,3
58972,499,187,0,14
58973,499,219,0,23
58974,499,163,9,2
58975,499,202,3,7
58976,499,197,0,15
58977,499,225,0,25
58978,499,140,0,27
58979,499,136,0,26
58980,499,158,0,28
58981,500,178,13,2
58982,500,137,9,3
58983,500,177,4,7
58984,500,206,3,8
58985,500,152,2,10
58986,500,117,3,9
58987,500,217,0,14
58988,500,221,0,23
58989,500,222,0,24
58990,500,223,0,18
58991,500,224,0,17
58992,500,203,0,22
58993,500,172,6,5
58994,500,119,1,13
58995,500,176,0,16
58996,500,207,0,20
58997,500,200,1,12
58998,500,199,2,11
58999,500,173,6,6
59000,500,187,0,19
59001,500,219,0,25
59002,500,163,18,1
59003,500,202,7,4
59004,500,197,0,15
59005,500,225,0,27
59006,500,140,0,29
59007,500,136,0,28
59008,500,158,0,26
59009,500,209,0,21
59010,501,178,13,3
59011,501,137,18,2
59012,501,177,4,9
59013,501,206,3,10
59014,501,152,2,13
59015,501,117,3,12
59016,501,217,0,17
59017,501,221,0,25
59018,501,222,2,14
59019,501,223,0,20
59020,501,224,4,8
59021,501,203,0,24
59022,501,172,6,6
59023,501,119,7,5
59024,501,176,0,19
59025,501,207,0,22
59026,501,200,1,16
59027,501,199,2,15
59028,501,173,6,7
59029,501,187,3,11
59030,501,219,0,21
59031,501,163,18,1
59032,501,202,8,4
59033,501,197,0,18
59034,501,225,0,28
59035,501,140,0,29
59036,501,136,0,27
59037,501,158,0,26
59038,501,209,0,23
59039,501,226,0,30
59040,502,178,19,2
59041,502,137,18,3
59042,502,177,4,9
59043,502,206,3,11
59044,502,152,2,16
59045,502,117,3,13
59046,502,217,0,19
59047,502,221,0,26
59048,502,222,2,15
59049,502,223,0,21
59050,502,224,4,10
59051,502,203,1,18
59052,502,172,6,7
59053,502,119,7,5
59054,502,176,0,20
59055,502,207,0,23
59056,502,200,1,17
59057,502,199,6,8
59058,502,173,6,6
59059,502,187,3,12
59060,502,219,0,22
59061,502,163,21,1
59062,502,202,17,4
59063,502,197,2,14
59064,502,225,0,29
59065,502,140,0,30
59066,502,136,0,24
59067,502,158,0,27
59068,502,209,0,25
59069,502,226,0,31
59070,502,227,0,28
59071,503,178,19,3
59072,503,137,22,1
59073,503,177,4,10
59074,503,206,3,12
59075,503,152,2,18
59076,503,117,3,15
59077,503,217,0,19
59078,503,221,0,26
59079,503,222,2,17
59080,503,223,0,22
59081,503,224,5,9
59082,503,203,3,14
59083,503,172,12,6
59084,503,119,7,7
59085,503,176,0,21
59086,503,207,0,20
59087,503,200,4,11
59088,503,199,15,5
59089,503,173,6,8
59090,503,187,3,13
59091,503,219,0,23
59092,503,163,21,2
59093,503,202,17,4
59094,503,197,2,16
59095,503,225,0,29
59096,503,140,0,30
59097,503,136,0,24
59098,503,158,0,27
59099,503,209,0,25
59100,503,226,0,31
59101,503,227,0,28
59102,504,178,28,1
59103,504,137,25,2
59104,504,177,4,10
59105,504,206,3,13
59106,504,152,2,18
59107,504,117,3,15
59108,504,217,0,19
59109,504,221,0,26
59110,504,222,2,17
59111,504,223,0,22
59112,504,224,5,9
59113,504,203,3,14
59114,504,172,16,6
59115,504,119,7,7
59116,504,176,0,21
59117,504,207,0,20
59118,504,200,4,11
59119,504,199,16,5
59120,504,173,6,8
59121,504,187,3,12
59122,504,219,0,23
59123,504,163,23,3
59124,504,202,23,4
59125,504,197,2,16
59126,504,225,0,29
59127,504,140,0,30
59128,504,136,0,24
59129,504,158,0,27
59130,504,209,0,25
59131,504,226,0,31
59132,504,227,0,28
59133,505,178,37,1
59134,505,137,31,2
59135,505,177,4,11
59136,505,206,6,9
59137,505,152,2,18
59138,505,117,4,14
59139,505,217,0,19
59140,505,221,0,28
59141,505,222,2,17
59142,505,223,0,23
59143,505,224,5,10
59144,505,203,3,16
59145,505,172,16,6
59146,505,119,7,7
59147,505,176,0,21
59148,505,207,0,20
59149,505,200,4,12
59150,505,199,20,5
59151,505,173,6,8
59152,505,187,3,15
59153,505,219,0,24
59154,505,163,23,3
59155,505,202,23,4
59156,505,197,4,13
59157,505,225,0,31
59158,505,140,0,32
59159,505,136,0,26
59160,505,158,0,29
59161,505,209,0,27
59162,505,226,0,33
59163,505,227,0,30
59164,505,212,0,22
59165,505,211,0,25
59166,505,228,0,34
59167,506,178,41,1
59168,506,137,34,2
59169,506,177,4,11
59170,506,206,6,9
59171,506,152,4,14
59172,506,117,4,16
59173,506,217,0,20
59174,506,221,0,28
59175,506,222,2,18
59176,506,223,0,23
59177,506,224,5,10
59178,506,203,4,15
59179,506,172,25,4
59180,506,119,7,7
59181,506,176,0,21
59182,506,207,0,19
59183,506,200,4,12
59184,506,199,26,3
59185,506,173,6,8
59186,506,187,3,17
59187,506,219,0,24
59188,506,163,23,5
59189,506,202,23,6
59190,506,197,4,13
59191,506,225,0,31
59192,506,140,0,32
59193,506,136,0,26
59194,506,158,0,29
59195,506,209,0,27
59196,506,226,0,34
59197,506,227,0,30
59198,506,212,0,22
59199,506,211,0,25
59200,506,228,0,35
59201,506,229,0,33
59202,507,178,47,1
59203,507,137,36,2
59204,507,177,4,12
59205,507,206,6,10
59206,507,152,4,15
59207,507,117,4,16
59208,507,217,0,21
59209,507,221,0,28
59210,507,222,2,19
59211,507,223,0,24
59212,507,224,5,11
59213,507,203,4,17
59214,507,172,28,4
59215,507,119,7,8
59216,507,176,0,23
59217,507,207,0,20
59218,507,200,4,13
59219,507,199,30,3
59220,507,173,7,9
59221,507,187,3,18
59222,507,219,9,7
59223,507,163,23,5
59224,507,202,23,6
59225,507,197,4,14
59226,507,225,0,32
59227,507,140,0,33
59228,507,136,0,26
59229,507,158,0,29
59230,507,209,0,27
59231,507,226,0,35
59232,507,227,0,31
59233,507,212,0,22
59234,507,211,0,25
59235,507,228,0,36
59236,507,229,0,34
59237,507,95,0,30
59238,508,178,47,1
59239,508,137,45,2
59240,508,177,4,14
59241,508,206,6,10
59242,508,152,4,16
59243,508,117,5,13
59244,508,217,0,21
59245,508,221,0,28
59246,508,222,2,19
59247,508,223,0,24
59248,508,224,5,12
59249,508,203,4,17
59250,508,172,32,4
59251,508,119,7,8
59252,508,176,0,22
59253,508,207,0,20
59254,508,200,4,15
59255,508,199,33,3
59256,508,173,7,9
59257,508,187,3,18
59258,508,219,9,7
59259,508,163,29,5
59260,508,202,23,6
59261,508,197,6,11
59262,508,225,0,33
59263,508,140,0,34
59264,508,136,0,26
59265,508,158,0,29
59266,508,209,0,27
59267,508,226,0,36
59268,508,227,0,32
59269,508,212,0,23
59270,508,211,0,25
59271,508,228,0,38
59272,508,229,0,35
59273,508,95,0,30
59274,508,230,0,31
59275,508,191,0,37
59276,509,178,53,2
59277,509,137,54,1
59278,509,177,6,10
59279,509,206,6,11
59280,509,152,4,16
59281,509,117,5,14
59282,509,217,0,21
59283,509,221,0,29
59284,509,222,2,19
59285,509,223,0,24
59286,509,224,5,13
59287,509,203,4,17
59288,509,172,32,4
59289,509,119,7,9
59290,509,176,0,22
59291,509,207,0,20
59292,509,200,4,15
59293,509,199,37,3
59294,509,173,10,7
59295,509,187,3,18
59296,509,219,9,8
59297,509,163,29,5
59298,509,202,24,6
59299,509,197,6,12
59300,509,225,0,33
59301,509,140,0,34
59302,509,136,0,26
59303,509,158,0,27
59304,509,209,0,28
59305,509,226,0,37
59306,509,227,0,32
59307,509,212,0,23
59308,509,211,0,25
59309,509,228,0,39
59310,509,229,0,35
59311,509,95,0,30
59312,509,230,0,31
59313,509,191,0,38
59314,509,181,0,36
59315,510,178,62,1
59316,510,137,54,2
59317,510,177,6,10
59318,510,206,6,12
59319,510,152,4,18
59320,510,117,5,16
59321,510,217,0,22
59322,510,221,0,29
59323,510,222,2,19
59324,510,223,0,24
59325,510,224,5,15
59326,510,203,6,14
59327,510,172,32,4
59328,510,119,7,9
59329,510,176,0,23
59330,510,207,0,21
59331,510,200,4,17
59332,510,199,40,3
59333,510,173,10,7
59334,510,187,6,11
59335,510,219,9,8
59336,510,163,29,5
59337,510,202,28,6
59338,510,197,6,13
59339,510,225,0,35
59340,510,140,0,36
59341,510,136,0,26
59342,510,158,0,27
59343,510,209,0,28
59344,510,226,0,39
59345,510,227,0,33
59346,510,212,1,20
59347,510,211,0,25
59348,510,228,0,40
59349,510,229,0,37
59350,510,95,0,30
59351,510,230,0,31
59352,510,191,0,34
59353,510,181,0,38
59354,510,110,0,32
59355,510,214,0,41
59356,511,178,67,1
59357,511,137,54,2
59358,511,177,6,10
59359,511,206,6,12
59360,511,152,4,18
59361,511,117,5,16
59362,511,217,0,23
59363,511,221,0,29
59364,511,222,2,19
59365,511,223,0,25
59366,511,224,5,15
59367,511,203,6,14
59368,511,172,34,4
59369,511,119,7,9
59370,511,176,0,22
59371,511,207,1,20
59372,511,200,4,17
59373,511,199,42,3
59374,511,173,13,7
59375,511,187,6,11
59376,511,219,9,8
59377,511,163,29,6
59378,511,202,32,5
59379,511,197,6,13
59380,511,225,0,35
59381,511,140,0,36
59382,511,136,0,26
59383,511,158,0,27
59384,511,209,0,28
59385,511,226,0,39
59386,511,227,0,33
59387,511,212,1,21
59388,511,211,0,24
59389,511,228,0,40
59390,511,229,0,37
59391,511,95,0,30
59392,511,230,0,31
59393,511,191,0,34
59394,511,181,0,38
59395,511,110,0,32
59396,511,214,0,41
61951,756,356,9,1
61952,756,479,6,2
61953,756,427,4,3
61954,756,403,3,4
61955,756,360,2,5
61956,756,456,0,6
61957,756,475,0,7
61958,756,541,0,8
61959,756,501,0,9
61960,756,347,0,10
61961,756,554,0,11
61962,756,289,0,12
61963,756,418,0,13
61964,756,476,0,14
61965,756,477,0,15
61966,756,506,0,16
61967,756,549,0,17
61968,756,483,0,18
61969,756,550,0,19
61970,756,376,0,20
61971,756,551,0,21
61972,756,353,0,22
61973,756,552,0,23
61974,756,553,0,24
61975,757,356,9,1
61976,757,479,6,3
61977,757,427,4,6
61978,757,403,3,8
61979,757,360,2,10
61980,757,456,0,12
61981,757,475,0,23
61982,757,541,0,24
61983,757,501,0,25
61984,757,347,0,26
61985,757,554,0,27
61986,757,289,0,28
61987,757,418,0,29
61988,757,476,0,30
61989,757,477,0,31
61990,757,506,0,32
61991,757,549,0,33
61992,757,483,0,36
61993,757,550,0,37
61994,757,376,0,39
61995,757,551,0,42
61996,757,353,0,44
61997,757,552,0,46
61998,757,553,0,48
61999,757,449,8,2
62000,757,509,6,4
62001,757,512,5,5
62002,757,529,3,7
62003,757,510,2,9
62004,757,533,0,11
62005,757,518,0,13
62006,757,513,0,14
62007,757,555,0,15
62008,757,531,0,16
62009,757,520,0,17
62010,757,514,0,18
62011,757,538,0,19
62012,757,556,0,20
62013,757,557,0,21
62014,757,535,0,22
62015,757,527,0,34
62016,757,558,0,35
62017,757,559,0,38
62018,757,537,0,40
62019,757,560,0,41
62020,757,528,0,43
62021,757,561,0,45
62022,757,511,0,47
62023,757,516,0,49
62024,757,522,0,50
62025,757,562,0,51
62026,757,563,0,52
62027,757,564,0,53
62028,757,565,0,54
62029,757,517,0,55
62030,757,536,0,56
62031,757,525,0,57
62032,758,356,15,1
62033,758,479,6,4
62034,758,427,4,7
62035,758,403,3,9
62036,758,360,2,14
62037,758,456,0,16
62038,758,475,1,15
62039,758,541,0,31
62040,758,501,0,32
62041,758,347,8,2
62042,758,554,2,12
62043,758,289,0,18
62044,758,418,4,8
62045,758,476,0,34
62046,758,477,0,21
62047,758,506,0,35
62048,758,549,0,36
62049,758,483,0,39
62050,758,550,0,40
62051,758,376,0,42
62052,758,551,0,45
62053,758,353,0,47
62054,758,552,0,49
62055,758,553,0,51
62056,758,449,8,3
62057,758,509,6,5
62058,758,512,5,6
62059,758,529,3,10
62060,758,510,2,13
62061,758,533,0,17
62062,758,518,0,19
62063,758,513,0,20
62064,758,555,0,22
62065,758,531,0,24
62066,758,520,0,25
62067,758,514,0,26
62068,758,538,0,27
62069,758,556,0,28
62070,758,557,0,29
62071,758,535,0,30
62072,758,527,0,37
62073,758,558,0,38
62074,758,559,0,41
62075,758,537,0,43
62076,758,560,0,44
62077,758,528,0,46
62078,758,561,0,48
62079,758,511,0,50
62080,758,516,0,52
62081,758,522,0,53
62082,758,562,0,54
62083,758,563,0,55
62084,758,564,0,56
62085,758,565,0,57
62086,758,517,0,58
62087,758,536,0,59
62088,758,525,0,60
62089,758,404,3,11
62090,758,430,0,23
62091,758,566,0,33
62092,759,356,19,1
62093,759,479,14,2
62094,759,427,4,8
62095,759,403,9,3
62096,759,360,4,10
62097,759,456,0,18
62098,759,475,2,16
62099,759,541,0,17
62100,759,501,0,20
62101,759,347,8,4
62102,759,554,2,14
62103,759,289,0,21
62104,759,418,4,9
62105,759,476,0,37
62106,759,477,0,26
62107,759,506,0,39
62108,759,549,0,40
62109,759,483,0,23
62110,759,550,0,44
62111,759,376,0,46
62112,759,551,0,50
62113,759,353,0,53
62114,759,552,0,55
62115,759,553,0,57
62116,759,449,8,5
62117,759,509,6,6
62118,759,512,5,7
62119,759,529,3,12
62120,759,510,2,15
62121,759,533,0,19
62122,759,518,0,22
62123,759,513,0,24
62124,759,555,0,27
62125,759,531,0,29
62126,759,520,0,30
62127,759,514,0,31
62128,759,538,0,32
62129,759,556,0,33
62130,759,557,0,34
62131,759,535,0,35
62132,759,527,0,42
62133,759,558,0,43
62134,759,559,0,45
62135,759,537,0,48
62136,759,560,0,49
62137,759,528,0,52
62138,759,561,0,54
62139,759,511,0,56
62140,759,516,0,58
62141,759,522,0,59
62142,759,562,0,60
62143,759,563,0,61
62144,759,564,0,62
62145,759,565,0,63
62146,759,517,0,64
62147,759,536,0,65
62148,759,525,0,66
62149,759,404,3,11
62150,759,430,0,25
62151,759,566,0,36
62152,759,482,3,13
62153,759,567,0,28
62154,759,364,0,38
62155,759,437,0,41
62156,759,462,0,47
62157,759,568,0,51
62158,760,356,27,1
62159,760,479,14,2
62160,760,427,6,9
62161,760,403,9,3
62162,760,360,8,5
62163,760,456,0,18
62164,760,475,8,4
62165,760,541,0,19
62166,760,501,3,12
62167,760,347,8,6
62168,760,554,2,16
62169,760,289,0,21
62170,760,418,4,11
62171,760,476,0,42
62172,760,477,0,27
62173,760,506,0,44
62174,760,549,0,36
62175,760,483,0,23
62176,760,550,0,49
62177,760,376,0,51
62178,760,551,0,56
62179,760,353,0,60
62180,760,552,0,63
62181,760,553,0,66
62182,760,449,8,7
62183,760,509,6,8
62184,760,512,5,10
62185,760,529,3,14
62186,760,510,2,17
62187,760,533,0,20
62188,760,518,0,22
62189,760,513,0,24
62190,760,555,0,28
62191,760,531,0,31
62192,760,520,0,32
62193,760,514,0,35
62194,760,538,0,37
62195,760,556,0,38
62196,760,557,0,39
62197,760,535,0,40
62198,760,527,0,47
62199,760,558,0,48
62200,760,559,0,50
62201,760,537,0,54
62202,760,560,0,55
62203,760,528,0,59
62204,760,561,0,62
62205,760,511,0,65
62206,760,516,0,67
62207,760,522,0,69
62208,760,562,0,72
62209,760,563,0,74
62210,760,564,0,75
62211,760,565,0,77
62212,760,517,0,79
62213,760,536,0,80
62214,760,525,0,81
62215,760,404,3,13
62216,760,430,0,26
62217,760,566,0,41
62218,760,482,3,15
62219,760,567,0,29
62220,760,364,0,43
62221,760,437,0,45
62222,760,462,0,52
62223,760,568,0,58
62224,760,502,0,25
62225,760,505,0,30
62226,760,481,0,33
62227,760,569,0,34
62228,760,486,0,46
62229,760,478,0,53
62230,760,542,0,57
62231,760,484,0,61
62232,760,540,0,64
62233,760,465,0,68
62234,760,570,0,70
62235,760,387,0,71
62236,760,571,0,73
62237,760,401,0,76
62238,760,441,0,78
62239,761,356,27,1
62240,761,479,23,2
62241,761,427,9,5
62242,761,403,13,3
62243,761,360,8,7
62244,761,456,0,19
62245,761,475,8,6
62246,761,541,0,20
62247,761,501,3,13
62248,761,347,10,4
62249,761,554,2,17
62250,761,289,0,23
62251,761,418,4,12
62252,761,476,0,45
62253,761,477,0,29
62254,761,506,0,46
62255,761,549,0,38
62256,761,483,0,25
62257,761,550,0,50
62258,761,376,0,52
62259,761,551,0,56
62260,761,353,0,60
62261,761,552,0,63
62262,761,553,0,66
62263,761,449,8,8
62264,761,509,6,10
62265,761,512,5,11
62266,761,529,3,15
62267,761,510,2,18
62268,761,533,0,22
62269,761,518,0,24
62270,761,513,0,26
62271,761,555,0,30
62272,761,531,0,33
62273,761,520,0,34
62274,761,514,0,37
62275,761,538,0,39
62276,761,556,0,40
62277,761,557,0,41
62278,761,535,0,42
62279,761,527,0,48
62280,761,558,0,49
62281,761,559,0,51
62282,761,537,0,54
62283,761,560,0,55
62284,761,528,0,59
62285,761,561,0,62
62286,761,511,0,65
62287,761,516,0,67
62288,761,522,0,69
62289,761,562,0,72
62290,761,563,0,74
62291,761,564,0,75
62292,761,565,0,77
62293,761,517,0,79
62294,761,536,0,80
62295,761,525,0,81
62296,761,404,3,14
62297,761,430,0,28
62298,761,566,0,44
62299,761,482,3,16
62300,761,567,0,31
62301,761,364,6,9
62302,761,437,0,21
62303,761,462,0,53
62304,761,568,0,58
62305,761,502,0,27
62306,761,505,0,32
62307,761,481,0,35
62308,761,569,0,36
62309,761,486,0,47
62310,761,478,0,43
62311,761,542,0,57
62312,761,484,0,61
62313,761,540,0,64
62314,761,465,0,68
62315,761,570,0,70
62316,761,387,0,71
62317,761,571,0,73
62318,761,401,0,76
62319,761,441,0,78
62320,762,356,27,1
62321,762,479,23,2
62322,762,427,12,5
62323,762,403,13,4
62324,762,360,8,9
62325,762,456,0,19
62326,762,475,18,3
62327,762,541,0,20
62328,762,501,5,13
62329,762,347,10,6
62330,762,554,2,17
62331,762,289,0,23
62332,762,418,10,7
62333,762,476,0,46
62334,762,477,0,30
62335,762,506,0,47
62336,762,549,0,40
62337,762,483,0,26
62338,762,550,0,51
62339,762,376,0,53
62340,762,551,0,57
62341,762,353,0,61
62342,762,552,0,64
62343,762,553,0,67
62344,762,449,8,10
62345,762,509,6,11
62346,762,512,5,12
62347,762,529,3,15
62348,762,510,2,18
62349,762,533,0,22
62350,762,518,0,24
62351,762,513,0,27
62352,762,555,0,31
62353,762,531,0,35
62354,762,520,0,36
62355,762,514,0,39
62356,762,538,0,41
62357,762,556,0,42
62358,762,557,0,43
62359,762,535,0,44
62360,762,527,0,49
62361,762,558,0,50
62362,762,559,0,52
62363,762,537,0,55
62364,762,560,0,56
62365,762,528,0,60
62366,762,561,0,63
62367,762,511,0,66
62368,762,516,0,68
62369,762,522,0,70
62370,762,562,0,73
62371,762,563,0,75
62372,762,564,0,76
62373,762,565,0,78
62374,762,517,0,80
62375,762,536,0,81
62376,762,525,0,82
62377,762,404,3,14
62378,762,430,0,29
62379,762,566,0,25
62380,762,482,3,16
62381,762,567,0,32
62382,762,364,10,8
62383,762,437,0,21
62384,762,462,0,54
62385,762,568,0,59
62386,762,502,0,28
62387,762,505,0,33
62388,762,481,0,37
62389,762,569,0,38
62390,762,486,0,48
62391,762,478,0,45
62392,762,542,0,58
62393,762,484,0,62
62394,762,540,0,65
62395,762,465,0,69
62396,762,570,0,71
62397,762,387,0,72
62398,762,571,0,74
62399,762,401,0,77
62400,762,441,0,79
62401,762,432,0,34
62402,763,356,31,1
62403,763,479,23,3
62404,763,427,12,6
62405,763,403,20,4
62406,763,360,8,9
62407,763,456,0,20
62408,763,475,26,2
62409,763,541,0,21
62410,763,501,5,13
62411,763,347,10,7
62412,763,554,2,18
62413,763,289,0,24
62414,763,418,10,8
62415,763,476,0,48
62416,763,477,2,17
62417,763,506,0,49
62418,763,549,0,41
62419,763,483,0,27
62420,763,550,0,53
62421,763,376,0,55
62422,763,551,0,58
62423,763,353,0,62
62424,763,552,0,65
62425,763,553,0,68
62426,763,449,8,10
62427,763,509,6,11
62428,763,512,5,12
62429,763,529,3,16
62430,763,510,2,19
62431,763,533,0,23
62432,763,518,0,25
62433,763,513,0,28
62434,763,555,0,31
62435,763,531,0,35
62436,763,520,0,37
62437,763,514,0,40
62438,763,538,0,42
62439,763,556,0,43
62440,763,557,0,44
62441,763,535,0,46
62442,763,527,0,51
62443,763,558,0,52
62444,763,559,0,54
62445,763,537,0,56
62446,763,560,0,57
62447,763,528,0,61
62448,763,561,0,64
62449,763,511,0,67
62450,763,516,0,69
62451,763,522,0,71
62452,763,562,0,74
62453,763,563,0,76
62454,763,564,0,77
62455,763,565,0,79
62456,763,517,0,81
62457,763,536,0,82
62458,763,525,0,83
62459,763,404,3,15
62460,763,430,0,30
62461,763,566,0,26
62462,763,482,3,14
62463,763,567,0,32
62464,763,364,13,5
62465,763,437,0,22
62466,763,462,0,36
62467,763,568,0,60
62468,763,502,0,29
62469,763,505,0,33
62470,763,481,0,38
62471,763,569,0,39
62472,763,486,0,50
62473,763,478,0,47
62474,763,542,0,59
62475,763,484,0,63
62476,763,540,0,66
62477,763,465,0,70
62478,763,570,0,72
62479,763,387,0,73
62480,763,571,0,75
62481,763,401,0,78
62482,763,441,0,80
62483,763,432,0,34
62484,763,543,0,45
62485,764,356,31,1
62486,764,479,27,2
62487,764,427,19,5
62488,764,403,20,4
62489,764,360,16,6
62490,764,456,0,20
62491,764,475,26,3
62492,764,541,0,21
62493,764,501,5,13
62494,764,347,10,8
62495,764,554,2,18
62496,764,289,0,25
62497,764,418,10,9
62498,764,476,0,23
62499,764,477,2,17
62500,764,506,0,52
62501,764,549,0,43
62502,764,483,0,29
62503,764,550,0,58
62504,764,376,0,60
62505,764,551,0,63
62506,764,353,0,67
62507,764,552,0,70
62508,764,553,0,73
62509,764,449,8,10
62510,764,509,6,11
62511,764,512,5,12
62512,764,529,3,16
62513,764,510,2,19
62514,764,533,0,24
62515,764,518,0,27
62516,764,513,0,31
62517,764,555,0,33
62518,764,531,0,37
62519,764,520,0,39
62520,764,514,0,42
62521,764,538,0,44
62522,764,556,0,45
62523,764,557,0,46
62524,764,535,0,48
62525,764,527,0,54
62526,764,558,0,55
62527,764,559,0,59
62528,764,537,0,61
62529,764,560,0,62
62530,764,528,0,66
62531,764,561,0,69
62532,764,511,0,72
62533,764,516,0,74
62534,764,522,0,76
62535,764,562,0,79
62536,764,563,0,81
62537,764,564,0,82
62538,764,565,0,84
62539,764,517,0,86
62540,764,536,0,87
62541,764,525,0,88
62542,764,404,5,14
62543,764,430,0,32
62544,764,566,0,28
62545,764,482,3,15
62546,764,567,0,34
62547,764,364,13,7
62548,764,437,0,22
62549,764,462,0,38
62550,764,568,0,65
62551,764,502,0,30
62552,764,505,0,35
62553,764,481,0,40
62554,764,569,0,41
62555,764,486,0,53
62556,764,478,0,49
62557,764,542,0,64
62558,764,484,0,68
62559,764,540,0,71
62560,764,465,0,75
62561,764,570,0,77
62562,764,387,0,78
62563,764,571,0,80
62564,764,401,0,83
62565,764,441,0,85
62566,764,432,0,36
62567,764,543,0,47
62568,764,572,0,26
62569,764,573,0,50
62570,764,574,0,51
62571,764,575,0,56
62572,764,576,0,57
63349,719,289,9,1
63350,719,386,6,2
63351,719,360,4,3
63352,719,341,3,4
63353,719,408,2,5
63354,719,401,1,6
63355,719,347,0,7
63356,719,373,0,8
63357,719,356,0,9
63358,719,404,0,10
63359,719,435,0,11
63360,719,427,0,12
63361,719,364,0,13
63362,719,440,0,14
63363,719,346,0,15
63364,719,278,0,16
63365,719,428,0,17
63366,719,403,0,18
63367,719,394,0,19
63368,719,436,0,20
63369,719,437,0,21
63370,719,438,0,22
63371,719,439,0,23
63372,719,385,0,24
63373,719,430,0,25
63374,720,289,9,3
63375,720,386,9,4
63376,720,360,10,1
63377,720,341,3,6
63378,720,408,2,8
63379,720,401,1,9
63380,720,347,2,7
63381,720,373,9,2
63382,720,356,0,12
63383,720,404,0,13
63384,720,435,0,14
63385,720,427,0,17
63386,720,364,4,5
63387,720,440,0,16
63388,720,346,0,18
63389,720,278,0,20
63390,720,428,0,21
63391,720,403,0,19
63392,720,394,0,22
63393,720,436,0,23
63394,720,437,0,24
63395,720,438,0,11
63396,720,439,0,28
63397,720,385,0,27
63398,720,430,1,10
63399,720,376,0,15
63400,720,397,0,25
63401,720,375,0,26
63402,721,289,9,5
63403,721,386,11,2
63404,721,360,10,4
63405,721,341,7,6
63406,721,408,2,9
63407,721,401,1,11
63408,721,347,2,8
63409,721,373,18,1
63410,721,356,0,16
63411,721,404,3,7
63412,721,435,0,17
63413,721,427,0,19
63414,721,364,10,3
63415,721,440,0,14
63416,721,346,0,13
63417,721,278,0,20
63418,721,428,0,23
63419,721,403,0,21
63420,721,394,0,22
63421,721,436,0,25
63422,721,437,0,26
63423,721,438,0,15
63424,721,439,0,29
63425,721,385,0,28
63426,721,430,1,10
63427,721,376,0,18
63428,721,397,0,27
63429,721,375,1,12
63430,721,423,0,24
63431,722,289,9,5
63432,722,386,11,3
63433,722,360,10,4
63434,722,341,7,7
63435,722,408,8,6
63436,722,401,1,13
63437,722,347,2,10
63438,722,373,27,1
63439,722,356,3,9
63440,722,404,3,8
63441,722,435,0,20
63442,722,427,0,17
63443,722,364,12,2
63444,722,440,0,16
63445,722,346,1,11
63446,722,278,0,15
63447,722,428,0,25
63448,722,403,0,22
63449,722,394,0,23
63450,722,436,0,27
63451,722,437,0,28
63452,722,438,0,18
63453,722,439,0,30
63454,722,385,0,19
63455,722,430,1,12
63456,722,376,0,21
63457,722,397,0,29
63458,722,375,1,14
63459,722,423,0,26
63460,722,418,0,24
63461,723,289,13,3
63462,723,386,14,2
63463,723,360,10,6
63464,723,341,13,4
63465,723,408,8,7
63466,723,401,1,15
63467,723,347,2,10
63468,723,373,36,1
63469,723,356,3,9
63470,723,404,3,8
63471,723,435,0,24
63472,723,427,0,18
63473,723,364,12,5
63474,723,440,1,13
63475,723,346,1,12
63476,723,278,0,17
63477,723,428,0,28
63478,723,403,0,26
63479,723,394,0,27
63480,723,436,0,23
63481,723,437,0,30
63482,723,438,0,19
63483,723,439,0,33
63484,723,385,2,11
63485,723,430,1,14
63486,723,376,0,25
63487,723,397,0,32
63488,723,375,1,16
63489,723,423,0,31
63490,723,418,0,21
63491,723,305,0,20
63492,723,383,0,22
63493,723,420,0,29
63494,724,289,13,4
63495,724,386,18,3
63496,724,360,10,6
63497,724,341,22,2
63498,724,408,8,7
63499,724,401,1,15
63500,724,347,3,11
63501,724,373,42,1
63502,724,356,3,8
63503,724,404,3,9
63504,724,435,0,26
63505,724,427,0,19
63506,724,364,12,5
63507,724,440,3,12
63508,724,346,1,14
63509,724,278,0,18
63510,724,428,0,22
63511,724,403,0,28
63512,724,394,0,31
63513,724,436,0,25
63514,724,437,0,30
63515,724,438,0,20
63516,724,439,0,34
63517,724,385,2,13
63518,724,430,1,16
63519,724,376,0,27
63520,724,397,0,33
63521,724,375,1,17
63522,724,423,3,10
63523,724,418,0,23
63524,724,305,0,21
63525,724,383,0,24
63526,724,420,0,32
63527,724,432,0,29
63528,724,429,0,35
63529,724,441,0,36
63530,724,442,0,37
63531,725,289,13,5
63532,725,386,24,2
63533,725,360,14,4
63534,725,341,22,3
63535,725,408,9,7
63536,725,401,1,15
63537,725,347,3,11
63538,725,373,51,1
63539,725,356,5,9
63540,725,404,6,8
63541,725,435,0,29
63542,725,427,0,19
63543,725,364,12,6
63544,725,440,3,12
63545,725,346,1,14
63546,725,278,0,18
63547,725,428,0,22
63548,725,403,0,23
63549,725,394,0,28
63550,725,436,0,26
63551,725,437,0,32
63552,725,438,0,21
63553,725,439,0,35
63554,725,385,2,13
63555,725,430,1,16
63556,725,376,0,30
63557,725,397,0,34
63558,725,375,1,17
63559,725,423,3,10
63560,725,418,0,24
63561,725,305,0,20
63562,725,383,0,25
63563,725,420,0,33
63564,725,432,0,31
63565,725,429,0,36
63566,725,441,0,37
63567,725,442,0,39
63568,725,374,0,27
63569,725,443,0,38
63570,725,444,0,40
63571,725,445,0,41
63572,725,446,0,42
63573,725,447,0,43
63574,726,289,22,3
63575,726,386,28,2
63576,726,360,14,5
63577,726,341,22,4
63578,726,408,9,7
63579,726,401,1,16
63580,726,347,3,12
63581,726,373,51,1
63582,726,356,8,8
63583,726,404,6,9
63584,726,435,0,30
63585,726,427,0,20
63586,726,364,12,6
63587,726,440,3,13
63588,726,346,1,15
63589,726,278,0,18
63590,726,428,0,23
63591,726,403,0,24
63592,726,394,0,29
63593,726,436,0,27
63594,726,437,0,34
63595,726,438,0,22
63596,726,439,0,40
63597,726,385,4,10
63598,726,430,2,14
63599,726,376,0,31
63600,726,397,0,38
63601,726,375,1,17
63602,726,423,3,11
63603,726,418,0,25
63604,726,305,0,21
63605,726,383,0,26
63606,726,420,0,36
63607,726,432,0,32
63608,726,429,0,41
63609,726,441,0,43
63610,726,442,0,45
63611,726,374,0,28
63612,726,443,0,44
63613,726,444,0,46
63614,726,445,0,47
63615,726,446,0,48
63616,726,447,0,49
63617,726,448,0,19
63618,726,449,0,33
63619,726,345,0,35
63620,726,434,0,37
63621,726,433,0,39
63622,726,450,0,42
63623,727,289,25,3
63624,727,386,29,2
63625,727,360,14,5
63626,727,341,22,4
63627,727,408,9,8
63628,727,401,1,16
63629,727,347,5,10
63630,727,373,54,1
63631,727,356,14,6
63632,727,404,6,9
63633,727,435,0,32
63634,727,427,0,21
63635,727,364,13,7
63636,727,440,3,13
63637,727,346,1,15
63638,727,278,0,18
63639,727,428,0,24
63640,727,403,0,25
63641,727,394,0,31
63642,727,436,0,29
63643,727,437,0,37
63644,727,438,0,23
63645,727,439,0,42
63646,727,385,4,11
63647,727,430,2,14
63648,727,376,0,33
63649,727,397,0,39
63650,727,375,1,17
63651,727,423,3,12
63652,727,418,0,26
63653,727,305,0,22
63654,727,383,0,28
63655,727,420,0,38
63656,727,432,0,34
63657,727,429,0,43
63658,727,441,0,46
63659,727,442,0,48
63660,727,374,0,30
63661,727,443,0,47
63662,727,444,0,49
63663,727,445,0,50
63664,727,446,0,51
63665,727,447,0,52
63666,727,448,0,20
63667,727,449,0,35
63668,727,345,0,36
63669,727,434,0,19
63670,727,433,0,40
63671,727,450,0,44
63672,727,382,0,27
63673,727,451,0,41
63674,727,452,0,45
63675,728,289,29,2
63676,728,386,29,3
63677,728,360,17,6
63678,728,341,22,4
63679,728,408,9,8
63680,728,401,1,16
63681,728,347,6,11
63682,728,373,54,1
63683,728,356,14,7
63684,728,404,6,9
63685,728,435,0,36
63686,728,427,0,21
63687,728,364,19,5
63688,728,440,3,13
63689,728,346,1,15
63690,728,278,0,18
63691,728,428,0,25
63692,728,403,0,26
63693,728,394,0,35
63694,728,436,0,32
63695,728,437,0,41
63696,728,438,0,23
63697,728,439,0,52
63698,728,385,6,10
63699,728,430,2,14
63700,728,376,0,37
63701,728,397,0,47
63702,728,375,1,17
63703,728,423,3,12
63704,728,418,0,27
63705,728,305,0,22
63706,728,383,0,30
63707,728,420,0,44
63708,728,432,0,38
63709,728,429,0,53
63710,728,441,0,56
63711,728,442,0,58
63712,728,374,0,33
63713,728,443,0,57
63714,728,444,0,59
63715,728,445,0,60
63716,728,446,0,61
63717,728,447,0,62
63718,728,448,0,20
63719,728,449,0,39
63720,728,345,0,40
63721,728,434,0,19
63722,728,433,0,49
63723,728,450,0,54
63724,728,382,0,29
63725,728,451,0,50
63726,728,452,0,55
63727,728,340,0,24
63728,728,411,0,28
63729,728,409,0,31
63730,728,412,0,34
63731,728,362,0,42
63732,728,407,0,43
63733,728,413,0,45
63734,728,368,0,46
63735,728,310,0,48
63736,728,410,0,51
63737,337,4,25,1
63738,337,13,18,2
63739,337,1,15,3
63740,337,20,12,4
63741,337,3,10,5
63742,337,30,8,6
63743,337,18,6,7
63744,337,17,4,8
63745,337,24,2,9
63746,337,22,1,10
63747,337,9,0,11
63748,337,16,0,12
63749,337,153,0,13
63750,337,807,0,14
63751,337,5,0,15
63752,337,67,0,16
63753,337,15,0,17
63754,337,37,0,18
63755,337,811,0,19
63756,337,10,0,20
63757,337,808,0,21
63758,337,155,0,22
63759,337,810,0,23
63760,337,812,0,24
63761,338,4,37,1
63762,338,13,33,2
63763,338,1,23,4
63764,338,20,12,7
63765,338,3,20,5
63766,338,30,9,8
63767,338,18,31,3
63768,338,17,6,10
63769,338,24,8,9
63770,338,22,5,11
63771,338,9,18,6
63772,338,16,0,13
63773,338,153,0,12
63774,338,807,0,17
63775,338,5,0,15
63776,338,67,0,18
63777,338,15,0,19
63778,338,37,0,14
63779,338,811,0,20
63780,338,10,0,21
63781,338,808,0,22
63782,338,155,0,23
63783,338,810,0,24
63784,338,812,0,16
63785,339,4,37,2
63786,339,13,39,1
63787,339,1,31,6
63788,339,20,37,3
63789,339,3,35,5
63790,339,30,9,10
63791,339,18,35,4
63792,339,17,24,8
63793,339,24,8,11
63794,339,22,5,12
63795,339,9,30,7
63796,339,16,10,9
63797,339,153,2,13
63798,339,807,1,14
63799,339,5,0,17
63800,339,67,0,15
63801,339,15,0,21
63802,339,37,0,16
63803,339,811,0,20
63804,339,10,0,22
63805,339,808,0,23
63806,339,155,0,24
63807,339,810,0,19
63808,339,812,0,18
63809,340,4,49,3
63810,340,13,41,6
63811,340,1,49,4
63812,340,20,45,5
63813,340,3,50,2
63814,340,30,10,10
63815,340,18,60,1
63816,340,17,28,8
63817,340,24,8,11
63818,340,22,5,13
63819,340,9,40,7
63820,340,16,10,9
63821,340,153,2,14
63822,340,807,1,15
63823,340,5,0,18
63824,340,67,0,16
63825,340,15,0,22
63826,340,37,0,17
63827,340,811,0,21
63828,340,10,0,23
63829,340,808,6,12
63830,340,155,0,24
63831,340,810,0,20
63832,340,812,0,19
63833,341,4,67,2
63834,341,13,49,7
63835,341,1,49,6
63836,341,20,60,3
63837,341,3,50,5
63838,341,30,22,9
63839,341,18,70,1
63840,341,17,53,4
63841,341,24,8,11
63842,341,22,7,12
63843,341,9,44,8
63844,341,16,16,10
63845,341,153,3,14
63846,341,807,1,15
63847,341,5,0,19
63848,341,67,0,16
63849,341,15,0,23
63850,341,37,0,17
63851,341,811,0,22
63852,341,10,0,24
63853,341,808,6,13
63854,341,155,0,18
63855,341,810,0,21
63856,341,812,0,20
63881,342,4,75,3
63882,342,13,61,5
63883,342,1,59,7
63884,342,20,78,2
63885,342,3,56,8
63886,342,30,22,9
63887,342,18,70,4
63888,342,17,78,1
63889,342,24,10,11
63890,342,22,7,12
63891,342,9,59,6
63892,342,16,20,10
63893,342,153,3,14
63894,342,807,1,16
63895,342,5,0,19
63896,342,67,1,15
63897,342,15,0,22
63898,342,37,0,17
63899,342,811,0,23
63900,342,10,0,24
63901,342,808,6,13
63902,342,155,0,18
63903,342,810,0,21
63904,342,812,0,20
63905,343,4,79,4
63906,343,13,67,7
63907,343,1,84,3
63908,343,20,78,5
63909,343,3,66,8
63910,343,30,34,9
63911,343,18,88,2
63912,343,17,93,1
63913,343,24,10,11
63914,343,22,7,12
63915,343,9,67,6
63916,343,16,22,10
63917,343,153,3,14
63918,343,807,1,17
63919,343,5,0,19
63920,343,67,1,15
63921,343,15,0,22
63922,343,37,0,18
63923,343,811,0,23
63924,343,10,0,24
63925,343,808,6,13
63926,343,155,1,16
63927,343,810,0,21
63928,343,812,0,20
63929,344,4,94,4
63930,344,13,67,8
63931,344,1,109,1
63932,344,20,90,5
63933,344,3,74,6
63934,344,30,34,9
63935,344,18,106,2
63936,344,17,103,3
63937,344,24,12,11
63938,344,22,7,12
63939,344,9,73,7
63940,344,16,23,10
63941,344,153,3,15
63942,344,807,1,17
63943,344,5,0,19
63944,344,67,5,14
63945,344,15,0,22
63946,344,37,0,18
63947,344,811,0,23
63948,344,10,0,24
63949,344,808,6,13
63950,344,155,1,16
63951,344,810,0,21
63952,344,812,0,20
63953,345,4,98,5
63954,345,13,67,8
63955,345,1,127,1
63956,345,20,115,3
63957,345,3,75,7
63958,345,30,34,9
63959,345,18,121,2
63960,345,17,103,4
63961,345,24,12,12
63962,345,22,19,11
63963,345,9,83,6
63964,345,16,31,10
63965,345,153,3,16
63966,345,807,1,17
63967,345,5,0,19
63968,345,67,7,14
63969,345,15,0,22
63970,345,37,0,18
63971,345,811,0,23
63972,345,10,0,24
63973,345,808,6,15
63974,345,155,7,13
63975,345,810,0,21
63976,345,812,0,20
63977,346,4,98,5
63978,346,13,67,8
63979,346,1,145,1
63980,346,20,121,4
63981,346,3,90,6
63982,346,30,36,9
63983,346,18,133,2
63984,346,17,128,3
63985,346,24,12,13
63986,346,22,29,11
63987,346,9,83,7
63988,346,16,35,10
63989,346,153,3,16
63990,346,807,2,17
63991,346,5,0,19
63992,346,67,7,14
63993,346,15,0,22
63994,346,37,0,18
63995,346,811,0,23
63996,346,10,0,24
63997,346,808,6,15
63998,346,155,15,12
63999,346,810,0,21
64000,346,812,0,20
64001,346,29,0,25
64002,347,4,123,5
64003,347,13,85,8
64004,347,1,157,1
64005,347,20,136,4
64006,347,3,94,6
64007,347,30,38,9
64008,347,18,143,2
64009,347,17,136,3
64010,347,24,12,13
64011,347,22,29,11
64012,347,9,89,7
64013,347,16,35,10
64014,347,153,3,16
64015,347,807,2,17
64016,347,5,0,19
64017,347,67,7,15
64018,347,15,0,22
64019,347,37,0,18
64020,347,811,0,23
64021,347,10,0,24
64022,347,808,7,14
64023,347,155,15,12
64024,347,810,0,21
64025,347,812,0,20
64026,347,29,0,25
64027,348,4,141,5
64028,348,13,97,6
64029,348,1,157,2
64030,348,20,151,3
64031,348,3,94,7
64032,348,30,38,9
64033,348,18,147,4
64034,348,17,161,1
64035,348,24,12,14
64036,348,22,30,11
64037,348,9,89,8
64038,348,16,35,10
64039,348,153,3,18
64040,348,807,10,15
64041,348,5,0,19
64042,348,67,7,16
64043,348,15,0,22
64044,348,37,6,17
64045,348,811,0,23
64046,348,10,0,24
64047,348,808,17,12
64048,348,155,17,13
64049,348,810,0,21
64050,348,812,0,20
64051,348,29,0,25
64052,349,4,141,5
64053,349,13,109,6
64054,349,1,182,1
64055,349,20,151,3
64056,349,3,102,8
64057,349,30,44,10
64058,349,18,147,4
64059,349,17,179,2
64060,349,24,13,14
64061,349,22,30,11
64062,349,9,104,7
64063,349,16,45,9
64064,349,153,3,18
64065,349,807,10,15
64066,349,5,0,19
64067,349,67,7,16
64068,349,15,0,22
64069,349,37,6,17
64070,349,811,0,23
64071,349,10,0,24
64072,349,808,19,13
64073,349,155,21,12
64074,349,810,0,21
64075,349,812,0,20
64076,349,29,0,25
64077,350,4,166,3
64078,350,13,124,6
64079,350,1,182,2
64080,350,20,163,5
64081,350,3,112,7
64082,350,30,46,9
64083,350,18,165,4
64084,350,17,187,1
64085,350,24,13,15
64086,350,22,31,11
64087,350,9,108,8
64088,350,16,45,10
64089,350,153,3,18
64090,350,807,16,14
64091,350,5,0,19
64092,350,67,7,16
64093,350,15,0,22
64094,350,37,6,17
64095,350,811,0,23
64096,350,10,0,24
64097,350,808,19,13
64098,350,155,21,12
64099,350,810,0,21
64100,350,812,0,20
64101,350,29,0,25
64156,351,4,191,2
64157,351,13,128,6
64158,351,1,182,3
64159,351,20,181,4
64160,351,3,122,7
64161,351,30,46,10
64162,351,18,177,5
64163,351,17,202,1
64164,351,24,13,15
64165,351,22,39,11
64166,351,9,114,8
64167,351,16,47,9
64168,351,153,3,18
64169,351,807,17,14
64170,351,5,0,19
64171,351,67,7,16
64172,351,15,0,22
64173,351,37,6,17
64174,351,811,0,23
64175,351,10,0,24
64176,351,808,19,13
64177,351,155,21,12
64178,351,810,0,21
64179,351,812,0,20
64180,351,29,0,25
64181,351,2,0,26
64182,351,32,0,27
64183,352,4,206,2
64184,352,13,128,6
64185,352,1,192,4
64186,352,20,206,3
64187,352,3,122,7
64188,352,30,54,9
64189,352,18,189,5
64190,352,17,220,1
64191,352,24,13,15
64192,352,22,41,11
64193,352,9,114,8
64194,352,16,47,10
64195,352,153,3,19
64196,352,807,17,14
64197,352,5,0,20
64198,352,67,8,16
64199,352,15,0,21
64200,352,37,6,17
64201,352,811,0,25
64202,352,10,0,24
64203,352,808,19,13
64204,352,155,27,12
64205,352,810,0,23
64206,352,812,0,22
64207,352,29,0,26
64208,352,2,4,18
64209,352,32,0,27
64237,353,4,231,1
64238,353,13,143,6
64239,353,1,210,3
64240,353,20,206,4
64241,353,3,122,8
64242,353,30,66,9
64243,353,18,189,5
64244,353,17,220,2
64245,353,24,21,13
64246,353,22,47,10
64247,353,9,124,7
64248,353,16,47,11
64249,353,153,3,19
64250,353,807,18,15
64251,353,5,0,20
64252,353,67,8,16
64253,353,15,0,21
64254,353,37,6,17
64255,353,811,0,23
64256,353,10,0,25
64257,353,808,19,14
64258,353,155,31,12
64259,353,810,0,24
64260,353,812,0,22
64261,353,29,0,26
64262,353,2,6,18
64263,353,32,0,27
64264,354,4,246,1
64265,354,13,143,6
64266,354,1,222,4
64267,354,20,231,3
64268,354,3,130,7
64269,354,30,72,9
64270,354,18,199,5
64271,354,17,238,2
64272,354,24,21,14
64273,354,22,47,10
64274,354,9,126,8
64275,354,16,47,11
64276,354,153,3,19
64277,354,807,22,13
64278,354,5,0,20
64279,354,67,8,16
64280,354,15,0,21
64281,354,37,6,17
64282,354,811,0,23
64283,354,10,0,25
64284,354,808,19,15
64285,354,155,32,12
64286,354,810,0,24
64287,354,812,0,22
64288,354,29,0,26
64289,354,2,6,18
64290,354,32,0,27
64291,355,4,252,2
64292,355,13,144,6
64293,355,1,240,4
64294,355,20,256,1
64295,355,3,142,7
64296,355,30,72,9
64297,355,18,214,5
64298,355,17,242,3
64299,355,24,21,15
64300,355,22,47,10
64301,355,9,136,8
64302,355,16,47,11
64303,355,153,5,19
64304,355,807,22,14
64305,355,5,0,20
64306,355,67,8,16
64307,355,15,0,21
64308,355,37,6,17
64309,355,811,0,23
64310,355,10,0,25
64311,355,808,27,13
64312,355,155,32,12
64313,355,810,0,24
64314,355,812,0,22
64315,355,29,0,26
64316,355,2,6,18
64317,355,32,0,27
64384,842,20,50,1
64385,842,1,22,3
64386,842,808,15,8
64387,842,4,20,5
64388,842,17,22,4
64389,842,18,26,2
64390,842,13,16,6
64391,842,67,4,10
64392,842,16,2,11
64393,842,814,2,13
64394,842,153,0,14
64395,842,2,15,7
64396,842,15,0,16
64397,842,816,0,17
64398,842,10,0,19
64399,842,22,0,21
64400,842,3,0,15
64401,842,5,0,18
64402,842,30,2,12
64403,842,813,0,23
64404,842,155,6,9
64405,842,24,0,22
64406,842,815,0,20
64407,842,39,0,24
64408,843,20,68,1
64409,843,1,47,2
64410,843,808,17,7
64411,843,4,26,5
64412,843,17,37,4
64413,843,18,38,3
64414,843,13,24,6
64415,843,67,4,12
64416,843,16,2,13
64417,843,814,2,14
64418,843,153,0,15
64419,843,2,15,8
64420,843,15,0,16
64421,843,816,0,18
64422,843,10,0,20
64423,843,22,0,17
64424,843,3,10,9
64425,843,5,0,19
64426,843,30,6,11
64427,843,813,0,22
64428,843,155,7,10
64429,843,24,0,23
64430,843,815,0,21
64431,843,39,0,24
64432,844,20,93,1
64433,844,1,59,2
64434,844,808,21,8
64435,844,4,41,5
64436,844,17,55,3
64437,844,18,46,4
64438,844,13,24,6
64439,844,67,6,12
64440,844,16,2,13
64441,844,814,2,14
64442,844,153,0,15
64443,844,2,21,7
64444,844,15,0,17
64445,844,816,0,19
64446,844,10,0,21
64447,844,22,0,16
64448,844,3,20,9
64449,844,5,0,20
64450,844,30,6,11
64451,844,813,0,22
64452,844,155,8,10
64453,844,24,0,24
64454,844,815,0,18
64455,844,39,0,23
64456,845,20,118,1
64457,845,1,77,2
64458,845,808,21,9
64459,845,4,51,5
64460,845,17,67,3
64461,845,18,61,4
64462,845,13,24,8
64463,845,67,6,12
64464,845,16,2,13
64465,845,814,2,15
64466,845,153,0,16
64467,845,2,25,7
64468,845,15,0,18
64469,845,816,0,19
64470,845,10,0,22
64471,845,22,0,17
64472,845,3,26,6
64473,845,5,0,20
64474,845,30,14,10
64475,845,813,0,21
64476,845,155,9,11
64477,845,24,0,24
64478,845,815,2,14
64479,845,39,0,23
64480,846,20,143,1
64481,846,1,85,2
64482,846,808,21,9
64483,846,4,69,5
64484,846,17,79,3
64485,846,18,76,4
64486,846,13,24,8
64487,846,67,7,13
64488,846,16,8,12
64489,846,814,2,16
64490,846,153,0,17
64491,846,2,29,6
64492,846,15,0,18
64493,846,816,0,20
64494,846,10,0,22
64495,846,22,2,14
64496,846,3,26,7
64497,846,5,0,19
64498,846,30,14,11
64499,846,813,0,21
64500,846,155,19,10
64501,846,24,0,23
64502,846,815,2,15
64503,846,39,0,24
64504,847,20,161,1
64505,847,1,85,4
64506,847,808,31,7
64507,847,4,69,5
64508,847,17,94,3
64509,847,18,101,2
64510,847,13,32,6
64511,847,67,8,13
64512,847,16,8,12
64513,847,814,2,17
64514,847,153,4,14
64515,847,2,29,8
64516,847,15,0,19
64517,847,816,0,21
64518,847,10,0,25
64519,847,22,4,15
64520,847,3,26,10
64521,847,5,0,22
64522,847,30,26,9
64523,847,813,0,24
64524,847,155,25,11
64525,847,24,0,20
64526,847,815,2,16
64527,847,39,0,23
64528,847,37,0,18
64529,848,20,186,1
64530,848,1,97,4
64531,848,808,31,8
64532,848,4,87,5
64533,848,17,109,3
64534,848,18,109,2
64535,848,13,42,6
64536,848,67,8,14
64537,848,16,10,12
64538,848,814,2,17
64539,848,153,8,13
64540,848,2,30,9
64541,848,15,0,19
64542,848,816,0,21
64543,848,10,0,25
64544,848,22,4,15
64545,848,3,32,7
64546,848,5,0,22
64547,848,30,26,10
64548,848,813,0,24
64549,848,155,25,11
64550,848,24,0,20
64551,848,815,2,16
64552,848,39,0,23
64553,848,37,0,18
64554,849,20,204,1
64555,849,1,109,4
64556,849,808,31,9
64557,849,4,112,3
64558,849,17,124,2
64559,849,18,109,5
64560,849,13,52,6
64561,849,67,8,15
64562,849,16,10,12
64563,849,814,2,17
64564,849,153,9,13
64565,849,2,34,8
64566,849,15,0,19
64567,849,816,0,21
64568,849,10,0,25
64569,849,22,4,16
64570,849,3,40,7
64571,849,5,0,22
64572,849,30,28,10
64573,849,813,0,23
64574,849,155,25,11
64575,849,24,0,20
64576,849,815,8,14
64577,849,39,0,24
64578,849,37,0,18
64579,849,817,0,26
64580,850,20,216,1
64581,850,1,134,3
64582,850,808,32,9
64583,850,4,130,4
64584,850,17,139,2
64585,850,18,109,5
64586,850,13,62,6
64587,850,67,8,15
64588,850,16,18,12
64589,850,814,2,17
64590,850,153,9,13
64591,850,2,34,8
64592,850,15,0,19
64593,850,816,0,22
64594,850,10,0,24
64595,850,22,4,16
64596,850,3,46,7
64597,850,5,0,23
64598,850,30,32,10
64599,850,813,0,21
64600,850,155,27,11
64601,850,24,0,20
64602,850,815,8,14
64603,850,39,0,25
64604,850,37,0,18
64605,850,817,0,26
64606,850,812,0,27
64607,851,20,234,1
64608,851,1,146,3
64609,851,808,32,9
64610,851,4,145,4
64611,851,17,149,2
64612,851,18,134,5
64613,851,13,70,6
64614,851,67,12,13
64615,851,16,18,12
64616,851,814,8,16
64617,851,153,10,14
64618,851,2,34,8
64619,851,15,0,19
64620,851,816,0,22
64621,851,10,0,24
64622,851,22,4,17
64623,851,3,48,7
64624,851,5,0,23
64625,851,30,32,10
64626,851,813,0,21
64627,851,155,27,11
64628,851,24,0,20
64629,851,815,8,15
64630,851,39,0,25
64631,851,37,0,18
64632,851,817,0,26
64633,851,812,0,27
64662,852,20,259,1
64663,852,1,146,5
64664,852,808,34,9
64665,852,4,157,3
64666,852,17,167,2
64667,852,18,149,4
64668,852,13,74,6
64669,852,67,12,13
64670,852,16,24,12
64671,852,814,8,16
64672,852,153,10,14
64673,852,2,34,10
64674,852,15,0,20
64675,852,816,0,23
64676,852,10,0,25
64677,852,22,4,17
64678,852,3,56,7
64679,852,5,0,24
64680,852,30,42,8
64681,852,813,1,18
64682,852,155,27,11
64683,852,24,0,21
64684,852,815,8,15
64685,852,39,0,26
64686,852,37,0,19
64687,852,817,0,27
64688,852,812,0,28
64689,852,811,0,22
64690,841,20,25,1
64691,841,1,18,2
64692,841,808,15,3
64693,841,4,12,4
64694,841,17,10,5
64695,841,18,8,6
64696,841,13,6,7
64697,841,67,4,8
64698,841,16,2,9
64699,841,814,1,10
64700,841,153,0,11
64701,841,2,0,12
64702,841,15,0,13
64703,841,816,0,14
64704,841,10,0,15
64705,841,22,0,16
64706,841,3,0,17
64707,841,5,0,18
64708,841,30,0,19
64709,841,813,0,20
64710,853,20,284,1
64711,853,1,158,5
64712,853,808,34,9
64713,853,4,172,2
64714,853,17,167,4
64715,853,18,167,3
64716,853,13,82,6
64717,853,67,13,14
64718,853,16,24,12
64719,853,814,12,15
64720,853,153,16,13
64721,853,2,34,10
64722,853,15,0,21
64723,853,816,0,24
64724,853,10,0,25
64725,853,22,4,17
64726,853,3,56,7
64727,853,5,0,22
64728,853,30,52,8
64729,853,813,1,19
64730,853,155,27,11
64731,853,24,0,23
64732,853,815,8,16
64733,853,39,0,26
64734,853,37,0,20
64735,853,817,0,27
64736,853,812,0,28
64737,853,811,2,18
64738,854,20,309,1
64739,854,1,168,5
64740,854,808,34,9
64741,854,4,184,3
64742,854,17,182,4
64743,854,18,185,2
64744,854,13,84,6
64745,854,67,13,15
64746,854,16,28,11
64747,854,814,20,13
64748,854,153,16,14
64749,854,2,34,10
64750,854,15,0,21
64751,854,816,0,24
64752,854,10,0,25
64753,854,22,4,17
64754,854,3,62,7
64755,854,5,0,22
64756,854,30,52,8
64757,854,813,1,19
64758,854,155,27,12
64759,854,24,0,23
64760,854,815,9,16
64761,854,39,0,26
64762,854,37,0,20
64763,854,817,0,27
64764,854,812,0,28
64765,854,811,2,18
64766,855,20,324,1
64767,855,1,178,5
64768,855,808,36,9
64769,855,4,202,3
64770,855,17,194,4
64771,855,18,210,2
64772,855,13,90,6
64773,855,67,13,16
64774,855,16,28,11
64775,855,814,20,13
64776,855,153,16,14
64777,855,2,34,10
64778,855,15,0,21
64779,855,816,0,24
64780,855,10,0,25
64781,855,22,4,17
64782,855,3,63,7
64783,855,5,0,22
64784,855,30,60,8
64785,855,813,1,19
64786,855,155,27,12
64787,855,24,0,23
64788,855,815,13,15
64789,855,39,0,26
64790,855,37,0,20
64791,855,817,0,27
64792,855,812,0,28
64793,855,811,2,18
64794,856,20,349,1
64795,856,1,196,5
64796,856,808,36,9
64797,856,4,212,3
64798,856,17,209,4
64799,856,18,222,2
64800,856,13,98,6
64801,856,67,15,15
64802,856,16,28,11
64803,856,814,21,14
64804,856,153,22,13
64805,856,2,34,10
64806,856,15,0,21
64807,856,816,0,24
64808,856,10,0,25
64809,856,22,4,17
64810,856,3,67,7
64811,856,5,0,22
64812,856,30,60,8
64813,856,813,1,19
64814,856,155,27,12
64815,856,24,0,23
64816,856,815,13,16
64817,856,39,0,26
64818,856,37,0,20
64819,856,817,0,27
64820,856,812,0,28
64821,856,811,2,18
64822,857,20,374,1
64823,857,1,202,5
64824,857,808,36,9
64825,857,4,227,3
64826,857,17,221,4
64827,857,18,240,2
64828,857,13,98,6
64829,857,67,15,15
64830,857,16,30,11
64831,857,814,21,14
64832,857,153,26,13
64833,857,2,34,10
64834,857,15,0,21
64835,857,816,0,24
64836,857,10,0,25
64837,857,22,4,17
64838,857,3,75,7
64839,857,5,0,22
64840,857,30,70,8
64841,857,813,1,19
64842,857,155,27,12
64843,857,24,0,23
64844,857,815,14,16
64845,857,39,0,26
64846,857,37,0,20
64847,857,817,0,27
64848,857,812,0,28
64849,857,811,2,18
64850,858,20,374,1
64851,858,1,227,5
64852,858,808,36,9
64853,858,4,245,3
64854,858,17,233,4
64855,858,18,255,2
64856,858,13,108,6
64857,858,67,15,15
64858,858,16,34,11
64859,858,814,23,14
64860,858,153,26,13
64861,858,2,34,10
64862,858,15,0,21
64863,858,816,0,24
64864,858,10,0,25
64865,858,22,4,17
64866,858,3,83,7
64867,858,5,0,22
64868,858,30,76,8
64869,858,813,1,19
64870,858,155,28,12
64871,858,24,0,23
64872,858,815,14,16
64873,858,39,0,26
64874,858,37,0,20
64875,858,817,0,27
64876,858,812,0,28
64877,858,811,2,18
64878,859,20,392,1
64879,859,1,227,5
64880,859,808,37,10
64881,859,4,257,4
64882,859,17,258,3
64883,859,18,270,2
64884,859,13,118,6
64885,859,67,15,15
64886,859,16,42,9
64887,859,814,27,13
64888,859,153,26,14
64889,859,2,34,11
64890,859,15,0,21
64891,859,816,0,24
64892,859,10,0,25
64893,859,22,4,17
64894,859,3,89,7
64895,859,5,0,22
64896,859,30,76,8
64897,859,813,1,19
64898,859,155,30,12
64899,859,24,0,23
64900,859,815,14,16
64901,859,39,0,26
64902,859,37,0,20
64903,859,817,0,27
64904,859,812,0,28
64905,859,811,2,18
64928,861,18,25,3
64929,861,20,18,6
64930,861,1,30,2
64931,861,17,24,4
64932,861,4,35,1
64933,861,155,8,9
64934,861,8,16,7
64935,861,815,22,5
64936,861,817,2,12
64937,861,814,7,10
64938,861,818,4,11
64939,861,3,0,15
64940,861,813,0,16
64941,861,10,0,17
64942,861,819,0,18
64943,861,811,8,8
64944,861,13,0,19
64945,861,5,0,21
64946,861,808,0,20
64947,861,30,1,14
64948,861,154,0,24
64949,861,807,2,13
64950,861,37,0,23
64951,861,39,0,22
64952,862,18,43,2
64953,862,20,28,5
64954,862,1,45,1
64955,862,17,36,4
64956,862,4,37,3
64957,862,155,9,10
64958,862,8,16,8
64959,862,815,22,7
64960,862,817,2,15
64961,862,814,7,12
64962,862,818,4,13
64963,862,3,25,6
64964,862,813,4,14
64965,862,10,0,19
64966,862,819,0,20
64967,862,811,14,9
64968,862,13,0,18
64969,862,5,0,22
64970,862,808,0,21
64971,862,30,1,17
64972,862,154,8,11
64973,862,807,2,16
64974,862,37,0,23
64975,862,39,0,24
64976,860,18,25,1
64977,860,20,18,2
64978,860,1,15,3
64979,860,17,12,4
64980,860,4,10,5
64981,860,155,8,6
64982,860,8,6,7
64983,860,815,4,8
64984,860,817,2,9
64985,860,814,1,10
64986,860,818,0,11
64987,860,3,0,12
64988,860,813,0,13
64989,860,10,0,14
64990,860,819,0,15
64991,860,811,0,16
64992,860,13,0,17
64993,860,5,0,18
64994,860,808,0,19
64995,860,30,0,20
64996,860,154,0,21
64997,860,807,0,22
64998,860,37,0,23
64999,860,39,0,24
65000,863,18,43,4
65001,863,20,53,1
65002,863,1,49,2
65003,863,17,48,3
65004,863,4,43,5
65005,863,155,9,12
65006,863,8,34,7
65007,863,815,22,9
65008,863,817,2,15
65009,863,814,15,10
65010,863,818,4,13
65011,863,3,35,6
65012,863,813,4,14
65013,863,10,0,19
65014,863,819,0,20
65015,863,811,14,11
65016,863,13,2,17
65017,863,5,0,22
65018,863,808,0,21
65019,863,30,2,18
65020,863,154,23,8
65021,863,807,2,16
65022,863,37,0,23
65023,863,39,0,24
65024,864,18,45,6
65025,864,20,61,1
65026,864,1,53,3
65027,864,17,48,5
65028,864,4,61,2
65029,864,155,19,11
65030,864,8,49,4
65031,864,815,22,10
65032,864,817,2,16
65033,864,814,15,12
65034,864,818,4,14
65035,864,3,41,7
65036,864,813,29,9
65037,864,10,0,19
65038,864,819,0,20
65039,864,811,14,13
65040,864,13,2,17
65041,864,5,0,22
65042,864,808,0,21
65043,864,30,2,18
65044,864,154,35,8
65045,864,807,3,15
65046,864,37,0,23
65047,864,39,0,24
65048,865,18,45,7
65049,865,20,73,2
65050,865,1,63,4
65051,865,17,73,3
65052,865,4,76,1
65053,865,155,19,12
65054,865,8,51,6
65055,865,815,22,10
65056,865,817,2,17
65057,865,814,21,11
65058,865,818,4,16
65059,865,3,59,5
65060,865,813,29,9
65061,865,10,0,20
65062,865,819,0,21
65063,865,811,15,13
65064,865,13,10,14
65065,865,5,0,19
65066,865,808,0,23
65067,865,30,2,18
65068,865,154,35,8
65069,865,807,7,15
65070,865,37,0,24
65071,865,39,0,22
65072,866,18,45,8
65073,866,20,85,3
65074,866,1,88,1
65075,866,17,79,4
65076,866,4,86,2
65077,866,155,21,11
65078,866,8,55,6
65079,866,815,37,9
65080,866,817,2,17
65081,866,814,21,12
65082,866,818,4,16
65083,866,3,67,5
65084,866,813,29,10
65085,866,10,0,20
65086,866,819,0,21
65087,866,811,15,13
65088,866,13,11,14
65089,866,5,0,19
65090,866,808,0,23
65091,866,30,2,18
65092,866,154,53,7
65093,866,807,7,15
65094,866,37,0,24
65095,866,39,0,22
65096,867,18,49,8
65097,867,20,85,4
65098,867,1,88,3
65099,867,17,91,2
65100,867,4,111,1
65101,867,155,21,12
65102,867,8,73,6
65103,867,815,39,9
65104,867,817,2,18
65105,867,814,27,11
65106,867,818,4,17
65107,867,3,75,5
65108,867,813,29,10
65109,867,10,0,21
65110,867,819,0,22
65111,867,811,16,15
65112,867,13,11,16
65113,867,5,0,19
65114,867,808,0,20
65115,867,30,17,13
65116,867,154,53,7
65117,867,807,17,14
65118,867,37,0,24
65119,867,39,0,23
65120,868,18,50,8
65121,868,20,100,3
65122,868,1,92,4
65123,868,17,116,2
65124,868,4,129,1
65125,868,155,21,14
65126,868,8,83,5
65127,868,815,39,9
65128,868,817,2,18
65129,868,814,27,11
65130,868,818,4,17
65131,868,3,75,6
65132,868,813,29,10
65133,868,10,0,21
65134,868,819,0,22
65135,868,811,18,15
65136,868,13,23,13
65137,868,5,0,19
65138,868,808,0,20
65139,868,30,23,12
65140,868,154,61,7
65141,868,807,17,16
65142,868,37,0,24
65143,868,39,0,23
65168,869,18,68,7
65169,869,20,110,3
65170,869,1,92,5
65171,869,17,120,2
65172,869,4,154,1
65173,869,155,33,10
65174,869,8,98,4
65175,869,815,47,9
65176,869,817,2,18
65177,869,814,27,13
65178,869,818,4,17
65179,869,3,76,6
65180,869,813,29,11
65181,869,10,0,21
65182,869,819,0,22
65183,869,811,18,16
65184,869,13,23,14
65185,869,5,0,19
65186,869,808,0,20
65187,869,30,29,12
65188,869,154,61,8
65189,869,807,19,15
65190,869,37,0,24
65191,869,39,0,23
65192,870,18,76,7
65193,870,20,122,3
65194,870,1,117,4
65195,870,17,124,2
65196,870,4,164,1
65197,870,155,33,10
65198,870,8,116,5
65199,870,815,47,9
65200,870,817,2,18
65201,870,814,27,13
65202,870,818,4,17
65203,870,3,77,6
65204,870,813,29,11
65205,870,10,0,21
65206,870,819,0,22
65207,870,811,24,15
65208,870,13,25,14
65209,870,5,0,19
65210,870,808,0,20
65211,870,30,29,12
65212,870,154,76,8
65213,870,807,19,16
65214,870,37,0,24
65215,870,39,0,23
65216,871,18,101,6
65217,871,20,140,2
65218,871,1,117,5
65219,871,17,132,3
65220,871,4,164,1
65221,871,155,33,12
65222,871,8,131,4
65223,871,815,47,9
65224,871,817,4,18
65225,871,814,28,15
65226,871,818,8,17
65227,871,3,77,7
65228,871,813,29,14
65229,871,10,0,21
65230,871,819,0,22
65231,871,811,24,16
65232,871,13,35,11
65233,871,5,0,20
65234,871,808,0,19
65235,871,30,35,10
65236,871,154,76,8
65237,871,807,31,13
65238,871,37,0,24
65239,871,39,0,23
65240,872,18,101,6
65241,872,20,140,4
65242,872,1,142,2
65243,872,17,132,5
65244,872,4,179,1
65245,872,155,35,12
65246,872,8,141,3
65247,872,815,65,9
65248,872,817,4,18
65249,872,814,32,13
65250,872,818,8,17
65251,872,3,83,7
65252,872,813,29,15
65253,872,10,0,22
65254,872,819,0,23
65255,872,811,25,16
65256,872,13,47,10
65257,872,5,0,19
65258,872,808,0,20
65259,872,30,43,11
65260,872,154,76,8
65261,872,807,31,14
65262,872,37,0,25
65263,872,39,0,24
65264,872,816,0,21
65340,873,18,119,6
65341,873,20,165,2
65342,873,1,142,4
65343,873,17,132,5
65344,873,4,194,1
65345,873,155,35,13
65346,873,8,149,3
65347,873,815,66,9
65348,873,817,6,18
65349,873,814,44,11
65350,873,818,8,17
65351,873,3,93,7
65352,873,813,29,15
65353,873,10,0,19
65354,873,819,0,23
65355,873,811,25,16
65356,873,13,51,10
65357,873,5,0,20
65358,873,808,0,21
65359,873,30,43,12
65360,873,154,82,8
65361,873,807,31,14
65362,873,37,0,25
65363,873,39,0,24
65364,873,816,0,22
65365,874,18,131,6
65366,874,20,190,2
65367,874,1,152,4
65368,874,17,134,5
65369,874,4,194,1
65370,874,155,50,11
65371,874,8,157,3
65372,874,815,66,10
65373,874,817,7,18
65374,874,814,44,12
65375,874,818,8,17
65376,874,3,93,7
65377,874,813,33,15
65378,874,10,0,19
65379,874,819,0,23
65380,874,811,25,16
65381,874,13,69,9
65382,874,5,0,20
65383,874,808,0,21
65384,874,30,43,13
65385,874,154,82,8
65386,874,807,37,14
65387,874,37,0,25
65388,874,39,0,24
65389,874,816,0,22
65390,875,18,131,6
65391,875,20,215,1
65392,875,1,153,4
65393,875,17,152,5
65394,875,4,209,2
65395,875,155,50,11
65396,875,8,167,3
65397,875,815,66,10
65398,875,817,9,18
65399,875,814,44,13
65400,875,818,12,17
65401,875,3,93,7
65402,875,813,33,15
65403,875,10,0,19
65404,875,819,0,23
65405,875,811,25,16
65406,875,13,81,9
65407,875,5,0,20
65408,875,808,0,21
65409,875,30,43,14
65410,875,154,88,8
65411,875,807,45,12
65412,875,37,0,25
65413,875,39,0,24
65414,875,816,0,22
65415,876,18,141,6
65416,876,20,240,1
65417,876,1,165,5
65418,876,17,167,4
65419,876,4,227,2
65420,876,155,50,11
65421,876,8,173,3
65422,876,815,66,10
65423,876,817,9,18
65424,876,814,44,13
65425,876,818,12,17
65426,876,3,93,7
65427,876,813,33,15
65428,876,10,0,19
65429,876,819,0,23
65430,876,811,26,16
65431,876,13,89,9
65432,876,5,0,20
65433,876,808,0,21
65434,876,30,43,14
65435,876,154,90,8
65436,876,807,49,12
65437,876,37,0,25
65438,876,39,0,24
65439,876,816,0,22
65440,877,18,153,6
65441,877,20,255,1
65442,877,1,165,5
65443,877,17,167,4
65444,877,4,245,2
65445,877,155,58,11
65446,877,8,198,3
65447,877,815,66,10
65448,877,817,10,18
65449,877,814,46,13
65450,877,818,12,17
65451,877,3,93,8
65452,877,813,43,14
65453,877,10,0,19
65454,877,819,0,23
65455,877,811,30,16
65456,877,13,95,7
65457,877,5,0,20
65458,877,808,0,21
65459,877,30,43,15
65460,877,154,90,9
65461,877,807,49,12
65462,877,37,0,25
65463,877,39,0,24
65464,877,816,0,22
65465,878,18,163,6
65466,878,20,273,1
65467,878,1,190,4
65468,878,17,167,5
65469,878,4,260,2
65470,878,155,58,11
65471,878,8,206,3
65472,878,815,66,10
65473,878,817,10,18
65474,878,814,46,13
65475,878,818,12,17
65476,878,3,93,9
65477,878,813,45,14
65478,878,10,0,19
65479,878,819,0,23
65480,878,811,31,16
65481,878,13,107,7
65482,878,5,0,20
65483,878,808,0,21
65484,878,30,43,15
65485,878,154,96,8
65486,878,807,53,12
65487,878,37,0,25
65488,878,39,0,24
65489,878,816,0,22
65490,879,18,188,5
65491,879,20,281,1
65492,879,1,190,4
65493,879,17,179,6
65494,879,4,278,2
65495,879,155,60,12
65496,879,8,207,3
65497,879,815,66,10
65498,879,817,10,18
65499,879,814,46,14
65500,879,818,16,17
65501,879,3,93,9
65502,879,813,45,15
65503,879,10,0,20
65504,879,819,0,21
65505,879,811,31,16
65506,879,13,122,7
65507,879,5,0,22
65508,879,808,0,19
65509,879,30,49,13
65510,879,154,96,8
65511,879,807,63,11
65512,879,37,0,25
65513,879,39,0,24
65514,879,816,0,23
65515,880,8,25,1
65516,880,4,18,2
65517,880,20,15,3
65518,880,13,12,4
65519,880,1,10,5
65520,880,17,8,6
65521,880,16,6,7
65522,880,814,4,8
65523,880,18,2,9
65524,880,154,1,10
65525,880,815,0,11
65526,880,818,0,12
65527,880,821,0,13
65528,880,822,0,14
65529,880,824,0,15
65530,880,819,0,16
65531,880,820,0,17
65532,880,823,0,18
65533,880,817,0,19
65534,880,3,0,20
65535,880,813,0,21
65536,880,807,0,22
65537,881,8,31,2
65538,881,4,18,6
65539,881,20,40,1
65540,881,13,22,5
65541,881,1,25,4
65542,881,17,26,3
65543,881,16,6,9
65544,881,814,4,10
65545,881,18,2,13
65546,881,154,9,8
65547,881,815,2,12
65548,881,818,1,14
65549,881,821,0,16
65550,881,822,0,15
65551,881,824,0,17
65552,881,819,0,18
65553,881,820,0,20
65554,881,823,0,19
65555,881,817,0,21
65556,881,3,12,7
65557,881,813,0,22
65558,881,807,4,11
65559,882,8,49,2
65560,882,4,43,3
65561,882,20,52,1
65562,882,13,30,5
65563,882,1,40,4
65564,882,17,26,6
65565,882,16,6,12
65566,882,814,8,10
65567,882,18,12,8
65568,882,154,11,9
65569,882,815,2,14
65570,882,818,1,15
65571,882,821,0,17
65572,882,822,0,16
65573,882,824,0,18
65574,882,819,0,19
65575,882,820,0,22
65576,882,823,0,21
65577,882,817,6,11
65578,882,3,12,7
65579,882,813,0,20
65580,882,807,5,13
65581,883,8,67,2
65582,883,4,47,4
65583,883,20,77,1
65584,883,13,30,6
65585,883,1,50,3
65586,883,17,32,5
65587,883,16,6,12
65588,883,814,20,8
65589,883,18,13,10
65590,883,154,26,7
65591,883,815,10,11
65592,883,818,1,15
65593,883,821,0,18
65594,883,822,0,16
65595,883,824,0,19
65596,883,819,0,20
65597,883,820,0,22
65598,883,823,0,21
65599,883,817,6,13
65600,883,3,14,9
65601,883,813,0,17
65602,883,807,5,14
65625,884,8,85,2
65626,884,4,72,3
65627,884,20,89,1
65628,884,13,45,5
65629,884,1,50,4
65630,884,17,42,6
65631,884,16,6,13
65632,884,814,26,8
65633,884,18,17,10
65634,884,154,26,7
65635,884,815,12,11
65636,884,818,1,15
65637,884,821,0,16
65638,884,822,0,17
65639,884,824,0,19
65640,884,819,0,20
65641,884,820,0,22
65642,884,823,0,21
65643,884,817,7,12
65644,884,3,22,9
65645,884,813,0,18
65646,884,807,5,14
65647,885,8,86,2
65648,885,4,78,3
65649,885,20,107,1
65650,885,13,45,7
65651,885,1,62,4
65652,885,17,57,5
65653,885,16,16,11
65654,885,814,28,8
65655,885,18,25,10
65656,885,154,26,9
65657,885,815,12,12
65658,885,818,5,15
65659,885,821,0,16
65660,885,822,0,17
65661,885,824,0,19
65662,885,819,0,20
65663,885,820,0,21
65664,885,823,0,22
65665,885,817,7,13
65666,885,3,47,6
65667,885,813,0,18
65668,885,807,5,14
65669,886,8,88,3
65670,886,4,96,2
65671,886,20,132,1
65672,886,13,49,7
65673,886,1,77,4
65674,886,17,69,5
65675,886,16,17,11
65676,886,814,34,8
65677,886,18,25,10
65678,886,154,26,9
65679,886,815,12,13
65680,886,818,13,12
65681,886,821,0,16
65682,886,822,0,17
65683,886,824,0,19
65684,886,819,0,20
65685,886,820,0,21
65686,886,823,0,22
65687,886,817,7,14
65688,886,3,57,6
65689,886,813,0,18
65690,886,807,5,15
65713,887,8,98,3
65714,887,4,111,2
65715,887,20,132,1
65716,887,13,57,7
65717,887,1,89,4
65718,887,17,87,5
65719,887,16,23,11
65720,887,814,36,8
65721,887,18,25,10
65722,887,154,26,9
65723,887,815,12,13
65724,887,818,13,12
65725,887,821,0,18
65726,887,822,0,17
65727,887,824,0,19
65728,887,819,0,20
65729,887,820,0,21
65730,887,823,0,22
65731,887,817,11,14
65732,887,3,82,6
65733,887,813,0,16
65734,887,807,6,15
65735,888,8,116,3
65736,888,4,123,2
65737,888,20,157,1
65738,888,13,57,7
65739,888,1,99,4
65740,888,17,93,5
65741,888,16,23,11
65742,888,814,36,9
65743,888,18,33,10
65744,888,154,41,8
65745,888,815,16,12
65746,888,818,13,13
65747,888,821,0,18
65748,888,822,0,17
65749,888,824,0,19
65750,888,819,0,20
65751,888,820,0,21
65752,888,823,0,22
65753,888,817,11,14
65754,888,3,84,6
65755,888,813,0,16
65756,888,807,7,15
65757,890,8,134,2
65758,890,4,133,3
65759,890,20,172,1
65760,890,13,61,7
65761,890,1,124,4
65762,890,17,105,5
65763,890,16,23,11
65764,890,814,36,10
65765,890,18,39,9
65766,890,154,49,8
65767,890,815,18,12
65768,890,818,13,13
65769,890,821,0,18
65770,890,822,0,17
65771,890,824,0,19
65772,890,819,0,20
65773,890,820,0,22
65774,890,823,0,21
65775,890,817,11,14
65776,890,3,84,6
65777,890,813,1,16
65778,890,807,7,15
65779,891,8,134,4
65780,891,4,151,2
65781,891,20,197,1
65782,891,13,67,7
65783,891,1,139,3
65784,891,17,115,5
65785,891,16,25,11
65786,891,814,36,10
65787,891,18,47,9
65788,891,154,53,8
65789,891,815,18,12
65790,891,818,13,13
65791,891,821,0,18
65792,891,822,0,17
65793,891,824,0,19
65794,891,819,0,20
65795,891,820,0,22
65796,891,823,0,21
65797,891,817,12,14
65798,891,3,96,6
65799,891,813,1,16
65800,891,807,7,15
65801,892,8,134,4
65802,892,4,169,2
65803,892,20,222,1
65804,892,13,79,7
65805,892,1,141,3
65806,892,17,130,5
65807,892,16,25,11
65808,892,814,36,10
65809,892,18,48,9
65810,892,154,57,8
65811,892,815,18,12
65812,892,818,13,15
65813,892,821,0,18
65814,892,822,0,17
65815,892,824,0,19
65816,892,819,0,20
65817,892,820,0,22
65818,892,823,0,21
65819,892,817,18,13
65820,892,3,104,6
65821,892,813,1,16
65822,892,807,17,14
65823,893,8,149,4
65824,893,4,187,2
65825,893,20,247,1
65826,893,13,87,7
65827,893,1,151,3
65828,893,17,130,5
65829,893,16,26,11
65830,893,814,36,10
65831,893,18,54,9
65832,893,154,57,8
65833,893,815,22,12
65834,893,818,13,15
65835,893,821,0,17
65836,893,822,0,18
65837,893,824,0,19
65838,893,819,0,20
65839,893,820,0,22
65840,893,823,0,21
65841,893,817,18,14
65842,893,3,116,6
65843,893,813,1,16
65844,893,807,19,13
65845,894,8,167,3
65846,894,4,195,2
65847,894,20,272,1
65848,894,13,89,7
65849,894,1,161,4
65850,894,17,130,5
65851,894,16,26,12
65852,894,814,36,10
65853,894,18,58,9
65854,894,154,72,8
65855,894,815,23,13
65856,894,818,13,15
65857,894,821,0,17
65858,894,822,0,18
65859,894,824,0,19
65860,894,819,0,20
65861,894,820,0,22
65862,894,823,0,21
65863,894,817,18,14
65864,894,3,122,6
65865,894,813,1,16
65866,894,807,31,11
65867,895,8,177,3
65868,895,4,207,2
65869,895,20,297,1
65870,895,13,90,7
65871,895,1,161,4
65872,895,17,148,5
65873,895,16,26,12
65874,895,814,36,11
65875,895,18,60,9
65876,895,154,87,8
65877,895,815,23,13
65878,895,818,13,15
65879,895,821,6,16
65880,895,822,0,18
65881,895,824,0,19
65882,895,819,0,20
65883,895,820,0,22
65884,895,823,0,21
65885,895,817,18,14
65886,895,3,126,6
65887,895,813,1,17
65888,895,807,39,10
65889,896,8,183,3
65890,896,4,207,2
65891,896,20,322,1
65892,896,13,102,8
65893,896,1,169,4
65894,896,17,148,5
65895,896,16,28,13
65896,896,814,40,10
65897,896,18,60,9
65898,896,154,102,7
65899,896,815,33,12
65900,896,818,13,15
65901,896,821,6,16
65902,896,822,0,18
65903,896,824,0,19
65904,896,819,0,20
65905,896,820,0,22
65906,896,823,0,21
65907,896,817,19,14
65908,896,3,144,6
65909,896,813,1,17
65910,896,807,39,11
65911,897,8,183,3
65912,897,4,217,2
65913,897,20,347,1
65914,897,13,106,8
65915,897,1,175,4
65916,897,17,166,5
65917,897,16,29,13
65918,897,814,48,10
65919,897,18,60,9
65920,897,154,114,7
65921,897,815,35,12
65922,897,818,13,15
65923,897,821,6,16
65924,897,822,0,18
65925,897,824,0,19
65926,897,819,0,20
65927,897,820,0,22
65928,897,823,0,21
65929,897,817,19,14
65930,897,3,159,6
65931,897,813,1,17
65932,897,807,39,11
65933,898,8,183,4
65934,898,4,227,2
65935,898,20,372,1
65936,898,13,106,8
65937,898,1,187,3
65938,898,17,181,5
65939,898,16,29,13
65940,898,814,48,10
65941,898,18,61,9
65942,898,154,132,7
65943,898,815,41,12
65944,898,818,13,15
65945,898,821,6,16
65946,898,822,4,17
65947,898,824,0,19
65948,898,819,0,20
65949,898,820,0,22
65950,898,823,0,21
65951,898,817,19,14
65952,898,3,161,6
65953,898,813,1,18
65954,898,807,47,11
65955,898,5,0,23
65956,899,8,183,5
65957,899,4,242,2
65958,899,20,397,1
65959,899,13,112,8
65960,899,1,189,4
65961,899,17,199,3
65962,899,16,29,13
65963,899,814,48,12
65964,899,18,73,9
65965,899,154,132,7
65966,899,815,49,11
65967,899,818,13,15
65968,899,821,6,16
65969,899,822,4,17
65970,899,824,0,19
65971,899,819,0,20
65972,899,820,0,23
65973,899,823,0,21
65974,899,817,20,14
65975,899,3,171,6
65976,899,813,1,18
65977,899,807,51,10
65978,899,5,0,22
65979,272,30,92,1
65980,272,71,91,2
65981,272,55,24,5
65982,272,22,19,6
65983,272,79,5,17
65984,272,91,4,19
65985,272,65,0,26
65986,272,94,4,21
65987,272,100,2,23
65988,272,83,0,28
65989,272,44,9,11
65990,272,101,0,31
65991,272,102,0,38
65992,272,84,16,7
65993,272,56,6,16
65994,272,50,10,10
65995,272,103,4,18
65996,272,87,8,12
65997,272,104,6,15
65998,272,49,7,13
65999,272,57,26,4
66000,272,105,1,25
66001,272,81,3,22
66002,272,77,41,3
66003,272,106,0,27
66004,272,92,0,40
66005,272,107,0,34
66006,272,108,0,39
66007,272,88,0,42
66008,272,78,6,14
66009,272,110,4,20
66010,272,109,1,24
66011,272,70,0,30
66012,272,14,14,8
66013,272,85,0,46
66014,272,111,0,29
66015,272,95,13,9
66016,272,112,0,43
66017,272,114,0,35
66018,272,113,0,36
66019,272,93,0,37
66020,272,115,0,44
66021,272,63,0,32
66022,272,116,0,33
66023,272,89,0,45
66024,272,98,0,41
66025,257,30,10,1
66026,257,71,6,2
66027,257,55,4,3
66028,257,22,3,4
66029,257,79,2,5
66030,257,91,1,6
66031,257,65,0,7
66032,257,94,0,8
66033,257,100,0,9
66034,257,83,0,10
66035,257,44,0,11
66036,257,101,0,12
66037,257,102,0,13
66038,257,84,0,14
66039,257,56,0,15
66040,257,50,0,16
66041,257,103,0,17
66042,257,87,0,18
66043,257,104,0,19
66044,257,49,0,20
66045,257,57,0,21
66046,257,105,0,22
66047,257,81,0,23
66048,257,77,0,24
66049,257,106,0,25
66050,257,92,0,26
66051,257,107,0,27
66052,257,108,0,28
66053,258,30,20,1
66054,258,71,6,3
66055,258,55,4,5
66056,258,22,7,2
66057,258,79,2,8
66058,258,91,1,10
66059,258,65,0,11
66060,258,94,0,13
66061,258,100,1,9
66062,258,83,0,12
66063,258,44,0,14
66064,258,101,0,17
66065,258,102,0,19
66066,258,84,0,20
66067,258,56,0,22
66068,258,50,0,23
66069,258,103,0,15
66070,258,87,0,24
66071,258,104,3,6
66072,258,49,2,7
66073,258,57,0,26
66074,258,105,0,21
66075,258,81,0,18
66076,258,77,6,4
66077,258,106,0,27
66078,258,92,0,29
66079,258,107,0,16
66080,258,108,0,30
66081,258,88,0,25
66082,258,78,0,28
66083,259,30,30,1
66084,259,71,7,2
66085,259,55,4,7
66086,259,22,7,3
66087,259,79,4,9
66088,259,91,4,8
66089,259,65,0,13
66090,259,94,0,16
66091,259,100,1,12
66092,259,83,0,14
66093,259,44,0,17
66094,259,101,0,21
66095,259,102,0,23
66096,259,84,0,15
66097,259,56,0,26
66098,259,50,0,27
66099,259,103,0,19
66100,259,87,0,18
66101,259,104,3,10
66102,259,49,2,11
66103,259,57,4,6
66104,259,105,0,24
66105,259,81,0,22
66106,259,77,6,4
66107,259,106,0,30
66108,259,92,0,28
66109,259,107,0,20
66110,259,108,0,32
66111,259,88,0,29
66112,259,78,6,5
66113,259,110,0,25
66114,259,109,0,31
66115,260,30,40,1
66116,260,71,7,3
66117,260,55,6,7
66118,260,22,7,4
66119,260,79,4,10
66120,260,91,4,9
66121,260,65,0,16
66122,260,94,0,19
66123,260,100,1,14
66124,260,83,0,18
66125,260,44,0,21
66126,260,101,0,25
66127,260,102,0,27
66128,260,84,6,5
66129,260,56,0,30
66130,260,50,0,31
66131,260,103,0,23
66132,260,87,0,22
66133,260,104,3,11
66134,260,49,2,13
66135,260,57,4,8
66136,260,105,1,15
66137,260,81,0,26
66138,260,77,10,2
66139,260,106,0,20
66140,260,92,0,29
66141,260,107,0,24
66142,260,108,0,28
66143,260,88,0,32
66144,260,78,6,6
66145,260,110,3,12
66146,260,109,0,17
66147,261,30,46,1
66148,261,71,17,2
66149,261,55,9,4
66150,261,22,7,5
66151,261,79,4,11
66152,261,91,4,10
66153,261,65,0,19
66154,261,94,2,15
66155,261,100,1,16
66156,261,83,0,22
66157,261,44,0,20
66158,261,101,0,26
66159,261,102,0,29
66160,261,84,6,6
66161,261,56,1,18
66162,261,50,0,32
66163,261,103,0,23
66164,261,87,4,8
66165,261,104,3,12
66166,261,49,2,14
66167,261,57,4,9
66168,261,105,1,17
66169,261,81,0,28
66170,261,77,10,3
66171,261,106,0,24
66172,261,92,0,31
66173,261,107,0,27
66174,261,108,0,30
66175,261,88,0,34
66176,261,78,6,7
66177,261,110,3,13
66178,261,109,0,21
66179,261,70,0,25
66180,261,14,0,33
66181,261,85,0,35
66182,262,30,56,1
66183,262,71,23,2
66184,262,55,13,4
66185,262,22,7,5
66186,262,79,4,11
66187,262,91,4,10
66188,262,65,0,21
66189,262,94,2,15
66190,262,100,1,18
66191,262,83,0,23
66192,262,44,0,22
66193,262,101,0,27
66194,262,102,0,30
66195,262,84,6,6
66196,262,56,1,20
66197,262,50,0,33
66198,262,103,0,24
66199,262,87,4,8
66200,262,104,3,12
66201,262,49,2,14
66202,262,57,4,9
66203,262,105,1,19
66204,262,81,0,29
66205,262,77,13,3
66206,262,106,0,25
66207,262,92,0,32
66208,262,107,0,28
66209,262,108,0,31
66210,262,88,0,34
66211,262,78,6,7
66212,262,110,3,13
66213,262,109,1,17
66214,262,70,0,26
66215,262,14,2,16
66216,262,85,0,35
66217,263,30,66,1
66218,263,71,29,2
66219,263,55,13,4
66220,263,22,7,5
66221,263,79,4,14
66222,263,91,4,11
66223,263,65,0,21
66224,263,94,4,13
66225,263,100,1,18
66226,263,83,0,23
66227,263,44,0,22
66228,263,101,0,28
66229,263,102,0,31
66230,263,84,6,6
66231,263,56,1,20
66232,263,50,0,35
66233,263,103,0,24
66234,263,87,4,9
66235,263,104,3,15
66236,263,49,5,8
66237,263,57,4,10
66238,263,105,1,19
66239,263,81,0,30
66240,263,77,17,3
66241,263,106,0,25
66242,263,92,0,33
66243,263,107,0,29
66244,263,108,0,32
66245,263,88,0,36
66246,263,78,6,7
66247,263,110,4,12
66248,263,109,1,17
66249,263,70,0,26
66250,263,14,2,16
66251,263,85,0,37
66252,263,111,0,27
66253,263,95,0,34
66254,264,30,66,1
66255,264,71,39,2
66256,264,55,19,3
66257,264,22,10,5
66258,264,79,5,10
66259,264,91,4,12
66260,264,65,0,21
66261,264,94,4,14
66262,264,100,1,18
66263,264,83,0,23
66264,264,44,0,22
66265,264,101,0,29
66266,264,102,0,32
66267,264,84,6,7
66268,264,56,1,20
66269,264,50,0,26
66270,264,103,0,24
66271,264,87,4,11
66272,264,104,3,16
66273,264,49,5,9
66274,264,57,8,6
66275,264,105,1,19
66276,264,81,0,31
66277,264,77,17,4
66278,264,106,0,25
66279,264,92,0,34
66280,264,107,0,30
66281,264,108,0,33
66282,264,88,0,36
66283,264,78,6,8
66284,264,110,4,13
66285,264,109,1,17
66286,264,70,0,27
66287,264,14,4,15
66288,264,85,0,37
66289,264,111,0,28
66290,264,95,0,35
66291,265,30,66,1
66292,265,71,39,2
66293,265,55,19,4
66294,265,22,10,5
66295,265,79,5,12
66296,265,91,4,15
66297,265,65,0,24
66298,265,94,4,17
66299,265,100,2,20
66300,265,83,0,26
66301,265,44,6,7
66302,265,101,0,30
66303,265,102,0,32
66304,265,84,6,8
66305,265,56,1,23
66306,265,50,0,27
66307,265,103,4,13
66308,265,87,4,14
66309,265,104,6,10
66310,265,49,5,11
66311,265,57,8,6
66312,265,105,1,22
66313,265,81,2,19
66314,265,77,27,3
66315,265,106,0,25
66316,265,92,0,34
66317,265,107,0,31
66318,265,108,0,33
66319,265,88,0,36
66320,265,78,6,9
66321,265,110,4,16
66322,265,109,1,21
66323,265,70,0,28
66324,265,14,4,18
66325,265,85,0,37
66326,265,111,0,29
66327,265,95,0,35
66328,266,30,76,1
66329,266,71,45,2
66330,266,55,19,4
66331,266,22,10,5
66332,266,79,5,13
66333,266,91,4,16
66334,266,65,0,25
66335,266,94,4,18
66336,266,100,2,21
66337,266,83,0,27
66338,266,44,7,8
66339,266,101,0,30
66340,266,102,0,32
66341,266,84,9,6
66342,266,56,1,24
66343,266,50,4,15
66344,266,103,4,14
66345,266,87,6,10
66346,266,104,6,11
66347,266,49,5,12
66348,266,57,8,7
66349,266,105,1,22
66350,266,81,2,20
66351,266,77,27,3
66352,266,106,0,26
66353,266,92,0,34
66354,266,107,0,31
66355,266,108,0,33
66356,266,88,0,36
66357,266,78,6,9
66358,266,110,4,17
66359,266,109,1,23
66360,266,70,0,28
66361,266,14,4,19
66362,266,85,0,38
66363,266,111,0,29
66364,266,95,0,35
66365,266,112,0,37
66366,267,30,76,1
66367,267,71,55,2
66368,267,55,19,4
66369,267,22,10,6
66370,267,79,5,15
66371,267,91,4,17
66372,267,65,0,25
66373,267,94,4,19
66374,267,100,2,21
66375,267,83,0,27
66376,267,44,7,10
66377,267,101,0,30
66378,267,102,0,32
66379,267,84,9,7
66380,267,56,1,24
66381,267,50,8,8
66382,267,103,4,16
66383,267,87,8,9
66384,267,104,6,13
66385,267,49,5,14
66386,267,57,14,5
66387,267,105,1,22
66388,267,81,3,20
66389,267,77,27,3
66390,267,106,0,26
66391,267,92,0,34
66392,267,107,0,31
66393,267,108,0,33
66394,267,88,0,36
66395,267,78,6,12
66396,267,110,4,18
66397,267,109,1,23
66398,267,70,0,29
66399,267,14,7,11
66400,267,85,0,38
66401,267,111,0,28
66402,267,95,0,35
66403,267,112,0,37
66404,268,30,76,1
66405,268,71,65,2
66406,268,55,19,4
66407,268,22,13,6
66408,268,79,5,15
66409,268,91,4,17
66410,268,65,0,25
66411,268,94,4,19
66412,268,100,2,21
66413,268,83,0,27
66414,268,44,7,11
66415,268,101,0,30
66416,268,102,0,32
66417,268,84,11,7
66418,268,56,1,24
66419,268,50,8,8
66420,268,103,4,16
66421,268,87,8,9
66422,268,104,6,13
66423,268,49,5,14
66424,268,57,18,5
66425,268,105,1,22
66426,268,81,3,20
66427,268,77,33,3
66428,268,106,0,26
66429,268,92,0,34
66430,268,107,0,31
66431,268,108,0,33
66432,268,88,0,36
66433,268,78,6,12
66434,268,110,4,18
66435,268,109,1,23
66436,268,70,0,29
66437,268,14,8,10
66438,268,85,0,39
66439,268,111,0,28
66440,268,95,0,35
66441,268,112,0,38
66442,268,114,0,37
66443,269,30,76,1
66444,269,71,75,2
66445,269,55,19,5
66446,269,22,16,6
66447,269,79,5,15
66448,269,91,4,17
66449,269,65,0,25
66450,269,94,4,19
66451,269,100,2,21
66452,269,83,0,27
66453,269,44,7,11
66454,269,101,0,30
66455,269,102,0,34
66456,269,84,12,8
66457,269,56,1,24
66458,269,50,10,9
66459,269,103,4,16
66460,269,87,8,10
66461,269,104,6,13
66462,269,49,5,14
66463,269,57,22,4
66464,269,105,1,22
66465,269,81,3,20
66466,269,77,33,3
66467,269,106,0,26
66468,269,92,0,36
66469,269,107,0,31
66470,269,108,0,35
66471,269,88,0,38
66472,269,78,6,12
66473,269,110,4,18
66474,269,109,1,23
66475,269,70,0,29
66476,269,14,14,7
66477,269,85,0,40
66478,269,111,0,28
66479,269,95,0,37
66480,269,112,0,39
66481,269,114,0,32
66482,269,113,0,33
66483,270,30,86,1
66484,270,71,81,2
66485,270,55,19,5
66486,270,22,16,6
66487,270,79,5,15
66488,270,91,4,18
66489,270,65,0,25
66490,270,94,4,20
66491,270,100,2,22
66492,270,83,0,27
66493,270,44,7,11
66494,270,101,0,30
66495,270,102,0,35
66496,270,84,12,8
66497,270,56,4,17
66498,270,50,10,9
66499,270,103,4,16
66500,270,87,8,10
66501,270,104,6,13
66502,270,49,6,14
66503,270,57,26,4
66504,270,105,1,23
66505,270,81,3,21
66506,270,77,35,3
66507,270,106,0,26
66508,270,92,0,37
66509,270,107,0,31
66510,270,108,0,36
66511,270,88,0,39
66512,270,78,6,12
66513,270,110,4,19
66514,270,109,1,24
66515,270,70,0,29
66516,270,14,14,7
66517,270,85,0,42
66518,270,111,0,28
66519,270,95,0,38
66520,270,112,0,40
66521,270,114,0,32
66522,270,113,0,33
66523,270,93,0,34
66524,270,115,0,41
66525,271,30,92,1
66526,271,71,91,2
66527,271,55,23,5
66528,271,22,16,6
66529,271,79,5,16
66530,271,91,4,18
66531,271,65,0,26
66532,271,94,4,20
66533,271,100,2,23
66534,271,83,0,28
66535,271,44,7,11
66536,271,101,0,31
66537,271,102,0,37
66538,271,84,12,8
66539,271,56,6,15
66540,271,50,10,9
66541,271,103,4,17
66542,271,87,8,10
66543,271,104,6,14
66544,271,49,7,12
66545,271,57,26,4
66546,271,105,1,24
66547,271,81,3,22
66548,271,77,35,3
66549,271,106,0,27
66550,271,92,0,39
66551,271,107,0,33
66552,271,108,0,38
66553,271,88,0,41
66554,271,78,6,13
66555,271,110,4,19
66556,271,109,1,25
66557,271,70,0,30
66558,271,14,14,7
66559,271,85,0,45
66560,271,111,0,29
66561,271,95,3,21
66562,271,112,0,42
66563,271,114,0,34
66564,271,113,0,35
66565,271,93,0,36
66566,271,115,0,44
66567,271,63,0,32
66568,271,116,0,40
66569,271,89,0,43
66613,900,3,25,1
66614,900,825,18,2
66615,900,18,15,3
66616,900,4,12,4
66617,900,822,10,5
66618,900,807,8,6
66619,900,8,6,7
66620,900,818,4,8
66621,900,826,2,9
66622,900,815,1,10
66623,900,16,0,11
66624,900,821,0,12
66625,900,820,0,13
66626,900,824,0,14
66627,900,154,0,15
66628,900,813,0,16
66629,900,828,0,17
66630,900,20,0,18
66631,900,1,0,19
66632,900,13,0,20
66633,900,155,0,21
66634,900,817,0,22
66635,901,3,43,1
66636,901,825,20,5
66637,901,18,23,4
66638,901,4,24,3
66639,901,822,14,8
66640,901,807,18,6
66641,901,8,6,9
66642,901,818,4,11
66643,901,826,3,12
66644,901,815,1,13
66645,901,16,0,15
66646,901,821,0,16
66647,901,820,0,17
66648,901,824,0,20
66649,901,154,0,14
66650,901,813,0,21
66651,901,828,0,19
66652,901,20,15,7
66653,901,1,25,2
66654,901,13,6,10
66655,901,155,0,18
66656,901,817,0,22
66657,902,3,61,1
66658,902,825,20,7
66659,902,18,23,5
66660,902,4,26,4
66661,902,822,18,8
66662,902,807,28,3
66663,902,8,7,12
66664,902,818,4,13
66665,902,826,3,14
66666,902,815,16,9
66667,902,16,0,16
66668,902,821,0,17
66669,902,820,0,18
66670,902,824,0,22
66671,902,154,0,15
66672,902,813,0,20
66673,902,828,0,21
66674,902,20,23,6
66675,902,1,50,2
66676,902,13,12,11
66677,902,155,0,19
66678,902,817,12,10
66679,903,3,79,1
66680,903,825,20,9
66681,903,18,23,8
66682,903,4,41,3
66683,903,822,24,7
66684,903,807,36,4
66685,903,8,11,12
66686,903,818,4,13
66687,903,826,4,14
66688,903,815,18,10
66689,903,16,0,16
66690,903,821,0,17
66691,903,820,0,18
66692,903,824,0,22
66693,903,154,0,15
66694,903,813,0,20
66695,903,828,0,21
66696,903,20,33,5
66697,903,1,75,2
66698,903,13,12,11
66699,903,155,0,19
66700,903,817,24,6
66701,904,3,97,2
66702,904,825,20,9
66703,904,18,23,8
66704,904,4,49,3
66705,904,822,34,7
66706,904,807,37,6
66707,904,8,17,11
66708,904,818,4,14
66709,904,826,4,15
66710,904,815,20,10
66711,904,16,0,16
66712,904,821,0,17
66713,904,820,0,18
66714,904,824,0,22
66715,904,154,4,13
66716,904,813,0,20
66717,904,828,0,21
66718,904,20,45,4
66719,904,1,100,1
66720,904,13,12,12
66721,904,155,0,19
66722,904,817,39,5
66723,905,3,122,1
66724,905,825,21,9
66725,905,18,31,8
66726,905,4,61,3
66727,905,822,34,7
66728,905,807,47,5
66729,905,8,17,12
66730,905,818,4,14
66731,905,826,4,15
66732,905,815,20,10
66733,905,16,0,18
66734,905,821,0,19
66735,905,820,0,20
66736,905,824,2,16
66737,905,154,8,13
66738,905,813,0,22
66739,905,828,0,17
66740,905,20,45,6
66741,905,1,118,2
66742,905,13,18,11
66743,905,155,0,21
66744,905,817,54,4
66745,906,3,140,1
66746,906,825,23,9
66747,906,18,43,7
66748,906,4,69,4
66749,906,822,40,8
66750,906,807,57,6
66751,906,8,18,12
66752,906,818,8,14
66753,906,826,4,15
66754,906,815,20,10
66755,906,16,0,17
66756,906,821,0,19
66757,906,820,0,20
66758,906,824,2,16
66759,906,154,8,13
66760,906,813,0,22
66761,906,828,0,18
66762,906,20,60,5
66763,906,1,118,2
66764,906,13,18,11
66765,906,155,0,21
66766,906,817,79,3
66767,907,3,165,1
66768,907,825,29,10
66769,907,18,43,8
66770,907,4,79,4
66771,907,822,55,7
66772,907,807,59,6
66773,907,8,19,12
66774,907,818,8,14
66775,907,826,4,15
66776,907,815,28,11
66777,907,16,0,17
66778,907,821,0,20
66779,907,820,0,21
66780,907,824,2,16
66781,907,154,8,13
66782,907,813,0,19
66783,907,828,0,18
66784,907,20,60,5
66785,907,1,136,2
66786,907,13,30,9
66787,907,155,0,22
66788,907,817,83,3
66789,908,3,165,1
66790,908,825,35,9
66791,908,18,55,8
66792,908,4,87,4
66793,908,822,73,5
66794,908,807,63,7
66795,908,8,19,12
66796,908,818,9,13
66797,908,826,6,15
66798,908,815,28,11
66799,908,16,0,17
66800,908,821,0,20
66801,908,820,0,21
66802,908,824,2,16
66803,908,154,8,14
66804,908,813,0,19
66805,908,828,0,18
66806,908,20,70,6
66807,908,1,161,2
66808,908,13,30,10
66809,908,155,0,22
66810,908,817,98,3
66811,909,3,190,1
66812,909,825,37,9
66813,909,18,59,8
66814,909,4,97,4
66815,909,822,91,5
66816,909,807,69,7
66817,909,8,19,12
66818,909,818,9,13
66819,909,826,6,15
66820,909,815,29,11
66821,909,16,0,17
66822,909,821,0,20
66823,909,820,0,21
66824,909,824,2,16
66825,909,154,8,14
66826,909,813,0,19
66827,909,828,0,18
66828,909,20,82,6
66829,909,1,176,2
66830,909,13,30,10
66831,909,155,0,22
66832,909,817,106,3
66833,910,3,202,1
66834,910,825,37,10
66835,910,18,60,8
66836,910,4,115,4
66837,910,822,95,5
66838,910,807,69,7
66839,910,8,27,12
66840,910,818,11,13
66841,910,826,6,15
66842,910,815,29,11
66843,910,16,0,17
66844,910,821,0,20
66845,910,820,0,21
66846,910,824,2,16
66847,910,154,8,14
66848,910,813,0,19
66849,910,828,0,18
66850,910,20,88,6
66851,910,1,191,2
66852,910,13,40,9
66853,910,155,0,22
66854,910,817,131,3
66855,911,3,220,1
66856,911,825,37,11
66857,911,18,68,8
66858,911,4,121,4
66859,911,822,110,5
66860,911,807,70,7
66861,911,8,39,10
66862,911,818,11,13
66863,911,826,8,15
66864,911,815,33,12
66865,911,16,0,17
66866,911,821,0,20
66867,911,820,0,21
66868,911,824,2,16
66869,911,154,8,14
66870,911,813,0,19
66871,911,828,0,18
66872,911,20,98,6
66873,911,1,191,2
66874,911,13,40,9
66875,911,155,0,22
66876,911,817,156,3
66877,911,827,0,23
66878,912,3,238,1
66879,912,825,38,12
66880,912,18,72,7
66881,912,4,121,5
66882,912,822,122,4
66883,912,807,70,8
66884,912,8,41,10
66885,912,818,11,13
66886,912,826,8,15
66887,912,815,39,11
66888,912,16,0,17
66889,912,821,0,20
66890,912,820,0,21
66891,912,824,2,16
66892,912,154,8,14
66893,912,813,0,19
66894,912,828,0,18
66895,912,20,106,6
66896,912,1,216,2
66897,912,13,55,9
66898,912,155,0,22
66899,912,817,166,3
66900,912,827,0,23
66901,913,3,238,2
66902,913,825,39,12
66903,913,18,72,7
66904,913,4,133,4
66905,913,822,122,6
66906,913,807,72,8
66907,913,8,45,11
66908,913,818,19,13
66909,913,826,8,15
66910,913,815,45,10
66911,913,16,0,17
66912,913,821,0,20
66913,913,820,0,21
66914,913,824,2,16
66915,913,154,8,14
66916,913,813,0,19
66917,913,828,0,18
66918,913,20,124,5
66919,913,1,241,1
66920,913,13,65,9
66921,913,155,0,22
66922,913,817,181,3
66923,913,827,0,23
66924,914,3,256,2
66925,914,825,39,12
66926,914,18,82,7
66927,914,4,133,5
66928,914,822,130,6
66929,914,807,76,8
66930,914,8,45,11
66931,914,818,21,13
66932,914,826,8,15
66933,914,815,46,10
66934,914,16,0,17
66935,914,821,0,20
66936,914,820,0,21
66937,914,824,2,16
66938,914,154,8,14
66939,914,813,0,19
66940,914,828,0,18
66941,914,20,139,4
66942,914,1,266,1
66943,914,13,71,9
66944,914,155,0,22
66945,914,817,193,3
66946,914,827,0,23
66947,915,3,274,2
66948,915,825,49,10
66949,915,18,94,7
66950,915,4,141,6
66951,915,822,145,4
66952,915,807,76,8
66953,915,8,47,12
66954,915,818,21,13
66955,915,826,8,15
66956,915,815,47,11
66957,915,16,0,17
66958,915,821,0,20
66959,915,820,0,21
66960,915,824,2,16
66961,915,154,8,14
66962,915,813,0,19
66963,915,828,0,18
66964,915,20,143,5
66965,915,1,291,1
66966,915,13,71,9
66967,915,155,0,22
66968,915,817,199,3
66969,915,827,0,23
66970,916,3,292,2
66971,916,825,53,10
66972,916,18,94,7
66973,916,4,149,6
66974,916,822,155,4
66975,916,807,76,9
66976,916,8,47,12
66977,916,818,22,13
66978,916,826,8,15
66979,916,815,47,11
66980,916,16,0,18
66981,916,821,0,20
66982,916,820,0,21
66983,916,824,2,17
66984,916,154,8,14
66985,916,813,2,16
66986,916,828,0,19
66987,916,20,149,5
66988,916,1,316,1
66989,916,13,83,8
66990,916,155,0,22
66991,916,817,214,3
66992,916,827,0,23
66993,917,3,317,2
66994,917,825,55,10
66995,917,18,106,7
66996,917,4,157,5
66997,917,822,156,6
66998,917,807,80,9
66999,917,8,53,11
67000,917,818,22,13
67001,917,826,8,15
67002,917,815,47,12
67003,917,16,0,18
67004,917,821,0,20
67005,917,820,0,21
67006,917,824,2,17
67007,917,154,8,14
67008,917,813,2,16
67009,917,828,0,19
67010,917,20,159,4
67011,917,1,334,1
67012,917,13,98,8
67013,917,155,0,22
67014,917,817,214,3
67015,917,827,0,23
67016,918,3,317,2
67017,918,825,55,11
67018,918,18,126,8
67019,918,4,161,6
67020,918,822,186,4
67021,918,807,96,9
67022,918,8,55,12
67023,918,818,22,13
67024,918,826,8,15
67025,918,815,59,10
67026,918,16,0,18
67027,918,821,0,20
67028,918,820,0,21
67029,918,824,2,17
67030,918,154,8,14
67031,918,813,2,16
67032,918,828,0,19
67033,918,20,167,5
67034,918,1,384,1
67035,918,13,134,7
67036,918,155,0,22
67037,918,817,238,3
67038,918,827,0,24
67039,918,829,0,23
67058,927,1,43,1
67059,927,3,33,3
67060,927,20,40,2
67061,927,13,20,4
67062,927,831,10,6
67063,927,817,9,8
67064,927,807,6,9
67065,927,828,4,12
67066,927,832,6,11
67067,927,815,1,14
67068,927,18,0,16
67069,927,8,12,5
67070,927,830,6,10
67071,927,154,0,15
67072,927,813,0,18
67073,927,826,2,13
67074,927,825,0,19
67075,927,822,10,7
67076,927,833,0,17
67077,927,4,0,20
67078,927,829,0,21
67079,928,1,68,1
67080,928,3,51,3
67081,928,20,55,2
67082,928,13,30,4
67083,928,831,14,7
67084,928,817,11,8
67085,928,807,6,10
67086,928,828,5,13
67087,928,832,6,12
67088,928,815,1,15
67089,928,18,0,16
67090,928,8,24,5
67091,928,830,6,11
67092,928,154,6,9
67093,928,813,0,20
67094,928,826,2,14
67095,928,825,0,21
67096,928,822,18,6
67097,928,833,0,18
67098,928,4,0,17
67099,928,829,0,19
67100,929,1,93,1
67101,929,3,66,2
67102,929,20,65,3
67103,929,13,31,5
67104,929,831,14,8
67105,929,817,19,7
67106,929,807,6,10
67107,929,828,5,14
67108,929,832,6,12
67109,929,815,5,13
67110,929,18,0,17
67111,929,8,42,4
67112,929,830,6,11
67113,929,154,12,9
67114,929,813,0,20
67115,929,826,4,15
67116,929,825,0,21
67117,929,822,30,6
67118,929,833,0,18
67119,929,4,0,16
67120,929,829,0,19
67121,930,1,111,1
67122,930,3,91,2
67123,930,20,80,3
67124,930,13,39,6
67125,930,831,14,9
67126,930,817,25,7
67127,930,807,6,12
67128,930,828,5,14
67129,930,832,8,10
67130,930,815,5,13
67131,930,18,0,17
67132,930,8,52,4
67133,930,830,6,11
67134,930,154,16,8
67135,930,813,0,20
67136,930,826,5,15
67137,930,825,0,21
67138,930,822,42,5
67139,930,833,0,18
67140,930,4,0,16
67141,930,829,0,19
67142,931,1,126,1
67143,931,3,116,2
67144,931,20,98,3
67145,931,13,39,6
67146,931,831,16,9
67147,931,817,35,7
67148,931,807,6,13
67149,931,828,5,15
67150,931,832,9,12
67151,931,815,11,11
67152,931,18,4,16
67153,931,8,60,4
67154,931,830,6,14
67155,931,154,16,10
67156,931,813,0,20
67157,931,826,17,8
67158,931,825,0,21
67159,931,822,42,5
67160,931,833,0,18
67161,931,4,0,17
67162,931,829,0,19
67163,932,1,151,1
67164,932,3,134,2
67165,932,20,108,3
67166,932,13,47,6
67167,932,831,16,10
67168,932,817,35,7
67169,932,807,10,12
67170,932,828,5,16
67171,932,832,9,13
67172,932,815,11,11
67173,932,18,4,17
67174,932,8,72,4
67175,932,830,6,14
67176,932,154,17,9
67177,932,813,6,15
67178,932,826,19,8
67179,932,825,0,21
67180,932,822,57,5
67181,932,833,0,19
67182,932,4,0,18
67183,932,829,0,20
67184,926,1,25,1
67185,926,3,18,2
67186,926,20,15,3
67187,926,13,12,4
67188,926,831,10,5
67189,926,817,8,6
67190,926,807,6,7
67191,926,828,4,8
67192,926,832,2,9
67193,926,815,1,10
67194,926,18,0,11
67195,926,8,0,12
67196,926,830,0,13
67197,926,154,0,14
67198,926,813,0,15
67199,926,826,0,16
67200,926,825,0,17
67201,926,822,0,18
67202,933,1,169,1
67203,933,3,159,2
67204,933,20,120,3
67205,933,13,62,6
67206,933,831,16,11
67207,933,817,36,7
67208,933,807,18,9
67209,933,828,5,16
67210,933,832,9,15
67211,933,815,13,12
67212,933,18,4,17
67213,933,8,72,4
67214,933,830,10,14
67215,933,154,17,10
67216,933,813,12,13
67217,933,826,19,8
67218,933,825,0,21
67219,933,822,67,5
67220,933,833,0,19
67221,933,4,0,18
67222,933,829,0,20
67223,934,1,194,1
67224,934,3,177,2
67225,934,20,135,3
67226,934,13,74,6
67227,934,831,16,11
67228,934,817,36,7
67229,934,807,24,9
67230,934,828,5,16
67231,934,832,9,15
67232,934,815,15,12
67233,934,18,4,17
67234,934,8,76,5
67235,934,830,10,14
67236,934,154,17,10
67237,934,813,12,13
67238,934,826,27,8
67239,934,825,0,21
67240,934,822,77,4
67241,934,833,0,19
67242,934,4,1,18
67243,934,829,0,20
67244,936,1,202,1
67245,936,3,181,2
67246,936,20,160,3
67247,936,13,74,6
67248,936,831,16,12
67249,936,817,51,7
67250,936,807,24,9
67251,936,828,6,18
67252,936,832,9,16
67253,936,815,15,13
67254,936,18,6,17
67255,936,8,76,5
67256,936,830,22,11
67257,936,154,23,10
67258,936,813,12,14
67259,936,826,45,8
67260,936,825,0,21
67261,936,822,77,4
67262,936,833,0,19
67263,936,4,11,15
67264,936,829,0,20
67265,937,1,227,1
67266,937,3,199,2
67267,937,20,160,3
67268,937,13,82,5
67269,937,831,16,13
67270,937,817,51,8
67271,937,807,24,12
67272,937,828,7,17
67273,937,832,9,16
67274,937,815,25,11
67275,937,18,6,18
67276,937,8,82,4
67277,937,830,26,10
67278,937,154,38,9
67279,937,813,12,14
67280,937,826,57,7
67281,937,825,0,21
67282,937,822,79,6
67283,937,833,0,19
67284,937,4,11,15
67285,937,829,0,20
67286,938,1,252,1
67287,938,3,199,2
67288,938,20,178,3
67289,938,13,97,4
67290,938,831,16,13
67291,938,817,55,8
67292,938,807,30,11
67293,938,828,9,17
67294,938,832,9,16
67295,938,815,33,10
67296,938,18,6,18
67297,938,8,92,5
67298,938,830,26,12
67299,938,154,38,9
67300,938,813,12,14
67301,938,826,58,7
67302,938,825,0,21
67303,938,822,91,6
67304,938,833,0,19
67305,938,4,11,15
67306,938,829,0,20
67307,939,1,252,1
67308,939,3,211,2
67309,939,20,203,3
67310,939,13,97,6
67311,939,831,17,13
67312,939,817,73,7
67313,939,807,30,12
67314,939,828,9,17
67315,939,832,11,16
67316,939,815,39,9
67317,939,18,6,18
67318,939,8,107,4
67319,939,830,30,11
67320,939,154,38,10
67321,939,813,12,14
67322,939,826,66,8
67323,939,825,0,22
67324,939,822,101,5
67325,939,833,0,19
67326,939,4,11,15
67327,939,829,0,20
67328,939,834,0,21
67351,940,1,277,1
67352,940,3,229,2
67353,940,20,218,3
67354,940,13,97,6
67355,940,831,17,13
67356,940,817,73,7
67357,940,807,38,11
67358,940,828,9,17
67359,940,832,12,15
67360,940,815,39,10
67361,940,18,6,18
67362,940,8,119,4
67363,940,830,32,12
67364,940,154,44,9
67365,940,813,16,14
67366,940,826,66,8
67367,940,825,0,22
67368,940,822,111,5
67369,940,833,0,19
67370,940,4,11,16
67371,940,829,0,20
67372,940,834,0,21
67439,942,1,327,1
67440,942,3,247,3
67441,942,20,251,2
67442,942,13,109,6
67443,942,831,27,13
67444,942,817,74,8
67445,942,807,38,12
67446,942,828,9,18
67447,942,832,18,15
67448,942,815,64,9
67449,942,18,16,16
67450,942,8,123,4
67451,942,830,45,10
67452,942,154,44,11
67453,942,813,26,14
67454,942,826,76,7
67455,942,825,0,22
67456,942,822,111,5
67457,942,833,0,19
67458,942,4,11,17
67459,942,829,0,21
67460,942,834,0,20
67461,943,1,345,1
67462,943,3,272,2
67463,943,20,251,3
67464,943,13,117,6
67465,943,831,27,13
67466,943,817,84,8
67467,943,807,44,12
67468,943,828,9,18
67469,943,832,18,15
67470,943,815,68,9
67471,943,18,16,16
67472,943,8,123,5
67473,943,830,47,10
67474,943,154,45,11
67475,943,813,26,14
67476,943,826,88,7
67477,943,825,0,22
67478,943,822,126,4
67479,943,833,0,19
67480,943,4,11,17
67481,943,829,0,21
67482,943,834,0,20
67483,944,1,363,1
67484,944,3,297,2
67485,944,20,266,3
67486,944,13,117,6
67487,944,831,27,13
67488,944,817,84,8
67489,944,807,52,10
67490,944,828,9,18
67491,944,832,18,15
67492,944,815,68,9
67493,944,18,16,16
67494,944,8,135,5
67495,944,830,49,12
67496,944,154,49,11
67497,944,813,27,14
67498,944,826,94,7
67499,944,825,0,22
67500,944,822,136,4
67501,944,833,0,19
67502,944,4,11,17
67503,944,829,0,21
67504,944,834,0,20
67505,941,1,302,1
67506,941,3,229,3
67507,941,20,236,2
67508,941,13,109,6
67509,941,831,25,13
67510,941,817,73,8
67511,941,807,38,11
67512,941,828,9,17
67513,941,832,12,15
67514,941,815,54,9
67515,941,18,8,18
67516,941,8,123,4
67517,941,830,33,12
67518,941,154,44,10
67519,941,813,22,14
67520,941,826,76,7
67521,941,825,0,22
67522,941,822,111,5
67523,941,833,0,19
67524,941,4,11,16
67525,941,829,0,20
67526,941,834,0,21
67527,945,1,381,1
67528,945,3,322,2
67529,945,20,278,3
67530,945,13,121,6
67531,945,831,27,13
67532,945,817,92,8
67533,945,807,58,10
67534,945,828,9,18
67535,945,832,18,15
67536,945,815,78,9
67537,945,18,16,16
67538,945,8,150,4
67539,945,830,49,12
67540,945,154,51,11
67541,945,813,27,14
67542,945,826,95,7
67543,945,825,0,22
67544,945,822,136,5
67545,945,833,0,19
67546,945,4,11,17
67547,945,829,0,21
67548,945,834,0,20
67571,949,3,50,1
67572,949,1,33,2
67573,949,20,15,6
67574,949,817,24,3
67575,949,13,14,7
67576,949,154,18,5
67577,949,807,6,9
67578,949,822,6,11
67579,949,832,2,12
67580,949,830,9,8
67581,949,835,0,15
67582,949,825,0,14
67583,949,815,0,17
67584,949,18,0,20
67585,949,831,0,19
67586,949,836,0,18
67587,949,828,0,16
67588,949,8,18,4
67589,949,837,0,21
67590,949,821,0,22
67591,949,4,0,23
67592,949,826,6,10
67593,949,838,1,13
67594,950,3,75,1
67595,950,1,39,2
67596,950,20,33,4
67597,950,817,36,3
67598,950,13,22,6
67599,950,154,18,8
67600,950,807,6,11
67601,950,822,7,10
67602,950,832,4,12
67603,950,830,13,9
67604,950,835,0,16
67605,950,825,0,14
67606,950,815,0,15
67607,950,18,0,19
67608,950,831,0,21
67609,950,836,0,20
67610,950,828,0,17
67611,950,8,28,5
67612,950,837,0,23
67613,950,821,0,22
67614,950,4,0,18
67615,950,826,21,7
67616,950,838,1,13
67617,951,3,100,1
67618,951,1,57,2
67619,951,20,33,5
67620,951,817,36,4
67621,951,13,32,6
67622,951,154,22,7
67623,951,807,6,13
67624,951,822,19,9
67625,951,832,4,14
67626,951,830,13,10
67627,951,835,0,18
67628,951,825,6,12
67629,951,815,2,15
67630,951,18,1,16
67631,951,831,0,21
67632,951,836,0,20
67633,951,828,0,19
67634,951,8,43,3
67635,951,837,0,23
67636,951,821,0,22
67637,951,4,8,11
67638,951,826,21,8
67639,951,838,1,17
67640,952,3,100,1
67641,952,1,57,3
67642,952,20,48,4
67643,952,817,48,5
67644,952,13,36,7
67645,952,154,22,10
67646,952,807,6,15
67647,952,822,29,8
67648,952,832,12,11
67649,952,830,38,6
67650,952,835,0,18
67651,952,825,6,14
67652,952,815,8,13
67653,952,18,3,16
67654,952,831,0,22
67655,952,836,0,21
67656,952,828,0,20
67657,952,8,61,2
67658,952,837,0,23
67659,952,821,0,19
67660,952,4,8,12
67661,952,826,22,9
67662,952,838,1,17
67663,953,3,106,1
67664,953,1,82,2
67665,953,20,60,5
67666,953,817,66,3
67667,953,13,37,7
67668,953,154,22,11
67669,953,807,14,14
67670,953,822,29,8
67671,953,832,16,13
67672,953,830,38,6
67673,953,835,0,19
67674,953,825,6,15
67675,953,815,23,9
67676,953,18,5,16
67677,953,831,0,22
67678,953,836,0,21
67679,953,828,0,20
67680,953,8,61,4
67681,953,837,0,23
67682,953,821,0,18
67683,953,4,18,12
67684,953,826,22,10
67685,953,838,1,17
67686,954,3,116,1
67687,954,1,107,2
67688,954,20,78,3
67689,954,817,72,4
67690,954,13,37,8
67691,954,154,22,11
67692,954,807,18,13
67693,954,822,44,7
67694,954,832,18,14
67695,954,830,50,6
67696,954,835,0,19
67697,954,825,6,15
67698,954,815,24,9
67699,954,18,5,16
67700,954,831,0,22
67701,954,836,0,21
67702,954,828,0,20
67703,954,8,69,5
67704,954,837,0,23
67705,954,821,0,18
67706,954,4,18,12
67707,954,826,22,10
67708,954,838,1,17
67731,955,3,141,1
67732,955,1,117,2
67733,955,20,96,3
67734,955,817,78,5
67735,955,13,38,9
67736,955,154,22,11
67737,955,807,20,12
67738,955,822,52,7
67739,955,832,18,14
67740,955,830,54,6
67741,955,835,0,19
67742,955,825,6,15
67743,955,815,39,8
67744,955,18,5,16
67745,955,831,0,21
67746,955,836,0,22
67747,955,828,0,20
67748,955,8,81,4
67749,955,837,0,23
67750,955,821,0,18
67751,955,4,18,13
67752,955,826,22,10
67753,955,838,1,17
67754,956,3,153,1
67755,956,1,142,2
67756,956,20,96,3
67757,956,817,88,5
67758,956,13,38,9
67759,956,154,28,10
67760,956,807,20,13
67761,956,822,54,7
67762,956,832,22,12
67763,956,830,72,6
67764,956,835,0,20
67765,956,825,6,16
67766,956,815,39,8
67767,956,18,13,15
67768,956,831,0,22
67769,956,836,1,17
67770,956,828,0,21
67771,956,8,96,4
67772,956,837,0,23
67773,956,821,0,19
67774,956,4,18,14
67775,956,826,22,11
67776,956,838,1,18
67777,957,3,168,1
67778,957,1,167,2
67779,957,20,98,5
67780,957,817,100,4
67781,957,13,38,9
67782,957,154,28,10
67783,957,807,26,11
67784,957,822,54,7
67785,957,832,26,12
67786,957,830,90,6
67787,957,835,0,20
67788,957,825,6,16
67789,957,815,47,8
67790,957,18,13,15
67791,957,831,0,22
67792,957,836,1,17
67793,957,828,0,21
67794,957,8,106,3
67795,957,837,0,23
67796,957,821,0,19
67797,957,4,18,14
67798,957,826,23,13
67799,957,838,1,18
67800,958,3,186,2
67801,958,1,192,1
67802,958,20,110,5
67803,958,817,115,3
67804,958,13,38,9
67805,958,154,28,11
67806,958,807,27,12
67807,958,822,56,7
67808,958,832,30,10
67809,958,830,100,6
67810,958,835,0,20
67811,958,825,6,16
67812,958,815,47,8
67813,958,18,13,15
67814,958,831,0,22
67815,958,836,1,17
67816,958,828,0,21
67817,958,8,114,4
67818,958,837,0,23
67819,958,821,0,19
67820,958,4,24,13
67821,958,826,23,14
67822,958,838,1,18
67823,959,3,198,2
67824,959,1,217,1
67825,959,20,120,5
67826,959,817,133,3
67827,959,13,38,9
67828,959,154,28,12
67829,959,807,33,10
67830,959,822,58,7
67831,959,832,30,11
67832,959,830,115,6
67833,959,835,0,20
67834,959,825,6,16
67835,959,815,48,8
67836,959,18,17,15
67837,959,831,0,22
67838,959,836,1,17
67839,959,828,0,21
67840,959,8,122,4
67841,959,837,0,23
67842,959,821,0,19
67843,959,4,24,13
67844,959,826,23,14
67845,959,838,1,18
67846,960,3,223,2
67847,960,1,232,1
67848,960,20,128,4
67849,960,817,151,3
67850,960,13,39,10
67851,960,154,28,13
67852,960,807,45,9
67853,960,822,62,7
67854,960,832,30,12
67855,960,830,115,6
67856,960,835,0,20
67857,960,825,6,16
67858,960,815,58,8
67859,960,18,17,15
67860,960,831,0,22
67861,960,836,1,17
67862,960,828,0,21
67863,960,8,124,5
67864,960,837,0,23
67865,960,821,0,19
67866,960,4,30,11
67867,960,826,23,14
67868,960,838,1,18
67869,960,839,0,24
67870,961,3,248,2
67871,961,1,250,1
67872,961,20,143,4
67873,961,817,161,3
67874,961,13,41,10
67875,961,154,28,13
67876,961,807,46,9
67877,961,822,70,7
67878,961,832,30,12
67879,961,830,121,6
67880,961,835,0,20
67881,961,825,6,16
67882,961,815,62,8
67883,961,18,17,15
67884,961,831,0,22
67885,961,836,1,17
67886,961,828,0,21
67887,961,8,136,5
67888,961,837,0,23
67889,961,821,0,19
67890,961,4,30,11
67891,961,826,23,14
67892,961,838,1,18
67893,961,839,0,24
67894,962,3,273,1
67895,962,1,265,2
67896,962,20,153,4
67897,962,817,179,3
67898,962,13,41,10
67899,962,154,28,13
67900,962,807,46,9
67901,962,822,70,7
67902,962,832,30,12
67903,962,830,129,6
67904,962,835,0,20
67905,962,825,7,16
67906,962,815,66,8
67907,962,18,17,15
67908,962,831,0,22
67909,962,836,1,17
67910,962,828,0,21
67911,962,8,148,5
67912,962,837,0,23
67913,962,821,0,19
67914,962,4,36,11
67915,962,826,25,14
67916,962,838,1,18
67917,962,839,0,24
67918,963,3,288,1
67919,963,1,265,2
67920,963,20,153,5
67921,963,817,204,3
67922,963,13,41,11
67923,963,154,28,13
67924,963,807,50,9
67925,963,822,80,7
67926,963,832,30,12
67927,963,830,147,6
67928,963,835,1,17
67929,963,825,7,16
67930,963,815,74,8
67931,963,18,19,15
67932,963,831,0,22
67933,963,836,1,18
67934,963,828,0,21
67935,963,8,160,4
67936,963,837,0,23
67937,963,821,0,20
67938,963,4,42,10
67939,963,826,25,14
67940,963,838,1,19
67941,963,839,0,24
67942,964,3,313,1
67943,964,1,280,2
67944,964,20,165,6
67945,964,817,212,3
67946,964,13,43,10
67947,964,154,28,13
67948,964,807,54,9
67949,964,822,81,7
67950,964,832,30,12
67951,964,830,165,5
67952,964,835,1,17
67953,964,825,7,16
67954,964,815,80,8
67955,964,18,19,15
67956,964,831,0,22
67957,964,836,1,18
67958,964,828,0,21
67959,964,8,170,4
67960,964,837,0,23
67961,964,821,0,20
67962,964,4,42,11
67963,964,826,25,14
67964,964,838,1,19
67965,964,839,0,24
68038,965,3,331,1
68039,965,1,305,2
68040,965,20,177,4
68041,965,817,227,3
68042,965,13,49,11
68043,965,154,29,13
68044,965,807,54,9
68045,965,822,81,8
68046,965,832,38,12
68047,965,830,165,6
68048,965,835,1,17
68049,965,825,7,16
68050,965,815,84,7
68051,965,18,21,15
68052,965,831,0,22
68053,965,836,1,18
68054,965,828,0,21
68055,965,8,170,5
68056,965,837,0,23
68057,965,821,0,20
68058,965,4,52,10
68059,965,826,25,14
68060,965,838,1,19
68061,965,839,0,24
68062,966,3,349,1
68063,966,1,330,2
68064,966,20,187,4
68065,966,817,242,3
68066,966,13,51,11
68067,966,154,29,13
68068,966,807,60,9
68069,966,822,85,8
68070,966,832,38,12
68071,966,830,177,6
68072,966,835,1,17
68073,966,825,7,16
68074,966,815,85,7
68075,966,18,21,15
68076,966,831,0,22
68077,966,836,1,18
68078,966,828,0,21
68079,966,8,178,5
68080,966,837,0,23
68081,966,821,0,20
68082,966,4,52,10
68083,966,826,25,14
68084,966,838,1,19
68085,966,839,0,24
68086,948,3,25,1
68087,948,1,18,2
68088,948,20,15,3
68089,948,817,12,4
68090,948,13,10,5
68091,948,154,8,6
68092,948,807,6,7
68093,948,822,4,8
68094,948,832,2,9
68095,948,830,1,10
68096,948,835,0,11
68097,948,825,0,12
68098,948,815,0,13
68099,948,18,0,14
68100,948,831,0,15
68101,948,836,0,16
68102,948,828,0,17
68103,948,8,0,18
68104,948,837,0,19
68105,948,821,0,20
68106,948,4,0,21
68107,948,826,0,22
68108,967,3,367,1
68109,967,1,355,2
68110,967,20,197,4
68111,967,817,246,3
68112,967,13,51,11
68113,967,154,29,13
68114,967,807,66,9
68115,967,822,85,8
68116,967,832,46,12
68117,967,830,192,5
68118,967,835,1,18
68119,967,825,7,16
68120,967,815,97,7
68121,967,18,21,15
68122,967,831,2,17
68123,967,836,1,19
68124,967,828,0,22
68125,967,8,178,6
68126,967,837,0,24
68127,967,821,0,21
68128,967,4,53,10
68129,967,826,25,14
68130,967,838,1,20
68131,967,839,0,23
68132,968,3,385,1
68133,968,1,380,2
68134,968,20,212,4
68135,968,817,256,3
68136,968,13,53,11
68137,968,154,29,13
68138,968,807,72,9
68139,968,822,85,8
68140,968,832,46,12
68141,968,830,204,5
68142,968,835,1,18
68143,968,825,7,16
68144,968,815,101,7
68145,968,18,21,15
68146,968,831,2,17
68147,968,836,1,19
68148,968,828,0,22
68149,968,8,186,6
68150,968,837,0,24
68151,968,821,0,21
68152,968,4,54,10
68153,968,826,25,14
68154,968,838,1,20
68155,968,839,0,23
68156,969,20,25,1
68157,969,1,18,2
68158,969,822,15,3
68159,969,8,12,4
68160,969,830,10,5
68161,969,13,8,6
68162,969,815,6,7
68163,969,832,4,8
68164,969,826,2,9
68165,969,839,1,10
68166,969,807,0,11
68167,969,841,0,12
68168,969,838,0,13
68169,969,4,0,14
68170,969,825,0,15
68171,969,840,0,16
68172,969,817,0,17
68173,969,828,0,18
68174,969,835,0,19
68175,969,154,0,20
68176,970,20,43,1
68177,970,1,43,2
68178,970,822,23,4
68179,970,8,22,5
68180,970,830,25,3
68181,970,13,8,8
68182,970,815,8,9
68183,970,832,10,7
68184,970,826,2,11
68185,970,839,2,12
68186,970,807,0,13
68187,970,841,0,15
68188,970,838,0,16
68189,970,4,0,19
68190,970,825,4,10
68191,970,840,0,20
68192,970,817,12,6
68193,970,828,0,18
68194,970,835,0,17
68195,970,154,0,14
68196,971,20,68,1
68197,971,1,61,2
68198,971,822,38,3
68199,971,8,34,4
68200,971,830,25,5
68201,971,13,16,7
68202,971,815,14,8
68203,971,832,10,9
68204,971,826,2,14
68205,971,839,3,12
68206,971,807,2,13
68207,971,841,0,16
68208,971,838,0,18
68209,971,4,0,19
68210,971,825,4,11
68211,971,840,0,21
68212,971,817,22,6
68213,971,828,0,20
68214,971,835,0,17
68215,971,154,4,10
68216,971,836,0,15
68217,972,20,86,1
68218,972,1,73,2
68219,972,822,63,3
68220,972,8,49,4
68221,972,830,35,5
68222,972,13,18,8
68223,972,815,22,7
68224,972,832,11,9
68225,972,826,2,14
68226,972,839,9,10
68227,972,807,6,11
68228,972,841,0,17
68229,972,838,0,19
68230,972,4,0,20
68231,972,825,4,13
68232,972,840,0,16
68233,972,817,22,6
68234,972,828,0,21
68235,972,835,0,18
68236,972,154,4,12
68237,972,836,0,15
68238,973,20,104,1
68239,973,1,98,2
68240,973,822,63,3
68241,973,8,49,4
68242,973,830,35,6
68243,973,13,18,9
68244,973,815,34,7
68245,973,832,17,10
68246,973,826,4,15
68247,973,839,19,8
68248,973,807,14,11
68249,973,841,0,19
68250,973,838,0,21
68251,973,4,0,18
68252,973,825,4,14
68253,973,840,0,17
68254,973,817,37,5
68255,973,828,0,16
68256,973,835,0,20
68257,973,154,5,12
68258,973,836,4,13
68259,974,20,129,1
68260,974,1,104,2
68261,974,822,75,3
68262,974,8,67,4
68263,974,830,45,6
68264,974,13,20,9
68265,974,815,34,7
68266,974,832,25,8
68267,974,826,4,15
68268,974,839,19,10
68269,974,807,14,11
68270,974,841,0,20
68271,974,838,0,21
68272,974,4,0,19
68273,974,825,5,13
68274,974,840,0,18
68275,974,817,52,5
68276,974,828,0,17
68277,974,835,0,16
68278,974,154,9,12
68279,974,836,4,14
68280,974,18,0,22
68281,975,20,141,1
68282,975,1,129,2
68283,975,822,93,3
68284,975,8,73,4
68285,975,830,45,6
68286,975,13,20,10
68287,975,815,44,7
68288,975,832,25,9
68289,975,826,4,15
68290,975,839,27,8
68291,975,807,18,11
68292,975,841,0,20
68293,975,838,0,21
68294,975,4,0,19
68295,975,825,5,13
68296,975,840,2,16
68297,975,817,67,5
68298,975,828,0,18
68299,975,835,0,17
68300,975,154,10,12
68301,975,836,4,14
68302,975,18,0,22
68303,976,20,153,1
68304,976,1,139,2
68305,976,822,111,3
68306,976,8,73,5
68307,976,830,45,6
68308,976,13,20,10
68309,976,815,44,7
68310,976,832,29,9
68311,976,826,4,16
68312,976,839,35,8
68313,976,807,18,11
68314,976,841,0,21
68315,976,838,0,20
68316,976,4,2,17
68317,976,825,11,13
68318,976,840,17,12
68319,976,817,92,4
68320,976,828,0,19
68321,976,835,0,18
68322,976,154,10,14
68323,976,836,5,15
68324,976,18,0,22
68325,977,20,171,1
68326,977,1,151,2
68327,977,822,136,3
68328,977,8,83,5
68329,977,830,45,7
68330,977,13,22,10
68331,977,815,50,6
68332,977,832,29,9
68333,977,826,4,16
68334,977,839,39,8
68335,977,807,18,12
68336,977,841,0,21
68337,977,838,0,20
68338,977,4,2,17
68339,977,825,11,14
68340,977,840,18,11
68341,977,817,107,4
68342,977,828,0,19
68343,977,835,0,18
68344,977,154,18,13
68345,977,836,5,15
68346,977,18,0,22
68347,978,20,177,1
68348,978,1,176,2
68349,978,822,154,3
68350,978,8,98,5
68351,978,830,57,6
68352,978,13,23,11
68353,978,815,52,7
68354,978,832,29,9
68355,978,826,4,16
68356,978,839,43,8
68357,978,807,26,10
68358,978,841,0,21
68359,978,838,0,20
68360,978,4,2,17
68361,978,825,11,14
68362,978,840,18,12
68363,978,817,117,4
68364,978,828,0,19
68365,978,835,0,18
68366,978,154,18,13
68367,978,836,5,15
68368,978,18,0,22
68369,979,20,202,1
68370,979,1,188,2
68371,979,822,169,3
68372,979,8,116,5
68373,979,830,67,6
68374,979,13,23,11
68375,979,815,56,7
68376,979,832,35,9
68377,979,826,4,17
68378,979,839,45,8
68379,979,807,26,10
68380,979,841,0,21
68381,979,838,1,18
68382,979,4,10,15
68383,979,825,11,14
68384,979,840,18,12
68385,979,817,117,4
68386,979,828,0,20
68387,979,835,0,19
68388,979,154,18,13
68389,979,836,5,16
68390,979,18,0,22
68391,979,814,0,23
68392,980,20,220,1
68393,980,1,213,2
68394,980,822,179,3
68395,980,8,128,5
68396,980,830,67,6
68397,980,13,27,11
68398,980,815,56,7
68399,980,832,36,9
68400,980,826,4,17
68401,980,839,47,8
68402,980,807,34,10
68403,980,841,0,21
68404,980,838,1,18
68405,980,4,10,15
68406,980,825,11,14
68407,980,840,18,13
68408,980,817,132,4
68409,980,828,0,20
68410,980,835,0,19
68411,980,154,24,12
68412,980,836,5,16
68413,980,18,0,22
68414,980,814,0,23
68415,981,20,235,2
68416,981,1,238,1
68417,981,822,197,3
68418,981,8,138,5
68419,981,830,68,6
68420,981,13,31,11
68421,981,815,58,7
68422,981,832,36,9
68423,981,826,4,17
68424,981,839,55,8
68425,981,807,34,10
68426,981,841,0,21
68427,981,838,1,18
68428,981,4,10,15
68429,981,825,11,14
68430,981,840,24,12
68431,981,817,144,4
68432,981,828,0,20
68433,981,835,0,19
68434,981,154,24,13
68435,981,836,5,16
68436,981,18,0,22
68437,981,814,0,23
68438,982,20,235,2
68439,982,1,263,1
68440,982,822,212,3
68441,982,8,138,5
68442,982,830,68,6
68443,982,13,31,11
68444,982,815,68,7
68445,982,832,48,9
68446,982,826,4,19
68447,982,839,56,8
68448,982,807,34,10
68449,982,841,0,21
68450,982,838,7,17
68451,982,4,10,15
68452,982,825,11,14
68453,982,840,28,12
68454,982,817,162,4
68455,982,828,0,20
68456,982,835,8,16
68457,982,154,26,13
68458,982,836,5,18
68459,982,18,0,22
68460,982,814,0,23
68461,983,20,247,2
68462,983,1,281,1
68463,983,822,222,3
68464,983,8,138,5
68465,983,830,93,6
68466,983,13,33,11
68467,983,815,76,7
68468,983,832,48,9
68469,983,826,4,19
68470,983,839,57,8
68471,983,807,34,10
68472,983,841,0,21
68473,983,838,13,14
68474,983,4,10,16
68475,983,825,11,15
68476,983,840,32,12
68477,983,817,177,4
68478,983,828,0,20
68479,983,835,8,17
68480,983,154,26,13
68481,983,836,5,18
68482,983,18,0,23
68483,983,814,0,24
68484,983,842,0,22
68485,984,20,247,2
68486,984,1,306,1
68487,984,822,234,3
68488,984,8,148,5
68489,984,830,111,6
68490,984,13,34,11
68491,984,815,82,7
68492,984,832,48,9
68493,984,826,4,19
68494,984,839,65,8
68495,984,807,34,10
68496,984,841,0,21
68497,984,838,13,15
68498,984,4,10,16
68499,984,825,15,14
68500,984,840,32,12
68501,984,817,192,4
68502,984,828,0,20
68503,984,835,8,17
68504,984,154,28,13
68505,984,836,5,18
68506,984,18,0,23
68507,984,814,0,24
68508,984,842,0,22
68509,985,20,265,2
68510,985,1,331,1
68511,985,822,244,3
68512,985,8,163,5
68513,985,830,123,6
68514,985,13,36,10
68515,985,815,86,7
68516,985,832,54,9
68517,985,826,5,19
68518,985,839,73,8
68519,985,807,34,11
68520,985,841,0,21
68521,985,838,13,15
68522,985,4,10,16
68523,985,825,15,14
68524,985,840,32,12
68525,985,817,192,4
68526,985,828,0,20
68527,985,835,8,17
68528,985,154,28,13
68529,985,836,5,18
68530,985,18,0,24
68531,985,814,0,25
68532,985,842,0,22
68533,985,843,0,23
68534,986,20,277,2
68535,986,1,333,1
68536,986,822,262,3
68537,986,8,178,5
68538,986,830,148,6
68539,986,13,36,11
68540,986,815,92,7
68541,986,832,54,9
68542,986,826,5,19
68543,986,839,83,8
68544,986,807,34,12
68545,986,841,0,21
68546,986,838,13,15
68547,986,4,11,16
68548,986,825,19,14
68549,986,840,40,10
68550,986,817,192,4
68551,986,828,0,20
68552,986,835,8,17
68553,986,154,28,13
68554,986,836,5,18
68555,986,18,0,24
68556,986,814,0,25
68557,986,842,0,22
68558,986,843,0,23
68559,987,20,302,2
68560,987,1,345,1
68561,987,822,280,3
68562,987,8,193,5
68563,987,830,158,6
68564,987,13,42,10
68565,987,815,94,7
68566,987,832,54,9
68567,987,826,5,19
68568,987,839,83,8
68569,987,807,35,12
68570,987,841,0,22
68571,987,838,13,16
68572,987,4,15,15
68573,987,825,19,14
68574,987,840,40,11
68575,987,817,200,4
68576,987,828,0,20
68577,987,835,8,17
68578,987,154,28,13
68579,987,836,5,18
68580,987,18,0,24
68581,987,814,0,25
68582,987,842,0,21
68583,987,843,0,23
68584,988,20,317,2
68585,988,1,363,1
68586,988,822,305,3
68587,988,8,205,4
68588,988,830,168,6
68589,988,13,43,11
68590,988,815,100,7
68591,988,832,54,9
68592,988,826,5,19
68593,988,839,87,8
68594,988,807,43,10
68595,988,841,0,22
68596,988,838,13,16
68597,988,4,17,15
68598,988,825,19,14
68599,988,840,40,12
68600,988,817,200,5
68601,988,828,0,20
68602,988,835,8,17
68603,988,154,28,13
68604,988,836,5,18
68605,988,18,0,24
68606,988,814,0,25
68607,988,842,0,21
68608,988,843,0,23
68609,989,20,25,1
68610,989,1,18,2
68611,989,8,15,3
68612,989,817,12,4
68613,989,4,10,5
68614,989,830,8,6
68615,989,807,6,7
68616,989,822,4,8
68617,989,838,2,9
68618,989,832,1,10
68619,989,815,0,11
68620,989,839,0,12
68621,989,844,0,13
68622,989,840,0,14
68623,989,843,0,15
68624,989,154,0,16
68625,989,825,0,17
68626,989,842,0,18
68627,989,828,0,19
68628,989,845,0,20
68669,991,20,54,1
68670,991,1,45,2
68671,991,8,30,5
68672,991,817,37,4
68673,991,4,22,6
68674,991,830,18,8
68675,991,807,22,7
68676,991,822,40,3
68677,991,838,6,11
68678,991,832,3,12
68679,991,815,0,15
68680,991,839,1,14
68681,991,844,0,16
68682,991,840,0,18
68683,991,843,0,20
68684,991,154,0,17
68685,991,825,11,10
68686,991,842,12,9
68687,991,828,2,13
68688,991,845,0,19
68689,990,20,50,1
68690,990,1,33,2
68691,990,8,15,5
68692,990,817,12,8
68693,990,4,16,4
68694,990,830,8,10
68695,990,807,14,6
68696,990,822,22,3
68697,990,838,6,11
68698,990,832,1,13
68699,990,815,0,15
68700,990,839,1,14
68701,990,844,0,16
68702,990,840,0,18
68703,990,843,0,19
68704,990,154,0,17
68705,990,825,10,9
68706,990,842,12,7
68707,990,828,2,12
68708,990,845,0,20
68709,992,20,66,2
68710,992,1,70,1
68711,992,8,48,3
68712,992,817,37,5
68713,992,4,28,6
68714,992,830,18,8
68715,992,807,22,7
68716,992,822,40,4
68717,992,838,8,14
68718,992,832,13,10
68719,992,815,15,9
68720,992,839,1,17
68721,992,844,8,13
68722,992,840,4,15
68723,992,843,1,18
68724,992,154,0,19
68725,992,825,11,12
68726,992,842,12,11
68727,992,828,2,16
68728,992,845,0,20
68729,993,20,78,2
68730,993,1,95,1
68731,993,8,48,4
68732,993,817,47,5
68733,993,4,32,7
68734,993,830,33,6
68735,993,807,22,8
68736,993,822,58,3
68737,993,838,8,14
68738,993,832,19,10
68739,993,815,17,11
68740,993,839,1,17
68741,993,844,9,13
68742,993,840,4,15
68743,993,843,1,18
68744,993,154,0,19
68745,993,825,19,9
68746,993,842,12,12
68747,993,828,2,16
68748,993,845,0,20
68749,994,20,96,2
68750,994,1,110,1
68751,994,8,60,5
68752,994,817,72,3
68753,994,4,32,7
68754,994,830,35,6
68755,994,807,26,8
68756,994,822,68,4
68757,994,838,8,15
68758,994,832,20,9
68759,994,815,17,12
68760,994,839,9,13
68761,994,844,9,14
68762,994,840,4,16
68763,994,843,1,18
68764,994,154,0,19
68765,994,825,19,10
68766,994,842,18,11
68767,994,828,2,17
68768,994,845,0,20
68769,995,20,121,1
68770,995,1,120,2
68771,995,8,68,5
68772,995,817,84,4
68773,995,4,32,7
68774,995,830,50,6
68775,995,807,32,8
68776,995,822,86,3
68777,995,838,8,15
68778,995,832,24,9
68779,995,815,17,12
68780,995,839,11,13
68781,995,844,10,14
68782,995,840,4,16
68783,995,843,1,18
68784,995,154,0,19
68785,995,825,19,10
68786,995,842,18,11
68787,995,828,2,17
68788,995,845,0,20
68789,996,20,131,2
68790,996,1,145,1
68791,996,8,83,5
68792,996,817,96,3
68793,996,4,32,8
68794,996,830,68,6
68795,996,807,34,7
68796,996,822,92,4
68797,996,838,8,15
68798,996,832,28,9
68799,996,815,17,12
68800,996,839,11,13
68801,996,844,11,14
68802,996,840,4,16
68803,996,843,1,18
68804,996,154,0,19
68805,996,825,27,10
68806,996,842,18,11
68807,996,828,2,17
68808,996,845,0,20
68809,997,20,146,1
68810,997,1,145,2
68811,997,8,101,3
68812,997,817,96,4
68813,997,4,36,8
68814,997,830,93,5
68815,997,807,34,9
68816,997,822,92,6
68817,997,838,8,16
68818,997,832,28,10
68819,997,815,23,11
68820,997,839,19,12
68821,997,844,13,14
68822,997,840,4,17
68823,997,843,1,19
68824,997,154,12,15
68825,997,825,37,7
68826,997,842,18,13
68827,997,828,3,18
68828,997,845,0,20
68829,998,20,171,1
68830,998,1,163,2
68831,998,8,116,3
68832,998,817,106,4
68833,998,4,40,8
68834,998,830,93,6
68835,998,807,42,7
68836,998,822,104,5
68837,998,838,8,16
68838,998,832,28,10
68839,998,815,24,12
68840,998,839,25,11
68841,998,844,13,14
68842,998,840,4,17
68843,998,843,1,19
68844,998,154,12,15
68845,998,825,39,9
68846,998,842,18,13
68847,998,828,3,18
68848,998,845,0,20
68849,999,20,171,2
68850,999,1,188,1
68851,999,8,131,3
68852,999,817,106,5
68853,999,4,40,8
68854,999,830,105,6
68855,999,807,52,7
68856,999,822,122,4
68857,999,838,8,16
68858,999,832,28,12
68859,999,815,30,10
68860,999,839,29,11
68861,999,844,13,15
68862,999,840,4,18
68863,999,843,2,19
68864,999,154,20,13
68865,999,825,39,9
68866,999,842,18,14
68867,999,828,5,17
68868,999,845,0,20
68869,1000,20,189,2
68870,1000,1,213,1
68871,1000,8,146,3
68872,1000,817,118,5
68873,1000,4,44,9
68874,1000,830,105,6
68875,1000,807,52,7
68876,1000,822,132,4
68877,1000,838,8,16
68878,1000,832,30,11
68879,1000,815,30,10
68880,1000,839,29,12
68881,1000,844,13,15
68882,1000,840,4,18
68883,1000,843,2,19
68884,1000,154,21,14
68885,1000,825,45,8
68886,1000,842,26,13
68887,1000,828,5,17
68888,1000,845,0,20
68889,1001,20,214,2
68890,1001,1,231,1
68891,1001,8,146,3
68892,1001,817,118,6
68893,1001,4,44,9
68894,1001,830,120,5
68895,1001,807,52,7
68896,1001,822,144,4
68897,1001,838,8,16
68898,1001,832,30,12
68899,1001,815,40,10
68900,1001,839,37,11
68901,1001,844,13,15
68902,1001,840,4,18
68903,1001,843,2,19
68904,1001,154,27,14
68905,1001,825,49,8
68906,1001,842,28,13
68907,1001,828,6,17
68908,1001,845,0,20
68949,1002,20,226,2
68950,1002,1,256,1
68951,1002,8,164,3
68952,1002,817,118,6
68953,1002,4,44,11
68954,1002,830,130,5
68955,1002,807,52,7
68956,1002,822,159,4
68957,1002,838,8,16
68958,1002,832,34,12
68959,1002,815,46,9
68960,1002,839,45,10
68961,1002,844,13,15
68962,1002,840,6,17
68963,1002,843,2,19
68964,1002,154,27,14
68965,1002,825,49,8
68966,1002,842,28,13
68967,1002,828,6,18
68968,1002,845,1,20
68969,1003,20,241,2
68970,1003,1,281,1
68971,1003,8,174,3
68972,1003,817,126,6
68973,1003,4,50,8
68974,1003,830,148,5
68975,1003,807,53,7
68976,1003,822,171,4
68977,1003,838,8,16
68978,1003,832,38,12
68979,1003,815,46,10
68980,1003,839,45,11
68981,1003,844,15,15
68982,1003,840,6,17
68983,1003,843,2,19
68984,1003,154,27,14
68985,1003,825,49,9
68986,1003,842,28,13
68987,1003,828,6,18
68988,1003,845,1,20
68989,1004,20,256,2
68990,1004,1,306,1
68991,1004,8,186,4
68992,1004,817,134,6
68993,1004,4,50,9
68994,1004,830,158,5
68995,1004,807,53,8
68996,1004,822,189,3
68997,1004,838,8,16
68998,1004,832,38,12
68999,1004,815,47,10
69000,1004,839,47,11
69001,1004,844,21,15
69002,1004,840,6,17
69003,1004,843,2,19
69004,1004,154,27,14
69005,1004,825,53,7
69006,1004,842,28,13
69007,1004,828,6,18
69008,1004,845,1,20
69009,1005,20,264,2
69010,1005,1,331,1
69011,1005,8,196,4
69012,1005,817,146,6
69013,1005,4,50,10
69014,1005,830,173,5
69015,1005,807,53,9
69016,1005,822,207,3
69017,1005,838,8,16
69018,1005,832,39,12
69019,1005,815,53,7
69020,1005,839,49,11
69021,1005,844,21,15
69022,1005,840,6,17
69023,1005,843,2,19
69024,1005,154,31,13
69025,1005,825,53,8
69026,1005,842,28,14
69027,1005,828,6,18
69028,1005,845,1,20
69049,1006,20,276,2
69050,1006,1,346,1
69051,1006,8,221,3
69052,1006,817,146,6
69053,1006,4,50,10
69054,1006,830,191,5
69055,1006,807,61,7
69056,1006,822,217,4
69057,1006,838,8,16
69058,1006,832,45,12
69059,1006,815,57,8
69060,1006,839,49,11
69061,1006,844,21,15
69062,1006,840,6,18
69063,1006,843,4,19
69064,1006,154,31,13
69065,1006,825,53,9
69066,1006,842,28,14
69067,1006,828,7,17
69068,1006,845,1,20
69069,1007,20,294,2
69070,1007,1,358,1
69071,1007,8,236,3
69072,1007,817,146,6
69073,1007,4,50,10
69074,1007,830,216,5
69075,1007,807,69,7
69076,1007,822,227,4
69077,1007,838,12,16
69078,1007,832,45,12
69079,1007,815,57,8
69080,1007,839,49,11
69081,1007,844,27,15
69082,1007,840,6,18
69083,1007,843,4,19
69084,1007,154,31,13
69085,1007,825,53,9
69086,1007,842,29,14
69087,1007,828,9,17
69088,1007,845,1,20
69089,1008,20,302,2
69090,1008,1,383,1
69091,1008,8,251,3
69092,1008,817,158,6
69093,1008,4,50,10
69094,1008,830,234,5
69095,1008,807,69,7
69096,1008,822,237,4
69097,1008,838,12,16
69098,1008,832,45,12
69099,1008,815,58,8
69100,1008,839,49,11
69101,1008,844,33,14
69102,1008,840,6,18
69103,1008,843,4,19
69104,1008,154,35,13
69105,1008,825,55,9
69106,1008,842,29,15
69107,1008,828,9,17
69108,1008,845,1,20
69109,1009,20,320,2
69110,1009,1,408,1
69111,1009,8,251,3
69112,1009,817,170,6
69113,1009,4,50,11
69114,1009,830,249,4
69115,1009,807,69,7
69116,1009,822,247,5
69117,1009,838,12,16
69118,1009,832,53,10
69119,1009,815,62,8
69120,1009,839,49,12
69121,1009,844,39,13
69122,1009,840,6,18
69123,1009,843,4,19
69124,1009,154,37,14
69125,1009,825,56,9
69126,1009,842,29,15
69127,1009,828,9,17
69128,1009,845,1,20
69209,1011,822,44,1
69210,1011,1,43,2
69211,1011,830,27,3
69212,1011,20,22,5
69213,1011,844,26,4
69214,1011,825,8,8
69215,1011,807,6,9
69216,1011,8,10,6
69217,1011,840,2,12
69218,1011,826,1,13
69219,1011,842,4,10
69220,1011,846,8,7
69221,1011,815,1,14
69222,1011,848,2,11
69223,1011,841,0,15
69224,1011,847,0,16
69225,1011,9,0,17
69226,1011,154,0,19
69227,1011,817,0,18
69228,1011,832,0,20
69229,1012,822,62,2
69230,1012,1,68,1
69231,1012,830,39,3
69232,1012,20,37,4
69233,1012,844,36,5
69234,1012,825,8,9
69235,1012,807,6,10
69236,1012,8,12,7
69237,1012,840,2,14
69238,1012,826,1,15
69239,1012,842,13,6
69240,1012,846,8,8
69241,1012,815,5,12
69242,1012,848,3,13
69243,1012,841,0,16
69244,1012,847,0,19
69245,1012,9,0,20
69246,1012,154,0,17
69247,1012,817,6,11
69248,1012,832,0,18
69249,1013,822,87,1
69250,1013,1,86,2
69251,1013,830,51,4
69252,1013,20,52,3
69253,1013,844,47,5
69254,1013,825,8,10
69255,1013,807,6,11
69256,1013,8,13,8
69257,1013,840,4,14
69258,1013,826,1,16
69259,1013,842,13,7
69260,1013,846,12,9
69261,1013,815,13,6
69262,1013,848,3,15
69263,1013,841,0,17
69264,1013,847,0,19
69265,1013,9,0,20
69266,1013,154,0,18
69267,1013,817,6,13
69268,1013,832,6,12
69289,1014,822,105,2
69290,1014,1,112,1
69291,1014,830,66,3
69292,1014,20,64,4
69293,1014,844,57,5
69294,1014,825,14,7
69295,1014,807,6,13
69296,1014,8,13,9
69297,1014,840,4,14
69298,1014,826,3,16
69299,1014,842,21,6
69300,1014,846,12,10
69301,1014,815,13,8
69302,1014,848,3,15
69303,1014,841,0,18
69304,1014,847,0,19
69305,1014,9,0,20
69306,1014,154,1,17
69307,1014,817,6,12
69308,1014,832,10,11
69309,1015,822,120,2
69310,1015,1,137,1
69311,1015,830,78,4
69312,1015,20,82,3
69313,1015,844,57,5
69314,1015,825,14,8
69315,1015,807,6,15
69316,1015,8,13,10
69317,1015,840,4,16
69318,1015,826,9,12
69319,1015,842,32,6
69320,1015,846,12,11
69321,1015,815,13,9
69322,1015,848,7,14
69323,1015,841,0,18
69324,1015,847,0,19
69325,1015,9,0,20
69326,1015,154,2,17
69327,1015,817,8,13
69328,1015,832,18,7
69329,1016,822,133,2
69330,1016,1,162,1
69331,1016,830,88,4
69332,1016,20,100,3
69333,1016,844,72,5
69334,1016,825,14,9
69335,1016,807,12,13
69336,1016,8,13,11
69337,1016,840,6,16
69338,1016,826,10,14
69339,1016,842,36,6
69340,1016,846,12,12
69341,1016,815,13,10
69342,1016,848,7,15
69343,1016,841,0,18
69344,1016,847,0,19
69345,1016,9,0,20
69346,1016,154,2,17
69347,1016,817,16,8
69348,1016,832,18,7
69409,1017,822,151,2
69410,1017,1,187,1
69411,1017,830,100,4
69412,1017,20,111,3
69413,1017,844,87,5
69414,1017,825,14,11
69415,1017,807,16,10
69416,1017,8,19,8
69417,1017,840,6,16
69418,1017,826,10,14
69419,1017,842,37,6
69420,1017,846,14,12
69421,1017,815,13,13
69422,1017,848,7,15
69423,1017,841,0,18
69424,1017,847,0,19
69425,1017,9,0,20
69426,1017,154,2,17
69427,1017,817,16,9
69428,1017,832,26,7
69429,1018,822,166,2
69430,1018,1,197,1
69431,1018,830,126,3
69432,1018,20,123,4
69433,1018,844,105,5
69434,1018,825,14,12
69435,1018,807,16,11
69436,1018,8,21,9
69437,1018,840,6,16
69438,1018,826,10,14
69439,1018,842,43,6
69440,1018,846,22,8
69441,1018,815,13,13
69442,1018,848,7,15
69443,1018,841,1,18
69444,1018,847,0,19
69445,1018,9,0,20
69446,1018,154,2,17
69447,1018,817,16,10
69448,1018,832,30,7
69449,1019,822,184,2
69450,1019,1,223,1
69451,1019,830,136,3
69452,1019,20,123,4
69453,1019,844,120,5
69454,1019,825,14,12
69455,1019,807,17,11
69456,1019,8,25,8
69457,1019,840,6,16
69458,1019,826,12,14
69459,1019,842,55,6
69460,1019,846,22,9
69461,1019,815,13,13
69462,1019,848,7,15
69463,1019,841,1,18
69464,1019,847,0,19
69465,1019,9,0,20
69466,1019,154,2,17
69467,1019,817,22,10
69468,1019,832,38,7
69489,1020,822,184,2
69490,1020,1,225,1
69491,1020,830,162,3
69492,1020,20,141,4
69493,1020,844,120,5
69494,1020,825,18,13
69495,1020,807,17,14
69496,1020,8,25,9
69497,1020,840,18,12
69498,1020,826,27,8
69499,1020,842,55,6
69500,1020,846,22,10
69501,1020,815,13,16
69502,1020,848,15,15
69503,1020,841,1,18
69504,1020,847,0,20
69505,1020,9,1,19
69506,1020,154,8,17
69507,1020,817,22,11
69508,1020,832,48,7
69509,1021,822,188,2
69510,1021,1,250,1
69511,1021,830,181,3
69512,1021,20,156,4
69513,1021,844,132,5
69514,1021,825,18,13
69515,1021,807,17,14
69516,1021,8,31,8
69517,1021,840,18,12
69518,1021,826,27,9
69519,1021,842,63,6
69520,1021,846,24,10
69521,1021,815,13,16
69522,1021,848,16,15
69523,1021,841,1,18
69524,1021,847,0,20
69525,1021,9,1,19
69526,1021,154,8,17
69527,1021,817,22,11
69528,1021,832,58,7
69529,1022,822,203,2
69530,1022,1,268,1
69531,1022,830,181,3
69532,1022,20,169,4
69533,1022,844,157,5
69534,1022,825,18,16
69535,1022,807,21,14
69536,1022,8,31,9
69537,1022,840,19,15
69538,1022,826,33,8
69539,1022,842,65,6
69540,1022,846,24,11
69541,1022,815,21,13
69542,1022,848,26,10
69543,1022,841,1,18
69544,1022,847,0,20
69545,1022,9,1,19
69546,1022,154,8,17
69547,1022,817,22,12
69548,1022,832,58,7
69549,1023,822,221,2
69550,1023,1,284,1
69551,1023,830,185,3
69552,1023,20,169,5
69553,1023,844,182,4
69554,1023,825,18,16
69555,1023,807,31,11
69556,1023,8,31,12
69557,1023,840,19,15
69558,1023,826,33,10
69559,1023,842,65,6
69560,1023,846,25,14
69561,1023,815,27,13
69562,1023,848,34,9
69563,1023,841,3,18
69564,1023,847,0,20
69565,1023,9,1,19
69566,1023,154,8,17
69567,1023,817,34,8
69568,1023,832,58,7
69569,1024,822,231,2
69570,1024,1,296,1
69571,1024,830,200,4
69572,1024,20,194,5
69573,1024,844,200,3
69574,1024,825,18,16
69575,1024,807,33,11
69576,1024,8,31,13
69577,1024,840,19,15
69578,1024,826,33,10
69579,1024,842,69,6
69580,1024,846,31,12
69581,1024,815,27,14
69582,1024,848,42,8
69583,1024,841,4,18
69584,1024,847,0,20
69585,1024,9,1,19
69586,1024,154,8,17
69587,1024,817,34,9
69588,1024,832,58,7
69589,1025,822,249,2
69590,1025,1,322,1
69591,1025,830,212,4
69592,1025,20,194,5
69593,1025,844,215,3
69594,1025,825,20,15
69595,1025,807,34,11
69596,1025,8,31,14
69597,1025,840,19,16
69598,1025,826,33,12
69599,1025,842,69,6
69600,1025,846,35,9
69601,1025,815,33,13
69602,1025,848,52,8
69603,1025,841,4,18
69604,1025,847,0,20
69605,1025,9,1,19
69606,1025,154,8,17
69607,1025,817,34,10
69608,1025,832,66,7
69649,1026,822,274,2
69650,1026,1,338,1
69651,1026,830,212,4
69652,1026,20,212,5
69653,1026,844,223,3
69654,1026,825,20,16
69655,1026,807,34,13
69656,1026,8,31,14
69657,1026,840,21,15
69658,1026,826,34,11
69659,1026,842,75,7
69660,1026,846,35,10
69661,1026,815,37,9
69662,1026,848,64,8
69663,1026,841,4,18
69664,1026,847,0,20
69665,1026,9,1,19
69666,1026,154,8,17
69667,1026,817,34,12
69668,1026,832,76,6
69669,1027,822,289,2
69670,1027,1,363,1
69671,1027,830,220,5
69672,1027,20,230,4
69673,1027,844,236,3
69674,1027,825,20,16
69675,1027,807,35,11
69676,1027,8,31,14
69677,1027,840,21,15
69678,1027,826,34,13
69679,1027,842,77,6
69680,1027,846,35,12
69681,1027,815,43,9
69682,1027,848,74,8
69683,1027,841,4,18
69684,1027,847,0,20
69685,1027,9,1,19
69686,1027,154,8,17
69687,1027,817,38,10
69688,1027,832,76,7
69689,1028,822,314,2
69690,1028,1,381,1
69691,1028,830,235,4
69692,1028,20,230,5
69693,1028,844,249,3
69694,1028,825,20,16
69695,1028,807,37,12
69696,1028,8,31,14
69697,1028,840,21,15
69698,1028,826,34,13
69699,1028,842,77,8
69700,1028,846,41,11
69701,1028,815,44,10
69702,1028,848,84,6
69703,1028,841,4,18
69704,1028,847,0,20
69705,1028,9,1,19
69706,1028,154,8,17
69707,1028,817,46,9
69708,1028,832,80,7
69709,1029,822,314,2
69710,1029,1,387,1
69711,1029,830,260,3
69712,1029,20,230,5
69713,1029,844,249,4
69714,1029,825,20,16
69715,1029,807,37,13
69716,1029,8,43,12
69717,1029,840,21,15
69718,1029,826,35,14
69719,1029,842,95,6
69720,1029,846,45,11
69721,1029,815,46,10
69722,1029,848,84,8
69723,1029,841,14,17
69724,1029,847,0,20
69725,1029,9,1,19
69726,1029,154,8,18
69727,1029,817,54,9
69728,1029,832,95,7
69729,1030,822,326,2
69730,1030,1,413,1
69731,1030,830,278,3
69732,1030,20,240,5
69733,1030,844,264,4
69734,1030,825,20,16
69735,1030,807,37,14
69736,1030,8,43,12
69737,1030,840,21,15
69738,1030,826,37,13
69739,1030,842,95,7
69740,1030,846,49,11
69741,1030,815,52,10
69742,1030,848,92,8
69743,1030,841,14,17
69744,1030,847,0,20
69745,1030,9,1,19
69746,1030,154,8,18
69747,1030,817,54,9
69748,1030,832,96,6
69749,1010,822,26,1
69750,1010,1,18,2
69751,1010,830,15,3
69752,1010,20,12,4
69753,1010,844,10,5
69754,1010,825,8,6
69755,1010,807,6,7
69756,1010,8,4,8
69757,1010,840,2,9
69758,1010,826,1,10
69759,1010,842,0,11
69760,1010,846,0,12
69761,1010,815,0,13
69762,1010,848,0,14
69763,1010,841,0,15
69764,1010,847,0,16
69765,1010,9,0,17
69766,1010,154,0,18
69767,1010,817,0,19
69768,1010,832,0,20
69809,1032,822,43,1
69810,1032,844,18,4
69811,1032,846,26,3
69812,1032,1,37,2
69813,1032,832,13,7
69814,1032,815,16,5
69815,1032,842,6,9
69816,1032,839,4,11
69817,1032,841,2,13
69818,1032,20,1,15
69819,1032,849,0,16
69820,1032,826,1,14
69821,1032,848,12,8
69822,1032,8,0,17
69823,1032,847,0,20
69824,1032,154,0,19
69825,1032,825,0,18
69826,1032,840,6,10
69827,1032,817,4,12
69828,1032,830,15,6
69849,1033,822,58,2
69850,1033,844,18,7
69851,1033,846,26,4
69852,1033,1,63,1
69853,1033,832,15,9
69854,1033,815,22,6
69855,1033,842,6,12
69856,1033,839,4,13
69857,1033,841,2,14
69858,1033,20,9,10
69859,1033,849,0,18
69860,1033,826,1,15
69861,1033,848,22,5
69862,1033,8,0,17
69863,1033,847,0,20
69864,1033,154,0,19
69865,1033,825,1,16
69866,1033,840,18,8
69867,1033,817,8,11
69868,1033,830,33,3
69869,1034,822,58,2
69870,1034,844,33,5
69871,1034,846,36,4
69872,1034,1,88,1
69873,1034,832,15,10
69874,1034,815,22,7
69875,1034,842,12,12
69876,1034,839,12,11
69877,1034,841,2,14
69878,1034,20,10,13
69879,1034,849,0,17
69880,1034,826,1,15
69881,1034,848,26,6
69882,1034,8,0,18
69883,1034,847,0,19
69884,1034,154,0,20
69885,1034,825,1,16
69886,1034,840,20,8
69887,1034,817,20,9
69888,1034,830,52,3
69889,1034,807,0,21
69890,1035,822,73,3
69891,1035,844,45,4
69892,1035,846,38,5
69893,1035,1,107,1
69894,1035,832,15,11
69895,1035,815,22,8
69896,1035,842,12,12
69897,1035,839,16,10
69898,1035,841,2,15
69899,1035,20,10,13
69900,1035,849,0,19
69901,1035,826,2,16
69902,1035,848,36,6
69903,1035,8,0,18
69904,1035,847,0,20
69905,1035,154,0,21
69906,1035,825,1,17
69907,1035,840,28,7
69908,1035,817,20,9
69909,1035,830,77,2
69910,1035,807,6,14
69911,1036,822,89,3
69912,1036,844,45,4
69913,1036,846,39,7
69914,1036,1,132,1
69915,1036,832,23,9
69916,1036,815,32,8
69917,1036,842,14,13
69918,1036,839,16,12
69919,1036,841,2,15
69920,1036,20,16,11
69921,1036,849,0,19
69922,1036,826,2,16
69923,1036,848,40,6
69924,1036,8,0,18
69925,1036,847,0,20
69926,1036,154,0,21
69927,1036,825,1,17
69928,1036,840,40,5
69929,1036,817,20,10
69930,1036,830,95,2
69931,1036,807,6,14
69932,1037,822,107,3
69933,1037,844,45,5
69934,1037,846,45,6
69935,1037,1,157,1
69936,1037,832,23,11
69937,1037,815,33,9
69938,1037,842,18,12
69939,1037,839,26,10
69940,1037,841,2,15
69941,1037,20,16,13
69942,1037,849,0,19
69943,1037,826,2,16
69944,1037,848,48,4
69945,1037,8,0,18
69946,1037,847,0,20
69947,1037,154,0,21
69948,1037,825,1,17
69949,1037,840,42,7
69950,1037,817,33,8
69951,1037,830,110,2
69952,1037,807,6,14
69953,1038,822,117,2
69954,1038,844,45,7
69955,1038,846,57,5
69956,1038,1,164,1
69957,1038,832,41,9
69958,1038,815,34,11
69959,1038,842,43,8
69960,1038,839,30,12
69961,1038,841,2,16
69962,1038,20,16,13
69963,1038,849,0,18
69964,1038,826,4,15
69965,1038,848,48,6
69966,1038,8,0,19
69967,1038,847,0,21
69968,1038,154,0,20
69969,1038,825,1,17
69970,1038,840,57,4
69971,1038,817,41,10
69972,1038,830,110,3
69973,1038,807,6,14
69974,1039,822,135,2
69975,1039,844,49,8
69976,1039,846,65,4
69977,1039,1,190,1
69978,1039,832,41,11
69979,1039,815,44,9
69980,1039,842,43,10
69981,1039,839,30,12
69982,1039,841,2,17
69983,1039,20,17,13
69984,1039,849,0,19
69985,1039,826,10,14
69986,1039,848,63,5
69987,1039,8,2,16
69988,1039,847,0,20
69989,1039,154,0,21
69990,1039,825,1,18
69991,1039,840,57,6
69992,1039,817,53,7
69993,1039,830,110,3
69994,1039,807,6,15
69995,1031,822,25,1
69996,1031,844,18,2
69997,1031,846,16,3
69998,1031,1,12,4
69999,1031,832,10,5
70000,1031,815,8,6
70001,1031,842,6,7
70002,1031,839,4,8
70003,1031,841,2,9
70004,1031,20,1,10
70005,1031,849,0,11
70006,1031,826,0,12
70007,1031,848,0,13
70008,1031,8,0,14
70009,1031,847,0,15
70010,1031,154,0,16
70011,1031,825,0,17
70012,1031,840,0,18
70013,1031,817,0,19
70014,1031,830,0,20
70015,1040,822,161,2
70016,1040,844,57,7
70017,1040,846,65,4
70018,1040,1,205,1
70019,1040,832,41,11
70020,1040,815,56,9
70021,1040,842,45,10
70022,1040,839,36,12
70023,1040,841,2,17
70024,1040,20,17,13
70025,1040,849,0,19
70026,1040,826,14,14
70027,1040,848,64,5
70028,1040,8,2,16
70029,1040,847,0,20
70030,1040,154,0,21
70031,1040,825,1,18
70032,1040,840,57,8
70033,1040,817,63,6
70034,1040,830,128,3
70035,1040,807,6,15
70036,1041,822,161,2
70037,1041,844,63,8
70038,1041,846,65,6
70039,1041,1,230,1
70040,1041,832,51,11
70041,1041,815,68,5
70042,1041,842,53,10
70043,1041,839,36,12
70044,1041,841,3,16
70045,1041,20,17,13
70046,1041,849,0,20
70047,1041,826,14,14
70048,1041,848,64,7
70049,1041,8,2,17
70050,1041,847,0,21
70051,1041,154,2,18
70052,1041,825,1,19
70053,1041,840,57,9
70054,1041,817,78,4
70055,1041,830,147,3
70056,1041,807,10,15
70057,1042,822,179,2
70058,1042,844,75,5
70059,1042,846,65,7
70060,1042,1,256,1
70061,1042,832,59,10
70062,1042,815,74,6
70063,1042,842,63,9
70064,1042,839,40,12
70065,1042,841,3,16
70066,1042,20,18,13
70067,1042,849,0,20
70068,1042,826,14,14
70069,1042,848,64,8
70070,1042,8,2,17
70071,1042,847,0,21
70072,1042,154,2,18
70073,1042,825,1,19
70074,1042,840,57,11
70075,1042,817,80,4
70076,1042,830,162,3
70077,1042,807,10,15
70078,1043,822,197,2
70079,1043,844,85,5
70080,1043,846,69,7
70081,1043,1,282,1
70082,1043,832,65,8
70083,1043,815,82,6
70084,1043,842,63,10
70085,1043,839,40,12
70086,1043,841,4,17
70087,1043,20,18,14
70088,1043,849,0,20
70089,1043,826,26,13
70090,1043,848,64,9
70091,1043,8,4,16
70092,1043,847,0,21
70093,1043,154,2,18
70094,1043,825,1,19
70095,1043,840,57,11
70096,1043,817,95,4
70097,1043,830,162,3
70098,1043,807,10,15
70099,1044,822,197,2
70100,1044,844,97,5
70101,1044,846,74,8
70102,1044,1,307,1
70103,1044,832,75,7
70104,1044,815,100,4
70105,1044,842,63,10
70106,1044,839,40,12
70107,1044,841,4,17
70108,1044,20,33,13
70109,1044,849,0,20
70110,1044,826,26,14
70111,1044,848,70,9
70112,1044,8,4,16
70113,1044,847,0,21
70114,1044,154,2,18
70115,1044,825,1,19
70116,1044,840,59,11
70117,1044,817,96,6
70118,1044,830,170,3
70119,1044,807,10,15
70120,1045,822,201,2
70121,1045,844,98,6
70122,1045,846,86,7
70123,1045,1,332,1
70124,1045,832,85,8
70125,1045,815,100,5
70126,1045,842,71,10
70127,1045,839,42,12
70128,1045,841,4,17
70129,1045,20,33,13
70130,1045,849,0,20
70131,1045,826,26,14
70132,1045,848,85,9
70133,1045,8,4,16
70134,1045,847,0,21
70135,1045,154,2,18
70136,1045,825,1,19
70137,1045,840,59,11
70138,1045,817,102,4
70139,1045,830,189,3
70140,1045,807,10,15
70141,1046,822,205,2
70142,1046,844,98,6
70143,1046,846,87,9
70144,1046,1,332,1
70145,1046,832,97,7
70146,1046,815,125,4
70147,1046,842,71,11
70148,1046,839,60,12
70149,1046,841,4,17
70150,1046,20,33,13
70151,1046,849,0,21
70152,1046,826,32,14
70153,1046,848,93,8
70154,1046,8,4,16
70155,1046,847,3,18
70156,1046,154,2,19
70157,1046,825,1,20
70158,1046,840,74,10
70159,1046,817,112,5
70160,1046,830,189,3
70161,1046,807,10,15
70162,1046,851,0,22
70163,1046,850,0,23
70187,1047,822,223,2
70188,1047,844,98,8
70189,1047,846,97,9
70190,1047,1,347,1
70191,1047,832,105,6
70192,1047,815,125,4
70193,1047,842,75,10
70194,1047,839,62,12
70195,1047,841,4,17
70196,1047,20,33,13
70197,1047,849,0,21
70198,1047,826,32,14
70199,1047,848,105,7
70200,1047,8,4,16
70201,1047,847,3,18
70202,1047,154,2,19
70203,1047,825,1,20
70204,1047,840,75,11
70205,1047,817,119,5
70206,1047,830,214,3
70207,1047,807,10,15
70208,1047,851,0,22
70209,1047,850,0,23
70231,1052,1,25,1
70232,1052,830,18,2
70233,1052,822,16,3
70234,1052,846,12,4
70235,1052,815,10,5
70236,1052,844,8,6
70237,1052,817,6,7
70238,1052,832,4,8
70239,1052,852,2,9
70240,1052,840,1,10
70241,1052,8,0,11
70242,1052,841,0,12
70243,1052,839,0,13
70244,1052,847,0,14
70245,1052,20,0,15
70246,1052,854,0,16
70247,1052,842,0,17
70248,1052,849,0,18
70249,1052,4,0,19
70250,1052,853,0,20
70291,1053,1,44,1
70292,1053,830,43,2
70293,1053,822,16,5
70294,1053,846,27,3
70295,1053,815,10,8
70296,1053,844,20,4
70297,1053,817,14,7
70298,1053,832,14,6
70299,1053,852,2,11
70300,1053,840,5,10
70301,1053,8,0,14
70302,1053,841,0,15
70303,1053,839,2,12
70304,1053,847,0,16
70305,1053,20,0,17
70306,1053,854,0,18
70307,1053,842,6,9
70308,1053,849,0,20
70309,1053,4,1,13
70310,1053,853,0,19
70311,1054,1,69,1
70312,1054,830,61,2
70313,1054,822,32,4
70314,1054,846,37,3
70315,1054,815,22,6
70316,1054,844,28,5
70317,1054,817,16,7
70318,1054,832,14,8
70319,1054,852,2,13
70320,1054,840,5,11
70321,1054,8,0,14
70322,1054,841,0,15
70323,1054,839,8,9
70324,1054,847,0,17
70325,1054,20,0,16
70326,1054,854,0,18
70327,1054,842,7,10
70328,1054,849,0,20
70329,1054,4,5,12
70330,1054,853,0,19
70331,1055,1,94,1
70332,1055,830,80,2
70333,1055,822,47,3
70334,1055,846,41,4
70335,1055,815,32,6
70336,1055,844,40,5
70337,1055,817,24,7
70338,1055,832,20,8
70339,1055,852,2,13
70340,1055,840,5,11
70341,1055,8,0,14
70342,1055,841,0,15
70343,1055,839,10,9
70344,1055,847,0,17
70345,1055,20,0,16
70346,1055,854,0,18
70347,1055,842,8,10
70348,1055,849,0,19
70349,1055,4,5,12
70350,1055,853,0,20
70351,1056,1,101,2
70352,1056,830,105,1
70353,1056,822,47,4
70354,1056,846,56,3
70355,1056,815,44,5
70356,1056,844,40,6
70357,1056,817,24,8
70358,1056,832,38,7
70359,1056,852,2,14
70360,1056,840,9,12
70361,1056,8,0,16
70362,1056,841,1,15
70363,1056,839,12,10
70364,1056,847,0,17
70365,1056,20,10,11
70366,1056,854,0,19
70367,1056,842,16,9
70368,1056,849,0,18
70369,1056,4,5,13
70370,1056,853,0,20
70371,1057,1,101,2
70372,1057,830,105,1
70373,1057,822,47,6
70374,1057,846,66,4
70375,1057,815,69,3
70376,1057,844,52,5
70377,1057,817,26,10
70378,1057,832,42,7
70379,1057,852,8,14
70380,1057,840,9,13
70381,1057,8,1,15
70382,1057,841,1,16
70383,1057,839,12,12
70384,1057,847,0,18
70385,1057,20,28,9
70386,1057,854,0,17
70387,1057,842,31,8
70388,1057,849,0,20
70389,1057,4,13,11
70390,1057,853,0,19
70391,1059,1,119,2
70392,1059,830,131,1
70393,1059,822,59,5
70394,1059,846,76,4
70395,1059,815,84,3
70396,1059,844,52,6
70397,1059,817,34,9
70398,1059,832,42,7
70399,1059,852,8,14
70400,1059,840,10,13
70401,1059,8,1,15
70402,1059,841,1,16
70403,1059,839,12,12
70404,1059,847,0,17
70405,1059,20,30,10
70406,1059,854,0,18
70407,1059,842,37,8
70408,1059,849,0,20
70409,1059,4,17,11
70410,1059,853,0,19
70411,1058,1,138,2
70412,1058,830,156,1
70413,1058,822,74,5
70414,1058,846,86,4
70415,1058,815,96,3
70416,1058,844,58,6
70417,1058,817,34,9
70418,1058,832,50,7
70419,1058,852,9,14
70420,1058,840,14,12
70421,1058,8,1,15
70422,1058,841,1,16
70423,1058,839,12,13
70424,1058,847,0,17
70425,1058,20,30,10
70426,1058,854,0,18
70427,1058,842,37,8
70428,1058,849,0,20
70429,1058,4,19,11
70430,1058,853,0,19
70451,1060,1,150,2
70452,1060,830,182,1
70453,1060,822,92,5
70454,1060,846,101,4
70455,1060,815,104,3
70456,1060,844,62,6
70457,1060,817,40,8
70458,1060,832,60,7
70459,1060,852,9,14
70460,1060,840,14,12
70461,1060,8,1,15
70462,1060,841,1,16
70463,1060,839,12,13
70464,1060,847,0,17
70465,1060,20,30,10
70466,1060,854,0,18
70467,1060,842,39,9
70468,1060,849,0,20
70469,1060,4,20,11
70470,1060,853,0,19
70471,1061,1,177,2
70472,1061,830,185,1
70473,1061,822,108,4
70474,1061,846,113,3
70475,1061,815,104,5
70476,1061,844,80,6
70477,1061,817,50,8
70478,1061,832,68,7
70479,1061,852,10,14
70480,1061,840,18,12
70481,1061,8,1,15
70482,1061,841,1,16
70483,1061,839,14,13
70484,1061,847,0,17
70485,1061,20,30,10
70486,1061,854,0,18
70487,1061,842,39,9
70488,1061,849,0,19
70489,1061,4,26,11
70490,1061,853,0,20
70511,1062,1,195,1
70512,1062,830,187,2
70513,1062,822,108,4
70514,1062,846,113,3
70515,1062,815,104,5
70516,1062,844,80,7
70517,1062,817,50,9
70518,1062,832,83,6
70519,1062,852,18,13
70520,1062,840,18,14
70521,1062,8,2,17
70522,1062,841,1,18
70523,1062,839,39,10
70524,1062,847,4,16
70525,1062,20,30,12
70526,1062,854,0,19
70527,1062,842,50,8
70528,1062,849,6,15
70529,1062,4,38,11
70530,1062,853,0,20
70531,1063,1,202,1
70532,1063,830,200,2
70533,1063,822,108,4
70534,1063,846,113,3
70535,1063,815,104,5
70536,1063,844,82,7
70537,1063,817,56,8
70538,1063,832,84,6
70539,1063,852,18,13
70540,1063,840,18,14
70541,1063,8,2,17
70542,1063,841,1,18
70543,1063,839,42,10
70544,1063,847,13,15
70545,1063,20,35,12
70546,1063,854,0,19
70547,1063,842,54,9
70548,1063,849,7,16
70549,1063,4,38,11
70550,1063,853,0,20
70551,1064,1,222,2
70552,1064,830,224,1
70553,1064,822,123,3
70554,1064,846,114,4
70555,1064,815,108,5
70556,1064,844,92,6
70557,1064,817,56,9
70558,1064,832,90,7
70559,1064,852,18,13
70560,1064,840,18,14
70561,1064,8,2,17
70562,1064,841,1,18
70563,1064,839,44,11
70564,1064,847,13,15
70565,1064,20,35,12
70566,1064,854,0,19
70567,1064,842,66,8
70568,1064,849,7,16
70569,1064,4,46,10
70570,1064,853,0,20
70571,1064,9,0,21
70572,1065,1,222,2
70573,1065,830,226,1
70574,1065,822,141,3
70575,1065,846,132,4
70576,1065,815,118,5
70577,1065,844,104,6
70578,1065,817,83,8
70579,1065,832,98,7
70580,1065,852,18,14
70581,1065,840,24,13
70582,1065,8,2,17
70583,1065,841,1,18
70584,1065,839,45,11
70585,1065,847,15,15
70586,1065,20,35,12
70587,1065,854,0,19
70588,1065,842,66,9
70589,1065,849,7,16
70590,1065,4,50,10
70591,1065,853,0,21
70592,1065,9,0,20
70593,1066,1,246,1
70594,1066,830,244,2
70595,1066,822,151,3
70596,1066,846,139,4
70597,1066,815,120,5
70598,1066,844,104,7
70599,1066,817,95,8
70600,1066,832,112,6
70601,1066,852,18,14
70602,1066,840,24,13
70603,1066,8,6,17
70604,1066,841,1,18
70605,1066,839,45,11
70606,1066,847,16,15
70607,1066,20,35,12
70608,1066,854,0,19
70609,1066,842,66,9
70610,1066,849,7,16
70611,1066,4,58,10
70612,1066,853,0,21
70613,1066,9,0,20
70614,1067,1,256,2
70615,1067,830,262,1
70616,1067,822,177,3
70617,1067,846,145,4
70618,1067,815,135,5
70619,1067,844,116,7
70620,1067,817,95,8
70621,1067,832,116,6
70622,1067,852,18,14
70623,1067,840,26,13
70624,1067,8,6,17
70625,1067,841,1,18
70626,1067,839,46,11
70627,1067,847,16,15
70628,1067,20,35,12
70629,1067,854,0,19
70630,1067,842,74,9
70631,1067,849,7,16
70632,1067,4,58,10
70633,1067,853,0,21
70634,1067,9,0,20
70635,1069,1,276,2
70636,1069,830,288,1
70637,1069,822,185,3
70638,1069,846,149,5
70639,1069,815,150,4
70640,1069,844,128,6
70641,1069,817,105,8
70642,1069,832,122,7
70643,1069,852,20,14
70644,1069,840,26,13
70645,1069,8,6,17
70646,1069,841,1,18
70647,1069,839,46,11
70648,1069,847,16,15
70649,1069,20,36,12
70650,1069,854,0,19
70651,1069,842,74,9
70652,1069,849,7,16
70653,1069,4,58,10
70654,1069,853,0,21
70655,1069,9,0,20
70656,1070,1,294,2
70657,1070,830,312,1
70658,1070,822,185,3
70659,1070,846,150,5
70660,1070,815,165,4
70661,1070,844,138,6
70662,1070,817,105,8
70663,1070,832,130,7
70664,1070,852,20,14
70665,1070,840,26,13
70666,1070,8,10,16
70667,1070,841,1,18
70668,1070,839,46,11
70669,1070,847,16,15
70670,1070,20,42,12
70671,1070,854,0,19
70672,1070,842,86,9
70673,1070,849,7,17
70674,1070,4,60,10
70675,1070,853,0,21
70676,1070,9,0,20
70677,1071,1,318,2
70678,1071,830,332,1
70679,1071,822,203,3
70680,1071,846,151,5
70681,1071,815,178,4
70682,1071,844,148,6
70683,1071,817,105,8
70684,1071,832,140,7
70685,1071,852,20,14
70686,1071,840,26,13
70687,1071,8,10,16
70688,1071,841,1,18
70689,1071,839,50,11
70690,1071,847,16,15
70691,1071,20,42,12
70692,1071,854,0,19
70693,1071,842,92,9
70694,1071,849,7,17
70695,1071,4,62,10
70696,1071,853,0,21
70697,1071,9,0,20
70698,1051,1,344,2
70699,1051,830,352,1
70700,1051,822,203,3
70701,1051,846,153,5
70702,1051,815,190,4
70703,1051,844,152,6
70704,1051,817,105,8
70705,1051,832,146,7
70706,1051,852,20,14
70707,1051,840,34,13
70708,1051,8,10,16
70709,1051,841,1,18
70710,1051,839,60,11
70711,1051,847,16,15
70712,1051,20,43,12
70713,1051,854,0,19
70714,1051,842,92,9
70715,1051,849,7,17
70716,1051,4,77,10
70717,1051,853,0,21
70718,1051,9,0,20
70719,1072,1,370,2
70720,1072,830,370,1
70721,1072,822,218,3
70722,1072,846,154,6
70723,1072,815,190,4
70724,1072,844,158,5
70725,1072,817,115,8
70726,1072,832,150,7
70727,1072,852,20,14
70728,1072,840,34,13
70729,1072,8,10,16
70730,1072,841,3,18
70731,1072,839,72,11
70732,1072,847,16,15
70733,1072,20,43,12
70734,1072,854,0,19
70735,1072,842,100,9
70736,1072,849,7,17
70737,1072,4,77,10
70738,1072,853,0,21
70739,1072,9,0,20
70740,1073,1,388,2
70741,1073,830,396,1
70742,1073,822,226,3
70743,1073,846,160,6
70744,1073,815,190,4
70745,1073,844,159,7
70746,1073,817,115,8
70747,1073,832,164,5
70748,1073,852,32,14
70749,1073,840,34,13
70750,1073,8,10,16
70751,1073,841,3,18
70752,1073,839,74,11
70753,1073,847,16,15
70754,1073,20,43,12
70755,1073,854,0,19
70756,1073,842,110,9
70757,1073,849,7,17
70758,1073,4,81,10
70759,1073,853,0,21
70760,1073,9,0,20
70781,71,21,10,1
70782,71,22,8,2
70783,71,4,6,3
70784,71,14,5,4
70785,71,17,4,5
70786,71,31,3,6
70787,71,32,2,7
70788,71,8,1,8
70789,71,15,0,9
70790,71,13,0,10
70791,71,18,0,16
70792,71,23,0,11
70793,71,35,0,12
70794,71,11,0,17
70795,71,39,0,13
70796,71,33,0,14
70797,71,40,0,15
70798,71,30,0,18
70799,71,2,0,19
70800,71,27,0,20
70801,72,21,10,2
70802,72,22,8,4
70803,72,4,16,1
70804,72,14,8,5
70805,72,17,4,9
70806,72,31,8,6
70807,72,32,3,10
70808,72,8,1,12
70809,72,15,8,3
70810,72,13,0,13
70811,72,18,0,19
70812,72,23,4,8
70813,72,35,0,16
70814,72,11,0,20
70815,72,39,0,14
70816,72,33,0,15
70817,72,40,0,18
70818,72,30,2,11
70819,72,2,6,7
70820,72,27,0,17
70821,72,19,0,21
70822,73,21,10,3
70823,73,22,8,6
70824,73,4,26,1
70825,73,14,9,5
70826,73,17,7,9
70827,73,31,8,7
70828,73,32,3,12
70829,73,8,7,8
70830,73,15,16,2
70831,73,13,2,13
70832,73,18,0,20
70833,73,23,9,4
70834,73,35,0,16
70835,73,11,0,21
70836,73,39,0,17
70837,73,33,0,15
70838,73,40,0,18
70839,73,30,2,14
70840,73,2,6,10
70841,73,27,0,19
70842,73,19,0,22
70843,73,37,4,11
70844,74,21,10,3
70845,74,22,8,9
70846,74,4,36,1
70847,74,14,9,7
70848,74,17,9,8
70849,74,31,8,10
70850,74,32,3,15
70851,74,8,7,11
70852,74,15,20,2
70853,74,13,2,16
70854,74,18,0,22
70855,74,23,9,6
70856,74,35,5,13
70857,74,11,0,23
70858,74,39,0,19
70859,74,33,0,18
70860,74,40,0,20
70861,74,30,10,4
70862,74,2,9,5
70863,74,27,0,21
70864,74,19,0,24
70865,74,37,4,14
70866,74,25,6,12
70867,74,24,1,17
70868,75,21,14,4
70869,75,22,8,11
70870,75,4,44,1
70871,75,14,10,9
70872,75,17,12,6
70873,75,31,10,8
70874,75,32,3,15
70875,75,8,17,3
70876,75,15,26,2
70877,75,13,2,16
70878,75,18,0,22
70879,75,23,14,5
70880,75,35,5,13
70881,75,11,0,23
70882,75,39,0,19
70883,75,33,0,18
70884,75,40,0,20
70885,75,30,10,7
70886,75,2,9,10
70887,75,27,0,21
70888,75,19,0,24
70889,75,37,4,14
70890,75,25,6,12
70891,75,24,1,17
70892,76,21,14,7
70893,76,22,9,11
70894,76,4,49,1
70895,76,14,10,10
70896,76,17,18,4
70897,76,31,14,8
70898,76,32,3,15
70899,76,8,27,2
70900,76,15,26,3
70901,76,13,2,16
70902,76,18,0,22
70903,76,23,17,6
70904,76,35,5,13
70905,76,11,0,23
70906,76,39,0,19
70907,76,33,0,18
70908,76,40,0,20
70909,76,30,12,9
70910,76,2,17,5
70911,76,27,0,21
70912,76,19,0,24
70913,76,37,4,14
70914,76,25,6,12
70915,76,24,1,17
70916,77,21,17,6
70917,77,22,15,10
70918,77,4,59,1
70919,77,14,15,11
70920,77,17,18,5
70921,77,31,16,9
70922,77,32,3,15
70923,77,8,27,2
70924,77,15,27,3
70925,77,13,2,16
70926,77,18,0,19
70927,77,23,17,7
70928,77,35,5,13
70929,77,11,0,22
70930,77,39,0,20
70931,77,33,0,18
70932,77,40,0,21
70933,77,30,16,8
70934,77,2,25,4
70935,77,27,0,23
70936,77,19,0,24
70937,77,37,4,14
70938,77,25,6,12
70939,77,24,1,17
70940,78,21,17,9
70941,78,22,21,7
70942,78,4,59,1
70943,78,14,17,10
70944,78,17,22,6
70945,78,31,16,11
70946,78,32,4,16
70947,78,8,37,2
70948,78,15,27,3
70949,78,13,7,12
70950,78,18,0,19
70951,78,23,20,8
70952,78,35,5,14
70953,78,11,0,23
70954,78,39,0,20
70955,78,33,0,18
70956,78,40,0,22
70957,78,30,24,5
70958,78,2,25,4
70959,78,27,0,21
70960,78,19,0,24
70961,78,37,4,15
70962,78,25,6,13
70963,78,24,1,17
70964,79,21,17,9
70965,79,22,29,4
70966,79,4,59,1
70967,79,14,17,10
70968,79,17,22,7
70969,79,31,16,11
70970,79,32,4,19
70971,79,8,37,2
70972,79,15,27,5
70973,79,13,7,12
70974,79,18,0,22
70975,79,23,20,8
70976,79,35,5,15
70977,79,11,0,23
70978,79,39,5,16
70979,79,33,6,13
70980,79,40,3,20
70981,79,30,34,3
70982,79,2,25,6
70983,79,27,4,17
70984,79,19,0,25
70985,79,37,4,18
70986,79,25,6,14
70987,79,24,1,21
70988,79,41,0,24
70989,80,21,20,9
70990,80,22,29,5
70991,80,4,69,1
70992,80,14,17,10
70993,80,17,22,7
70994,80,31,16,11
70995,80,32,4,20
70996,80,8,45,2
70997,80,15,31,4
70998,80,13,7,12
70999,80,18,5,16
71000,80,23,22,8
71001,80,35,6,15
71002,80,11,0,23
71003,80,39,5,17
71004,80,33,6,13
71005,80,40,3,21
71006,80,30,40,3
71007,80,2,25,6
71008,80,27,4,18
71009,80,19,0,25
71010,80,37,4,19
71011,80,25,6,14
71012,80,24,1,22
71013,80,41,0,24
71014,81,21,25,7
71015,81,22,31,4
71016,81,4,77,1
71017,81,14,17,11
71018,81,17,22,10
71019,81,31,26,6
71020,81,32,4,20
71021,81,8,51,2
71022,81,15,31,5
71023,81,13,7,13
71024,81,18,9,12
71025,81,23,23,9
71026,81,35,6,16
71027,81,11,0,23
71028,81,39,5,17
71029,81,33,6,14
71030,81,40,3,21
71031,81,30,43,3
71032,81,2,25,8
71033,81,27,4,18
71034,81,19,0,25
71035,81,37,4,19
71036,81,25,6,15
71037,81,24,1,22
71038,81,41,0,24
71039,82,21,30,7
71040,82,22,31,5
71041,82,4,87,1
71042,82,14,19,11
71043,82,17,22,10
71044,82,31,34,4
71045,82,32,4,20
71046,82,8,51,2
71047,82,15,31,6
71048,82,13,8,13
71049,82,18,15,12
71050,82,23,26,8
71051,82,35,6,16
71052,82,11,0,23
71053,82,39,5,17
71054,82,33,6,14
71055,82,40,3,21
71056,82,30,47,3
71057,82,2,25,9
71058,82,27,4,18
71059,82,19,0,26
71060,82,37,4,19
71061,82,25,6,15
71062,82,24,1,22
71063,82,41,0,25
71064,82,38,0,24
71065,83,21,30,8
71066,83,22,31,7
71067,83,4,87,1
71068,83,14,19,12
71069,83,17,24,10
71070,83,31,34,5
71071,83,32,4,20
71072,83,8,61,2
71073,83,15,36,4
71074,83,13,8,13
71075,83,18,19,11
71076,83,23,32,6
71077,83,35,6,16
71078,83,11,1,23
71079,83,39,5,17
71080,83,33,6,14
71081,83,40,3,21
71082,83,30,55,3
71083,83,2,28,9
71084,83,27,4,18
71085,83,19,0,26
71086,83,37,4,19
71087,83,25,6,15
71088,83,24,1,22
71089,83,41,0,25
71090,83,38,0,24
71091,84,21,35,6
71092,84,22,31,8
71093,84,4,95,1
71094,84,14,21,12
71095,84,17,24,10
71096,84,31,40,4
71097,84,32,5,18
71098,84,8,71,2
71099,84,15,39,5
71100,84,13,8,13
71101,84,18,23,11
71102,84,23,32,7
71103,84,35,6,16
71104,84,11,1,22
71105,84,39,5,17
71106,84,33,6,14
71107,84,40,3,21
71108,84,30,55,3
71109,84,2,28,9
71110,84,27,4,19
71111,84,19,0,26
71112,84,37,4,20
71113,84,25,6,15
71114,84,24,1,23
71115,84,41,0,25
71116,84,38,0,24
71117,85,21,41,6
71118,85,22,31,8
71119,85,4,103,1
71120,85,14,21,12
71121,85,17,24,11
71122,85,31,50,4
71123,85,32,5,18
71124,85,8,76,2
71125,85,15,43,5
71126,85,13,8,13
71127,85,18,24,10
71128,85,23,35,7
71129,85,35,6,16
71130,85,11,1,23
71131,85,39,5,17
71132,85,33,6,14
71133,85,40,3,21
71134,85,30,55,3
71135,85,2,28,9
71136,85,27,4,19
71137,85,19,0,27
71138,85,37,4,20
71139,85,25,6,15
71140,85,24,1,24
71141,85,41,0,26
71142,85,38,0,25
71143,85,42,2,22
71144,86,21,41,6
71145,86,22,35,8
71146,86,4,111,1
71147,86,14,21,12
71148,86,17,29,10
71149,86,31,50,4
71150,86,32,5,18
71151,86,8,86,2
71152,86,15,43,5
71153,86,13,8,14
71154,86,18,30,9
71155,86,23,37,7
71156,86,35,9,13
71157,86,11,1,23
71158,86,39,5,17
71159,86,33,7,15
71160,86,40,3,21
71161,86,30,55,3
71162,86,2,28,11
71163,86,27,4,19
71164,86,19,0,27
71165,86,37,4,20
71166,86,25,6,16
71167,86,24,1,24
71168,86,41,0,26
71169,86,38,0,25
71170,86,42,2,22
71171,87,21,45,5
71172,87,22,38,7
71173,87,4,117,1
71174,87,14,21,12
71175,87,17,29,10
71176,87,31,60,3
71177,87,32,5,18
71178,87,8,94,2
71179,87,15,43,6
71180,87,13,8,14
71181,87,18,32,9
71182,87,23,38,8
71183,87,35,9,13
71184,87,11,1,23
71185,87,39,5,17
71186,87,33,7,15
71187,87,40,3,21
71188,87,30,60,4
71189,87,2,28,11
71190,87,27,4,19
71191,87,19,0,27
71192,87,37,4,20
71193,87,25,6,16
71194,87,24,1,24
71195,87,41,0,26
71196,87,38,0,25
71197,87,42,2,22
71198,88,21,53,5
71199,88,22,38,8
71200,88,4,123,1
71201,88,14,24,12
71202,88,17,34,10
71203,88,31,60,4
71204,88,32,5,18
71205,88,8,104,2
71206,88,15,43,6
71207,88,13,8,14
71208,88,18,36,9
71209,88,23,39,7
71210,88,35,9,13
71211,88,11,1,23
71212,88,39,5,17
71213,88,33,7,15
71214,88,40,3,21
71215,88,30,62,3
71216,88,2,28,11
71217,88,27,4,19
71218,88,19,0,27
71219,88,37,4,20
71220,88,25,6,16
71221,88,24,1,24
71222,88,41,0,26
71223,88,38,0,25
71224,88,42,2,22
71225,89,21,58,5
71226,89,22,38,8
71227,89,4,133,1
71228,89,14,24,12
71229,89,17,36,10
71230,89,31,60,4
71231,89,32,9,15
71232,89,8,112,2
71233,89,15,43,7
71234,89,13,11,13
71235,89,18,37,9
71236,89,23,45,6
71237,89,35,9,14
71238,89,11,1,23
71239,89,39,5,18
71240,89,33,7,16
71241,89,40,3,21
71242,89,30,62,3
71243,89,2,28,11
71244,89,27,4,19
71245,89,19,0,27
71246,89,37,4,20
71247,89,25,6,17
71248,89,24,1,24
71249,89,41,0,26
71250,89,38,0,25
71251,89,42,2,22
71272,1075,844,45,1
71273,1075,832,33,2
71274,1075,1,16,5
71275,1075,847,22,4
71276,1075,825,12,8
71277,1075,822,8,9
71278,1075,839,14,6
71279,1075,852,4,11
71280,1075,4,2,13
71281,1075,855,1,14
71282,1075,854,0,15
71283,1075,840,0,16
71284,1075,848,0,18
71285,1075,817,0,19
71286,1075,846,6,10
71287,1075,849,0,20
71288,1075,807,0,17
71289,1075,815,12,7
71290,1075,830,25,3
71291,1075,842,4,12
71292,1076,844,71,1
71293,1076,832,33,3
71294,1076,1,28,5
71295,1076,847,37,2
71296,1076,825,12,9
71297,1076,822,12,10
71298,1076,839,20,7
71299,1076,852,4,13
71300,1076,4,2,14
71301,1076,855,1,15
71302,1076,854,0,17
71303,1076,840,0,18
71304,1076,848,1,16
71305,1076,817,8,11
71306,1076,846,16,8
71307,1076,849,0,20
71308,1076,807,0,19
71309,1076,815,30,4
71310,1076,830,25,6
71311,1076,842,6,12
71312,1076,20,0,21
71313,1077,844,86,1
71314,1077,832,38,5
71315,1077,1,28,7
71316,1077,847,49,4
71317,1077,825,15,10
71318,1077,822,24,8
71319,1077,839,20,9
71320,1077,852,10,12
71321,1077,4,2,15
71322,1077,855,1,16
71323,1077,854,0,19
71324,1077,840,1,18
71325,1077,848,1,17
71326,1077,817,11,11
71327,1077,846,35,6
71328,1077,849,0,21
71329,1077,807,0,20
71330,1077,815,54,3
71331,1077,830,59,2
71332,1077,842,6,13
71333,1077,20,4,14
71334,1078,844,104,1
71335,1078,832,53,5
71336,1078,1,36,6
71337,1078,847,59,4
71338,1078,825,15,10
71339,1078,822,30,8
71340,1078,839,24,9
71341,1078,852,10,12
71342,1078,4,2,16
71343,1078,855,1,18
71344,1078,854,0,19
71345,1078,840,2,17
71346,1078,848,3,15
71347,1078,817,11,11
71348,1078,846,35,7
71349,1078,849,0,21
71350,1078,807,0,20
71351,1078,815,66,3
71352,1078,830,85,2
71353,1078,842,6,13
71354,1078,20,4,14
71355,1079,844,104,2
71356,1079,832,65,5
71357,1079,1,46,6
71358,1079,847,74,4
71359,1079,825,15,10
71360,1079,822,38,8
71361,1079,839,30,9
71362,1079,852,11,11
71363,1079,4,4,15
71364,1079,855,1,18
71365,1079,854,0,19
71366,1079,840,2,17
71367,1079,848,3,16
71368,1079,817,11,12
71369,1079,846,39,7
71370,1079,849,0,21
71371,1079,807,0,20
71372,1079,815,85,3
71373,1079,830,110,1
71374,1079,842,6,13
71375,1079,20,4,14
71376,1074,844,26,1
71377,1074,832,18,2
71378,1074,1,15,3
71379,1074,847,12,4
71380,1074,825,10,5
71381,1074,822,8,6
71382,1074,839,6,7
71383,1074,852,4,8
71384,1074,4,2,9
71385,1074,855,1,10
71386,1074,854,0,11
71387,1074,840,0,12
71388,1074,848,0,13
71389,1074,817,0,14
71390,1074,846,0,15
71391,1074,849,0,16
71392,1074,807,0,17
71393,1074,815,0,18
71394,1074,830,0,19
71395,1074,842,0,20
71396,1080,844,116,2
71397,1080,832,83,5
71398,1080,1,50,6
71399,1080,847,84,4
71400,1080,825,15,10
71401,1080,822,40,8
71402,1080,839,30,9
71403,1080,852,11,12
71404,1080,4,10,13
71405,1080,855,1,18
71406,1080,854,0,19
71407,1080,840,2,17
71408,1080,848,3,16
71409,1080,817,11,11
71410,1080,846,48,7
71411,1080,849,0,21
71412,1080,807,0,20
71413,1080,815,110,3
71414,1080,830,125,1
71415,1080,842,6,14
71416,1080,20,5,15
71417,1081,844,116,3
71418,1081,832,83,5
71419,1081,1,62,6
71420,1081,847,99,4
71421,1081,825,15,12
71422,1081,822,40,8
71423,1081,839,31,9
71424,1081,852,11,15
71425,1081,4,16,11
71426,1081,855,1,18
71427,1081,854,0,19
71428,1081,840,2,17
71429,1081,848,3,16
71430,1081,817,15,13
71431,1081,846,50,7
71432,1081,849,0,21
71433,1081,807,0,20
71434,1081,815,129,2
71435,1081,830,150,1
71436,1081,842,16,10
71437,1081,20,13,14
71459,1082,844,126,3
71460,1082,832,102,5
71461,1082,1,77,6
71462,1082,847,111,4
71463,1082,825,15,12
71464,1082,822,46,8
71465,1082,839,39,9
71466,1082,852,11,15
71467,1082,4,18,10
71468,1082,855,5,16
71469,1082,854,0,19
71470,1082,840,3,18
71471,1082,848,3,17
71472,1082,817,15,13
71473,1082,846,50,7
71474,1082,849,0,21
71475,1082,807,0,20
71476,1082,815,129,2
71477,1082,830,175,1
71478,1082,842,16,11
71479,1082,20,13,14
71480,1083,844,138,3
71481,1083,832,127,4
71482,1083,1,93,6
71483,1083,847,111,5
71484,1083,825,16,12
71485,1083,822,46,8
71486,1083,839,39,9
71487,1083,852,11,15
71488,1083,4,28,10
71489,1083,855,5,16
71490,1083,854,4,17
71491,1083,840,3,19
71492,1083,848,3,18
71493,1083,817,15,14
71494,1083,846,58,7
71495,1083,849,0,20
71496,1083,807,0,21
71497,1083,815,147,2
71498,1083,830,181,1
71499,1083,842,16,11
71500,1083,20,15,13
71501,1084,844,170,2
71502,1084,832,133,4
71503,1084,1,109,6
71504,1084,847,128,5
71505,1084,825,22,11
71506,1084,822,46,9
71507,1084,839,52,8
71508,1084,852,11,16
71509,1084,4,29,10
71510,1084,855,5,17
71511,1084,854,12,15
71512,1084,840,3,19
71513,1084,848,3,18
71514,1084,817,17,12
71515,1084,846,64,7
71516,1084,849,0,20
71517,1084,807,0,21
71518,1084,815,151,3
71519,1084,830,208,1
71520,1084,842,16,13
71521,1084,20,15,14
71522,1085,844,170,2
71523,1085,832,144,4
71524,1085,1,127,6
71525,1085,847,143,5
71526,1085,825,22,11
71527,1085,822,46,9
71528,1085,839,56,8
71529,1085,852,11,16
71530,1085,4,37,10
71531,1085,855,5,17
71532,1085,854,12,15
71533,1085,840,4,18
71534,1085,848,3,19
71535,1085,817,19,12
71536,1085,846,70,7
71537,1085,849,0,20
71538,1085,807,0,21
71539,1085,815,163,3
71540,1085,830,233,1
71541,1085,842,16,13
71542,1085,20,15,14
71543,1086,844,178,2
71544,1086,832,156,5
71545,1086,1,146,6
71546,1086,847,158,4
71547,1086,825,22,11
71548,1086,822,46,9
71549,1086,839,58,8
71550,1086,852,11,16
71551,1086,4,41,10
71552,1086,855,5,17
71553,1086,854,12,15
71554,1086,840,4,18
71555,1086,848,3,19
71556,1086,817,19,12
71557,1086,846,76,7
71558,1086,849,0,20
71559,1086,807,0,21
71560,1086,815,173,3
71561,1086,830,258,1
71562,1086,842,16,13
71563,1086,20,16,14
71564,1087,844,186,3
71565,1087,832,171,4
71566,1087,1,146,6
71567,1087,847,170,5
71568,1087,825,22,11
71569,1087,822,46,10
71570,1087,839,64,8
71571,1087,852,11,16
71572,1087,4,51,9
71573,1087,855,5,17
71574,1087,854,12,15
71575,1087,840,4,19
71576,1087,848,4,18
71577,1087,817,19,13
71578,1087,846,76,7
71579,1087,849,0,20
71580,1087,807,0,21
71581,1087,815,191,2
71582,1087,830,284,1
71583,1087,842,18,14
71584,1087,20,20,12
71585,1088,844,201,2
71586,1088,832,175,5
71587,1088,1,158,6
71588,1088,847,188,4
71589,1088,825,22,11
71590,1088,822,46,10
71591,1088,839,66,8
71592,1088,852,11,16
71593,1088,4,59,9
71594,1088,855,5,17
71595,1088,854,12,15
71596,1088,840,5,18
71597,1088,848,4,19
71598,1088,817,19,13
71599,1088,846,82,7
71600,1088,849,0,20
71601,1088,807,0,21
71602,1088,815,201,3
71603,1088,830,310,1
71604,1088,842,18,14
71605,1088,20,20,12
71606,1089,844,219,2
71607,1089,832,187,5
71608,1089,1,168,6
71609,1089,847,203,4
71610,1089,825,22,12
71611,1089,822,46,10
71612,1089,839,66,8
71613,1089,852,11,16
71614,1089,4,59,9
71615,1089,855,6,17
71616,1089,854,12,15
71617,1089,840,5,18
71618,1089,848,4,19
71619,1089,817,19,14
71620,1089,846,88,7
71621,1089,849,0,21
71622,1089,807,0,22
71623,1089,815,210,3
71624,1089,830,335,1
71625,1089,842,22,11
71626,1089,20,20,13
71627,1089,856,2,20
71628,1091,844,237,2
71629,1091,832,202,5
71630,1091,1,170,6
71631,1091,847,203,4
71632,1091,825,22,14
71633,1091,822,46,10
71634,1091,839,66,8
71635,1091,852,11,17
71636,1091,4,59,9
71637,1091,855,6,18
71638,1091,854,12,16
71639,1091,840,13,15
71640,1091,848,4,19
71641,1091,817,29,11
71642,1091,846,100,7
71643,1091,849,0,21
71644,1091,807,0,22
71645,1091,815,235,3
71646,1091,830,341,1
71647,1091,842,23,13
71648,1091,20,24,12
71649,1091,856,2,20
71672,1092,844,252,3
71673,1092,832,202,5
71674,1092,1,180,6
71675,1092,847,207,4
71676,1092,825,22,14
71677,1092,822,46,10
71678,1092,839,78,8
71679,1092,852,11,17
71680,1092,4,65,9
71681,1092,855,6,18
71682,1092,854,12,16
71683,1092,840,13,15
71684,1092,848,4,19
71685,1092,817,29,12
71686,1092,846,101,7
71687,1092,849,2,20
71688,1092,807,0,22
71689,1092,815,253,2
71690,1092,830,366,1
71691,1092,842,23,13
71692,1092,20,32,11
71693,1092,856,2,21
71738,1093,844,267,2
71739,1093,832,202,5
71740,1093,1,198,6
71741,1093,847,218,4
71742,1093,825,24,13
71743,1093,822,46,10
71744,1093,839,78,8
71745,1093,852,12,17
71746,1093,4,71,9
71747,1093,855,6,18
71748,1093,854,12,16
71749,1093,840,13,15
71750,1093,848,4,19
71751,1093,817,29,12
71752,1093,846,109,7
71753,1093,849,2,20
71754,1093,807,0,22
71755,1093,815,265,3
71756,1093,830,391,1
71757,1093,842,23,14
71758,1093,20,36,11
71759,1093,856,2,21
71760,1094,844,275,3
71761,1094,832,212,6
71762,1094,1,216,5
71763,1094,847,231,4
71764,1094,825,24,13
71765,1094,822,47,10
71766,1094,839,82,8
71767,1094,852,12,17
71768,1094,4,71,9
71769,1094,855,6,18
71770,1094,854,12,16
71771,1094,840,13,15
71772,1094,848,4,19
71773,1094,817,35,12
71774,1094,846,111,7
71775,1094,849,2,20
71776,1094,807,0,22
71777,1094,815,280,2
71778,1094,830,416,1
71779,1094,842,23,14
71780,1094,20,36,11
71781,1094,856,2,21
71782,1095,844,290,2
71783,1095,832,234,6
71784,1095,1,240,5
71785,1095,847,265,4
71786,1095,825,25,13
71787,1095,822,49,10
71788,1095,839,86,8
71789,1095,852,12,17
71790,1095,4,81,9
71791,1095,855,6,18
71792,1095,854,12,16
71793,1095,840,14,15
71794,1095,848,4,19
71795,1095,817,35,12
71796,1095,846,113,7
71797,1095,849,2,20
71798,1095,807,0,22
71799,1095,815,290,3
71800,1095,830,429,1
71801,1095,842,23,14
71802,1095,20,36,11
71803,1095,856,2,21
71804,1096,844,308,2
71805,1096,832,246,5
71806,1096,1,240,6
71807,1096,847,275,4
71808,1096,825,25,13
71809,1096,822,49,10
71810,1096,839,92,8
71811,1096,852,12,17
71812,1096,4,81,9
71813,1096,855,6,18
71814,1096,854,12,16
71815,1096,840,18,15
71816,1096,848,4,19
71817,1096,817,37,11
71818,1096,846,122,7
71819,1096,849,2,20
71820,1096,807,0,22
71821,1096,815,305,3
71822,1096,830,454,1
71823,1096,842,23,14
71824,1096,20,37,12
71825,1096,856,2,21
71886,1099,830,44,1
71887,1099,815,43,2
71888,1099,4,30,3
71889,1099,832,20,4
71890,1099,1,20,5
71891,1099,840,8,7
71892,1099,847,18,6
71893,1099,822,4,9
71894,1099,842,4,11
71895,1099,848,1,13
71896,1099,852,0,14
71897,1099,858,0,16
71898,1099,825,1,12
71899,1099,856,0,18
71900,1099,807,0,15
71901,1099,855,0,17
71902,1099,846,0,20
71903,1099,839,4,10
71904,1099,844,6,8
71905,1099,857,0,19
71906,1100,830,69,1
71907,1100,815,54,2
71908,1100,4,45,3
71909,1100,832,20,5
71910,1100,1,38,4
71911,1100,840,20,6
71912,1100,847,18,7
71913,1100,822,4,11
71914,1100,842,4,14
71915,1100,848,1,18
71916,1100,852,1,16
71917,1100,858,0,19
71918,1100,825,1,17
71919,1100,856,0,20
71920,1100,807,6,9
71921,1100,855,2,15
71922,1100,846,8,8
71923,1100,839,4,12
71924,1100,844,6,10
71925,1100,857,4,13
71926,1101,830,93,1
71927,1101,815,87,2
71928,1101,4,60,3
71929,1101,832,34,5
71930,1101,1,48,4
71931,1101,840,27,8
71932,1101,847,28,7
71933,1101,822,4,12
71934,1101,842,4,14
71935,1101,848,1,17
71936,1101,852,2,16
71937,1101,858,0,19
71938,1101,825,1,18
71939,1101,856,0,20
71940,1101,807,6,10
71941,1101,855,2,15
71942,1101,846,10,9
71943,1101,839,4,13
71944,1101,844,28,6
71945,1101,857,4,11
71946,1102,830,119,1
71947,1102,815,105,2
71948,1102,4,75,3
71949,1102,832,44,5
71950,1102,1,56,4
71951,1102,840,27,8
71952,1102,847,40,6
71953,1102,822,4,13
71954,1102,842,8,10
71955,1102,848,1,18
71956,1102,852,2,16
71957,1102,858,0,19
71958,1102,825,2,17
71959,1102,856,0,20
71960,1102,807,6,11
71961,1102,855,2,15
71962,1102,846,10,9
71963,1102,839,6,12
71964,1102,844,34,7
71965,1102,857,4,14
71966,1104,830,144,1
71967,1104,815,105,2
71968,1104,4,93,3
71969,1104,832,48,6
71970,1104,1,69,4
71971,1104,840,27,8
71972,1104,847,50,5
71973,1104,822,4,14
71974,1104,842,14,10
71975,1104,848,1,18
71976,1104,852,2,16
71977,1104,858,0,20
71978,1104,825,2,17
71979,1104,856,0,19
71980,1104,807,6,12
71981,1104,855,2,15
71982,1104,846,12,11
71983,1104,839,21,9
71984,1104,844,42,7
71985,1104,857,5,13
72006,1098,830,25,1
72007,1098,815,18,2
72008,1098,4,15,3
72009,1098,832,12,4
72010,1098,1,10,5
72011,1098,840,8,6
72012,1098,847,6,7
72013,1098,822,4,8
72014,1098,842,2,9
72015,1098,848,1,10
72016,1098,852,0,11
72017,1098,858,0,12
72018,1098,825,0,13
72019,1098,856,0,14
72020,1098,807,0,15
72021,1098,855,0,16
72022,1098,846,0,17
72023,1098,839,0,18
72024,1098,844,0,19
72025,1098,857,0,20
72026,1105,830,170,1
72027,1105,815,117,2
72028,1105,4,99,3
72029,1105,832,58,6
72030,1105,1,87,4
72031,1105,840,35,8
72032,1105,847,65,5
72033,1105,822,4,14
72034,1105,842,15,10
72035,1105,848,1,18
72036,1105,852,2,16
72037,1105,858,0,20
72038,1105,825,2,17
72039,1105,856,0,19
72040,1105,807,6,12
72041,1105,855,4,15
72042,1105,846,12,11
72043,1105,839,25,9
72044,1105,844,42,7
72045,1105,857,5,13
72066,1106,830,195,1
72067,1106,815,126,2
72068,1106,4,117,3
72069,1106,832,68,5
72070,1106,1,102,4
72071,1106,840,37,8
72072,1106,847,65,6
72073,1106,822,5,15
72074,1106,842,15,10
72075,1106,848,7,12
72076,1106,852,2,17
72077,1106,858,0,20
72078,1106,825,2,18
72079,1106,856,0,19
72080,1106,807,6,13
72081,1106,855,4,16
72082,1106,846,12,11
72083,1106,839,29,9
72084,1106,844,54,7
72085,1106,857,5,14
72106,1107,830,229,1
72107,1107,815,148,2
72108,1107,4,131,3
72109,1107,832,82,5
72110,1107,1,106,4
72111,1107,840,44,8
72112,1107,847,72,7
72113,1107,822,5,15
72114,1107,842,16,11
72115,1107,848,7,13
72116,1107,852,2,17
72117,1107,858,0,19
72118,1107,825,2,18
72119,1107,856,0,20
72120,1107,807,9,12
72121,1107,855,4,16
72122,1107,846,24,10
72123,1107,839,31,9
72124,1107,844,72,6
72125,1107,857,5,14
72126,1108,830,255,1
72127,1108,815,156,2
72128,1108,4,137,3
72129,1108,832,83,5
72130,1108,1,121,4
72131,1108,840,44,8
72132,1108,847,82,6
72133,1108,822,5,15
72134,1108,842,16,12
72135,1108,848,11,13
72136,1108,852,2,17
72137,1108,858,0,19
72138,1108,825,2,18
72139,1108,856,0,20
72140,1108,807,9,14
72141,1108,855,4,16
72142,1108,846,42,9
72143,1108,839,31,10
72144,1108,844,74,7
72145,1108,857,17,11
72146,1109,830,281,1
72147,1109,815,171,2
72148,1109,4,139,3
72149,1109,832,87,6
72150,1109,1,133,4
72151,1109,840,45,9
72152,1109,847,90,5
72153,1109,822,5,15
72154,1109,842,16,12
72155,1109,848,11,13
72156,1109,852,2,17
72157,1109,858,0,19
72158,1109,825,2,18
72159,1109,856,0,20
72160,1109,807,9,14
72161,1109,855,4,16
72162,1109,846,60,8
72163,1109,839,31,10
72164,1109,844,80,7
72165,1109,857,27,11
72166,1109,817,0,21
72167,1110,830,314,1
72168,1110,815,189,2
72169,1110,4,149,3
72170,1110,832,92,7
72171,1110,1,148,4
72172,1110,840,47,9
72173,1110,847,99,6
72174,1110,822,5,15
72175,1110,842,22,12
72176,1110,848,11,13
72177,1110,852,3,17
72178,1110,858,0,19
72179,1110,825,2,18
72180,1110,856,0,20
72181,1110,807,9,14
72182,1110,855,4,16
72183,1110,846,69,8
72184,1110,839,35,10
72185,1110,844,99,5
72186,1110,857,34,11
72187,1110,817,0,21
72188,1111,830,339,1
72189,1111,815,201,2
72190,1111,4,168,3
72191,1111,832,102,5
72192,1111,1,156,4
72193,1111,840,47,9
72194,1111,847,99,7
72195,1111,822,5,15
72196,1111,842,37,10
72197,1111,848,15,13
72198,1111,852,3,17
72199,1111,858,0,19
72200,1111,825,2,18
72201,1111,856,0,20
72202,1111,807,9,14
72203,1111,855,4,16
72204,1111,846,75,8
72205,1111,839,36,11
72206,1111,844,99,6
72207,1111,857,36,12
72208,1111,817,0,21
72209,1111,859,0,22
72232,1112,830,364,1
72233,1112,815,219,2
72234,1112,4,170,3
72235,1112,832,117,5
72236,1112,1,164,4
72237,1112,840,47,9
72238,1112,847,109,7
72239,1112,822,6,15
72240,1112,842,37,10
72241,1112,848,21,13
72242,1112,852,3,17
72243,1112,858,0,19
72244,1112,825,2,18
72245,1112,856,0,21
72246,1112,807,9,14
72247,1112,855,4,16
72248,1112,846,79,8
72249,1112,839,36,11
72250,1112,844,111,6
72251,1112,857,36,12
72252,1112,817,0,22
72253,1112,859,0,20
72276,1113,830,374,1
72277,1113,815,223,2
72278,1113,4,170,4
72279,1113,832,142,5
72280,1113,1,180,3
72281,1113,840,47,9
72282,1113,847,109,7
72283,1113,822,6,15
72284,1113,842,45,10
72285,1113,848,21,13
72286,1113,852,3,17
72287,1113,858,0,20
72288,1113,825,3,18
72289,1113,856,0,21
72290,1113,807,9,14
72291,1113,855,4,16
72292,1113,846,97,8
72293,1113,839,36,12
72294,1113,844,123,6
72295,1113,857,42,11
72296,1113,817,0,22
72297,1113,859,2,19
72298,1114,830,400,1
72299,1114,815,223,2
72300,1114,4,174,4
72301,1114,832,150,5
72302,1114,1,190,3
72303,1114,840,47,10
72304,1114,847,115,8
72305,1114,822,6,15
72306,1114,842,46,11
72307,1114,848,21,13
72308,1114,852,3,17
72309,1114,858,0,20
72310,1114,825,3,18
72311,1114,856,0,21
72312,1114,807,9,14
72313,1114,855,4,16
72314,1114,846,115,7
72315,1114,839,38,12
72316,1114,844,135,6
72317,1114,857,57,9
72318,1114,817,0,22
72319,1114,859,2,19
72342,1115,830,433,1
72343,1115,815,224,2
72344,1115,4,183,4
72345,1115,832,153,5
72346,1115,1,194,3
72347,1115,840,47,10
72348,1115,847,132,8
72349,1115,822,10,14
72350,1115,842,46,11
72351,1115,848,23,13
72352,1115,852,3,17
72353,1115,858,0,20
72354,1115,825,3,18
72355,1115,856,0,21
72356,1115,807,9,15
72357,1115,855,6,16
72358,1115,846,136,7
72359,1115,839,44,12
72360,1115,844,145,6
72361,1115,857,83,9
72362,1115,817,0,22
72363,1115,859,2,19
72386,1116,830,466,1
72387,1116,815,240,2
72388,1116,4,183,4
72389,1116,832,171,5
72390,1116,1,201,3
72391,1116,840,53,11
72392,1116,847,143,8
72393,1116,822,10,14
72394,1116,842,56,10
72395,1116,848,25,13
72396,1116,852,8,16
72397,1116,858,1,20
72398,1116,825,3,18
72399,1116,856,0,21
72400,1116,807,9,15
72401,1116,855,6,17
72402,1116,846,159,6
72403,1116,839,44,12
72404,1116,844,151,7
72405,1116,857,83,9
72406,1116,817,0,22
72407,1116,859,2,19
72408,1117,830,491,1
72409,1117,815,240,2
72410,1117,4,183,5
72411,1117,832,183,4
72412,1117,1,220,3
72413,1117,840,53,11
72414,1117,847,151,8
72415,1117,822,10,14
72416,1117,842,56,10
72417,1117,848,27,13
72418,1117,852,8,16
72419,1117,858,1,21
72420,1117,825,3,19
72421,1117,856,0,22
72422,1117,807,9,15
72423,1117,855,6,18
72424,1117,846,169,6
72425,1117,839,45,12
72426,1117,844,166,7
72427,1117,857,87,9
72428,1117,817,6,17
72429,1117,859,2,20
72430,1118,830,524,1
72431,1118,815,258,2
72432,1118,4,198,4
72433,1118,832,192,6
72434,1118,1,226,3
72435,1118,840,63,10
72436,1118,847,156,8
72437,1118,822,10,15
72438,1118,842,62,11
72439,1118,848,27,13
72440,1118,852,13,14
72441,1118,858,1,21
72442,1118,825,3,19
72443,1118,856,0,22
72444,1118,807,9,16
72445,1118,855,6,18
72446,1118,846,195,5
72447,1118,839,46,12
72448,1118,844,170,7
72449,1118,857,87,9
72450,1118,817,6,17
72451,1118,859,2,20
72474,1119,830,549,1
72475,1119,815,273,2
72476,1119,4,200,5
72477,1119,832,200,4
72478,1119,1,232,3
72479,1119,840,73,10
72480,1119,847,160,8
72481,1119,822,10,15
72482,1119,842,62,11
72483,1119,848,27,13
72484,1119,852,13,14
72485,1119,858,1,21
72486,1119,825,3,19
72487,1119,856,0,22
72488,1119,807,9,16
72489,1119,855,6,18
72490,1119,846,195,6
72491,1119,839,58,12
72492,1119,844,188,7
72493,1119,857,89,9
72494,1119,817,6,17
72495,1119,859,2,20
72496,1120,830,575,1
72497,1120,815,285,2
72498,1120,4,206,4
72499,1120,832,200,7
72500,1120,1,234,3
72501,1120,840,74,10
72502,1120,847,175,8
72503,1120,822,10,15
72504,1120,842,62,11
72505,1120,848,27,13
72506,1120,852,17,14
72507,1120,858,1,21
72508,1120,825,3,19
72509,1120,856,0,22
72510,1120,807,9,16
72511,1120,855,6,18
72512,1120,846,205,6
72513,1120,839,58,12
72514,1120,844,206,5
72515,1120,857,97,9
72516,1120,817,6,17
72517,1120,859,2,20
72558,1121,830,26,1
72559,1121,815,18,2
72560,1121,832,15,3
72561,1121,844,12,4
72562,1121,847,10,5
72563,1121,846,8,6
72564,1121,1,6,7
72565,1121,857,4,8
72566,1121,4,2,9
72567,1121,840,1,10
72568,1121,855,0,11
72569,1121,825,0,12
72570,1121,817,0,13
72571,1121,852,0,14
72572,1121,848,0,15
72573,1121,807,0,16
72574,1121,839,0,17
72575,1121,842,0,18
72576,1121,822,0,19
72577,1121,858,0,20
72578,1122,830,51,1
72579,1122,815,36,2
72580,1122,832,15,6
72581,1122,844,28,3
72582,1122,847,18,4
72583,1122,846,12,8
72584,1122,1,8,9
72585,1122,857,16,5
72586,1122,4,12,7
72587,1122,840,1,12
72588,1122,855,0,14
72589,1122,825,0,15
72590,1122,817,0,16
72591,1122,852,0,18
72592,1122,848,0,13
72593,1122,807,1,11
72594,1122,839,0,17
72595,1122,842,0,21
72596,1122,822,0,20
72597,1122,858,0,19
72598,1122,860,6,10
72641,1123,830,51,1
72642,1123,815,46,3
72643,1123,832,40,4
72644,1123,844,47,2
72645,1123,847,18,7
72646,1123,846,27,6
72647,1123,1,8,10
72648,1123,857,28,5
72649,1123,4,16,8
72650,1123,840,9,9
72651,1123,855,0,16
72652,1123,825,1,14
72653,1123,817,0,17
72654,1123,852,6,11
72655,1123,848,0,15
72656,1123,807,3,13
72657,1123,839,0,18
72658,1123,842,0,19
72659,1123,822,0,20
72660,1123,858,0,21
72661,1123,860,6,12
72662,1124,830,77,1
72663,1124,815,64,2
72664,1124,832,55,4
72665,1124,844,59,3
72666,1124,847,24,7
72667,1124,846,37,5
72668,1124,1,10,9
72669,1124,857,32,6
72670,1124,4,24,8
72671,1124,840,9,10
72672,1124,855,0,16
72673,1124,825,1,14
72674,1124,817,0,17
72675,1124,852,7,11
72676,1124,848,0,15
72677,1124,807,3,13
72678,1124,839,0,18
72679,1124,842,0,19
72680,1124,822,0,20
72681,1124,858,0,21
72682,1124,860,6,12
72683,1125,830,110,1
72684,1125,815,85,2
72685,1125,832,69,4
72686,1125,844,76,3
72687,1125,847,33,7
72688,1125,846,58,5
72689,1125,1,19,9
72690,1125,857,38,6
72691,1125,4,31,8
72692,1125,840,9,10
72693,1125,855,0,17
72694,1125,825,1,14
72695,1125,817,0,18
72696,1125,852,7,11
72697,1125,848,0,15
72698,1125,807,4,13
72699,1125,839,0,16
72700,1125,842,0,19
72701,1125,822,0,20
72702,1125,858,0,21
72703,1125,860,6,12
72704,1126,830,136,1
72705,1126,815,103,2
72706,1126,832,83,5
72707,1126,844,98,3
72708,1126,847,37,7
72709,1126,846,83,4
72710,1126,1,27,9
72711,1126,857,41,6
72712,1126,4,33,8
72713,1126,840,9,11
72714,1126,855,0,18
72715,1126,825,1,16
72716,1126,817,5,14
72717,1126,852,14,10
72718,1126,848,0,17
72719,1126,807,6,13
72720,1126,839,1,15
72721,1126,842,0,19
72722,1126,822,0,20
72723,1126,858,0,21
72724,1126,860,6,12
72725,1127,830,161,1
72726,1127,815,107,3
72727,1127,832,93,5
72728,1127,844,113,2
72729,1127,847,44,7
72730,1127,846,101,4
72731,1127,1,35,8
72732,1127,857,53,6
72733,1127,4,33,9
72734,1127,840,11,11
72735,1127,855,0,18
72736,1127,825,1,16
72737,1127,817,5,14
72738,1127,852,15,10
72739,1127,848,0,17
72740,1127,807,6,13
72741,1127,839,1,15
72742,1127,842,0,19
72743,1127,822,0,20
72744,1127,858,0,21
72745,1127,860,6,12
72767,1128,830,169,1
72768,1128,815,107,5
72769,1128,832,108,4
72770,1128,844,138,2
72771,1128,847,54,7
72772,1128,846,113,3
72773,1128,1,42,8
72774,1128,857,71,6
72775,1128,4,33,9
72776,1128,840,11,11
72777,1128,855,0,19
72778,1128,825,1,17
72779,1128,817,5,14
72780,1128,852,19,10
72781,1128,848,2,15
72782,1128,807,6,13
72783,1128,839,1,16
72784,1128,842,1,18
72785,1128,822,0,20
72786,1128,858,0,21
72787,1128,860,6,12
72788,1129,830,194,1
72789,1129,815,107,5
72790,1129,832,108,4
72791,1129,844,138,2
72792,1129,847,69,7
72793,1129,846,131,3
72794,1129,1,55,8
72795,1129,857,81,6
72796,1129,4,41,9
72797,1129,840,17,11
72798,1129,855,0,19
72799,1129,825,1,18
72800,1129,817,9,12
72801,1129,852,19,10
72802,1129,848,2,16
72803,1129,807,6,14
72804,1129,839,2,17
72805,1129,842,3,15
72806,1129,822,0,20
72807,1129,858,0,21
72808,1129,860,6,13
72809,1130,830,219,1
72810,1130,815,111,5
72811,1130,832,116,4
72812,1130,844,148,3
72813,1130,847,81,7
72814,1130,846,150,2
72815,1130,1,70,8
72816,1130,857,87,6
72817,1130,4,41,9
72818,1130,840,17,11
72819,1130,855,0,19
72820,1130,825,1,18
72821,1130,817,9,12
72822,1130,852,19,10
72823,1130,848,2,17
72824,1130,807,6,14
72825,1130,839,3,16
72826,1130,842,5,15
72827,1130,822,0,20
72828,1130,858,0,21
72829,1130,860,6,13
72830,1131,830,237,1
72831,1131,815,118,5
72832,1131,832,135,4
72833,1131,844,150,3
72834,1131,847,111,7
72835,1131,846,156,2
72836,1131,1,85,8
72837,1131,857,112,6
72838,1131,4,41,9
72839,1131,840,17,11
72840,1131,855,0,19
72841,1131,825,5,16
72842,1131,817,11,13
72843,1131,852,19,10
72844,1131,848,2,18
72845,1131,807,14,12
72846,1131,839,3,17
72847,1131,842,6,15
72848,1131,822,0,20
72849,1131,858,0,21
72850,1131,860,6,14
72851,1132,830,255,1
72852,1132,815,118,6
72853,1132,832,146,4
72854,1132,844,150,3
72855,1132,847,111,7
72856,1132,846,171,2
72857,1132,1,110,8
72858,1132,857,124,5
72859,1132,4,45,9
72860,1132,840,23,10
72861,1132,855,0,19
72862,1132,825,5,16
72863,1132,817,11,13
72864,1132,852,20,12
72865,1132,848,4,17
72866,1132,807,22,11
72867,1132,839,3,18
72868,1132,842,6,15
72869,1132,822,0,21
72870,1132,858,0,20
72871,1132,860,6,14
72872,1133,830,265,1
72873,1133,815,124,7
72874,1133,832,154,4
72875,1133,844,162,3
72876,1133,847,116,8
72877,1133,846,189,2
72878,1133,1,125,6
72879,1133,857,149,5
72880,1133,4,45,9
72881,1133,840,24,10
72882,1133,855,0,19
72883,1133,825,5,16
72884,1133,817,11,13
72885,1133,852,22,12
72886,1133,848,4,17
72887,1133,807,22,11
72888,1133,839,3,18
72889,1133,842,6,15
72890,1133,822,0,21
72891,1133,858,0,20
72892,1133,860,6,14
72956,1134,830,277,1
72957,1134,815,131,7
72958,1134,832,162,5
72959,1134,844,177,3
72960,1134,847,116,8
72961,1134,846,199,2
72962,1134,1,150,6
72963,1134,857,167,4
72964,1134,4,49,9
72965,1134,840,24,10
72966,1134,855,0,19
72967,1134,825,5,16
72968,1134,817,12,13
72969,1134,852,22,12
72970,1134,848,4,18
72971,1134,807,22,11
72972,1134,839,5,17
72973,1134,842,6,15
72974,1134,822,0,21
72975,1134,858,0,20
72976,1134,860,6,14
72977,1135,830,295,1
72978,1135,815,139,7
72979,1135,832,172,5
72980,1135,844,192,3
72981,1135,847,122,8
72982,1135,846,225,2
72983,1135,1,154,6
72984,1135,857,179,4
72985,1135,4,50,9
72986,1135,840,24,10
72987,1135,855,0,19
72988,1135,825,5,16
72989,1135,817,12,13
72990,1135,852,22,12
72991,1135,848,4,18
72992,1135,807,22,11
72993,1135,839,5,17
72994,1135,842,8,14
72995,1135,822,0,21
72996,1135,858,0,20
72997,1135,860,6,15
73020,1136,830,303,1
73021,1136,815,143,7
73022,1136,832,184,5
73023,1136,844,217,3
73024,1136,847,128,8
73025,1136,846,241,2
73026,1136,1,164,6
73027,1136,857,197,4
73028,1136,4,50,9
73029,1136,840,24,10
73030,1136,855,0,19
73031,1136,825,6,16
73032,1136,817,12,13
73033,1136,852,22,12
73034,1136,848,6,17
73035,1136,807,22,11
73036,1136,839,5,18
73037,1136,842,8,14
73038,1136,822,0,22
73039,1136,858,0,20
73040,1136,860,6,15
73041,1136,861,0,21
73042,1137,830,313,1
73043,1137,815,143,8
73044,1137,832,184,5
73045,1137,844,235,3
73046,1137,847,143,7
73047,1137,846,254,2
73048,1137,1,166,6
73049,1137,857,222,4
73050,1137,4,58,9
73051,1137,840,24,10
73052,1137,855,0,20
73053,1137,825,6,17
73054,1137,817,12,14
73055,1137,852,22,12
73056,1137,848,12,13
73057,1137,807,22,11
73058,1137,839,5,18
73059,1137,842,8,15
73060,1137,822,0,22
73061,1137,858,0,21
73062,1137,860,7,16
73063,1137,861,4,19
73064,1138,830,331,1
73065,1138,815,144,8
73066,1138,832,190,5
73067,1138,844,245,3
73068,1138,847,155,7
73069,1138,846,279,2
73070,1138,1,174,6
73071,1138,857,237,4
73072,1138,4,62,9
73073,1138,840,24,11
73074,1138,855,0,20
73075,1138,825,6,17
73076,1138,817,12,14
73077,1138,852,22,12
73078,1138,848,12,13
73079,1138,807,24,10
73080,1138,839,5,18
73081,1138,842,8,15
73082,1138,822,0,22
73083,1138,858,0,21
73084,1138,860,7,16
73085,1138,861,4,19
73086,1139,830,354,1
73087,1139,815,150,8
73088,1139,832,215,5
73089,1139,844,275,3
73090,1139,847,167,7
73091,1139,846,297,2
73092,1139,1,177,6
73093,1139,857,247,4
73094,1139,4,62,9
73095,1139,840,24,11
73096,1139,855,0,21
73097,1139,825,8,15
73098,1139,817,12,14
73099,1139,852,22,12
73100,1139,848,12,13
73101,1139,807,29,10
73102,1139,839,5,19
73103,1139,842,8,16
73104,1139,822,0,23
73105,1139,858,0,22
73106,1139,860,7,17
73107,1139,861,5,18
73108,1139,859,2,20
73109,1140,830,362,1
73110,1140,815,150,8
73111,1140,832,240,5
73112,1140,844,291,3
73113,1140,847,177,7
73114,1140,846,315,2
73115,1140,1,189,6
73116,1140,857,251,4
73117,1140,4,62,9
73118,1140,840,24,11
73119,1140,855,0,21
73120,1140,825,14,13
73121,1140,817,12,15
73122,1140,852,22,12
73123,1140,848,12,14
73124,1140,807,31,10
73125,1140,839,5,19
73126,1140,842,9,16
73127,1140,822,0,23
73128,1140,858,0,22
73129,1140,860,7,17
73130,1140,861,5,18
73131,1140,859,2,20
73155,1141,830,393,1
73156,1141,815,151,8
73157,1141,832,244,5
73158,1141,844,307,3
73159,1141,847,192,6
73160,1141,846,331,2
73161,1141,1,190,7
73162,1141,857,262,4
73163,1141,4,62,9
73164,1141,840,24,13
73165,1141,855,0,21
73166,1141,825,14,15
73167,1141,817,12,17
73168,1141,852,28,11
73169,1141,848,12,16
73170,1141,807,31,10
73171,1141,839,23,14
73172,1141,842,26,12
73173,1141,822,0,23
73174,1141,858,0,22
73175,1141,860,7,18
73176,1141,861,5,19
73177,1141,859,4,20
73201,1142,830,403,1
73202,1142,815,152,8
73203,1142,832,259,5
73204,1142,844,319,3
73205,1142,847,217,6
73206,1142,846,340,2
73207,1142,1,208,7
73208,1142,857,268,4
73209,1142,4,62,9
73210,1142,840,24,13
73211,1142,855,0,21
73212,1142,825,14,15
73213,1142,817,12,17
73214,1142,852,30,11
73215,1142,848,12,16
73216,1142,807,35,10
73217,1142,839,23,14
73218,1142,842,26,12
73219,1142,822,0,23
73220,1142,858,0,22
73221,1142,860,7,18
73222,1142,861,5,19
73223,1142,859,4,20
73224,1143,830,429,1
73225,1143,815,152,8
73226,1143,832,272,5
73227,1143,844,341,3
73228,1143,847,235,6
73229,1143,846,349,2
73230,1143,1,211,7
73231,1143,857,291,4
73232,1143,4,68,9
73233,1143,840,24,13
73234,1143,855,4,20
73235,1143,825,16,15
73236,1143,817,12,17
73237,1143,852,30,12
73238,1143,848,12,16
73239,1143,807,37,10
73240,1143,839,23,14
73241,1143,842,36,11
73242,1143,822,0,22
73243,1143,858,0,23
73244,1143,860,7,18
73245,1143,861,5,19
73246,1143,859,4,21
73247,1144,830,437,1
73248,1144,815,152,8
73249,1144,832,290,5
73250,1144,844,356,3
73251,1144,847,245,6
73252,1144,846,374,2
73253,1144,1,223,7
73254,1144,857,292,4
73255,1144,4,70,9
73256,1144,840,24,13
73257,1144,855,4,20
73258,1144,825,16,15
73259,1144,817,12,17
73260,1144,852,30,12
73261,1144,848,12,16
73262,1144,807,41,11
73263,1144,839,23,14
73264,1144,842,42,10
73265,1144,822,0,22
73266,1144,858,0,23
73267,1144,860,7,18
73268,1144,861,5,19
73269,1144,859,4,21
73270,1144,862,0,24
73271,1145,846,25,1
73272,1145,830,18,2
73273,1145,847,15,3
73274,1145,863,12,4
73275,1145,848,10,5
73276,1145,840,8,6
73277,1145,807,6,7
73278,1145,844,4,8
73279,1145,857,2,9
73280,1145,1,1,10
73281,1145,842,0,11
73282,1145,852,0,12
73283,1145,839,0,13
73284,1145,860,0,14
73285,1145,859,0,
73286,1145,864,0,
73287,1145,4,0,
73288,1145,832,0,
73289,1145,862,0,
73290,1145,865,0,
73291,1146,846,44,1
73292,1146,830,36,2
73293,1146,847,35,3
73294,1146,857,34,4
73295,1146,863,22,5
73296,1146,848,16,6
73297,1146,839,10,7
73298,1146,840,10,8
73299,1146,1,9,9
73300,1146,844,8,10
73301,1146,807,6,11
73302,1146,860,4,12
73303,1146,852,3,13
73304,1146,832,1,14
73305,1146,842,0,15
73306,1146,865,0,16
73307,1146,859,0,17
73308,1146,862,0,18
73309,1146,864,0,19
73310,1146,4,0,
73311,1147,846,62,1
73312,1147,830,61,2
73313,1147,857,49,3
73314,1147,847,45,4
73315,1147,863,30,5
73316,1147,844,20,6
73317,1147,848,18,7
73318,1147,1,15,8
73319,1147,839,10,9
73320,1147,840,10,10
73321,1147,807,6,11
73322,1147,860,5,12
73323,1147,865,4,13
73324,1147,852,3,14
73325,1147,832,1,15
73326,1147,842,0,16
73327,1147,4,0,17
73328,1147,859,0,18
73329,1147,862,0,19
73330,1147,864,0,20
73331,1148,846,77,1
73332,1148,857,74,2
73333,1148,830,69,3
73334,1148,847,63,4
73335,1148,844,32,5
73336,1148,863,30,6
73337,1148,1,25,7
73338,1148,848,18,8
73339,1148,839,14,9
73340,1148,840,10,10
73341,1148,842,6,11
73342,1148,807,6,12
73343,1148,860,6,13
73344,1148,852,5,14
73345,1148,865,4,15
73346,1148,832,1,16
73347,1148,4,0,17
73348,1148,859,0,18
73349,1148,862,0,19
73350,1148,864,0,20
73351,1149,857,99,1
73352,1149,846,89,2
73353,1149,830,87,3
73354,1149,847,73,4
73355,1149,844,47,5
73356,1149,863,38,6
73357,1149,1,31,7
73358,1149,848,20,8
73359,1149,839,14,9
73360,1149,840,10,10
73361,1149,842,6,11
73362,1149,807,6,12
73363,1149,860,6,13
73364,1149,865,5,14
73365,1149,832,5,15
73366,1149,852,5,16
73367,1149,4,0,17
73368,1149,859,0,18
73369,1149,862,0,19
73370,1149,864,0,20
73371,1150,857,131,1
73372,1150,846,115,2
73373,1150,830,99,3
73374,1150,847,93,4
73375,1150,844,53,5
73376,1150,863,48,6
73377,1150,1,41,7
73378,1150,848,30,8
73379,1150,839,14,9
73380,1150,840,14,10
73381,1150,852,9,11
73382,1150,842,7,12
73383,1150,832,7,13
73384,1150,807,6,14
73385,1150,860,6,15
73386,1150,865,5,16
73387,1150,4,0,17
73388,1150,859,0,18
73389,1150,862,0,19
73390,1150,864,0,20
73391,1151,857,146,1
73392,1151,846,133,2
73393,1151,830,124,3
73394,1151,847,99,4
73395,1151,844,61,5
73396,1151,1,53,6
73397,1151,863,48,7
73398,1151,848,40,8
73399,1151,839,14,9
73400,1151,840,14,10
73401,1151,832,11,11
73402,1151,852,10,12
73403,1151,842,7,13
73404,1151,865,7,14
73405,1151,807,6,15
73406,1151,860,6,16
73407,1151,4,0,17
73408,1151,859,0,18
73409,1151,862,0,19
73410,1151,864,0,20
73411,1151,861,0,21
73412,1152,857,161,1
73413,1152,846,158,2
73414,1152,830,136,3
73415,1152,847,99,4
73416,1152,844,79,5
73417,1152,1,63,6
73418,1152,863,48,7
73419,1152,848,42,8
73420,1152,839,20,9
73421,1152,865,15,10
73422,1152,840,14,11
73423,1152,832,12,12
73424,1152,852,10,13
73425,1152,842,7,14
73426,1152,807,6,15
73427,1152,860,6,16
73428,1152,859,4,17
73429,1152,4,0,18
73430,1152,862,0,19
73431,1152,861,0,20
73432,1152,864,0,21
73433,1153,857,186,1
73434,1153,846,176,2
73435,1153,830,137,3
73436,1153,847,111,4
73437,1153,844,94,5
73438,1153,1,71,6
73439,1153,863,48,7
73440,1153,848,42,8
73441,1153,865,21,9
73442,1153,839,20,10
73443,1153,807,16,11
73444,1153,840,14,12
73445,1153,832,12,13
73446,1153,842,11,14
73447,1153,852,10,15
73448,1153,860,6,16
73449,1153,859,4,17
73450,1153,4,2,18
73451,1153,864,0,19
73452,1153,862,0,20
73453,1153,861,0,21
73454,1154,857,198,1
73455,1154,846,176,2
73456,1154,830,155,3
73457,1154,847,136,4
73458,1154,844,104,5
73459,1154,1,79,6
73460,1154,863,63,7
73461,1154,848,42,8
73462,1154,839,22,9
73463,1154,865,21,10
73464,1154,807,20,11
73465,1154,840,14,12
73466,1154,832,13,13
73467,1154,842,11,14
73468,1154,852,10,15
73469,1154,4,8,16
73470,1154,860,6,17
73471,1154,859,4,18
73472,1154,864,0,19
73473,1154,861,0,20
73474,1154,862,0,21
73475,1155,857,216,1
73476,1155,846,201,2
73477,1155,830,155,3
73478,1155,847,146,4
73479,1155,844,119,5
73480,1155,1,91,6
73481,1155,863,63,7
73482,1155,848,42,8
73483,1155,839,23,9
73484,1155,807,22,10
73485,1155,865,21,11
73486,1155,840,14,12
73487,1155,4,14,13
73488,1155,832,13,14
73489,1155,859,12,15
73490,1155,842,11,16
73491,1155,852,10,17
73492,1155,860,6,18
73493,1155,864,4,19
73494,1155,861,0,20
73495,1155,862,0,21
73496,1156,857,234,1
73497,1156,846,226,2
73498,1156,830,165,3
73499,1156,847,147,4
73500,1156,844,119,5
73501,1156,1,103,6
73502,1156,863,63,7
73503,1156,848,46,8
73504,1156,807,37,9
73505,1156,839,23,10
73506,1156,865,21,11
73507,1156,840,20,12
73508,1156,842,19,13
73509,1156,4,16,14
73510,1156,832,13,15
73511,1156,859,12,16
73512,1156,852,10,17
73513,1156,860,6,18
73514,1156,864,4,19
73515,1156,861,0,20
73516,1156,862,0,21
73517,1157,857,266,1
73518,1157,846,250,2
73519,1157,830,185,3
73520,1157,847,157,4
73521,1157,844,139,5
73522,1157,1,109,6
73523,1157,863,63,7
73524,1157,848,54,8
73525,1157,807,37,9
73526,1157,839,27,10
73527,1157,865,22,11
73528,1157,842,20,12
73529,1157,840,20,13
73530,1157,859,16,14
73531,1157,4,16,15
73532,1157,832,16,16
73533,1157,852,10,17
73534,1157,860,8,18
73535,1157,864,6,19
73536,1157,861,0,20
73537,1157,862,0,21
73538,1158,857,284,1
73539,1158,846,275,2
73540,1158,830,187,3
73541,1158,847,172,4
73542,1158,844,151,5
73543,1158,1,109,6
73544,1158,863,64,7
73545,1158,848,54,8
73546,1158,807,37,9
73547,1158,839,27,10
73548,1158,4,26,11
73549,1158,840,26,12
73550,1158,865,22,13
73551,1158,842,20,14
73552,1158,859,20,15
73553,1158,832,16,16
73554,1158,864,14,17
73555,1158,852,10,18
73556,1158,860,8,19
73557,1158,861,0,20
73558,1158,862,0,21
73559,1159,857,309,1
73560,1159,846,275,2
73561,1159,830,205,3
73562,1159,847,184,4
73563,1159,844,151,5
73564,1159,1,109,6
73565,1159,863,64,7
73566,1159,848,64,8
73567,1159,807,37,9
73568,1159,865,37,10
73569,1159,840,32,11
73570,1159,4,30,12
73571,1159,839,28,13
73572,1159,842,20,14
73573,1159,859,20,15
73574,1159,860,16,16
73575,1159,832,16,17
73576,1159,864,14,18
73577,1159,852,12,19
73578,1159,861,0,20
73579,1159,862,0,21
73580,1160,857,324,1
73581,1160,846,293,2
73582,1160,830,230,3
73583,1160,847,194,4
73584,1160,844,163,5
73585,1160,1,117,6
73586,1160,848,70,7
73587,1160,863,66,8
73588,1160,865,38,9
73589,1160,807,37,10
73590,1160,840,32,11
73591,1160,4,30,12
73592,1160,839,28,13
73593,1160,842,20,14
73594,1160,859,20,15
73595,1160,864,18,16
73596,1160,860,16,17
73597,1160,832,16,18
73598,1160,852,12,19
73599,1160,861,0,20
73600,1160,862,0,21
73601,1161,857,324,1
73602,1161,846,299,2
73603,1161,830,255,3
73604,1161,847,212,4
73605,1161,844,165,5
73606,1161,1,121,6
73607,1161,863,78,7
73608,1161,848,70,8
73609,1161,865,39,9
73610,1161,807,37,10
73611,1161,840,32,11
73612,1161,832,31,12
73613,1161,859,30,13
73614,1161,4,30,14
73615,1161,839,28,15
73616,1161,842,20,16
73617,1161,852,20,17
73618,1161,864,18,18
73619,1161,860,16,19
73620,1161,861,0,20
73621,1161,862,0,21
73622,1162,857,336,1
73623,1162,846,314,2
73624,1162,830,273,3
73625,1162,847,237,4
73626,1162,844,173,5
73627,1162,1,125,6
73628,1162,863,88,7
73629,1162,848,70,8
73630,1162,865,39,9
73631,1162,807,37,10
73632,1162,4,36,11
73633,1162,832,32,12
73634,1162,840,32,13
73635,1162,859,30,14
73636,1162,839,28,15
73637,1162,842,20,16
73638,1162,852,20,17
73639,1162,864,18,18
73640,1162,860,18,19
73641,1162,861,0,20
73642,1162,862,0,21
73643,1163,857,346,1
73644,1163,846,332,2
73645,1163,830,306,3
73646,1163,847,252,4
73647,1163,844,192,5
73648,1163,1,142,6
73649,1163,863,89,7
73650,1163,848,73,8
73651,1163,807,41,9
73652,1163,865,39,10
73653,1163,832,38,11
73654,1163,4,37,12
73655,1163,840,32,13
73656,1163,859,30,14
73657,1163,839,28,15
73658,1163,852,28,16
73659,1163,842,20,17
73660,1163,860,20,18
73661,1163,864,18,19
73662,1163,861,0,20
73663,1163,862,0,21
73664,1164,846,357,1
73665,1164,857,356,2
73666,1164,830,321,3
73667,1164,847,258,4
73668,1164,844,210,5
73669,1164,1,146,6
73670,1164,863,97,7
73671,1164,848,73,8
73672,1164,807,41,9
73673,1164,865,39,10
73674,1164,832,38,11
73675,1164,4,37,12
73676,1164,860,32,13
73677,1164,840,32,14
73678,1164,859,30,15
73679,1164,839,30,16
73680,1164,852,28,17
73681,1164,842,20,18
73682,1164,864,19,19
73683,1164,861,0,20
73684,1164,862,0,21
73685,1165,846,390,1
73686,1165,857,366,2
73687,1165,830,341,3
73688,1165,847,276,4
73689,1165,844,214,5
73690,1165,1,148,6
73691,1165,863,122,7
73692,1165,848,73,8
73693,1165,807,43,9
73694,1165,865,43,10
73695,1165,860,40,11
73696,1165,4,40,12
73697,1165,832,38,13
73698,1165,859,36,14
73699,1165,840,32,15
73700,1165,839,30,16
73701,1165,852,28,17
73702,1165,842,22,18
73703,1165,864,19,19
73704,1165,861,0,20
73705,1165,862,0,21
73706,1166,846,390,1
73707,1166,857,366,2
73708,1166,830,366,3
73709,1166,847,294,4
73710,1166,844,226,5
73711,1166,1,152,6
73712,1166,863,137,7
73713,1166,848,73,8
73714,1166,865,51,9
73715,1166,807,49,10
73716,1166,832,48,11
73717,1166,860,41,12
73718,1166,4,40,13
73719,1166,859,36,14
73720,1166,839,32,15
73721,1166,840,32,16
73722,1166,852,28,17
73723,1166,842,22,18
73724,1166,864,19,19
73725,1166,861,0,20
73726,1166,862,0,21
73727,1167,846,408,1
73728,1167,830,396,2
73729,1167,857,392,3
73730,1167,847,309,4
73731,1167,844,230,5
73732,1167,1,152,6
73733,1167,863,150,7
73734,1167,848,73,8
73735,1167,832,64,9
73736,1167,865,51,10
73737,1167,807,49,11
73738,1167,4,48,12
73739,1167,860,41,13
73740,1167,859,38,14
73741,1167,852,33,15
73742,1167,839,32,16
73743,1167,840,32,17
73744,1167,842,22,18
73745,1167,864,19,19
73746,1167,861,0,20
73747,1167,862,0,21
73748,1168,846,423,1
73749,1168,830,421,2
73750,1168,857,410,3
73751,1168,847,319,4
73752,1168,844,242,5
73753,1168,1,156,6
73754,1168,863,150,7
73755,1168,848,73,8
73756,1168,832,64,9
73757,1168,4,56,10
73758,1168,807,51,11
73759,1168,865,51,12
73760,1168,860,41,13
73761,1168,859,38,14
73762,1168,839,38,15
73763,1168,840,33,16
73764,1168,852,33,17
73765,1168,842,22,18
73766,1168,864,19,19
73767,1168,861,0,20
73768,1168,862,0,21
73769,1169,847,25,1
73770,1169,863,18,2
73771,1169,844,15,3
73772,1169,1,12,4
73773,1169,846,10,5
73774,1169,830,8,6
73775,1169,860,6,7
73776,1169,866,4,8
73777,1169,864,2,9
73778,1169,842,1,10
73779,1169,839,0,11
73780,1169,848,0,12
73781,1169,859,0,13
73782,1169,861,0,14
73783,1169,832,0,15
73784,1169,815,0,16
73785,1169,840,0,
73786,1169,4,0,
73787,1169,822,0,
73788,1169,865,0,
73789,1169,857,0,
73790,1169,807,0,
73791,1170,847,51,1
73792,1170,863,47,2
73793,1170,844,34,3
73794,1170,1,33,4
73795,1170,860,17,5
73796,1170,846,15,6
73797,1170,842,9,7
73798,1170,830,8,8
73799,1170,859,8,9
73800,1170,866,4,10
73801,1170,865,4,11
73802,1170,857,3,12
73803,1170,832,2,13
73804,1170,864,2,14
73805,1170,861,1,15
73806,1170,839,0,16
73807,1170,807,0,17
73808,1170,848,0,18
73809,1170,822,0,19
73810,1170,815,0,20
73811,1170,4,0,21
73812,1170,840,0,22
73813,1171,863,72,1
73814,1171,847,63,2
73815,1171,844,49,3
73816,1171,1,41,4
73817,1171,846,25,5
73818,1171,857,21,6
73819,1171,860,17,7
73820,1171,842,15,8
73821,1171,830,12,9
73822,1171,859,10,10
73823,1171,866,4,11
73824,1171,865,4,12
73825,1171,864,2,13
73826,1171,832,2,14
73827,1171,839,1,15
73828,1171,861,1,16
73829,1171,807,0,17
73830,1171,848,0,18
73831,1171,822,0,19
73832,1171,815,0,20
73833,1171,4,0,21
73834,1171,840,0,22
