race_ID,year,round,circuit_ID,circuit_location,circuit_country,circuit_name,quali_date,quali_time,race_date,race_time,race_label,is_miami,is_modern_completed_era,has_results
1,2009,1,1,Melbourne,Australia,Australian Grand Prix,\N,\N,29/03/2009,06:00:00,2009 R1 - Australian Grand Prix,0,0,1
2,2009,2,2,Kuala Lumpur,Malaysia,Malaysian Grand Prix,\N,\N,05/04/2009,09:00:00,2009 R2 - Malaysian Grand Prix,0,0,1
3,2009,3,17,Shanghai,China,Chinese Grand Prix,\N,\N,19/04/2009,07:00:00,2009 R3 - Chinese Grand Prix,0,0,1
4,2009,4,3,Sakhir,Bahrain,Bahrain Grand Prix,\N,\N,26/04/2009,12:00:00,2009 R4 - Bahrain Grand Prix,0,0,1
5,2009,5,4,Montmeló,Spain,Spanish Grand Prix,\N,\N,10/05/2009,12:00:00,2009 R5 - Spanish Grand Prix,0,0,1
6,2009,6,6,Monte-Carlo,Monaco,Monaco Grand Prix,\N,\N,24/05/2009,12:00:00,2009 R6 - Monaco Grand Prix,0,0,1
7,2009,7,5,Istanbul,Turkey,Turkish Grand Prix,\N,\N,07/06/2009,12:00:00,2009 R7 - Turkish Grand Prix,0,0,1
8,2009,8,9,Silverstone,UK,British Grand Prix,\N,\N,21/06/2009,12:00:00,2009 R8 - British Grand Prix,0,0,1
9,2009,9,20,Nürburg,Germany,German Grand Prix,\N,\N,12/07/2009,12:00:00,2009 R9 - German Grand Prix,0,0,1
10,2009,10,11,Budapest,Hungary,Hungarian Grand Prix,\N,\N,26/07/2009,12:00:00,2009 R10 - Hungarian Grand Prix,0,0,1
11,2009,11,12,Valencia,Spain,European Grand Prix,\N,\N,23/08/2009,12:00:00,2009 R11 - European Grand Prix,0,0,1
12,2009,12,13,Spa,Belgium,Belgian Grand Prix,\N,\N,30/08/2009,12:00:00,2009 R12 - Belgian Grand Prix,0,0,1
13,2009,13,14,Monza,Italy,Italian Grand Prix,\N,\N,13/09/2009,12:00:00,2009 R13 - Italian Grand Prix,0,0,1
14,2009,14,15,Marina Bay,Singapore,Singapore Grand Prix,\N,\N,27/09/2009,12:00:00,2009 R14 - Singapore Grand Prix,0,0,1
15,2009,15,22,Suzuka,Japan,Japanese Grand Prix,\N,\N,04/10/2009,05:00:00,2009 R15 - Japanese Grand Prix,0,0,1
16,2009,16,18,São Paulo,Brazil,Brazilian Grand Prix,\N,\N,18/10/2009,16:00:00,2009 R16 - Brazilian Grand Prix,0,0,1
17,2009,17,24,Abu Dhabi,UAE,Abu Dhabi Grand Prix,\N,\N,01/11/2009,11:00:00,2009 R17 - Abu Dhabi Grand Prix,0,0,1
18,2008,1,1,Melbourne,Australia,Australian Grand Prix,\N,\N,16/03/2008,04:30:00,2008 R1 - Australian Grand Prix,0,0,1
19,2008,2,2,Kuala Lumpur,Malaysia,Malaysian Grand Prix,\N,\N,23/03/2008,07:00:00,2008 R2 - Malaysian Grand Prix,0,0,1
20,2008,3,3,Sakhir,Bahrain,Bahrain Grand Prix,\N,\N,06/04/2008,11:30:00,2008 R3 - Bahrain Grand Prix,0,0,1
21,2008,4,4,Montmeló,Spain,Spanish Grand Prix,\N,\N,27/04/2008,12:00:00,2008 R4 - Spanish Grand Prix,0,0,1
22,2008,5,5,Istanbul,Turkey,Turkish Grand Prix,\N,\N,11/05/2008,12:00:00,2008 R5 - Turkish Grand Prix,0,0,1
23,2008,6,6,Monte-Carlo,Monaco,Monaco Grand Prix,\N,\N,25/05/2008,12:00:00,2008 R6 - Monaco Grand Prix,0,0,1
24,2008,7,7,Montreal,Canada,Canadian Grand Prix,\N,\N,08/06/2008,17:00:00,2008 R7 - Canadian Grand Prix,0,0,1
25,2008,8,8,Magny Cours,France,French Grand Prix,\N,\N,22/06/2008,12:00:00,2008 R8 - French Grand Prix,0,0,1
26,2008,9,9,Silverstone,UK,British Grand Prix,\N,\N,06/07/2008,12:00:00,2008 R9 - British Grand Prix,0,0,1
27,2008,10,10,Hockenheim,Germany,German Grand Prix,\N,\N,20/07/2008,12:00:00,2008 R10 - German Grand Prix,0,0,1
28,2008,11,11,Budapest,Hungary,Hungarian Grand Prix,\N,\N,03/08/2008,12:00:00,2008 R11 - Hungarian Grand Prix,0,0,1
29,2008,12,12,Valencia,Spain,European Grand Prix,\N,\N,24/08/2008,12:00:00,2008 R12 - European Grand Prix,0,0,1
30,2008,13,13,Spa,Belgium,Belgian Grand Prix,\N,\N,07/09/2008,12:00:00,2008 R13 - Belgian Grand Prix,0,0,1
31,2008,14,14,Monza,Italy,Italian Grand Prix,\N,\N,14/09/2008,12:00:00,2008 R14 - Italian Grand Prix,0,0,1
32,2008,15,15,Marina Bay,Singapore,Singapore Grand Prix,\N,\N,28/09/2008,12:00:00,2008 R15 - Singapore Grand Prix,0,0,1
33,2008,16,16,Oyama,Japan,Japanese Grand Prix,\N,\N,12/10/2008,04:30:00,2008 R16 - Japanese Grand Prix,0,0,1
34,2008,17,17,Shanghai,China,Chinese Grand Prix,\N,\N,19/10/2008,07:00:00,2008 R17 - Chinese Grand Prix,0,0,1
35,2008,18,18,São Paulo,Brazil,Brazilian Grand Prix,\N,\N,02/11/2008,17:00:00,2008 R18 - Brazilian Grand Prix,0,0,1
36,2007,1,1,Melbourne,Australia,Australian Grand Prix,\N,\N,18/03/2007,03:00:00,2007 R1 - Australian Grand Prix,0,0,1
37,2007,2,2,Kuala Lumpur,Malaysia,Malaysian Grand Prix,\N,\N,08/04/2007,07:00:00,2007 R2 - Malaysian Grand Prix,0,0,1
38,2007,3,3,Sakhir,Bahrain,Bahrain Grand Prix,\N,\N,15/04/2007,11:30:00,2007 R3 - Bahrain Grand Prix,0,0,1
39,2007,4,4,Montmeló,Spain,Spanish Grand Prix,\N,\N,13/05/2007,12:00:00,2007 R4 - Spanish Grand Prix,0,0,1
40,2007,5,6,Monte-Carlo,Monaco,Monaco Grand Prix,\N,\N,27/05/2007,12:00:00,2007 R5 - Monaco Grand Prix,0,0,1
41,2007,6,7,Montreal,Canada,Canadian Grand Prix,\N,\N,10/06/2007,17:00:00,2007 R6 - Canadian Grand Prix,0,0,1
42,2007,7,19,Indianapolis,USA,United States Grand Prix,\N,\N,17/06/2007,17:00:00,2007 R7 - United States Grand Prix,0,0,1
43,2007,8,8,Magny Cours,France,French Grand Prix,\N,\N,01/07/2007,12:00:00,2007 R8 - French Grand Prix,0,0,1
44,2007,9,9,Silverstone,UK,British Grand Prix,\N,\N,08/07/2007,12:00:00,2007 R9 - British Grand Prix,0,0,1
45,2007,10,20,Nürburg,Germany,European Grand Prix,\N,\N,22/07/2007,12:00:00,2007 R10 - European Grand Prix,0,0,1
46,2007,11,11,Budapest,Hungary,Hungarian Grand Prix,\N,\N,05/08/2007,12:00:00,2007 R11 - Hungarian Grand Prix,0,0,1
47,2007,12,5,Istanbul,Turkey,Turkish Grand Prix,\N,\N,26/08/2007,12:00:00,2007 R12 - Turkish Grand Prix,0,0,1
48,2007,13,14,Monza,Italy,Italian Grand Prix,\N,\N,09/09/2007,12:00:00,2007 R13 - Italian Grand Prix,0,0,1
49,2007,14,13,Spa,Belgium,Belgian Grand Prix,\N,\N,16/09/2007,12:00:00,2007 R14 - Belgian Grand Prix,0,0,1
50,2007,15,16,Oyama,Japan,Japanese Grand Prix,\N,\N,30/09/2007,04:30:00,2007 R15 - Japanese Grand Prix,0,0,1
51,2007,16,17,Shanghai,China,Chinese Grand Prix,\N,\N,07/10/2007,06:00:00,2007 R16 - Chinese Grand Prix,0,0,1
52,2007,17,18,São Paulo,Brazil,Brazilian Grand Prix,\N,\N,21/10/2007,16:00:00,2007 R17 - Brazilian Grand Prix,0,0,1
53,2006,1,3,Sakhir,Bahrain,Bahrain Grand Prix,\N,\N,12/03/2006,14:30:00,2006 R1 - Bahrain Grand Prix,0,0,1
54,2006,2,2,Kuala Lumpur,Malaysia,Malaysian Grand Prix,\N,\N,19/03/2006,15:00:00,2006 R2 - Malaysian Grand Prix,0,0,1
55,2006,3,1,Melbourne,Australia,Australian Grand Prix,\N,\N,02/04/2006,14:00:00,2006 R3 - Australian Grand Prix,0,0,1
56,2006,4,21,Imola,Italy,San Marino Grand Prix,\N,\N,23/04/2006,14:00:00,2006 R4 - San Marino Grand Prix,0,0,1
57,2006,5,20,Nürburg,Germany,European Grand Prix,\N,\N,07/05/2006,14:00:00,2006 R5 - European Grand Prix,0,0,1
58,2006,6,4,Montmeló,Spain,Spanish Grand Prix,\N,\N,14/05/2006,14:00:00,2006 R6 - Spanish Grand Prix,0,0,1
59,2006,7,6,Monte-Carlo,Monaco,Monaco Grand Prix,\N,\N,28/05/2006,14:00:00,2006 R7 - Monaco Grand Prix,0,0,1
60,2006,8,9,Silverstone,UK,British Grand Prix,\N,\N,11/06/2006,12:00:00,2006 R8 - British Grand Prix,0,0,1
61,2006,9,7,Montreal,Canada,Canadian Grand Prix,\N,\N,25/06/2006,13:00:00,2006 R9 - Canadian Grand Prix,0,0,1
62,2006,10,19,Indianapolis,USA,United States Grand Prix,\N,\N,02/07/2006,14:00:00,2006 R10 - United States Grand Prix,0,0,1
63,2006,11,8,Magny Cours,France,French Grand Prix,\N,\N,16/07/2006,14:00:00,2006 R11 - French Grand Prix,0,0,1
64,2006,12,10,Hockenheim,Germany,German Grand Prix,\N,\N,30/07/2006,14:00:00,2006 R12 - German Grand Prix,0,0,1
65,2006,13,11,Budapest,Hungary,Hungarian Grand Prix,\N,\N,06/08/2006,14:00:00,2006 R13 - Hungarian Grand Prix,0,0,1
66,2006,14,5,Istanbul,Turkey,Turkish Grand Prix,\N,\N,27/08/2006,15:00:00,2006 R14 - Turkish Grand Prix,0,0,1
67,2006,15,14,Monza,Italy,Italian Grand Prix,\N,\N,10/09/2006,14:00:00,2006 R15 - Italian Grand Prix,0,0,1
68,2006,16,17,Shanghai,China,Chinese Grand Prix,\N,\N,01/10/2006,14:00:00,2006 R16 - Chinese Grand Prix,0,0,1
69,2006,17,22,Suzuka,Japan,Japanese Grand Prix,\N,\N,08/10/2006,14:00:00,2006 R17 - Japanese Grand Prix,0,0,1
70,2006,18,18,São Paulo,Brazil,Brazilian Grand Prix,\N,\N,22/10/2006,14:00:00,2006 R18 - Brazilian Grand Prix,0,0,1
71,2005,1,1,Melbourne,Australia,Australian Grand Prix,\N,\N,06/03/2005,14:00:00,2005 R1 - Australian Grand Prix,0,0,1
72,2005,2,2,Kuala Lumpur,Malaysia,Malaysian Grand Prix,\N,\N,20/03/2005,15:00:00,2005 R2 - Malaysian Grand Prix,0,0,1
73,2005,3,3,Sakhir,Bahrain,Bahrain Grand Prix,\N,\N,03/04/2005,14:30:00,2005 R3 - Bahrain Grand Prix,0,0,1
74,2005,4,21,Imola,Italy,San Marino Grand Prix,\N,\N,24/04/2005,14:00:00,2005 R4 - San Marino Grand Prix,0,0,1
75,2005,5,4,Montmeló,Spain,Spanish Grand Prix,\N,\N,08/05/2005,14:00:00,2005 R5 - Spanish Grand Prix,0,0,1
76,2005,6,6,Monte-Carlo,Monaco,Monaco Grand Prix,\N,\N,22/05/2005,14:00:00,2005 R6 - Monaco Grand Prix,0,0,1
77,2005,7,20,Nürburg,Germany,European Grand Prix,\N,\N,29/05/2005,14:00:00,2005 R7 - European Grand Prix,0,0,1
78,2005,8,7,Montreal,Canada,Canadian Grand Prix,\N,\N,12/06/2005,13:00:00,2005 R8 - Canadian Grand Prix,0,0,1
79,2005,9,19,Indianapolis,USA,United States Grand Prix,\N,\N,19/06/2005,14:00:00,2005 R9 - United States Grand Prix,0,0,1
80,2005,10,8,Magny Cours,France,French Grand Prix,\N,\N,03/07/2005,14:00:00,2005 R10 - French Grand Prix,0,0,1
81,2005,11,9,Silverstone,UK,British Grand Prix,\N,\N,10/07/2005,14:00:00,2005 R11 - British Grand Prix,0,0,1
82,2005,12,10,Hockenheim,Germany,German Grand Prix,\N,\N,24/07/2005,14:00:00,2005 R12 - German Grand Prix,0,0,1
83,2005,13,11,Budapest,Hungary,Hungarian Grand Prix,\N,\N,31/07/2005,14:00:00,2005 R13 - Hungarian Grand Prix,0,0,1
84,2005,14,5,Istanbul,Turkey,Turkish Grand Prix,\N,\N,21/08/2005,15:00:00,2005 R14 - Turkish Grand Prix,0,0,1
85,2005,15,14,Monza,Italy,Italian Grand Prix,\N,\N,04/09/2005,14:00:00,2005 R15 - Italian Grand Prix,0,0,1
86,2005,16,13,Spa,Belgium,Belgian Grand Prix,\N,\N,11/09/2005,14:00:00,2005 R16 - Belgian Grand Prix,0,0,1
87,2005,17,18,São Paulo,Brazil,Brazilian Grand Prix,\N,\N,25/09/2005,14:00:00,2005 R17 - Brazilian Grand Prix,0,0,1
88,2005,18,22,Suzuka,Japan,Japanese Grand Prix,\N,\N,09/10/2005,14:00:00,2005 R18 - Japanese Grand Prix,0,0,1
89,2005,19,17,Shanghai,China,Chinese Grand Prix,\N,\N,16/10/2005,14:00:00,2005 R19 - Chinese Grand Prix,0,0,1
90,2004,1,1,Melbourne,Australia,Australian Grand Prix,\N,\N,07/03/2004,\N,2004 R1 - Australian Grand Prix,0,0,1
91,2004,2,2,Kuala Lumpur,Malaysia,Malaysian Grand Prix,\N,\N,21/03/2004,\N,2004 R2 - Malaysian Grand Prix,0,0,1
92,2004,3,3,Sakhir,Bahrain,Bahrain Grand Prix,\N,\N,04/04/2004,\N,2004 R3 - Bahrain Grand Prix,0,0,1
93,2004,4,21,Imola,Italy,San Marino Grand Prix,\N,\N,25/04/2004,\N,2004 R4 - San Marino Grand Prix,0,0,1
94,2004,5,4,Montmeló,Spain,Spanish Grand Prix,\N,\N,09/05/2004,\N,2004 R5 - Spanish Grand Prix,0,0,1
95,2004,6,6,Monte-Carlo,Monaco,Monaco Grand Prix,\N,\N,23/05/2004,\N,2004 R6 - Monaco Grand Prix,0,0,1
96,2004,7,20,Nürburg,Germany,European Grand Prix,\N,\N,30/05/2004,\N,2004 R7 - European Grand Prix,0,0,1
97,2004,8,7,Montreal,Canada,Canadian Grand Prix,\N,\N,13/06/2004,\N,2004 R8 - Canadian Grand Prix,0,0,1
98,2004,9,19,Indianapolis,USA,United States Grand Prix,\N,\N,20/06/2004,\N,2004 R9 - United States Grand Prix,0,0,1
99,2004,10,8,Magny Cours,France,French Grand Prix,\N,\N,04/07/2004,\N,2004 R10 - French Grand Prix,0,0,1
100,2004,11,9,Silverstone,UK,British Grand Prix,\N,\N,11/07/2004,\N,2004 R11 - British Grand Prix,0,0,1
101,2004,12,10,Hockenheim,Germany,German Grand Prix,\N,\N,25/07/2004,\N,2004 R12 - German Grand Prix,0,0,1
102,2004,13,11,Budapest,Hungary,Hungarian Grand Prix,\N,\N,15/08/2004,\N,2004 R13 - Hungarian Grand Prix,0,0,1
103,2004,14,13,Spa,Belgium,Belgian Grand Prix,\N,\N,29/08/2004,\N,2004 R14 - Belgian Grand Prix,0,0,1
104,2004,15,14,Monza,Italy,Italian Grand Prix,\N,\N,12/09/2004,\N,2004 R15 - Italian Grand Prix,0,0,1
105,2004,16,17,Shanghai,China,Chinese Grand Prix,\N,\N,26/09/2004,\N,2004 R16 - Chinese Grand Prix,0,0,1
106,2004,17,22,Suzuka,Japan,Japanese Grand Prix,\N,\N,10/10/2004,\N,2004 R17 - Japanese Grand Prix,0,0,1
107,2004,18,18,São Paulo,Brazil,Brazilian Grand Prix,\N,\N,24/10/2004,\N,2004 R18 - Brazilian Grand Prix,0,0,1
108,2003,1,1,Melbourne,Australia,Australian Grand Prix,\N,\N,09/03/2003,\N,2003 R1 - Australian Grand Prix,0,0,1
109,2003,2,2,Kuala Lumpur,Malaysia,Malaysian Grand Prix,\N,\N,23/03/2003,\N,2003 R2 - Malaysian Grand Prix,0,0,1
110,2003,3,18,São Paulo,Brazil,Brazilian Grand Prix,\N,\N,06/04/2003,\N,2003 R3 - Brazilian Grand Prix,0,0,1
111,2003,4,21,Imola,Italy,San Marino Grand Prix,\N,\N,20/04/2003,\N,2003 R4 - San Marino Grand Prix,0,0,1
112,2003,5,4,Montmeló,Spain,Spanish Grand Prix,\N,\N,04/05/2003,\N,2003 R5 - Spanish Grand Prix,0,0,1
113,2003,6,70,Spielberg,Austria,Austrian Grand Prix,\N,\N,18/05/2003,\N,2003 R6 - Austrian Grand Prix,0,0,1
114,2003,7,6,Monte-Carlo,Monaco,Monaco Grand Prix,\N,\N,01/06/2003,\N,2003 R7 - Monaco Grand Prix,0,0,1
115,2003,8,7,Montreal,Canada,Canadian Grand Prix,\N,\N,15/06/2003,\N,2003 R8 - Canadian Grand Prix,0,0,1
116,2003,9,20,Nürburg,Germany,European Grand Prix,\N,\N,29/06/2003,\N,2003 R9 - European Grand Prix,0,0,1
117,2003,10,8,Magny Cours,France,French Grand Prix,\N,\N,06/07/2003,\N,2003 R10 - French Grand Prix,0,0,1
118,2003,11,9,Silverstone,UK,British Grand Prix,\N,\N,20/07/2003,\N,2003 R11 - British Grand Prix,0,0,1
119,2003,12,10,Hockenheim,Germany,German Grand Prix,\N,\N,03/08/2003,\N,2003 R12 - German Grand Prix,0,0,1
120,2003,13,11,Budapest,Hungary,Hungarian Grand Prix,\N,\N,24/08/2003,\N,2003 R13 - Hungarian Grand Prix,0,0,1
121,2003,14,14,Monza,Italy,Italian Grand Prix,\N,\N,14/09/2003,\N,2003 R14 - Italian Grand Prix,0,0,1
122,2003,15,19,Indianapolis,USA,United States Grand Prix,\N,\N,28/09/2003,\N,2003 R15 - United States Grand Prix,0,0,1
123,2003,16,22,Suzuka,Japan,Japanese Grand Prix,\N,\N,12/10/2003,\N,2003 R16 - Japanese Grand Prix,0,0,1
124,2002,1,1,Melbourne,Australia,Australian Grand Prix,\N,\N,03/03/2002,\N,2002 R1 - Australian Grand Prix,0,0,1
125,2002,2,2,Kuala Lumpur,Malaysia,Malaysian Grand Prix,\N,\N,17/03/2002,\N,2002 R2 - Malaysian Grand Prix,0,0,1
126,2002,3,18,São Paulo,Brazil,Brazilian Grand Prix,\N,\N,31/03/2002,\N,2002 R3 - Brazilian Grand Prix,0,0,1
127,2002,4,21,Imola,Italy,San Marino Grand Prix,\N,\N,14/04/2002,\N,2002 R4 - San Marino Grand Prix,0,0,1
128,2002,5,4,Montmeló,Spain,Spanish Grand Prix,\N,\N,28/04/2002,\N,2002 R5 - Spanish Grand Prix,0,0,1
129,2002,6,70,Spielberg,Austria,Austrian Grand Prix,\N,\N,12/05/2002,\N,2002 R6 - Austrian Grand Prix,0,0,1
130,2002,7,6,Monte-Carlo,Monaco,Monaco Grand Prix,\N,\N,26/05/2002,\N,2002 R7 - Monaco Grand Prix,0,0,1
131,2002,8,7,Montreal,Canada,Canadian Grand Prix,\N,\N,09/06/2002,\N,2002 R8 - Canadian Grand Prix,0,0,1
132,2002,9,20,Nürburg,Germany,European Grand Prix,\N,\N,23/06/2002,\N,2002 R9 - European Grand Prix,0,0,1
133,2002,10,9,Silverstone,UK,British Grand Prix,\N,\N,07/07/2002,\N,2002 R10 - British Grand Prix,0,0,1
134,2002,11,8,Magny Cours,France,French Grand Prix,\N,\N,21/07/2002,\N,2002 R11 - French Grand Prix,0,0,1
135,2002,12,10,Hockenheim,Germany,German Grand Prix,\N,\N,28/07/2002,\N,2002 R12 - German Grand Prix,0,0,1
136,2002,13,11,Budapest,Hungary,Hungarian Grand Prix,\N,\N,18/08/2002,\N,2002 R13 - Hungarian Grand Prix,0,0,1
137,2002,14,13,Spa,Belgium,Belgian Grand Prix,\N,\N,01/09/2002,\N,2002 R14 - Belgian Grand Prix,0,0,1
138,2002,15,14,Monza,Italy,Italian Grand Prix,\N,\N,15/09/2002,\N,2002 R15 - Italian Grand Prix,0,0,1
139,2002,16,19,Indianapolis,USA,United States Grand Prix,\N,\N,29/09/2002,\N,2002 R16 - United States Grand Prix,0,0,1
140,2002,17,22,Suzuka,Japan,Japanese Grand Prix,\N,\N,13/10/2002,\N,2002 R17 - Japanese Grand Prix,0,0,1
141,2001,1,1,Melbourne,Australia,Australian Grand Prix,\N,\N,04/03/2001,\N,2001 R1 - Australian Grand Prix,0,0,1
142,2001,2,2,Kuala Lumpur,Malaysia,Malaysian Grand Prix,\N,\N,18/03/2001,\N,2001 R2 - Malaysian Grand Prix,0,0,1
143,2001,3,18,São Paulo,Brazil,Brazilian Grand Prix,\N,\N,01/04/2001,\N,2001 R3 - Brazilian Grand Prix,0,0,1
144,2001,4,21,Imola,Italy,San Marino Grand Prix,\N,\N,15/04/2001,\N,2001 R4 - San Marino Grand Prix,0,0,1
145,2001,5,4,Montmeló,Spain,Spanish Grand Prix,\N,\N,29/04/2001,\N,2001 R5 - Spanish Grand Prix,0,0,1
146,2001,6,70,Spielberg,Austria,Austrian Grand Prix,\N,\N,13/05/2001,\N,2001 R6 - Austrian Grand Prix,0,0,1
147,2001,7,6,Monte-Carlo,Monaco,Monaco Grand Prix,\N,\N,27/05/2001,\N,2001 R7 - Monaco Grand Prix,0,0,1
148,2001,8,7,Montreal,Canada,Canadian Grand Prix,\N,\N,10/06/2001,\N,2001 R8 - Canadian Grand Prix,0,0,1
149,2001,9,20,Nürburg,Germany,European Grand Prix,\N,\N,24/06/2001,\N,2001 R9 - European Grand Prix,0,0,1
150,2001,10,8,Magny Cours,France,French Grand Prix,\N,\N,01/07/2001,\N,2001 R10 - French Grand Prix,0,0,1
151,2001,11,9,Silverstone,UK,British Grand Prix,\N,\N,15/07/2001,\N,2001 R11 - British Grand Prix,0,0,1
152,2001,12,10,Hockenheim,Germany,German Grand Prix,\N,\N,29/07/2001,\N,2001 R12 - German Grand Prix,0,0,1
153,2001,13,11,Budapest,Hungary,Hungarian Grand Prix,\N,\N,19/08/2001,\N,2001 R13 - Hungarian Grand Prix,0,0,1
154,2001,14,13,Spa,Belgium,Belgian Grand Prix,\N,\N,02/09/2001,\N,2001 R14 - Belgian Grand Prix,0,0,1
155,2001,15,14,Monza,Italy,Italian Grand Prix,\N,\N,16/09/2001,\N,2001 R15 - Italian Grand Prix,0,0,1
156,2001,16,19,Indianapolis,USA,United States Grand Prix,\N,\N,30/09/2001,\N,2001 R16 - United States Grand Prix,0,0,1
157,2001,17,22,Suzuka,Japan,Japanese Grand Prix,\N,\N,14/10/2001,\N,2001 R17 - Japanese Grand Prix,0,0,1
158,2000,1,1,Melbourne,Australia,Australian Grand Prix,\N,\N,12/03/2000,\N,2000 R1 - Australian Grand Prix,0,0,1
159,2000,2,18,São Paulo,Brazil,Brazilian Grand Prix,\N,\N,26/03/2000,\N,2000 R2 - Brazilian Grand Prix,0,0,1
160,2000,3,21,Imola,Italy,San Marino Grand Prix,\N,\N,09/04/2000,\N,2000 R3 - San Marino Grand Prix,0,0,1
161,2000,4,9,Silverstone,UK,British Grand Prix,\N,\N,23/04/2000,\N,2000 R4 - British Grand Prix,0,0,1
162,2000,5,4,Montmeló,Spain,Spanish Grand Prix,\N,\N,07/05/2000,\N,2000 R5 - Spanish Grand Prix,0,0,1
163,2000,6,20,Nürburg,Germany,European Grand Prix,\N,\N,21/05/2000,\N,2000 R6 - European Grand Prix,0,0,1
164,2000,7,6,Monte-Carlo,Monaco,Monaco Grand Prix,\N,\N,04/06/2000,\N,2000 R7 - Monaco Grand Prix,0,0,1
165,2000,8,7,Montreal,Canada,Canadian Grand Prix,\N,\N,18/06/2000,\N,2000 R8 - Canadian Grand Prix,0,0,1
166,2000,9,8,Magny Cours,France,French Grand Prix,\N,\N,02/07/2000,\N,2000 R9 - French Grand Prix,0,0,1
167,2000,10,70,Spielberg,Austria,Austrian Grand Prix,\N,\N,16/07/2000,\N,2000 R10 - Austrian Grand Prix,0,0,1
168,2000,11,10,Hockenheim,Germany,German Grand Prix,\N,\N,30/07/2000,\N,2000 R11 - German Grand Prix,0,0,1
169,2000,12,11,Budapest,Hungary,Hungarian Grand Prix,\N,\N,13/08/2000,\N,2000 R12 - Hungarian Grand Prix,0,0,1
170,2000,13,13,Spa,Belgium,Belgian Grand Prix,\N,\N,27/08/2000,\N,2000 R13 - Belgian Grand Prix,0,0,1
171,2000,14,14,Monza,Italy,Italian Grand Prix,\N,\N,10/09/2000,\N,2000 R14 - Italian Grand Prix,0,0,1
172,2000,15,19,Indianapolis,USA,United States Grand Prix,\N,\N,24/09/2000,\N,2000 R15 - United States Grand Prix,0,0,1
173,2000,16,22,Suzuka,Japan,Japanese Grand Prix,\N,\N,08/10/2000,\N,2000 R16 - Japanese Grand Prix,0,0,1
174,2000,17,2,Kuala Lumpur,Malaysia,Malaysian Grand Prix,\N,\N,22/10/2000,\N,2000 R17 - Malaysian Grand Prix,0,0,1
175,1999,1,1,Melbourne,Australia,Australian Grand Prix,\N,\N,07/03/1999,\N,1999 R1 - Australian Grand Prix,0,0,1
176,1999,2,18,São Paulo,Brazil,Brazilian Grand Prix,\N,\N,11/04/1999,\N,1999 R2 - Brazilian Grand Prix,0,0,1
177,1999,3,21,Imola,Italy,San Marino Grand Prix,\N,\N,02/05/1999,\N,1999 R3 - San Marino Grand Prix,0,0,1
178,1999,4,6,Monte-Carlo,Monaco,Monaco Grand Prix,\N,\N,16/05/1999,\N,1999 R4 - Monaco Grand Prix,0,0,1
179,1999,5,4,Montmeló,Spain,Spanish Grand Prix,\N,\N,30/05/1999,\N,1999 R5 - Spanish Grand Prix,0,0,1
180,1999,6,7,Montreal,Canada,Canadian Grand Prix,\N,\N,13/06/1999,\N,1999 R6 - Canadian Grand Prix,0,0,1
181,1999,7,8,Magny Cours,France,French Grand Prix,\N,\N,27/06/1999,\N,1999 R7 - French Grand Prix,0,0,1
182,1999,8,9,Silverstone,UK,British Grand Prix,\N,\N,11/07/1999,\N,1999 R8 - British Grand Prix,0,0,1
183,1999,9,70,Spielberg,Austria,Austrian Grand Prix,\N,\N,25/07/1999,\N,1999 R9 - Austrian Grand Prix,0,0,1
184,1999,10,10,Hockenheim,Germany,German Grand Prix,\N,\N,01/08/1999,\N,1999 R10 - German Grand Prix,0,0,1
185,1999,11,11,Budapest,Hungary,Hungarian Grand Prix,\N,\N,15/08/1999,\N,1999 R11 - Hungarian Grand Prix,0,0,1
186,1999,12,13,Spa,Belgium,Belgian Grand Prix,\N,\N,29/08/1999,\N,1999 R12 - Belgian Grand Prix,0,0,1
187,1999,13,14,Monza,Italy,Italian Grand Prix,\N,\N,12/09/1999,\N,1999 R13 - Italian Grand Prix,0,0,1
188,1999,14,20,Nürburg,Germany,European Grand Prix,\N,\N,26/09/1999,\N,1999 R14 - European Grand Prix,0,0,1
189,1999,15,2,Kuala Lumpur,Malaysia,Malaysian Grand Prix,\N,\N,17/10/1999,\N,1999 R15 - Malaysian Grand Prix,0,0,1
190,1999,16,22,Suzuka,Japan,Japanese Grand Prix,\N,\N,31/10/1999,\N,1999 R16 - Japanese Grand Prix,0,0,1
191,1998,1,1,Melbourne,Australia,Australian Grand Prix,\N,\N,08/03/1998,\N,1998 R1 - Australian Grand Prix,0,0,1
192,1998,2,18,São Paulo,Brazil,Brazilian Grand Prix,\N,\N,29/03/1998,\N,1998 R2 - Brazilian Grand Prix,0,0,1
193,1998,3,25,Buenos Aires,Argentina,Argentine Grand Prix,\N,\N,12/04/1998,\N,1998 R3 - Argentine Grand Prix,0,0,1
194,1998,4,21,Imola,Italy,San Marino Grand Prix,\N,\N,26/04/1998,\N,1998 R4 - San Marino Grand Prix,0,0,1
195,1998,5,4,Montmeló,Spain,Spanish Grand Prix,\N,\N,10/05/1998,\N,1998 R5 - Spanish Grand Prix,0,0,1
196,1998,6,6,Monte-Carlo,Monaco,Monaco Grand Prix,\N,\N,24/05/1998,\N,1998 R6 - Monaco Grand Prix,0,0,1
197,1998,7,7,Montreal,Canada,Canadian Grand Prix,\N,\N,07/06/1998,\N,1998 R7 - Canadian Grand Prix,0,0,1
198,1998,8,8,Magny Cours,France,French Grand Prix,\N,\N,28/06/1998,\N,1998 R8 - French Grand Prix,0,0,1
199,1998,9,9,Silverstone,UK,British Grand Prix,\N,\N,12/07/1998,\N,1998 R9 - British Grand Prix,0,0,1
200,1998,10,70,Spielberg,Austria,Austrian Grand Prix,\N,\N,26/07/1998,\N,1998 R10 - Austrian Grand Prix,0,0,1
201,1998,11,10,Hockenheim,Germany,German Grand Prix,\N,\N,02/08/1998,\N,1998 R11 - German Grand Prix,0,0,1
202,1998,12,11,Budapest,Hungary,Hungarian Grand Prix,\N,\N,16/08/1998,\N,1998 R12 - Hungarian Grand Prix,0,0,1
203,1998,13,13,Spa,Belgium,Belgian Grand Prix,\N,\N,30/08/1998,\N,1998 R13 - Belgian Grand Prix,0,0,1
204,1998,14,14,Monza,Italy,Italian Grand Prix,\N,\N,13/09/1998,\N,1998 R14 - Italian Grand Prix,0,0,1
205,1998,15,20,Nürburg,Germany,Luxembourg Grand Prix,\N,\N,27/09/1998,\N,1998 R15 - Luxembourg Grand Prix,0,0,1
206,1998,16,22,Suzuka,Japan,Japanese Grand Prix,\N,\N,01/11/1998,\N,1998 R16 - Japanese Grand Prix,0,0,1
207,1997,1,1,Melbourne,Australia,Australian Grand Prix,\N,\N,09/03/1997,\N,1997 R1 - Australian Grand Prix,0,0,1
208,1997,2,18,São Paulo,Brazil,Brazilian Grand Prix,\N,\N,30/03/1997,\N,1997 R2 - Brazilian Grand Prix,0,0,1
209,1997,3,25,Buenos Aires,Argentina,Argentine Grand Prix,\N,\N,13/04/1997,\N,1997 R3 - Argentine Grand Prix,0,0,1
210,1997,4,21,Imola,Italy,San Marino Grand Prix,\N,\N,27/04/1997,\N,1997 R4 - San Marino Grand Prix,0,0,1
211,1997,5,6,Monte-Carlo,Monaco,Monaco Grand Prix,\N,\N,11/05/1997,\N,1997 R5 - Monaco Grand Prix,0,0,1
212,1997,6,4,Montmeló,Spain,Spanish Grand Prix,\N,\N,25/05/1997,\N,1997 R6 - Spanish Grand Prix,0,0,1
213,1997,7,7,Montreal,Canada,Canadian Grand Prix,\N,\N,15/06/1997,\N,1997 R7 - Canadian Grand Prix,0,0,1
214,1997,8,8,Magny Cours,France,French Grand Prix,\N,\N,29/06/1997,\N,1997 R8 - French Grand Prix,0,0,1
215,1997,9,9,Silverstone,UK,British Grand Prix,\N,\N,13/07/1997,\N,1997 R9 - British Grand Prix,0,0,1
216,1997,10,10,Hockenheim,Germany,German Grand Prix,\N,\N,27/07/1997,\N,1997 R10 - German Grand Prix,0,0,1
217,1997,11,11,Budapest,Hungary,Hungarian Grand Prix,\N,\N,10/08/1997,\N,1997 R11 - Hungarian Grand Prix,0,0,1
218,1997,12,13,Spa,Belgium,Belgian Grand Prix,\N,\N,24/08/1997,\N,1997 R12 - Belgian Grand Prix,0,0,1
219,1997,13,14,Monza,Italy,Italian Grand Prix,\N,\N,07/09/1997,\N,1997 R13 - Italian Grand Prix,0,0,1
220,1997,14,70,Spielberg,Austria,Austrian Grand Prix,\N,\N,21/09/1997,\N,1997 R14 - Austrian Grand Prix,0,0,1
221,1997,15,20,Nürburg,Germany,Luxembourg Grand Prix,\N,\N,28/09/1997,\N,1997 R15 - Luxembourg Grand Prix,0,0,1
222,1997,16,22,Suzuka,Japan,Japanese Grand Prix,\N,\N,12/10/1997,\N,1997 R16 - Japanese Grand Prix,0,0,1
223,1997,17,26,Jerez de la Frontera,Spain,European Grand Prix,\N,\N,26/10/1997,\N,1997 R17 - European Grand Prix,0,0,1
224,1996,1,1,Melbourne,Australia,Australian Grand Prix,\N,\N,10/03/1996,\N,1996 R1 - Australian Grand Prix,0,0,1
225,1996,2,18,São Paulo,Brazil,Brazilian Grand Prix,\N,\N,31/03/1996,\N,1996 R2 - Brazilian Grand Prix,0,0,1
226,1996,3,25,Buenos Aires,Argentina,Argentine Grand Prix,\N,\N,07/04/1996,\N,1996 R3 - Argentine Grand Prix,0,0,1
227,1996,4,20,Nürburg,Germany,European Grand Prix,\N,\N,28/04/1996,\N,1996 R4 - European Grand Prix,0,0,1
228,1996,5,21,Imola,Italy,San Marino Grand Prix,\N,\N,05/05/1996,\N,1996 R5 - San Marino Grand Prix,0,0,1
229,1996,6,6,Monte-Carlo,Monaco,Monaco Grand Prix,\N,\N,19/05/1996,\N,1996 R6 - Monaco Grand Prix,0,0,1
230,1996,7,4,Montmeló,Spain,Spanish Grand Prix,\N,\N,02/06/1996,\N,1996 R7 - Spanish Grand Prix,0,0,1
231,1996,8,7,Montreal,Canada,Canadian Grand Prix,\N,\N,16/06/1996,\N,1996 R8 - Canadian Grand Prix,0,0,1
232,1996,9,8,Magny Cours,France,French Grand Prix,\N,\N,30/06/1996,\N,1996 R9 - French Grand Prix,0,0,1
233,1996,10,9,Silverstone,UK,British Grand Prix,\N,\N,14/07/1996,\N,1996 R10 - British Grand Prix,0,0,1
234,1996,11,10,Hockenheim,Germany,German Grand Prix,\N,\N,28/07/1996,\N,1996 R11 - German Grand Prix,0,0,1
235,1996,12,11,Budapest,Hungary,Hungarian Grand Prix,\N,\N,11/08/1996,\N,1996 R12 - Hungarian Grand Prix,0,0,1
236,1996,13,13,Spa,Belgium,Belgian Grand Prix,\N,\N,25/08/1996,\N,1996 R13 - Belgian Grand Prix,0,0,1
237,1996,14,14,Monza,Italy,Italian Grand Prix,\N,\N,08/09/1996,\N,1996 R14 - Italian Grand Prix,0,0,1
238,1996,15,27,Estoril,Portugal,Portuguese Grand Prix,\N,\N,22/09/1996,\N,1996 R15 - Portuguese Grand Prix,0,0,1
239,1996,16,22,Suzuka,Japan,Japanese Grand Prix,\N,\N,13/10/1996,\N,1996 R16 - Japanese Grand Prix,0,0,1
240,1995,1,18,São Paulo,Brazil,Brazilian Grand Prix,\N,\N,26/03/1995,\N,1995 R1 - Brazilian Grand Prix,0,0,1
241,1995,2,25,Buenos Aires,Argentina,Argentine Grand Prix,\N,\N,09/04/1995,\N,1995 R2 - Argentine Grand Prix,0,0,1
242,1995,3,21,Imola,Italy,San Marino Grand Prix,\N,\N,30/04/1995,\N,1995 R3 - San Marino Grand Prix,0,0,1
243,1995,4,4,Montmeló,Spain,Spanish Grand Prix,\N,\N,14/05/1995,\N,1995 R4 - Spanish Grand Prix,0,0,1
244,1995,5,6,Monte-Carlo,Monaco,Monaco Grand Prix,\N,\N,28/05/1995,\N,1995 R5 - Monaco Grand Prix,0,0,1
245,1995,6,7,Montreal,Canada,Canadian Grand Prix,\N,\N,11/06/1995,\N,1995 R6 - Canadian Grand Prix,0,0,1
246,1995,7,8,Magny Cours,France,French Grand Prix,\N,\N,02/07/1995,\N,1995 R7 - French Grand Prix,0,0,1
247,1995,8,9,Silverstone,UK,British Grand Prix,\N,\N,16/07/1995,\N,1995 R8 - British Grand Prix,0,0,1
248,1995,9,10,Hockenheim,Germany,German Grand Prix,\N,\N,30/07/1995,\N,1995 R9 - German Grand Prix,0,0,1
249,1995,10,11,Budapest,Hungary,Hungarian Grand Prix,\N,\N,13/08/1995,\N,1995 R10 - Hungarian Grand Prix,0,0,1
250,1995,11,13,Spa,Belgium,Belgian Grand Prix,\N,\N,27/08/1995,\N,1995 R11 - Belgian Grand Prix,0,0,1
251,1995,12,14,Monza,Italy,Italian Grand Prix,\N,\N,10/09/1995,\N,1995 R12 - Italian Grand Prix,0,0,1
252,1995,13,27,Estoril,Portugal,Portuguese Grand Prix,\N,\N,24/09/1995,\N,1995 R13 - Portuguese Grand Prix,0,0,1
253,1995,14,20,Nürburg,Germany,European Grand Prix,\N,\N,01/10/1995,\N,1995 R14 - European Grand Prix,0,0,1
254,1995,15,28,Okayama,Japan,Pacific Grand Prix,\N,\N,22/10/1995,\N,1995 R15 - Pacific Grand Prix,0,0,1
255,1995,16,22,Suzuka,Japan,Japanese Grand Prix,\N,\N,29/10/1995,\N,1995 R16 - Japanese Grand Prix,0,0,1
256,1995,17,29,Adelaide,Australia,Australian Grand Prix,\N,\N,12/11/1995,\N,1995 R17 - Australian Grand Prix,0,0,1
257,1994,1,18,São Paulo,Brazil,Brazilian Grand Prix,\N,\N,27/03/1994,\N,1994 R1 - Brazilian Grand Prix,0,0,1
258,1994,2,28,Okayama,Japan,Pacific Grand Prix,\N,\N,17/04/1994,\N,1994 R2 - Pacific Grand Prix,0,0,1
259,1994,3,21,Imola,Italy,San Marino Grand Prix,\N,\N,01/05/1994,\N,1994 R3 - San Marino Grand Prix,0,0,1
260,1994,4,6,Monte-Carlo,Monaco,Monaco Grand Prix,\N,\N,15/05/1994,\N,1994 R4 - Monaco Grand Prix,0,0,1
261,1994,5,4,Montmeló,Spain,Spanish Grand Prix,\N,\N,29/05/1994,\N,1994 R5 - Spanish Grand Prix,0,0,1
262,1994,6,7,Montreal,Canada,Canadian Grand Prix,\N,\N,12/06/1994,\N,1994 R6 - Canadian Grand Prix,0,0,1
263,1994,7,8,Magny Cours,France,French Grand Prix,\N,\N,03/07/1994,\N,1994 R7 - French Grand Prix,0,0,1
264,1994,8,9,Silverstone,UK,British Grand Prix,\N,\N,10/07/1994,\N,1994 R8 - British Grand Prix,0,0,1
265,1994,9,10,Hockenheim,Germany,German Grand Prix,\N,\N,31/07/1994,\N,1994 R9 - German Grand Prix,0,0,1
266,1994,10,11,Budapest,Hungary,Hungarian Grand Prix,\N,\N,14/08/1994,\N,1994 R10 - Hungarian Grand Prix,0,0,1
267,1994,11,13,Spa,Belgium,Belgian Grand Prix,\N,\N,28/08/1994,\N,1994 R11 - Belgian Grand Prix,0,0,1
268,1994,12,14,Monza,Italy,Italian Grand Prix,\N,\N,11/09/1994,\N,1994 R12 - Italian Grand Prix,0,0,1
269,1994,13,27,Estoril,Portugal,Portuguese Grand Prix,\N,\N,25/09/1994,\N,1994 R13 - Portuguese Grand Prix,0,0,1
270,1994,14,26,Jerez de la Frontera,Spain,European Grand Prix,\N,\N,16/10/1994,\N,1994 R14 - European Grand Prix,0,0,1
271,1994,15,22,Suzuka,Japan,Japanese Grand Prix,\N,\N,06/11/1994,\N,1994 R15 - Japanese Grand Prix,0,0,1
272,1994,16,29,Adelaide,Australia,Australian Grand Prix,\N,\N,13/11/1994,\N,1994 R16 - Australian Grand Prix,0,0,1
273,1993,1,30,Midrand,South Africa,South African Grand Prix,\N,\N,14/03/1993,\N,1993 R1 - South African Grand Prix,0,0,1
274,1993,2,18,São Paulo,Brazil,Brazilian Grand Prix,\N,\N,28/03/1993,\N,1993 R2 - Brazilian Grand Prix,0,0,1
275,1993,3,31,Castle Donington,UK,European Grand Prix,\N,\N,11/04/1993,\N,1993 R3 - European Grand Prix,0,0,1
276,1993,4,21,Imola,Italy,San Marino Grand Prix,\N,\N,25/04/1993,\N,1993 R4 - San Marino Grand Prix,0,0,1
277,1993,5,4,Montmeló,Spain,Spanish Grand Prix,\N,\N,09/05/1993,\N,1993 R5 - Spanish Grand Prix,0,0,1
278,1993,6,6,Monte-Carlo,Monaco,Monaco Grand Prix,\N,\N,23/05/1993,\N,1993 R6 - Monaco Grand Prix,0,0,1
279,1993,7,7,Montreal,Canada,Canadian Grand Prix,\N,\N,13/06/1993,\N,1993 R7 - Canadian Grand Prix,0,0,1
280,1993,8,8,Magny Cours,France,French Grand Prix,\N,\N,04/07/1993,\N,1993 R8 - French Grand Prix,0,0,1
281,1993,9,9,Silverstone,UK,British Grand Prix,\N,\N,11/07/1993,\N,1993 R9 - British Grand Prix,0,0,1
282,1993,10,10,Hockenheim,Germany,German Grand Prix,\N,\N,25/07/1993,\N,1993 R10 - German Grand Prix,0,0,1
283,1993,11,11,Budapest,Hungary,Hungarian Grand Prix,\N,\N,15/08/1993,\N,1993 R11 - Hungarian Grand Prix,0,0,1
284,1993,12,13,Spa,Belgium,Belgian Grand Prix,\N,\N,29/08/1993,\N,1993 R12 - Belgian Grand Prix,0,0,1
285,1993,13,14,Monza,Italy,Italian Grand Prix,\N,\N,12/09/1993,\N,1993 R13 - Italian Grand Prix,0,0,1
286,1993,14,27,Estoril,Portugal,Portuguese Grand Prix,\N,\N,26/09/1993,\N,1993 R14 - Portuguese Grand Prix,0,0,1
287,1993,15,22,Suzuka,Japan,Japanese Grand Prix,\N,\N,24/10/1993,\N,1993 R15 - Japanese Grand Prix,0,0,1
288,1993,16,29,Adelaide,Australia,Australian Grand Prix,\N,\N,07/11/1993,\N,1993 R16 - Australian Grand Prix,0,0,1
289,1992,1,30,Midrand,South Africa,South African Grand Prix,\N,\N,01/03/1992,\N,1992 R1 - South African Grand Prix,0,0,1
290,1992,2,32,Mexico City,Mexico,Mexican Grand Prix,\N,\N,22/03/1992,\N,1992 R2 - Mexican Grand Prix,0,0,1
291,1992,3,18,São Paulo,Brazil,Brazilian Grand Prix,\N,\N,05/04/1992,\N,1992 R3 - Brazilian Grand Prix,0,0,1
292,1992,4,4,Montmeló,Spain,Spanish Grand Prix,\N,\N,03/05/1992,\N,1992 R4 - Spanish Grand Prix,0,0,1
293,1992,5,21,Imola,Italy,San Marino Grand Prix,\N,\N,17/05/1992,\N,1992 R5 - San Marino Grand Prix,0,0,1
294,1992,6,6,Monte-Carlo,Monaco,Monaco Grand Prix,\N,\N,31/05/1992,\N,1992 R6 - Monaco Grand Prix,0,0,1
295,1992,7,7,Montreal,Canada,Canadian Grand Prix,\N,\N,14/06/1992,\N,1992 R7 - Canadian Grand Prix,0,0,1
296,1992,8,8,Magny Cours,France,French Grand Prix,\N,\N,05/07/1992,\N,1992 R8 - French Grand Prix,0,0,1
297,1992,9,9,Silverstone,UK,British Grand Prix,\N,\N,12/07/1992,\N,1992 R9 - British Grand Prix,0,0,1
298,1992,10,10,Hockenheim,Germany,German Grand Prix,\N,\N,26/07/1992,\N,1992 R10 - German Grand Prix,0,0,1
299,1992,11,11,Budapest,Hungary,Hungarian Grand Prix,\N,\N,16/08/1992,\N,1992 R11 - Hungarian Grand Prix,0,0,1
300,1992,12,13,Spa,Belgium,Belgian Grand Prix,\N,\N,30/08/1992,\N,1992 R12 - Belgian Grand Prix,0,0,1
301,1992,13,14,Monza,Italy,Italian Grand Prix,\N,\N,13/09/1992,\N,1992 R13 - Italian Grand Prix,0,0,1
302,1992,14,27,Estoril,Portugal,Portuguese Grand Prix,\N,\N,27/09/1992,\N,1992 R14 - Portuguese Grand Prix,0,0,1
303,1992,15,22,Suzuka,Japan,Japanese Grand Prix,\N,\N,25/10/1992,\N,1992 R15 - Japanese Grand Prix,0,0,1
304,1992,16,29,Adelaide,Australia,Australian Grand Prix,\N,\N,08/11/1992,\N,1992 R16 - Australian Grand Prix,0,0,1
305,1991,1,33,Phoenix,USA,United States Grand Prix,\N,\N,10/03/1991,\N,1991 R1 - United States Grand Prix,0,0,1
306,1991,2,18,São Paulo,Brazil,Brazilian Grand Prix,\N,\N,24/03/1991,\N,1991 R2 - Brazilian Grand Prix,0,0,1
307,1991,3,21,Imola,Italy,San Marino Grand Prix,\N,\N,28/04/1991,\N,1991 R3 - San Marino Grand Prix,0,0,1
308,1991,4,6,Monte-Carlo,Monaco,Monaco Grand Prix,\N,\N,12/05/1991,\N,1991 R4 - Monaco Grand Prix,0,0,1
309,1991,5,7,Montreal,Canada,Canadian Grand Prix,\N,\N,02/06/1991,\N,1991 R5 - Canadian Grand Prix,0,0,1
310,1991,6,32,Mexico City,Mexico,Mexican Grand Prix,\N,\N,16/06/1991,\N,1991 R6 - Mexican Grand Prix,0,0,1
311,1991,7,8,Magny Cours,France,French Grand Prix,\N,\N,07/07/1991,\N,1991 R7 - French Grand Prix,0,0,1
312,1991,8,9,Silverstone,UK,British Grand Prix,\N,\N,14/07/1991,\N,1991 R8 - British Grand Prix,0,0,1
313,1991,9,10,Hockenheim,Germany,German Grand Prix,\N,\N,28/07/1991,\N,1991 R9 - German Grand Prix,0,0,1
314,1991,10,11,Budapest,Hungary,Hungarian Grand Prix,\N,\N,11/08/1991,\N,1991 R10 - Hungarian Grand Prix,0,0,1
315,1991,11,13,Spa,Belgium,Belgian Grand Prix,\N,\N,25/08/1991,\N,1991 R11 - Belgian Grand Prix,0,0,1
316,1991,12,14,Monza,Italy,Italian Grand Prix,\N,\N,08/09/1991,\N,1991 R12 - Italian Grand Prix,0,0,1
317,1991,13,27,Estoril,Portugal,Portuguese Grand Prix,\N,\N,22/09/1991,\N,1991 R13 - Portuguese Grand Prix,0,0,1
318,1991,14,4,Montmeló,Spain,Spanish Grand Prix,\N,\N,29/09/1991,\N,1991 R14 - Spanish Grand Prix,0,0,1
319,1991,15,22,Suzuka,Japan,Japanese Grand Prix,\N,\N,20/10/1991,\N,1991 R15 - Japanese Grand Prix,0,0,1
320,1991,16,29,Adelaide,Australia,Australian Grand Prix,\N,\N,03/11/1991,\N,1991 R16 - Australian Grand Prix,0,0,1
321,1990,1,33,Phoenix,USA,United States Grand Prix,\N,\N,11/03/1990,\N,1990 R1 - United States Grand Prix,0,0,1
322,1990,2,18,São Paulo,Brazil,Brazilian Grand Prix,\N,\N,25/03/1990,\N,1990 R2 - Brazilian Grand Prix,0,0,1
323,1990,3,21,Imola,Italy,San Marino Grand Prix,\N,\N,13/05/1990,\N,1990 R3 - San Marino Grand Prix,0,0,1
324,1990,4,6,Monte-Carlo,Monaco,Monaco Grand Prix,\N,\N,27/05/1990,\N,1990 R4 - Monaco Grand Prix,0,0,1
325,1990,5,7,Montreal,Canada,Canadian Grand Prix,\N,\N,10/06/1990,\N,1990 R5 - Canadian Grand Prix,0,0,1
326,1990,6,32,Mexico City,Mexico,Mexican Grand Prix,\N,\N,24/06/1990,\N,1990 R6 - Mexican Grand Prix,0,0,1
327,1990,7,34,Le Castellet,France,French Grand Prix,\N,\N,08/07/1990,\N,1990 R7 - French Grand Prix,0,0,1
328,1990,8,9,Silverstone,UK,British Grand Prix,\N,\N,15/07/1990,\N,1990 R8 - British Grand Prix,0,0,1
329,1990,9,10,Hockenheim,Germany,German Grand Prix,\N,\N,29/07/1990,\N,1990 R9 - German Grand Prix,0,0,1
330,1990,10,11,Budapest,Hungary,Hungarian Grand Prix,\N,\N,12/08/1990,\N,1990 R10 - Hungarian Grand Prix,0,0,1
331,1990,11,13,Spa,Belgium,Belgian Grand Prix,\N,\N,26/08/1990,\N,1990 R11 - Belgian Grand Prix,0,0,1
332,1990,12,14,Monza,Italy,Italian Grand Prix,\N,\N,09/09/1990,\N,1990 R12 - Italian Grand Prix,0,0,1
333,1990,13,27,Estoril,Portugal,Portuguese Grand Prix,\N,\N,23/09/1990,\N,1990 R13 - Portuguese Grand Prix,0,0,1
334,1990,14,26,Jerez de la Frontera,Spain,Spanish Grand Prix,\N,\N,30/09/1990,\N,1990 R14 - Spanish Grand Prix,0,0,1
335,1990,15,22,Suzuka,Japan,Japanese Grand Prix,\N,\N,21/10/1990,\N,1990 R15 - Japanese Grand Prix,0,0,1
336,1990,16,29,Adelaide,Australia,Australian Grand Prix,\N,\N,04/11/1990,\N,1990 R16 - Australian Grand Prix,0,0,1
337,2010,1,3,Sakhir,Bahrain,Bahrain Grand Prix,\N,\N,14/03/2010,12:00:00,2010 R1 - Bahrain Grand Prix,0,0,1
338,2010,2,1,Melbourne,Australia,Australian Grand Prix,\N,\N,28/03/2010,06:00:00,2010 R2 - Australian Grand Prix,0,0,1
339,2010,3,2,Kuala Lumpur,Malaysia,Malaysian Grand Prix,\N,\N,04/04/2010,08:00:00,2010 R3 - Malaysian Grand Prix,0,0,1
340,2010,4,17,Shanghai,China,Chinese Grand Prix,\N,\N,18/04/2010,06:00:00,2010 R4 - Chinese Grand Prix,0,0,1
341,2010,5,4,Montmeló,Spain,Spanish Grand Prix,\N,\N,09/05/2010,12:00:00,2010 R5 - Spanish Grand Prix,0,0,1
342,2010,6,6,Monte-Carlo,Monaco,Monaco Grand Prix,\N,\N,16/05/2010,12:00:00,2010 R6 - Monaco Grand Prix,0,0,1
343,2010,7,5,Istanbul,Turkey,Turkish Grand Prix,\N,\N,30/05/2010,11:00:00,2010 R7 - Turkish Grand Prix,0,0,1
344,2010,8,7,Montreal,Canada,Canadian Grand Prix,\N,\N,13/06/2010,16:00:00,2010 R8 - Canadian Grand Prix,0,0,1
345,2010,9,12,Valencia,Spain,European Grand Prix,\N,\N,27/06/2010,12:00:00,2010 R9 - European Grand Prix,0,0,1
346,2010,10,9,Silverstone,UK,British Grand Prix,\N,\N,11/07/2010,12:00:00,2010 R10 - British Grand Prix,0,0,1
347,2010,11,10,Hockenheim,Germany,German Grand Prix,\N,\N,25/07/2010,12:00:00,2010 R11 - German Grand Prix,0,0,1
348,2010,12,11,Budapest,Hungary,Hungarian Grand Prix,\N,\N,01/08/2010,12:00:00,2010 R12 - Hungarian Grand Prix,0,0,1
349,2010,13,13,Spa,Belgium,Belgian Grand Prix,\N,\N,29/08/2010,12:00:00,2010 R13 - Belgian Grand Prix,0,0,1
350,2010,14,14,Monza,Italy,Italian Grand Prix,\N,\N,12/09/2010,12:00:00,2010 R14 - Italian Grand Prix,0,0,1
351,2010,15,15,Marina Bay,Singapore,Singapore Grand Prix,\N,\N,26/09/2010,12:00:00,2010 R15 - Singapore Grand Prix,0,0,1
352,2010,16,22,Suzuka,Japan,Japanese Grand Prix,\N,\N,10/10/2010,06:00:00,2010 R16 - Japanese Grand Prix,0,0,1
353,2010,17,35,Yeongam County,Korea,Korean Grand Prix,\N,\N,24/10/2010,05:00:00,2010 R17 - Korean Grand Prix,0,0,1
354,2010,18,18,São Paulo,Brazil,Brazilian Grand Prix,\N,\N,07/11/2010,16:00:00,2010 R18 - Brazilian Grand Prix,0,0,1
355,2010,19,24,Abu Dhabi,UAE,Abu Dhabi Grand Prix,\N,\N,14/11/2010,13:00:00,2010 R19 - Abu Dhabi Grand Prix,0,0,1
356,1989,1,36,Rio de Janeiro,Brazil,Brazilian Grand Prix,\N,\N,26/03/1989,\N,1989 R1 - Brazilian Grand Prix,0,0,1
357,1989,2,21,Imola,Italy,San Marino Grand Prix,\N,\N,23/04/1989,\N,1989 R2 - San Marino Grand Prix,0,0,1
358,1989,3,6,Monte-Carlo,Monaco,Monaco Grand Prix,\N,\N,07/05/1989,\N,1989 R3 - Monaco Grand Prix,0,0,1
359,1989,4,32,Mexico City,Mexico,Mexican Grand Prix,\N,\N,28/05/1989,\N,1989 R4 - Mexican Grand Prix,0,0,1
360,1989,5,33,Phoenix,USA,United States Grand Prix,\N,\N,04/06/1989,\N,1989 R5 - United States Grand Prix,0,0,1
361,1989,6,7,Montreal,Canada,Canadian Grand Prix,\N,\N,18/06/1989,\N,1989 R6 - Canadian Grand Prix,0,0,1
362,1989,7,34,Le Castellet,France,French Grand Prix,\N,\N,09/07/1989,\N,1989 R7 - French Grand Prix,0,0,1
363,1989,8,9,Silverstone,UK,British Grand Prix,\N,\N,16/07/1989,\N,1989 R8 - British Grand Prix,0,0,1
364,1989,9,10,Hockenheim,Germany,German Grand Prix,\N,\N,30/07/1989,\N,1989 R9 - German Grand Prix,0,0,1
365,1989,10,11,Budapest,Hungary,Hungarian Grand Prix,\N,\N,13/08/1989,\N,1989 R10 - Hungarian Grand Prix,0,0,1
366,1989,11,13,Spa,Belgium,Belgian Grand Prix,\N,\N,27/08/1989,\N,1989 R11 - Belgian Grand Prix,0,0,1
367,1989,12,14,Monza,Italy,Italian Grand Prix,\N,\N,10/09/1989,\N,1989 R12 - Italian Grand Prix,0,0,1
368,1989,13,27,Estoril,Portugal,Portuguese Grand Prix,\N,\N,24/09/1989,\N,1989 R13 - Portuguese Grand Prix,0,0,1
369,1989,14,26,Jerez de la Frontera,Spain,Spanish Grand Prix,\N,\N,01/10/1989,\N,1989 R14 - Spanish Grand Prix,0,0,1
370,1989,15,22,Suzuka,Japan,Japanese Grand Prix,\N,\N,22/10/1989,\N,1989 R15 - Japanese Grand Prix,0,0,1
371,1989,16,29,Adelaide,Australia,Australian Grand Prix,\N,\N,05/11/1989,\N,1989 R16 - Australian Grand Prix,0,0,1
372,1988,1,36,Rio de Janeiro,Brazil,Brazilian Grand Prix,\N,\N,03/04/1988,\N,1988 R1 - Brazilian Grand Prix,0,0,1
373,1988,2,21,Imola,Italy,San Marino Grand Prix,\N,\N,01/05/1988,\N,1988 R2 - San Marino Grand Prix,0,0,1
374,1988,3,6,Monte-Carlo,Monaco,Monaco Grand Prix,\N,\N,15/05/1988,\N,1988 R3 - Monaco Grand Prix,0,0,1
375,1988,4,32,Mexico City,Mexico,Mexican Grand Prix,\N,\N,29/05/1988,\N,1988 R4 - Mexican Grand Prix,0,0,1
376,1988,5,7,Montreal,Canada,Canadian Grand Prix,\N,\N,12/06/1988,\N,1988 R5 - Canadian Grand Prix,0,0,1
377,1988,6,37,Detroit,USA,Detroit Grand Prix,\N,\N,19/06/1988,\N,1988 R6 - Detroit Grand Prix,0,0,1
378,1988,7,34,Le Castellet,France,French Grand Prix,\N,\N,03/07/1988,\N,1988 R7 - French Grand Prix,0,0,1
379,1988,8,9,Silverstone,UK,British Grand Prix,\N,\N,10/07/1988,\N,1988 R8 - British Grand Prix,0,0,1
380,1988,9,10,Hockenheim,Germany,German Grand Prix,\N,\N,24/07/1988,\N,1988 R9 - German Grand Prix,0,0,1
381,1988,10,11,Budapest,Hungary,Hungarian Grand Prix,\N,\N,07/08/1988,\N,1988 R10 - Hungarian Grand Prix,0,0,1
382,1988,11,13,Spa,Belgium,Belgian Grand Prix,\N,\N,28/08/1988,\N,1988 R11 - Belgian Grand Prix,0,0,1
383,1988,12,14,Monza,Italy,Italian Grand Prix,\N,\N,11/09/1988,\N,1988 R12 - Italian Grand Prix,0,0,1
384,1988,13,27,Estoril,Portugal,Portuguese Grand Prix,\N,\N,25/09/1988,\N,1988 R13 - Portuguese Grand Prix,0,0,1
385,1988,14,26,Jerez de la Frontera,Spain,Spanish Grand Prix,\N,\N,02/10/1988,\N,1988 R14 - Spanish Grand Prix,0,0,1
386,1988,15,22,Suzuka,Japan,Japanese Grand Prix,\N,\N,30/10/1988,\N,1988 R15 - Japanese Grand Prix,0,0,1
387,1988,16,29,Adelaide,Australia,Australian Grand Prix,\N,\N,13/11/1988,\N,1988 R16 - Australian Grand Prix,0,0,1
388,1987,1,36,Rio de Janeiro,Brazil,Brazilian Grand Prix,\N,\N,12/04/1987,\N,1987 R1 - Brazilian Grand Prix,0,0,1
389,1987,2,21,Imola,Italy,San Marino Grand Prix,\N,\N,03/05/1987,\N,1987 R2 - San Marino Grand Prix,0,0,1
390,1987,3,13,Spa,Belgium,Belgian Grand Prix,\N,\N,17/05/1987,\N,1987 R3 - Belgian Grand Prix,0,0,1
391,1987,4,6,Monte-Carlo,Monaco,Monaco Grand Prix,\N,\N,31/05/1987,\N,1987 R4 - Monaco Grand Prix,0,0,1
392,1987,5,37,Detroit,USA,Detroit Grand Prix,\N,\N,21/06/1987,\N,1987 R5 - Detroit Grand Prix,0,0,1
393,1987,6,34,Le Castellet,France,French Grand Prix,\N,\N,05/07/1987,\N,1987 R6 - French Grand Prix,0,0,1
394,1987,7,9,Silverstone,UK,British Grand Prix,\N,\N,12/07/1987,\N,1987 R7 - British Grand Prix,0,0,1
395,1987,8,10,Hockenheim,Germany,German Grand Prix,\N,\N,26/07/1987,\N,1987 R8 - German Grand Prix,0,0,1
396,1987,9,11,Budapest,Hungary,Hungarian Grand Prix,\N,\N,09/08/1987,\N,1987 R9 - Hungarian Grand Prix,0,0,1
397,1987,10,70,Spielberg,Austria,Austrian Grand Prix,\N,\N,16/08/1987,\N,1987 R10 - Austrian Grand Prix,0,0,1
398,1987,11,14,Monza,Italy,Italian Grand Prix,\N,\N,06/09/1987,\N,1987 R11 - Italian Grand Prix,0,0,1
399,1987,12,27,Estoril,Portugal,Portuguese Grand Prix,\N,\N,20/09/1987,\N,1987 R12 - Portuguese Grand Prix,0,0,1
400,1987,13,26,Jerez de la Frontera,Spain,Spanish Grand Prix,\N,\N,27/09/1987,\N,1987 R13 - Spanish Grand Prix,0,0,1
401,1987,14,32,Mexico City,Mexico,Mexican Grand Prix,\N,\N,18/10/1987,\N,1987 R14 - Mexican Grand Prix,0,0,1
402,1987,15,22,Suzuka,Japan,Japanese Grand Prix,\N,\N,01/11/1987,\N,1987 R15 - Japanese Grand Prix,0,0,1
403,1987,16,29,Adelaide,Australia,Australian Grand Prix,\N,\N,15/11/1987,\N,1987 R16 - Australian Grand Prix,0,0,1
404,1986,1,36,Rio de Janeiro,Brazil,Brazilian Grand Prix,\N,\N,23/03/1986,\N,1986 R1 - Brazilian Grand Prix,0,0,1
405,1986,2,26,Jerez de la Frontera,Spain,Spanish Grand Prix,\N,\N,13/04/1986,\N,1986 R2 - Spanish Grand Prix,0,0,1
406,1986,3,21,Imola,Italy,San Marino Grand Prix,\N,\N,27/04/1986,\N,1986 R3 - San Marino Grand Prix,0,0,1
407,1986,4,6,Monte-Carlo,Monaco,Monaco Grand Prix,\N,\N,11/05/1986,\N,1986 R4 - Monaco Grand Prix,0,0,1
408,1986,5,13,Spa,Belgium,Belgian Grand Prix,\N,\N,25/05/1986,\N,1986 R5 - Belgian Grand Prix,0,0,1
409,1986,6,7,Montreal,Canada,Canadian Grand Prix,\N,\N,15/06/1986,\N,1986 R6 - Canadian Grand Prix,0,0,1
410,1986,7,37,Detroit,USA,Detroit Grand Prix,\N,\N,22/06/1986,\N,1986 R7 - Detroit Grand Prix,0,0,1
411,1986,8,34,Le Castellet,France,French Grand Prix,\N,\N,06/07/1986,\N,1986 R8 - French Grand Prix,0,0,1
412,1986,9,38,Kent,UK,British Grand Prix,\N,\N,13/07/1986,\N,1986 R9 - British Grand Prix,0,0,1
413,1986,10,10,Hockenheim,Germany,German Grand Prix,\N,\N,27/07/1986,\N,1986 R10 - German Grand Prix,0,0,1
414,1986,11,11,Budapest,Hungary,Hungarian Grand Prix,\N,\N,10/08/1986,\N,1986 R11 - Hungarian Grand Prix,0,0,1
415,1986,12,70,Spielberg,Austria,Austrian Grand Prix,\N,\N,17/08/1986,\N,1986 R12 - Austrian Grand Prix,0,0,1
416,1986,13,14,Monza,Italy,Italian Grand Prix,\N,\N,07/09/1986,\N,1986 R13 - Italian Grand Prix,0,0,1
417,1986,14,27,Estoril,Portugal,Portuguese Grand Prix,\N,\N,21/09/1986,\N,1986 R14 - Portuguese Grand Prix,0,0,1
418,1986,15,32,Mexico City,Mexico,Mexican Grand Prix,\N,\N,12/10/1986,\N,1986 R15 - Mexican Grand Prix,0,0,1
419,1986,16,29,Adelaide,Australia,Australian Grand Prix,\N,\N,26/10/1986,\N,1986 R16 - Australian Grand Prix,0,0,1
420,1985,1,36,Rio de Janeiro,Brazil,Brazilian Grand Prix,\N,\N,07/04/1985,\N,1985 R1 - Brazilian Grand Prix,0,0,1
421,1985,2,27,Estoril,Portugal,Portuguese Grand Prix,\N,\N,21/04/1985,\N,1985 R2 - Portuguese Grand Prix,0,0,1
422,1985,3,21,Imola,Italy,San Marino Grand Prix,\N,\N,05/05/1985,\N,1985 R3 - San Marino Grand Prix,0,0,1
423,1985,4,6,Monte-Carlo,Monaco,Monaco Grand Prix,\N,\N,19/05/1985,\N,1985 R4 - Monaco Grand Prix,0,0,1
424,1985,5,7,Montreal,Canada,Canadian Grand Prix,\N,\N,16/06/1985,\N,1985 R5 - Canadian Grand Prix,0,0,1
425,1985,6,37,Detroit,USA,Detroit Grand Prix,\N,\N,23/06/1985,\N,1985 R6 - Detroit Grand Prix,0,0,1
426,1985,7,34,Le Castellet,France,French Grand Prix,\N,\N,07/07/1985,\N,1985 R7 - French Grand Prix,0,0,1
427,1985,8,9,Silverstone,UK,British Grand Prix,\N,\N,21/07/1985,\N,1985 R8 - British Grand Prix,0,0,1
428,1985,9,20,Nürburg,Germany,German Grand Prix,\N,\N,04/08/1985,\N,1985 R9 - German Grand Prix,0,0,1
429,1985,10,70,Spielberg,Austria,Austrian Grand Prix,\N,\N,18/08/1985,\N,1985 R10 - Austrian Grand Prix,0,0,1
430,1985,11,39,Zandvoort,Netherlands,Dutch Grand Prix,\N,\N,25/08/1985,\N,1985 R11 - Dutch Grand Prix,0,0,1
431,1985,12,14,Monza,Italy,Italian Grand Prix,\N,\N,08/09/1985,\N,1985 R12 - Italian Grand Prix,0,0,1
432,1985,13,13,Spa,Belgium,Belgian Grand Prix,\N,\N,15/09/1985,\N,1985 R13 - Belgian Grand Prix,0,0,1
433,1985,14,38,Kent,UK,European Grand Prix,\N,\N,06/10/1985,\N,1985 R14 - European Grand Prix,0,0,1
434,1985,15,30,Midrand,South Africa,South African Grand Prix,\N,\N,19/10/1985,\N,1985 R15 - South African Grand Prix,0,0,1
435,1985,16,29,Adelaide,Australia,Australian Grand Prix,\N,\N,03/11/1985,\N,1985 R16 - Australian Grand Prix,0,0,1
436,1984,1,36,Rio de Janeiro,Brazil,Brazilian Grand Prix,\N,\N,25/03/1984,\N,1984 R1 - Brazilian Grand Prix,0,0,1
437,1984,2,30,Midrand,South Africa,South African Grand Prix,\N,\N,07/04/1984,\N,1984 R2 - South African Grand Prix,0,0,1
438,1984,3,40,Heusden-Zolder,Belgium,Belgian Grand Prix,\N,\N,29/04/1984,\N,1984 R3 - Belgian Grand Prix,0,0,1
439,1984,4,21,Imola,Italy,San Marino Grand Prix,\N,\N,06/05/1984,\N,1984 R4 - San Marino Grand Prix,0,0,1
440,1984,5,41,Dijon,France,French Grand Prix,\N,\N,20/05/1984,\N,1984 R5 - French Grand Prix,0,0,1
441,1984,6,6,Monte-Carlo,Monaco,Monaco Grand Prix,\N,\N,03/06/1984,\N,1984 R6 - Monaco Grand Prix,0,0,1
442,1984,7,7,Montreal,Canada,Canadian Grand Prix,\N,\N,17/06/1984,\N,1984 R7 - Canadian Grand Prix,0,0,1
443,1984,8,37,Detroit,USA,Detroit Grand Prix,\N,\N,24/06/1984,\N,1984 R8 - Detroit Grand Prix,0,0,1
444,1984,9,42,Dallas,USA,Dallas Grand Prix,\N,\N,08/07/1984,\N,1984 R9 - Dallas Grand Prix,0,0,1
445,1984,10,38,Kent,UK,British Grand Prix,\N,\N,22/07/1984,\N,1984 R10 - British Grand Prix,0,0,1
446,1984,11,10,Hockenheim,Germany,German Grand Prix,\N,\N,05/08/1984,\N,1984 R11 - German Grand Prix,0,0,1
447,1984,12,70,Spielberg,Austria,Austrian Grand Prix,\N,\N,19/08/1984,\N,1984 R12 - Austrian Grand Prix,0,0,1
448,1984,13,39,Zandvoort,Netherlands,Dutch Grand Prix,\N,\N,26/08/1984,\N,1984 R13 - Dutch Grand Prix,0,0,1
449,1984,14,14,Monza,Italy,Italian Grand Prix,\N,\N,09/09/1984,\N,1984 R14 - Italian Grand Prix,0,0,1
450,1984,15,20,Nürburg,Germany,European Grand Prix,\N,\N,07/10/1984,\N,1984 R15 - European Grand Prix,0,0,1
451,1984,16,27,Estoril,Portugal,Portuguese Grand Prix,\N,\N,21/10/1984,\N,1984 R16 - Portuguese Grand Prix,0,0,1
452,1983,1,36,Rio de Janeiro,Brazil,Brazilian Grand Prix,\N,\N,13/03/1983,\N,1983 R1 - Brazilian Grand Prix,0,0,1
453,1983,2,43,California,USA,United States Grand Prix West,\N,\N,27/03/1983,\N,1983 R2 - United States Grand Prix West,0,0,1
454,1983,3,34,Le Castellet,France,French Grand Prix,\N,\N,17/04/1983,\N,1983 R3 - French Grand Prix,0,0,1
455,1983,4,21,Imola,Italy,San Marino Grand Prix,\N,\N,01/05/1983,\N,1983 R4 - San Marino Grand Prix,0,0,1
456,1983,5,6,Monte-Carlo,Monaco,Monaco Grand Prix,\N,\N,15/05/1983,\N,1983 R5 - Monaco Grand Prix,0,0,1
457,1983,6,13,Spa,Belgium,Belgian Grand Prix,\N,\N,22/05/1983,\N,1983 R6 - Belgian Grand Prix,0,0,1
458,1983,7,37,Detroit,USA,Detroit Grand Prix,\N,\N,05/06/1983,\N,1983 R7 - Detroit Grand Prix,0,0,1
459,1983,8,7,Montreal,Canada,Canadian Grand Prix,\N,\N,12/06/1983,\N,1983 R8 - Canadian Grand Prix,0,0,1
460,1983,9,9,Silverstone,UK,British Grand Prix,\N,\N,16/07/1983,\N,1983 R9 - British Grand Prix,0,0,1
461,1983,10,10,Hockenheim,Germany,German Grand Prix,\N,\N,07/08/1983,\N,1983 R10 - German Grand Prix,0,0,1
462,1983,11,70,Spielberg,Austria,Austrian Grand Prix,\N,\N,14/08/1983,\N,1983 R11 - Austrian Grand Prix,0,0,1
463,1983,12,39,Zandvoort,Netherlands,Dutch Grand Prix,\N,\N,28/08/1983,\N,1983 R12 - Dutch Grand Prix,0,0,1
464,1983,13,14,Monza,Italy,Italian Grand Prix,\N,\N,11/09/1983,\N,1983 R13 - Italian Grand Prix,0,0,1
465,1983,14,38,Kent,UK,European Grand Prix,\N,\N,25/09/1983,\N,1983 R14 - European Grand Prix,0,0,1
466,1983,15,30,Midrand,South Africa,South African Grand Prix,\N,\N,15/10/1983,\N,1983 R15 - South African Grand Prix,0,0,1
467,1982,1,30,Midrand,South Africa,South African Grand Prix,\N,\N,23/01/1982,\N,1982 R1 - South African Grand Prix,0,0,1
468,1982,2,36,Rio de Janeiro,Brazil,Brazilian Grand Prix,\N,\N,21/03/1982,\N,1982 R2 - Brazilian Grand Prix,0,0,1
469,1982,3,43,California,USA,United States Grand Prix West,\N,\N,04/04/1982,\N,1982 R3 - United States Grand Prix West,0,0,1
470,1982,4,21,Imola,Italy,San Marino Grand Prix,\N,\N,25/04/1982,\N,1982 R4 - San Marino Grand Prix,0,0,1
471,1982,5,40,Heusden-Zolder,Belgium,Belgian Grand Prix,\N,\N,09/05/1982,\N,1982 R5 - Belgian Grand Prix,0,0,1
472,1982,6,6,Monte-Carlo,Monaco,Monaco Grand Prix,\N,\N,23/05/1982,\N,1982 R6 - Monaco Grand Prix,0,0,1
473,1982,7,37,Detroit,USA,Detroit Grand Prix,\N,\N,06/06/1982,\N,1982 R7 - Detroit Grand Prix,0,0,1
474,1982,8,7,Montreal,Canada,Canadian Grand Prix,\N,\N,13/06/1982,\N,1982 R8 - Canadian Grand Prix,0,0,1
475,1982,9,39,Zandvoort,Netherlands,Dutch Grand Prix,\N,\N,03/07/1982,\N,1982 R9 - Dutch Grand Prix,0,0,1
476,1982,10,38,Kent,UK,British Grand Prix,\N,\N,18/07/1982,\N,1982 R10 - British Grand Prix,0,0,1
477,1982,11,34,Le Castellet,France,French Grand Prix,\N,\N,25/07/1982,\N,1982 R11 - French Grand Prix,0,0,1
478,1982,12,10,Hockenheim,Germany,German Grand Prix,\N,\N,08/08/1982,\N,1982 R12 - German Grand Prix,0,0,1
479,1982,13,70,Spielberg,Austria,Austrian Grand Prix,\N,\N,15/08/1982,\N,1982 R13 - Austrian Grand Prix,0,0,1
480,1982,14,41,Dijon,France,Swiss Grand Prix,\N,\N,29/08/1982,\N,1982 R14 - Swiss Grand Prix,0,0,1
481,1982,15,14,Monza,Italy,Italian Grand Prix,\N,\N,12/09/1982,\N,1982 R15 - Italian Grand Prix,0,0,1
482,1982,16,44,Nevada,USA,Caesars Palace Grand Prix,\N,\N,25/09/1982,\N,1982 R16 - Caesars Palace Grand Prix,0,0,1
483,1981,1,43,California,USA,United States Grand Prix West,\N,\N,15/03/1981,\N,1981 R1 - United States Grand Prix West,0,0,1
484,1981,2,36,Rio de Janeiro,Brazil,Brazilian Grand Prix,\N,\N,29/03/1981,\N,1981 R2 - Brazilian Grand Prix,0,0,1
485,1981,3,25,Buenos Aires,Argentina,Argentine Grand Prix,\N,\N,12/04/1981,\N,1981 R3 - Argentine Grand Prix,0,0,1
486,1981,4,21,Imola,Italy,San Marino Grand Prix,\N,\N,03/05/1981,\N,1981 R4 - San Marino Grand Prix,0,0,1
487,1981,5,40,Heusden-Zolder,Belgium,Belgian Grand Prix,\N,\N,17/05/1981,\N,1981 R5 - Belgian Grand Prix,0,0,1
488,1981,6,6,Monte-Carlo,Monaco,Monaco Grand Prix,\N,\N,31/05/1981,\N,1981 R6 - Monaco Grand Prix,0,0,1
489,1981,7,45,Madrid,Spain,Spanish Grand Prix,\N,\N,21/06/1981,\N,1981 R7 - Spanish Grand Prix,0,0,1
490,1981,8,41,Dijon,France,French Grand Prix,\N,\N,05/07/1981,\N,1981 R8 - French Grand Prix,0,0,1
491,1981,9,9,Silverstone,UK,British Grand Prix,\N,\N,18/07/1981,\N,1981 R9 - British Grand Prix,0,0,1
492,1981,10,10,Hockenheim,Germany,German Grand Prix,\N,\N,02/08/1981,\N,1981 R10 - German Grand Prix,0,0,1
493,1981,11,70,Spielberg,Austria,Austrian Grand Prix,\N,\N,16/08/1981,\N,1981 R11 - Austrian Grand Prix,0,0,1
494,1981,12,39,Zandvoort,Netherlands,Dutch Grand Prix,\N,\N,30/08/1981,\N,1981 R12 - Dutch Grand Prix,0,0,1
495,1981,13,14,Monza,Italy,Italian Grand Prix,\N,\N,13/09/1981,\N,1981 R13 - Italian Grand Prix,0,0,1
496,1981,14,7,Montreal,Canada,Canadian Grand Prix,\N,\N,27/09/1981,\N,1981 R14 - Canadian Grand Prix,0,0,1
497,1981,15,44,Nevada,USA,Caesars Palace Grand Prix,\N,\N,17/10/1981,\N,1981 R15 - Caesars Palace Grand Prix,0,0,1
498,1980,1,25,Buenos Aires,Argentina,Argentine Grand Prix,\N,\N,13/01/1980,\N,1980 R1 - Argentine Grand Prix,0,0,1
499,1980,2,18,São Paulo,Brazil,Brazilian Grand Prix,\N,\N,27/01/1980,\N,1980 R2 - Brazilian Grand Prix,0,0,1
500,1980,3,30,Midrand,South Africa,South African Grand Prix,\N,\N,01/03/1980,\N,1980 R3 - South African Grand Prix,0,0,1
501,1980,4,43,California,USA,United States Grand Prix West,\N,\N,30/03/1980,\N,1980 R4 - United States Grand Prix West,0,0,1
502,1980,5,40,Heusden-Zolder,Belgium,Belgian Grand Prix,\N,\N,04/05/1980,\N,1980 R5 - Belgian Grand Prix,0,0,1
503,1980,6,6,Monte-Carlo,Monaco,Monaco Grand Prix,\N,\N,18/05/1980,\N,1980 R6 - Monaco Grand Prix,0,0,1
504,1980,7,34,Le Castellet,France,French Grand Prix,\N,\N,29/06/1980,\N,1980 R7 - French Grand Prix,0,0,1
505,1980,8,38,Kent,UK,British Grand Prix,\N,\N,13/07/1980,\N,1980 R8 - British Grand Prix,0,0,1
506,1980,9,10,Hockenheim,Germany,German Grand Prix,\N,\N,10/08/1980,\N,1980 R9 - German Grand Prix,0,0,1
507,1980,10,70,Spielberg,Austria,Austrian Grand Prix,\N,\N,17/08/1980,\N,1980 R10 - Austrian Grand Prix,0,0,1
508,1980,11,39,Zandvoort,Netherlands,Dutch Grand Prix,\N,\N,31/08/1980,\N,1980 R11 - Dutch Grand Prix,0,0,1
509,1980,12,21,Imola,Italy,Italian Grand Prix,\N,\N,14/09/1980,\N,1980 R12 - Italian Grand Prix,0,0,1
510,1980,13,7,Montreal,Canada,Canadian Grand Prix,\N,\N,28/09/1980,\N,1980 R13 - Canadian Grand Prix,0,0,1
511,1980,14,46,New York State,USA,United States Grand Prix,\N,\N,05/10/1980,\N,1980 R14 - United States Grand Prix,0,0,1
512,1979,1,25,Buenos Aires,Argentina,Argentine Grand Prix,\N,\N,21/01/1979,\N,1979 R1 - Argentine Grand Prix,0,0,1
513,1979,2,18,São Paulo,Brazil,Brazilian Grand Prix,\N,\N,04/02/1979,\N,1979 R2 - Brazilian Grand Prix,0,0,1
514,1979,3,30,Midrand,South Africa,South African Grand Prix,\N,\N,03/03/1979,\N,1979 R3 - South African Grand Prix,0,0,1
515,1979,4,43,California,USA,United States Grand Prix West,\N,\N,08/04/1979,\N,1979 R4 - United States Grand Prix West,0,0,1
516,1979,5,45,Madrid,Spain,Spanish Grand Prix,\N,\N,29/04/1979,\N,1979 R5 - Spanish Grand Prix,0,0,1
517,1979,6,40,Heusden-Zolder,Belgium,Belgian Grand Prix,\N,\N,13/05/1979,\N,1979 R6 - Belgian Grand Prix,0,0,1
518,1979,7,6,Monte-Carlo,Monaco,Monaco Grand Prix,\N,\N,27/05/1979,\N,1979 R7 - Monaco Grand Prix,0,0,1
519,1979,8,41,Dijon,France,French Grand Prix,\N,\N,01/07/1979,\N,1979 R8 - French Grand Prix,0,0,1
520,1979,9,9,Silverstone,UK,British Grand Prix,\N,\N,14/07/1979,\N,1979 R9 - British Grand Prix,0,0,1
521,1979,10,10,Hockenheim,Germany,German Grand Prix,\N,\N,29/07/1979,\N,1979 R10 - German Grand Prix,0,0,1
522,1979,11,70,Spielberg,Austria,Austrian Grand Prix,\N,\N,12/08/1979,\N,1979 R11 - Austrian Grand Prix,0,0,1
523,1979,12,39,Zandvoort,Netherlands,Dutch Grand Prix,\N,\N,26/08/1979,\N,1979 R12 - Dutch Grand Prix,0,0,1
524,1979,13,14,Monza,Italy,Italian Grand Prix,\N,\N,09/09/1979,\N,1979 R13 - Italian Grand Prix,0,0,1
525,1979,14,7,Montreal,Canada,Canadian Grand Prix,\N,\N,30/09/1979,\N,1979 R14 - Canadian Grand Prix,0,0,1
526,1979,15,46,New York State,USA,United States Grand Prix,\N,\N,07/10/1979,\N,1979 R15 - United States Grand Prix,0,0,1
527,1978,1,25,Buenos Aires,Argentina,Argentine Grand Prix,\N,\N,15/01/1978,\N,1978 R1 - Argentine Grand Prix,0,0,1
528,1978,2,36,Rio de Janeiro,Brazil,Brazilian Grand Prix,\N,\N,29/01/1978,\N,1978 R2 - Brazilian Grand Prix,0,0,1
529,1978,3,30,Midrand,South Africa,South African Grand Prix,\N,\N,04/03/1978,\N,1978 R3 - South African Grand Prix,0,0,1
530,1978,4,43,California,USA,United States Grand Prix West,\N,\N,02/04/1978,\N,1978 R4 - United States Grand Prix West,0,0,1
531,1978,5,6,Monte-Carlo,Monaco,Monaco Grand Prix,\N,\N,07/05/1978,\N,1978 R5 - Monaco Grand Prix,0,0,1
532,1978,6,40,Heusden-Zolder,Belgium,Belgian Grand Prix,\N,\N,21/05/1978,\N,1978 R6 - Belgian Grand Prix,0,0,1
533,1978,7,45,Madrid,Spain,Spanish Grand Prix,\N,\N,04/06/1978,\N,1978 R7 - Spanish Grand Prix,0,0,1
534,1978,8,47,Anderstorp,Sweden,Swedish Grand Prix,\N,\N,17/06/1978,\N,1978 R8 - Swedish Grand Prix,0,0,1
535,1978,9,34,Le Castellet,France,French Grand Prix,\N,\N,02/07/1978,\N,1978 R9 - French Grand Prix,0,0,1
536,1978,10,38,Kent,UK,British Grand Prix,\N,\N,16/07/1978,\N,1978 R10 - British Grand Prix,0,0,1
537,1978,11,10,Hockenheim,Germany,German Grand Prix,\N,\N,30/07/1978,\N,1978 R11 - German Grand Prix,0,0,1
538,1978,12,70,Spielberg,Austria,Austrian Grand Prix,\N,\N,13/08/1978,\N,1978 R12 - Austrian Grand Prix,0,0,1
539,1978,13,39,Zandvoort,Netherlands,Dutch Grand Prix,\N,\N,27/08/1978,\N,1978 R13 - Dutch Grand Prix,0,0,1
540,1978,14,14,Monza,Italy,Italian Grand Prix,\N,\N,10/09/1978,\N,1978 R14 - Italian Grand Prix,0,0,1
541,1978,15,46,New York State,USA,United States Grand Prix,\N,\N,01/10/1978,\N,1978 R15 - United States Grand Prix,0,0,1
542,1978,16,7,Montreal,Canada,Canadian Grand Prix,\N,\N,08/10/1978,\N,1978 R16 - Canadian Grand Prix,0,0,1
543,1977,1,25,Buenos Aires,Argentina,Argentine Grand Prix,\N,\N,09/01/1977,\N,1977 R1 - Argentine Grand Prix,0,0,1
544,1977,2,18,São Paulo,Brazil,Brazilian Grand Prix,\N,\N,23/01/1977,\N,1977 R2 - Brazilian Grand Prix,0,0,1
545,1977,3,30,Midrand,South Africa,South African Grand Prix,\N,\N,05/03/1977,\N,1977 R3 - South African Grand Prix,0,0,1
546,1977,4,43,California,USA,United States Grand Prix West,\N,\N,03/04/1977,\N,1977 R4 - United States Grand Prix West,0,0,1
547,1977,5,45,Madrid,Spain,Spanish Grand Prix,\N,\N,08/05/1977,\N,1977 R5 - Spanish Grand Prix,0,0,1
548,1977,6,6,Monte-Carlo,Monaco,Monaco Grand Prix,\N,\N,22/05/1977,\N,1977 R6 - Monaco Grand Prix,0,0,1
549,1977,7,40,Heusden-Zolder,Belgium,Belgian Grand Prix,\N,\N,05/06/1977,\N,1977 R7 - Belgian Grand Prix,0,0,1
550,1977,8,47,Anderstorp,Sweden,Swedish Grand Prix,\N,\N,19/06/1977,\N,1977 R8 - Swedish Grand Prix,0,0,1
551,1977,9,41,Dijon,France,French Grand Prix,\N,\N,03/07/1977,\N,1977 R9 - French Grand Prix,0,0,1
552,1977,10,9,Silverstone,UK,British Grand Prix,\N,\N,16/07/1977,\N,1977 R10 - British Grand Prix,0,0,1
553,1977,11,10,Hockenheim,Germany,German Grand Prix,\N,\N,31/07/1977,\N,1977 R11 - German Grand Prix,0,0,1
554,1977,12,70,Spielberg,Austria,Austrian Grand Prix,\N,\N,14/08/1977,\N,1977 R12 - Austrian Grand Prix,0,0,1
555,1977,13,39,Zandvoort,Netherlands,Dutch Grand Prix,\N,\N,28/08/1977,\N,1977 R13 - Dutch Grand Prix,0,0,1
556,1977,14,14,Monza,Italy,Italian Grand Prix,\N,\N,11/09/1977,\N,1977 R14 - Italian Grand Prix,0,0,1
557,1977,15,46,New York State,USA,United States Grand Prix,\N,\N,02/10/1977,\N,1977 R15 - United States Grand Prix,0,0,1
558,1977,16,48,Ontario,Canada,Canadian Grand Prix,\N,\N,09/10/1977,\N,1977 R16 - Canadian Grand Prix,0,0,1
559,1977,17,16,Oyama,Japan,Japanese Grand Prix,\N,\N,23/10/1977,\N,1977 R17 - Japanese Grand Prix,0,0,1
560,1976,1,18,São Paulo,Brazil,Brazilian Grand Prix,\N,\N,25/01/1976,\N,1976 R1 - Brazilian Grand Prix,0,0,1
561,1976,2,30,Midrand,South Africa,South African Grand Prix,\N,\N,06/03/1976,\N,1976 R2 - South African Grand Prix,0,0,1
562,1976,3,43,California,USA,United States Grand Prix West,\N,\N,28/03/1976,\N,1976 R3 - United States Grand Prix West,0,0,1
563,1976,4,45,Madrid,Spain,Spanish Grand Prix,\N,\N,02/05/1976,\N,1976 R4 - Spanish Grand Prix,0,0,1
564,1976,5,40,Heusden-Zolder,Belgium,Belgian Grand Prix,\N,\N,16/05/1976,\N,1976 R5 - Belgian Grand Prix,0,0,1
565,1976,6,6,Monte-Carlo,Monaco,Monaco Grand Prix,\N,\N,30/05/1976,\N,1976 R6 - Monaco Grand Prix,0,0,1
566,1976,7,47,Anderstorp,Sweden,Swedish Grand Prix,\N,\N,13/06/1976,\N,1976 R7 - Swedish Grand Prix,0,0,1
567,1976,8,34,Le Castellet,France,French Grand Prix,\N,\N,04/07/1976,\N,1976 R8 - French Grand Prix,0,0,1
568,1976,9,38,Kent,UK,British Grand Prix,\N,\N,18/07/1976,\N,1976 R9 - British Grand Prix,0,0,1
569,1976,10,20,Nürburg,Germany,German Grand Prix,\N,\N,01/08/1976,\N,1976 R10 - German Grand Prix,0,0,1
570,1976,11,70,Spielberg,Austria,Austrian Grand Prix,\N,\N,15/08/1976,\N,1976 R11 - Austrian Grand Prix,0,0,1
571,1976,12,39,Zandvoort,Netherlands,Dutch Grand Prix,\N,\N,29/08/1976,\N,1976 R12 - Dutch Grand Prix,0,0,1
572,1976,13,14,Monza,Italy,Italian Grand Prix,\N,\N,12/09/1976,\N,1976 R13 - Italian Grand Prix,0,0,1
573,1976,14,48,Ontario,Canada,Canadian Grand Prix,\N,\N,03/10/1976,\N,1976 R14 - Canadian Grand Prix,0,0,1
574,1976,15,46,New York State,USA,United States Grand Prix,\N,\N,10/10/1976,\N,1976 R15 - United States Grand Prix,0,0,1
575,1976,16,16,Oyama,Japan,Japanese Grand Prix,\N,\N,24/10/1976,\N,1976 R16 - Japanese Grand Prix,0,0,1
576,1975,1,25,Buenos Aires,Argentina,Argentine Grand Prix,\N,\N,12/01/1975,\N,1975 R1 - Argentine Grand Prix,0,0,1
577,1975,2,18,São Paulo,Brazil,Brazilian Grand Prix,\N,\N,26/01/1975,\N,1975 R2 - Brazilian Grand Prix,0,0,1
578,1975,3,30,Midrand,South Africa,South African Grand Prix,\N,\N,01/03/1975,\N,1975 R3 - South African Grand Prix,0,0,1
579,1975,4,49,Barcelona,Spain,Spanish Grand Prix,\N,\N,27/04/1975,\N,1975 R4 - Spanish Grand Prix,0,0,1
580,1975,5,6,Monte-Carlo,Monaco,Monaco Grand Prix,\N,\N,11/05/1975,\N,1975 R5 - Monaco Grand Prix,0,0,1
581,1975,6,40,Heusden-Zolder,Belgium,Belgian Grand Prix,\N,\N,25/05/1975,\N,1975 R6 - Belgian Grand Prix,0,0,1
582,1975,7,47,Anderstorp,Sweden,Swedish Grand Prix,\N,\N,08/06/1975,\N,1975 R7 - Swedish Grand Prix,0,0,1
583,1975,8,39,Zandvoort,Netherlands,Dutch Grand Prix,\N,\N,22/06/1975,\N,1975 R8 - Dutch Grand Prix,0,0,1
584,1975,9,34,Le Castellet,France,French Grand Prix,\N,\N,06/07/1975,\N,1975 R9 - French Grand Prix,0,0,1
585,1975,10,9,Silverstone,UK,British Grand Prix,\N,\N,19/07/1975,\N,1975 R10 - British Grand Prix,0,0,1
586,1975,11,20,Nürburg,Germany,German Grand Prix,\N,\N,03/08/1975,\N,1975 R11 - German Grand Prix,0,0,1
587,1975,12,70,Spielberg,Austria,Austrian Grand Prix,\N,\N,17/08/1975,\N,1975 R12 - Austrian Grand Prix,0,0,1
588,1975,13,14,Monza,Italy,Italian Grand Prix,\N,\N,07/09/1975,\N,1975 R13 - Italian Grand Prix,0,0,1
589,1975,14,46,New York State,USA,United States Grand Prix,\N,\N,05/10/1975,\N,1975 R14 - United States Grand Prix,0,0,1
590,1974,1,25,Buenos Aires,Argentina,Argentine Grand Prix,\N,\N,13/01/1974,\N,1974 R1 - Argentine Grand Prix,0,0,1
591,1974,2,18,São Paulo,Brazil,Brazilian Grand Prix,\N,\N,27/01/1974,\N,1974 R2 - Brazilian Grand Prix,0,0,1
592,1974,3,30,Midrand,South Africa,South African Grand Prix,\N,\N,30/03/1974,\N,1974 R3 - South African Grand Prix,0,0,1
593,1974,4,45,Madrid,Spain,Spanish Grand Prix,\N,\N,28/04/1974,\N,1974 R4 - Spanish Grand Prix,0,0,1
594,1974,5,50,Brussels,Belgium,Belgian Grand Prix,\N,\N,12/05/1974,\N,1974 R5 - Belgian Grand Prix,0,0,1
595,1974,6,6,Monte-Carlo,Monaco,Monaco Grand Prix,\N,\N,26/05/1974,\N,1974 R6 - Monaco Grand Prix,0,0,1
596,1974,7,47,Anderstorp,Sweden,Swedish Grand Prix,\N,\N,09/06/1974,\N,1974 R7 - Swedish Grand Prix,0,0,1
597,1974,8,39,Zandvoort,Netherlands,Dutch Grand Prix,\N,\N,23/06/1974,\N,1974 R8 - Dutch Grand Prix,0,0,1
598,1974,9,41,Dijon,France,French Grand Prix,\N,\N,07/07/1974,\N,1974 R9 - French Grand Prix,0,0,1
599,1974,10,38,Kent,UK,British Grand Prix,\N,\N,20/07/1974,\N,1974 R10 - British Grand Prix,0,0,1
600,1974,11,20,Nürburg,Germany,German Grand Prix,\N,\N,04/08/1974,\N,1974 R11 - German Grand Prix,0,0,1
601,1974,12,70,Spielberg,Austria,Austrian Grand Prix,\N,\N,18/08/1974,\N,1974 R12 - Austrian Grand Prix,0,0,1
602,1974,13,14,Monza,Italy,Italian Grand Prix,\N,\N,08/09/1974,\N,1974 R13 - Italian Grand Prix,0,0,1
603,1974,14,48,Ontario,Canada,Canadian Grand Prix,\N,\N,22/09/1974,\N,1974 R14 - Canadian Grand Prix,0,0,1
604,1974,15,46,New York State,USA,United States Grand Prix,\N,\N,06/10/1974,\N,1974 R15 - United States Grand Prix,0,0,1
605,1973,1,25,Buenos Aires,Argentina,Argentine Grand Prix,\N,\N,28/01/1973,\N,1973 R1 - Argentine Grand Prix,0,0,1
606,1973,2,18,São Paulo,Brazil,Brazilian Grand Prix,\N,\N,11/02/1973,\N,1973 R2 - Brazilian Grand Prix,0,0,1
607,1973,3,30,Midrand,South Africa,South African Grand Prix,\N,\N,03/03/1973,\N,1973 R3 - South African Grand Prix,0,0,1
608,1973,4,49,Barcelona,Spain,Spanish Grand Prix,\N,\N,29/04/1973,\N,1973 R4 - Spanish Grand Prix,0,0,1
609,1973,5,40,Heusden-Zolder,Belgium,Belgian Grand Prix,\N,\N,20/05/1973,\N,1973 R5 - Belgian Grand Prix,0,0,1
610,1973,6,6,Monte-Carlo,Monaco,Monaco Grand Prix,\N,\N,03/06/1973,\N,1973 R6 - Monaco Grand Prix,0,0,1
611,1973,7,47,Anderstorp,Sweden,Swedish Grand Prix,\N,\N,17/06/1973,\N,1973 R7 - Swedish Grand Prix,0,0,1
612,1973,8,34,Le Castellet,France,French Grand Prix,\N,\N,01/07/1973,\N,1973 R8 - French Grand Prix,0,0,1
613,1973,9,9,Silverstone,UK,British Grand Prix,\N,\N,14/07/1973,\N,1973 R9 - British Grand Prix,0,0,1
614,1973,10,39,Zandvoort,Netherlands,Dutch Grand Prix,\N,\N,29/07/1973,\N,1973 R10 - Dutch Grand Prix,0,0,1
615,1973,11,20,Nürburg,Germany,German Grand Prix,\N,\N,05/08/1973,\N,1973 R11 - German Grand Prix,0,0,1
616,1973,12,70,Spielberg,Austria,Austrian Grand Prix,\N,\N,19/08/1973,\N,1973 R12 - Austrian Grand Prix,0,0,1
617,1973,13,14,Monza,Italy,Italian Grand Prix,\N,\N,09/09/1973,\N,1973 R13 - Italian Grand Prix,0,0,1
618,1973,14,48,Ontario,Canada,Canadian Grand Prix,\N,\N,23/09/1973,\N,1973 R14 - Canadian Grand Prix,0,0,1
619,1973,15,46,New York State,USA,United States Grand Prix,\N,\N,07/10/1973,\N,1973 R15 - United States Grand Prix,0,0,1
620,1972,1,25,Buenos Aires,Argentina,Argentine Grand Prix,\N,\N,23/01/1972,\N,1972 R1 - Argentine Grand Prix,0,0,1
621,1972,2,30,Midrand,South Africa,South African Grand Prix,\N,\N,04/03/1972,\N,1972 R2 - South African Grand Prix,0,0,1
622,1972,3,45,Madrid,Spain,Spanish Grand Prix,\N,\N,01/05/1972,\N,1972 R3 - Spanish Grand Prix,0,0,1
623,1972,4,6,Monte-Carlo,Monaco,Monaco Grand Prix,\N,\N,14/05/1972,\N,1972 R4 - Monaco Grand Prix,0,0,1
624,1972,5,50,Brussels,Belgium,Belgian Grand Prix,\N,\N,04/06/1972,\N,1972 R5 - Belgian Grand Prix,0,0,1
625,1972,6,51,Clermont-Ferrand,France,French Grand Prix,\N,\N,02/07/1972,\N,1972 R6 - French Grand Prix,0,0,1
626,1972,7,38,Kent,UK,British Grand Prix,\N,\N,15/07/1972,\N,1972 R7 - British Grand Prix,0,0,1
627,1972,8,20,Nürburg,Germany,German Grand Prix,\N,\N,30/07/1972,\N,1972 R8 - German Grand Prix,0,0,1
628,1972,9,70,Spielberg,Austria,Austrian Grand Prix,\N,\N,13/08/1972,\N,1972 R9 - Austrian Grand Prix,0,0,1
629,1972,10,14,Monza,Italy,Italian Grand Prix,\N,\N,10/09/1972,\N,1972 R10 - Italian Grand Prix,0,0,1
630,1972,11,48,Ontario,Canada,Canadian Grand Prix,\N,\N,24/09/1972,\N,1972 R11 - Canadian Grand Prix,0,0,1
631,1972,12,46,New York State,USA,United States Grand Prix,\N,\N,08/10/1972,\N,1972 R12 - United States Grand Prix,0,0,1
632,1971,1,30,Midrand,South Africa,South African Grand Prix,\N,\N,06/03/1971,\N,1971 R1 - South African Grand Prix,0,0,1
633,1971,2,49,Barcelona,Spain,Spanish Grand Prix,\N,\N,18/04/1971,\N,1971 R2 - Spanish Grand Prix,0,0,1
634,1971,3,6,Monte-Carlo,Monaco,Monaco Grand Prix,\N,\N,23/05/1971,\N,1971 R3 - Monaco Grand Prix,0,0,1
635,1971,4,39,Zandvoort,Netherlands,Dutch Grand Prix,\N,\N,20/06/1971,\N,1971 R4 - Dutch Grand Prix,0,0,1
636,1971,5,34,Le Castellet,France,French Grand Prix,\N,\N,04/07/1971,\N,1971 R5 - French Grand Prix,0,0,1
637,1971,6,9,Silverstone,UK,British Grand Prix,\N,\N,17/07/1971,\N,1971 R6 - British Grand Prix,0,0,1
638,1971,7,20,Nürburg,Germany,German Grand Prix,\N,\N,01/08/1971,\N,1971 R7 - German Grand Prix,0,0,1
639,1971,8,70,Spielberg,Austria,Austrian Grand Prix,\N,\N,15/08/1971,\N,1971 R8 - Austrian Grand Prix,0,0,1
640,1971,9,14,Monza,Italy,Italian Grand Prix,\N,\N,05/09/1971,\N,1971 R9 - Italian Grand Prix,0,0,1
641,1971,10,48,Ontario,Canada,Canadian Grand Prix,\N,\N,19/09/1971,\N,1971 R10 - Canadian Grand Prix,0,0,1
642,1971,11,46,New York State,USA,United States Grand Prix,\N,\N,03/10/1971,\N,1971 R11 - United States Grand Prix,0,0,1
643,1970,1,30,Midrand,South Africa,South African Grand Prix,\N,\N,07/03/1970,\N,1970 R1 - South African Grand Prix,0,0,1
644,1970,2,45,Madrid,Spain,Spanish Grand Prix,\N,\N,19/04/1970,\N,1970 R2 - Spanish Grand Prix,0,0,1
645,1970,3,6,Monte-Carlo,Monaco,Monaco Grand Prix,\N,\N,10/05/1970,\N,1970 R3 - Monaco Grand Prix,0,0,1
646,1970,4,13,Spa,Belgium,Belgian Grand Prix,\N,\N,07/06/1970,\N,1970 R4 - Belgian Grand Prix,0,0,1
647,1970,5,39,Zandvoort,Netherlands,Dutch Grand Prix,\N,\N,21/06/1970,\N,1970 R5 - Dutch Grand Prix,0,0,1
648,1970,6,51,Clermont-Ferrand,France,French Grand Prix,\N,\N,05/07/1970,\N,1970 R6 - French Grand Prix,0,0,1
649,1970,7,38,Kent,UK,British Grand Prix,\N,\N,18/07/1970,\N,1970 R7 - British Grand Prix,0,0,1
650,1970,8,10,Hockenheim,Germany,German Grand Prix,\N,\N,02/08/1970,\N,1970 R8 - German Grand Prix,0,0,1
651,1970,9,70,Spielberg,Austria,Austrian Grand Prix,\N,\N,16/08/1970,\N,1970 R9 - Austrian Grand Prix,0,0,1
652,1970,10,14,Monza,Italy,Italian Grand Prix,\N,\N,06/09/1970,\N,1970 R10 - Italian Grand Prix,0,0,1
653,1970,11,52,Quebec,Canada,Canadian Grand Prix,\N,\N,20/09/1970,\N,1970 R11 - Canadian Grand Prix,0,0,1
654,1970,12,46,New York State,USA,United States Grand Prix,\N,\N,04/10/1970,\N,1970 R12 - United States Grand Prix,0,0,1
655,1970,13,32,Mexico City,Mexico,Mexican Grand Prix,\N,\N,25/10/1970,\N,1970 R13 - Mexican Grand Prix,0,0,1
656,1969,1,30,Midrand,South Africa,South African Grand Prix,\N,\N,01/03/1969,\N,1969 R1 - South African Grand Prix,0,0,1
657,1969,2,49,Barcelona,Spain,Spanish Grand Prix,\N,\N,04/05/1969,\N,1969 R2 - Spanish Grand Prix,0,0,1
658,1969,3,6,Monte-Carlo,Monaco,Monaco Grand Prix,\N,\N,18/05/1969,\N,1969 R3 - Monaco Grand Prix,0,0,1
659,1969,4,39,Zandvoort,Netherlands,Dutch Grand Prix,\N,\N,21/06/1969,\N,1969 R4 - Dutch Grand Prix,0,0,1
660,1969,5,51,Clermont-Ferrand,France,French Grand Prix,\N,\N,06/07/1969,\N,1969 R5 - French Grand Prix,0,0,1
661,1969,6,9,Silverstone,UK,British Grand Prix,\N,\N,19/07/1969,\N,1969 R6 - British Grand Prix,0,0,1
662,1969,7,20,Nürburg,Germany,German Grand Prix,\N,\N,03/08/1969,\N,1969 R7 - German Grand Prix,0,0,1
663,1969,8,14,Monza,Italy,Italian Grand Prix,\N,\N,07/09/1969,\N,1969 R8 - Italian Grand Prix,0,0,1
664,1969,9,48,Ontario,Canada,Canadian Grand Prix,\N,\N,20/09/1969,\N,1969 R9 - Canadian Grand Prix,0,0,1
665,1969,10,46,New York State,USA,United States Grand Prix,\N,\N,05/10/1969,\N,1969 R10 - United States Grand Prix,0,0,1
666,1969,11,32,Mexico City,Mexico,Mexican Grand Prix,\N,\N,19/10/1969,\N,1969 R11 - Mexican Grand Prix,0,0,1
667,1968,1,30,Midrand,South Africa,South African Grand Prix,\N,\N,01/01/1968,\N,1968 R1 - South African Grand Prix,0,0,1
668,1968,2,45,Madrid,Spain,Spanish Grand Prix,\N,\N,12/05/1968,\N,1968 R2 - Spanish Grand Prix,0,0,1
669,1968,3,6,Monte-Carlo,Monaco,Monaco Grand Prix,\N,\N,26/05/1968,\N,1968 R3 - Monaco Grand Prix,0,0,1
670,1968,4,13,Spa,Belgium,Belgian Grand Prix,\N,\N,09/06/1968,\N,1968 R4 - Belgian Grand Prix,0,0,1
671,1968,5,39,Zandvoort,Netherlands,Dutch Grand Prix,\N,\N,23/06/1968,\N,1968 R5 - Dutch Grand Prix,0,0,1
672,1968,6,53,Rouen,France,French Grand Prix,\N,\N,07/07/1968,\N,1968 R6 - French Grand Prix,0,0,1
673,1968,7,38,Kent,UK,British Grand Prix,\N,\N,20/07/1968,\N,1968 R7 - British Grand Prix,0,0,1
674,1968,8,20,Nürburg,Germany,German Grand Prix,\N,\N,04/08/1968,\N,1968 R8 - German Grand Prix,0,0,1
675,1968,9,14,Monza,Italy,Italian Grand Prix,\N,\N,08/09/1968,\N,1968 R9 - Italian Grand Prix,0,0,1
676,1968,10,52,Quebec,Canada,Canadian Grand Prix,\N,\N,22/09/1968,\N,1968 R10 - Canadian Grand Prix,0,0,1
677,1968,11,46,New York State,USA,United States Grand Prix,\N,\N,06/10/1968,\N,1968 R11 - United States Grand Prix,0,0,1
678,1968,12,32,Mexico City,Mexico,Mexican Grand Prix,\N,\N,03/11/1968,\N,1968 R12 - Mexican Grand Prix,0,0,1
679,1967,1,30,Midrand,South Africa,South African Grand Prix,\N,\N,02/01/1967,\N,1967 R1 - South African Grand Prix,0,0,1
680,1967,2,6,Monte-Carlo,Monaco,Monaco Grand Prix,\N,\N,07/05/1967,\N,1967 R2 - Monaco Grand Prix,0,0,1
681,1967,3,39,Zandvoort,Netherlands,Dutch Grand Prix,\N,\N,04/06/1967,\N,1967 R3 - Dutch Grand Prix,0,0,1
682,1967,4,13,Spa,Belgium,Belgian Grand Prix,\N,\N,18/06/1967,\N,1967 R4 - Belgian Grand Prix,0,0,1
683,1967,5,54,Le Mans,France,French Grand Prix,\N,\N,02/07/1967,\N,1967 R5 - French Grand Prix,0,0,1
684,1967,6,9,Silverstone,UK,British Grand Prix,\N,\N,15/07/1967,\N,1967 R6 - British Grand Prix,0,0,1
685,1967,7,20,Nürburg,Germany,German Grand Prix,\N,\N,06/08/1967,\N,1967 R7 - German Grand Prix,0,0,1
686,1967,8,48,Ontario,Canada,Canadian Grand Prix,\N,\N,27/08/1967,\N,1967 R8 - Canadian Grand Prix,0,0,1
687,1967,9,14,Monza,Italy,Italian Grand Prix,\N,\N,10/09/1967,\N,1967 R9 - Italian Grand Prix,0,0,1
688,1967,10,46,New York State,USA,United States Grand Prix,\N,\N,01/10/1967,\N,1967 R10 - United States Grand Prix,0,0,1
689,1967,11,32,Mexico City,Mexico,Mexican Grand Prix,\N,\N,22/10/1967,\N,1967 R11 - Mexican Grand Prix,0,0,1
690,1966,1,6,Monte-Carlo,Monaco,Monaco Grand Prix,\N,\N,22/05/1966,\N,1966 R1 - Monaco Grand Prix,0,0,1
691,1966,2,13,Spa,Belgium,Belgian Grand Prix,\N,\N,12/06/1966,\N,1966 R2 - Belgian Grand Prix,0,0,1
692,1966,3,55,Reims,France,French Grand Prix,\N,\N,03/07/1966,\N,1966 R3 - French Grand Prix,0,0,1
693,1966,4,38,Kent,UK,British Grand Prix,\N,\N,16/07/1966,\N,1966 R4 - British Grand Prix,0,0,1
694,1966,5,39,Zandvoort,Netherlands,Dutch Grand Prix,\N,\N,24/07/1966,\N,1966 R5 - Dutch Grand Prix,0,0,1
695,1966,6,20,Nürburg,Germany,German Grand Prix,\N,\N,07/08/1966,\N,1966 R6 - German Grand Prix,0,0,1
696,1966,7,14,Monza,Italy,Italian Grand Prix,\N,\N,04/09/1966,\N,1966 R7 - Italian Grand Prix,0,0,1
697,1966,8,46,New York State,USA,United States Grand Prix,\N,\N,02/10/1966,\N,1966 R8 - United States Grand Prix,0,0,1
698,1966,9,32,Mexico City,Mexico,Mexican Grand Prix,\N,\N,23/10/1966,\N,1966 R9 - Mexican Grand Prix,0,0,1
699,1965,1,56,Eastern Cape Province,South Africa,South African Grand Prix,\N,\N,01/01/1965,\N,1965 R1 - South African Grand Prix,0,0,1
700,1965,2,6,Monte-Carlo,Monaco,Monaco Grand Prix,\N,\N,30/05/1965,\N,1965 R2 - Monaco Grand Prix,0,0,1
701,1965,3,13,Spa,Belgium,Belgian Grand Prix,\N,\N,13/06/1965,\N,1965 R3 - Belgian Grand Prix,0,0,1
702,1965,4,51,Clermont-Ferrand,France,French Grand Prix,\N,\N,27/06/1965,\N,1965 R4 - French Grand Prix,0,0,1
703,1965,5,9,Silverstone,UK,British Grand Prix,\N,\N,10/07/1965,\N,1965 R5 - British Grand Prix,0,0,1
704,1965,6,39,Zandvoort,Netherlands,Dutch Grand Prix,\N,\N,18/07/1965,\N,1965 R6 - Dutch Grand Prix,0,0,1
705,1965,7,20,Nürburg,Germany,German Grand Prix,\N,\N,01/08/1965,\N,1965 R7 - German Grand Prix,0,0,1
706,1965,8,14,Monza,Italy,Italian Grand Prix,\N,\N,12/09/1965,\N,1965 R8 - Italian Grand Prix,0,0,1
707,1965,9,46,New York State,USA,United States Grand Prix,\N,\N,03/10/1965,\N,1965 R9 - United States Grand Prix,0,0,1
708,1965,10,32,Mexico City,Mexico,Mexican Grand Prix,\N,\N,24/10/1965,\N,1965 R10 - Mexican Grand Prix,0,0,1
709,1964,1,6,Monte-Carlo,Monaco,Monaco Grand Prix,\N,\N,10/05/1964,\N,1964 R1 - Monaco Grand Prix,0,0,1
710,1964,2,39,Zandvoort,Netherlands,Dutch Grand Prix,\N,\N,24/05/1964,\N,1964 R2 - Dutch Grand Prix,0,0,1
711,1964,3,13,Spa,Belgium,Belgian Grand Prix,\N,\N,14/06/1964,\N,1964 R3 - Belgian Grand Prix,0,0,1
712,1964,4,53,Rouen,France,French Grand Prix,\N,\N,28/06/1964,\N,1964 R4 - French Grand Prix,0,0,1
713,1964,5,38,Kent,UK,British Grand Prix,\N,\N,11/07/1964,\N,1964 R5 - British Grand Prix,0,0,1
714,1964,6,20,Nürburg,Germany,German Grand Prix,\N,\N,02/08/1964,\N,1964 R6 - German Grand Prix,0,0,1
715,1964,7,57,Styria,Austria,Austrian Grand Prix,\N,\N,23/08/1964,\N,1964 R7 - Austrian Grand Prix,0,0,1
716,1964,8,14,Monza,Italy,Italian Grand Prix,\N,\N,06/09/1964,\N,1964 R8 - Italian Grand Prix,0,0,1
717,1964,9,46,New York State,USA,United States Grand Prix,\N,\N,04/10/1964,\N,1964 R9 - United States Grand Prix,0,0,1
718,1964,10,32,Mexico City,Mexico,Mexican Grand Prix,\N,\N,25/10/1964,\N,1964 R10 - Mexican Grand Prix,0,0,1
719,1963,1,6,Monte-Carlo,Monaco,Monaco Grand Prix,\N,\N,26/05/1963,\N,1963 R1 - Monaco Grand Prix,0,0,1
720,1963,2,13,Spa,Belgium,Belgian Grand Prix,\N,\N,09/06/1963,\N,1963 R2 - Belgian Grand Prix,0,0,1
721,1963,3,39,Zandvoort,Netherlands,Dutch Grand Prix,\N,\N,23/06/1963,\N,1963 R3 - Dutch Grand Prix,0,0,1
722,1963,4,55,Reims,France,French Grand Prix,\N,\N,30/06/1963,\N,1963 R4 - French Grand Prix,0,0,1
723,1963,5,9,Silverstone,UK,British Grand Prix,\N,\N,20/07/1963,\N,1963 R5 - British Grand Prix,0,0,1
724,1963,6,20,Nürburg,Germany,German Grand Prix,\N,\N,04/08/1963,\N,1963 R6 - German Grand Prix,0,0,1
725,1963,7,14,Monza,Italy,Italian Grand Prix,\N,\N,08/09/1963,\N,1963 R7 - Italian Grand Prix,0,0,1
726,1963,8,46,New York State,USA,United States Grand Prix,\N,\N,06/10/1963,\N,1963 R8 - United States Grand Prix,0,0,1
727,1963,9,32,Mexico City,Mexico,Mexican Grand Prix,\N,\N,27/10/1963,\N,1963 R9 - Mexican Grand Prix,0,0,1
728,1963,10,56,Eastern Cape Province,South Africa,South African Grand Prix,\N,\N,28/12/1963,\N,1963 R10 - South African Grand Prix,0,0,1
729,1962,1,39,Zandvoort,Netherlands,Dutch Grand Prix,\N,\N,20/05/1962,\N,1962 R1 - Dutch Grand Prix,0,0,1
730,1962,2,6,Monte-Carlo,Monaco,Monaco Grand Prix,\N,\N,03/06/1962,\N,1962 R2 - Monaco Grand Prix,0,0,1
731,1962,3,13,Spa,Belgium,Belgian Grand Prix,\N,\N,17/06/1962,\N,1962 R3 - Belgian Grand Prix,0,0,1
732,1962,4,53,Rouen,France,French Grand Prix,\N,\N,08/07/1962,\N,1962 R4 - French Grand Prix,0,0,1
733,1962,5,58,Liverpool,UK,British Grand Prix,\N,\N,21/07/1962,\N,1962 R5 - British Grand Prix,0,0,1
734,1962,6,20,Nürburg,Germany,German Grand Prix,\N,\N,05/08/1962,\N,1962 R6 - German Grand Prix,0,0,1
735,1962,7,14,Monza,Italy,Italian Grand Prix,\N,\N,16/09/1962,\N,1962 R7 - Italian Grand Prix,0,0,1
736,1962,8,46,New York State,USA,United States Grand Prix,\N,\N,07/10/1962,\N,1962 R8 - United States Grand Prix,0,0,1
737,1962,9,56,Eastern Cape Province,South Africa,South African Grand Prix,\N,\N,29/12/1962,\N,1962 R9 - South African Grand Prix,0,0,1
738,1961,1,6,Monte-Carlo,Monaco,Monaco Grand Prix,\N,\N,14/05/1961,\N,1961 R1 - Monaco Grand Prix,0,0,1
739,1961,2,39,Zandvoort,Netherlands,Dutch Grand Prix,\N,\N,22/05/1961,\N,1961 R2 - Dutch Grand Prix,0,0,1
740,1961,3,13,Spa,Belgium,Belgian Grand Prix,\N,\N,18/06/1961,\N,1961 R3 - Belgian Grand Prix,0,0,1
741,1961,4,55,Reims,France,French Grand Prix,\N,\N,02/07/1961,\N,1961 R4 - French Grand Prix,0,0,1
742,1961,5,58,Liverpool,UK,British Grand Prix,\N,\N,15/07/1961,\N,1961 R5 - British Grand Prix,0,0,1
743,1961,6,20,Nürburg,Germany,German Grand Prix,\N,\N,06/08/1961,\N,1961 R6 - German Grand Prix,0,0,1
744,1961,7,14,Monza,Italy,Italian Grand Prix,\N,\N,10/09/1961,\N,1961 R7 - Italian Grand Prix,0,0,1
745,1961,8,46,New York State,USA,United States Grand Prix,\N,\N,08/10/1961,\N,1961 R8 - United States Grand Prix,0,0,1
746,1960,1,25,Buenos Aires,Argentina,Argentine Grand Prix,\N,\N,07/02/1960,\N,1960 R1 - Argentine Grand Prix,0,0,1
747,1960,2,6,Monte-Carlo,Monaco,Monaco Grand Prix,\N,\N,29/05/1960,\N,1960 R2 - Monaco Grand Prix,0,0,1
748,1960,3,19,Indianapolis,USA,Indianapolis 500,\N,\N,30/05/1960,\N,1960 R3 - Indianapolis 500,0,0,1
749,1960,4,39,Zandvoort,Netherlands,Dutch Grand Prix,\N,\N,06/06/1960,\N,1960 R4 - Dutch Grand Prix,0,0,1
750,1960,5,13,Spa,Belgium,Belgian Grand Prix,\N,\N,19/06/1960,\N,1960 R5 - Belgian Grand Prix,0,0,1
751,1960,6,55,Reims,France,French Grand Prix,\N,\N,03/07/1960,\N,1960 R6 - French Grand Prix,0,0,1
752,1960,7,9,Silverstone,UK,British Grand Prix,\N,\N,16/07/1960,\N,1960 R7 - British Grand Prix,0,0,1
753,1960,8,59,Oporto,Portugal,Portuguese Grand Prix,\N,\N,14/08/1960,\N,1960 R8 - Portuguese Grand Prix,0,0,1
754,1960,9,14,Monza,Italy,Italian Grand Prix,\N,\N,04/09/1960,\N,1960 R9 - Italian Grand Prix,0,0,1
755,1960,10,60,California,USA,United States Grand Prix,\N,\N,20/11/1960,\N,1960 R10 - United States Grand Prix,0,0,1
756,1959,1,6,Monte-Carlo,Monaco,Monaco Grand Prix,\N,\N,10/05/1959,\N,1959 R1 - Monaco Grand Prix,0,0,1
757,1959,2,19,Indianapolis,USA,Indianapolis 500,\N,\N,30/05/1959,\N,1959 R2 - Indianapolis 500,0,0,1
758,1959,3,39,Zandvoort,Netherlands,Dutch Grand Prix,\N,\N,31/05/1959,\N,1959 R3 - Dutch Grand Prix,0,0,1
759,1959,4,55,Reims,France,French Grand Prix,\N,\N,05/07/1959,\N,1959 R4 - French Grand Prix,0,0,1
760,1959,5,58,Liverpool,UK,British Grand Prix,\N,\N,18/07/1959,\N,1959 R5 - British Grand Prix,0,0,1
761,1959,6,61,Berlin,Germany,German Grand Prix,\N,\N,02/08/1959,\N,1959 R6 - German Grand Prix,0,0,1
762,1959,7,62,Lisbon,Portugal,Portuguese Grand Prix,\N,\N,23/08/1959,\N,1959 R7 - Portuguese Grand Prix,0,0,1
763,1959,8,14,Monza,Italy,Italian Grand Prix,\N,\N,13/09/1959,\N,1959 R8 - Italian Grand Prix,0,0,1
764,1959,9,63,Florida,USA,United States Grand Prix,\N,\N,12/12/1959,\N,1959 R9 - United States Grand Prix,0,0,1
765,1958,1,25,Buenos Aires,Argentina,Argentine Grand Prix,\N,\N,19/01/1958,\N,1958 R1 - Argentine Grand Prix,0,0,1
766,1958,2,6,Monte-Carlo,Monaco,Monaco Grand Prix,\N,\N,18/05/1958,\N,1958 R2 - Monaco Grand Prix,0,0,1
767,1958,3,39,Zandvoort,Netherlands,Dutch Grand Prix,\N,\N,26/05/1958,\N,1958 R3 - Dutch Grand Prix,0,0,1
768,1958,4,19,Indianapolis,USA,Indianapolis 500,\N,\N,30/05/1958,\N,1958 R4 - Indianapolis 500,0,0,1
769,1958,5,13,Spa,Belgium,Belgian Grand Prix,\N,\N,15/06/1958,\N,1958 R5 - Belgian Grand Prix,0,0,1
770,1958,6,55,Reims,France,French Grand Prix,\N,\N,06/07/1958,\N,1958 R6 - French Grand Prix,0,0,1
771,1958,7,9,Silverstone,UK,British Grand Prix,\N,\N,19/07/1958,\N,1958 R7 - British Grand Prix,0,0,1
772,1958,8,20,Nürburg,Germany,German Grand Prix,\N,\N,03/08/1958,\N,1958 R8 - German Grand Prix,0,0,1
773,1958,9,59,Oporto,Portugal,Portuguese Grand Prix,\N,\N,24/08/1958,\N,1958 R9 - Portuguese Grand Prix,0,0,1
774,1958,10,14,Monza,Italy,Italian Grand Prix,\N,\N,07/09/1958,\N,1958 R10 - Italian Grand Prix,0,0,1
775,1958,11,64,Casablanca,Morocco,Moroccan Grand Prix,\N,\N,19/10/1958,\N,1958 R11 - Moroccan Grand Prix,0,0,1
776,1957,1,25,Buenos Aires,Argentina,Argentine Grand Prix,\N,\N,13/01/1957,\N,1957 R1 - Argentine Grand Prix,0,0,1
777,1957,2,6,Monte-Carlo,Monaco,Monaco Grand Prix,\N,\N,19/05/1957,\N,1957 R2 - Monaco Grand Prix,0,0,1
778,1957,3,19,Indianapolis,USA,Indianapolis 500,\N,\N,30/05/1957,\N,1957 R3 - Indianapolis 500,0,0,1
779,1957,4,53,Rouen,France,French Grand Prix,\N,\N,07/07/1957,\N,1957 R4 - French Grand Prix,0,0,1
780,1957,5,58,Liverpool,UK,British Grand Prix,\N,\N,20/07/1957,\N,1957 R5 - British Grand Prix,0,0,1
781,1957,6,20,Nürburg,Germany,German Grand Prix,\N,\N,04/08/1957,\N,1957 R6 - German Grand Prix,0,0,1
782,1957,7,65,Pescara,Italy,Pescara Grand Prix,\N,\N,18/08/1957,\N,1957 R7 - Pescara Grand Prix,0,0,1
783,1957,8,14,Monza,Italy,Italian Grand Prix,\N,\N,08/09/1957,\N,1957 R8 - Italian Grand Prix,0,0,1
784,1956,1,25,Buenos Aires,Argentina,Argentine Grand Prix,\N,\N,22/01/1956,\N,1956 R1 - Argentine Grand Prix,0,0,1
785,1956,2,6,Monte-Carlo,Monaco,Monaco Grand Prix,\N,\N,13/05/1956,\N,1956 R2 - Monaco Grand Prix,0,0,1
786,1956,3,19,Indianapolis,USA,Indianapolis 500,\N,\N,30/05/1956,\N,1956 R3 - Indianapolis 500,0,0,1
787,1956,4,13,Spa,Belgium,Belgian Grand Prix,\N,\N,03/06/1956,\N,1956 R4 - Belgian Grand Prix,0,0,1
788,1956,5,55,Reims,France,French Grand Prix,\N,\N,01/07/1956,\N,1956 R5 - French Grand Prix,0,0,1
789,1956,6,9,Silverstone,UK,British Grand Prix,\N,\N,14/07/1956,\N,1956 R6 - British Grand Prix,0,0,1
790,1956,7,20,Nürburg,Germany,German Grand Prix,\N,\N,05/08/1956,\N,1956 R7 - German Grand Prix,0,0,1
791,1956,8,14,Monza,Italy,Italian Grand Prix,\N,\N,02/09/1956,\N,1956 R8 - Italian Grand Prix,0,0,1
792,1955,1,25,Buenos Aires,Argentina,Argentine Grand Prix,\N,\N,16/01/1955,\N,1955 R1 - Argentine Grand Prix,0,0,1
793,1955,2,6,Monte-Carlo,Monaco,Monaco Grand Prix,\N,\N,22/05/1955,\N,1955 R2 - Monaco Grand Prix,0,0,1
794,1955,3,19,Indianapolis,USA,Indianapolis 500,\N,\N,30/05/1955,\N,1955 R3 - Indianapolis 500,0,0,1
795,1955,4,13,Spa,Belgium,Belgian Grand Prix,\N,\N,05/06/1955,\N,1955 R4 - Belgian Grand Prix,0,0,1
796,1955,5,39,Zandvoort,Netherlands,Dutch Grand Prix,\N,\N,19/06/1955,\N,1955 R5 - Dutch Grand Prix,0,0,1
797,1955,6,58,Liverpool,UK,British Grand Prix,\N,\N,16/07/1955,\N,1955 R6 - British Grand Prix,0,0,1
798,1955,7,14,Monza,Italy,Italian Grand Prix,\N,\N,11/09/1955,\N,1955 R7 - Italian Grand Prix,0,0,1
799,1954,1,25,Buenos Aires,Argentina,Argentine Grand Prix,\N,\N,17/01/1954,\N,1954 R1 - Argentine Grand Prix,0,0,1
800,1954,2,19,Indianapolis,USA,Indianapolis 500,\N,\N,31/05/1954,\N,1954 R2 - Indianapolis 500,0,0,1
801,1954,3,13,Spa,Belgium,Belgian Grand Prix,\N,\N,20/06/1954,\N,1954 R3 - Belgian Grand Prix,0,0,1
802,1954,4,55,Reims,France,French Grand Prix,\N,\N,04/07/1954,\N,1954 R4 - French Grand Prix,0,0,1
803,1954,5,9,Silverstone,UK,British Grand Prix,\N,\N,17/07/1954,\N,1954 R5 - British Grand Prix,0,0,1
804,1954,6,20,Nürburg,Germany,German Grand Prix,\N,\N,01/08/1954,\N,1954 R6 - German Grand Prix,0,0,1
805,1954,7,66,Bern,Switzerland,Swiss Grand Prix,\N,\N,22/08/1954,\N,1954 R7 - Swiss Grand Prix,0,0,1
806,1954,8,14,Monza,Italy,Italian Grand Prix,\N,\N,05/09/1954,\N,1954 R8 - Italian Grand Prix,0,0,1
807,1954,9,67,Barcelona,Spain,Spanish Grand Prix,\N,\N,24/10/1954,\N,1954 R9 - Spanish Grand Prix,0,0,1
808,1953,1,25,Buenos Aires,Argentina,Argentine Grand Prix,\N,\N,18/01/1953,\N,1953 R1 - Argentine Grand Prix,0,0,1
809,1953,2,19,Indianapolis,USA,Indianapolis 500,\N,\N,30/05/1953,\N,1953 R2 - Indianapolis 500,0,0,1
810,1953,3,39,Zandvoort,Netherlands,Dutch Grand Prix,\N,\N,07/06/1953,\N,1953 R3 - Dutch Grand Prix,0,0,1
811,1953,4,13,Spa,Belgium,Belgian Grand Prix,\N,\N,21/06/1953,\N,1953 R4 - Belgian Grand Prix,0,0,1
812,1953,5,55,Reims,France,French Grand Prix,\N,\N,05/07/1953,\N,1953 R5 - French Grand Prix,0,0,1
813,1953,6,9,Silverstone,UK,British Grand Prix,\N,\N,18/07/1953,\N,1953 R6 - British Grand Prix,0,0,1
814,1953,7,20,Nürburg,Germany,German Grand Prix,\N,\N,02/08/1953,\N,1953 R7 - German Grand Prix,0,0,1
815,1953,8,66,Bern,Switzerland,Swiss Grand Prix,\N,\N,23/08/1953,\N,1953 R8 - Swiss Grand Prix,0,0,1
816,1953,9,14,Monza,Italy,Italian Grand Prix,\N,\N,13/09/1953,\N,1953 R9 - Italian Grand Prix,0,0,1
817,1952,1,66,Bern,Switzerland,Swiss Grand Prix,\N,\N,18/05/1952,\N,1952 R1 - Swiss Grand Prix,0,0,1
818,1952,2,19,Indianapolis,USA,Indianapolis 500,\N,\N,30/05/1952,\N,1952 R2 - Indianapolis 500,0,0,1
819,1952,3,13,Spa,Belgium,Belgian Grand Prix,\N,\N,22/06/1952,\N,1952 R3 - Belgian Grand Prix,0,0,1
820,1952,4,53,Rouen,France,French Grand Prix,\N,\N,06/07/1952,\N,1952 R4 - French Grand Prix,0,0,1
821,1952,5,9,Silverstone,UK,British Grand Prix,\N,\N,19/07/1952,\N,1952 R5 - British Grand Prix,0,0,1
822,1952,6,20,Nürburg,Germany,German Grand Prix,\N,\N,03/08/1952,\N,1952 R6 - German Grand Prix,0,0,1
823,1952,7,39,Zandvoort,Netherlands,Dutch Grand Prix,\N,\N,17/08/1952,\N,1952 R7 - Dutch Grand Prix,0,0,1
824,1952,8,14,Monza,Italy,Italian Grand Prix,\N,\N,07/09/1952,\N,1952 R8 - Italian Grand Prix,0,0,1
825,1951,1,66,Bern,Switzerland,Swiss Grand Prix,\N,\N,27/05/1951,\N,1951 R1 - Swiss Grand Prix,0,0,1
826,1951,2,19,Indianapolis,USA,Indianapolis 500,\N,\N,30/05/1951,\N,1951 R2 - Indianapolis 500,0,0,1
827,1951,3,13,Spa,Belgium,Belgian Grand Prix,\N,\N,17/06/1951,\N,1951 R3 - Belgian Grand Prix,0,0,1
828,1951,4,55,Reims,France,French Grand Prix,\N,\N,01/07/1951,\N,1951 R4 - French Grand Prix,0,0,1
829,1951,5,9,Silverstone,UK,British Grand Prix,\N,\N,14/07/1951,\N,1951 R5 - British Grand Prix,0,0,1
830,1951,6,20,Nürburg,Germany,German Grand Prix,\N,\N,29/07/1951,\N,1951 R6 - German Grand Prix,0,0,1
831,1951,7,14,Monza,Italy,Italian Grand Prix,\N,\N,16/09/1951,\N,1951 R7 - Italian Grand Prix,0,0,1
832,1951,8,67,Barcelona,Spain,Spanish Grand Prix,\N,\N,28/10/1951,\N,1951 R8 - Spanish Grand Prix,0,0,1
833,1950,1,9,Silverstone,UK,British Grand Prix,\N,\N,13/05/1950,\N,1950 R1 - British Grand Prix,0,0,1
834,1950,2,6,Monte-Carlo,Monaco,Monaco Grand Prix,\N,\N,21/05/1950,\N,1950 R2 - Monaco Grand Prix,0,0,1
835,1950,3,19,Indianapolis,USA,Indianapolis 500,\N,\N,30/05/1950,\N,1950 R3 - Indianapolis 500,0,0,1
836,1950,4,66,Bern,Switzerland,Swiss Grand Prix,\N,\N,04/06/1950,\N,1950 R4 - Swiss Grand Prix,0,0,1
837,1950,5,13,Spa,Belgium,Belgian Grand Prix,\N,\N,18/06/1950,\N,1950 R5 - Belgian Grand Prix,0,0,1
838,1950,6,55,Reims,France,French Grand Prix,\N,\N,02/07/1950,\N,1950 R6 - French Grand Prix,0,0,1
839,1950,7,14,Monza,Italy,Italian Grand Prix,\N,\N,03/09/1950,\N,1950 R7 - Italian Grand Prix,0,0,1
841,2011,1,1,Melbourne,Australia,Australian Grand Prix,\N,\N,27/03/2011,06:00:00,2011 R1 - Australian Grand Prix,0,0,1
842,2011,2,2,Kuala Lumpur,Malaysia,Malaysian Grand Prix,\N,\N,10/04/2011,08:00:00,2011 R2 - Malaysian Grand Prix,0,0,1
843,2011,3,17,Shanghai,China,Chinese Grand Prix,\N,\N,17/04/2011,07:00:00,2011 R3 - Chinese Grand Prix,0,0,1
844,2011,4,5,Istanbul,Turkey,Turkish Grand Prix,\N,\N,08/05/2011,12:00:00,2011 R4 - Turkish Grand Prix,0,0,1
845,2011,5,4,Montmeló,Spain,Spanish Grand Prix,\N,\N,22/05/2011,12:00:00,2011 R5 - Spanish Grand Prix,0,0,1
846,2011,6,6,Monte-Carlo,Monaco,Monaco Grand Prix,\N,\N,29/05/2011,12:00:00,2011 R6 - Monaco Grand Prix,0,0,1
847,2011,7,7,Montreal,Canada,Canadian Grand Prix,\N,\N,12/06/2011,17:00:00,2011 R7 - Canadian Grand Prix,0,0,1
848,2011,8,12,Valencia,Spain,European Grand Prix,\N,\N,26/06/2011,12:00:00,2011 R8 - European Grand Prix,0,0,1
849,2011,9,9,Silverstone,UK,British Grand Prix,\N,\N,10/07/2011,12:00:00,2011 R9 - British Grand Prix,0,0,1
850,2011,10,20,Nürburg,Germany,German Grand Prix,\N,\N,24/07/2011,12:00:00,2011 R10 - German Grand Prix,0,0,1
851,2011,11,11,Budapest,Hungary,Hungarian Grand Prix,\N,\N,31/07/2011,12:00:00,2011 R11 - Hungarian Grand Prix,0,0,1
852,2011,12,13,Spa,Belgium,Belgian Grand Prix,\N,\N,28/08/2011,12:00:00,2011 R12 - Belgian Grand Prix,0,0,1
853,2011,13,14,Monza,Italy,Italian Grand Prix,\N,\N,11/09/2011,12:00:00,2011 R13 - Italian Grand Prix,0,0,1
854,2011,14,15,Marina Bay,Singapore,Singapore Grand Prix,\N,\N,25/09/2011,12:00:00,2011 R14 - Singapore Grand Prix,0,0,1
855,2011,15,22,Suzuka,Japan,Japanese Grand Prix,\N,\N,09/10/2011,06:00:00,2011 R15 - Japanese Grand Prix,0,0,1
856,2011,16,35,Yeongam County,Korea,Korean Grand Prix,\N,\N,16/10/2011,06:00:00,2011 R16 - Korean Grand Prix,0,0,1
857,2011,17,68,Uttar Pradesh,India,Indian Grand Prix,\N,\N,30/10/2011,09:30:00,2011 R17 - Indian Grand Prix,0,0,1
858,2011,18,24,Abu Dhabi,UAE,Abu Dhabi Grand Prix,\N,\N,13/11/2011,13:00:00,2011 R18 - Abu Dhabi Grand Prix,0,0,1
859,2011,19,18,São Paulo,Brazil,Brazilian Grand Prix,\N,\N,27/11/2011,16:00:00,2011 R19 - Brazilian Grand Prix,0,0,1
860,2012,1,1,Melbourne,Australia,Australian Grand Prix,\N,\N,18/03/2012,06:00:00,2012 R1 - Australian Grand Prix,0,0,1
861,2012,2,2,Kuala Lumpur,Malaysia,Malaysian Grand Prix,\N,\N,25/03/2012,08:00:00,2012 R2 - Malaysian Grand Prix,0,0,1
862,2012,3,17,Shanghai,China,Chinese Grand Prix,\N,\N,15/04/2012,07:00:00,2012 R3 - Chinese Grand Prix,0,0,1
863,2012,4,3,Sakhir,Bahrain,Bahrain Grand Prix,\N,\N,22/04/2012,12:00:00,2012 R4 - Bahrain Grand Prix,0,0,1
864,2012,5,4,Montmeló,Spain,Spanish Grand Prix,\N,\N,13/05/2012,12:00:00,2012 R5 - Spanish Grand Prix,0,0,1
865,2012,6,6,Monte-Carlo,Monaco,Monaco Grand Prix,\N,\N,27/05/2012,12:00:00,2012 R6 - Monaco Grand Prix,0,0,1
866,2012,7,7,Montreal,Canada,Canadian Grand Prix,\N,\N,10/06/2012,18:00:00,2012 R7 - Canadian Grand Prix,0,0,1
867,2012,8,12,Valencia,Spain,European Grand Prix,\N,\N,24/06/2012,12:00:00,2012 R8 - European Grand Prix,0,0,1
868,2012,9,9,Silverstone,UK,British Grand Prix,\N,\N,08/07/2012,12:00:00,2012 R9 - British Grand Prix,0,0,1
869,2012,10,10,Hockenheim,Germany,German Grand Prix,\N,\N,22/07/2012,12:00:00,2012 R10 - German Grand Prix,0,0,1
870,2012,11,11,Budapest,Hungary,Hungarian Grand Prix,\N,\N,29/07/2012,12:00:00,2012 R11 - Hungarian Grand Prix,0,0,1
871,2012,12,13,Spa,Belgium,Belgian Grand Prix,\N,\N,02/09/2012,12:00:00,2012 R12 - Belgian Grand Prix,0,0,1
872,2012,13,14,Monza,Italy,Italian Grand Prix,\N,\N,09/09/2012,12:00:00,2012 R13 - Italian Grand Prix,0,0,1
873,2012,14,15,Marina Bay,Singapore,Singapore Grand Prix,\N,\N,23/09/2012,12:00:00,2012 R14 - Singapore Grand Prix,0,0,1
874,2012,15,22,Suzuka,Japan,Japanese Grand Prix,\N,\N,07/10/2012,06:00:00,2012 R15 - Japanese Grand Prix,0,0,1
875,2012,16,35,Yeongam County,Korea,Korean Grand Prix,\N,\N,14/10/2012,06:00:00,2012 R16 - Korean Grand Prix,0,0,1
876,2012,17,68,Uttar Pradesh,India,Indian Grand Prix,\N,\N,28/10/2012,09:30:00,2012 R17 - Indian Grand Prix,0,0,1
877,2012,18,24,Abu Dhabi,UAE,Abu Dhabi Grand Prix,\N,\N,04/11/2012,13:00:00,2012 R18 - Abu Dhabi Grand Prix,0,0,1
878,2012,19,69,Austin,USA,United States Grand Prix,\N,\N,18/11/2012,19:00:00,2012 R19 - United States Grand Prix,0,0,1
879,2012,20,18,São Paulo,Brazil,Brazilian Grand Prix,\N,\N,25/11/2012,16:00:00,2012 R20 - Brazilian Grand Prix,0,0,1
880,2013,1,1,Melbourne,Australia,Australian Grand Prix,\N,\N,17/03/2013,06:00:00,2013 R1 - Australian Grand Prix,0,0,1
881,2013,2,2,Kuala Lumpur,Malaysia,Malaysian Grand Prix,\N,\N,24/03/2013,08:00:00,2013 R2 - Malaysian Grand Prix,0,0,1
882,2013,3,17,Shanghai,China,Chinese Grand Prix,\N,\N,14/04/2013,07:00:00,2013 R3 - Chinese Grand Prix,0,0,1
883,2013,4,3,Sakhir,Bahrain,Bahrain Grand Prix,\N,\N,21/04/2013,12:00:00,2013 R4 - Bahrain Grand Prix,0,0,1
884,2013,5,4,Montmeló,Spain,Spanish Grand Prix,\N,\N,12/05/2013,12:00:00,2013 R5 - Spanish Grand Prix,0,0,1
885,2013,6,6,Monte-Carlo,Monaco,Monaco Grand Prix,\N,\N,26/05/2013,12:00:00,2013 R6 - Monaco Grand Prix,0,0,1
886,2013,7,7,Montreal,Canada,Canadian Grand Prix,\N,\N,09/06/2013,18:00:00,2013 R7 - Canadian Grand Prix,0,0,1
887,2013,8,9,Silverstone,UK,British Grand Prix,\N,\N,30/06/2013,12:00:00,2013 R8 - British Grand Prix,0,0,1
888,2013,9,20,Nürburg,Germany,German Grand Prix,\N,\N,07/07/2013,12:00:00,2013 R9 - German Grand Prix,0,0,1
890,2013,10,11,Budapest,Hungary,Hungarian Grand Prix,\N,\N,28/07/2013,12:00:00,2013 R10 - Hungarian Grand Prix,0,0,1
891,2013,11,13,Spa,Belgium,Belgian Grand Prix,\N,\N,25/08/2013,12:00:00,2013 R11 - Belgian Grand Prix,0,0,1
892,2013,12,14,Monza,Italy,Italian Grand Prix,\N,\N,08/09/2013,12:00:00,2013 R12 - Italian Grand Prix,0,0,1
893,2013,13,15,Marina Bay,Singapore,Singapore Grand Prix,\N,\N,22/09/2013,12:00:00,2013 R13 - Singapore Grand Prix,0,0,1
894,2013,14,35,Yeongam County,Korea,Korean Grand Prix,\N,\N,06/10/2013,06:00:00,2013 R14 - Korean Grand Prix,0,0,1
895,2013,15,22,Suzuka,Japan,Japanese Grand Prix,\N,\N,13/10/2013,06:00:00,2013 R15 - Japanese Grand Prix,0,0,1
896,2013,16,68,Uttar Pradesh,India,Indian Grand Prix,\N,\N,27/10/2013,09:30:00,2013 R16 - Indian Grand Prix,0,0,1
897,2013,17,24,Abu Dhabi,UAE,Abu Dhabi Grand Prix,\N,\N,03/11/2013,13:00:00,2013 R17 - Abu Dhabi Grand Prix,0,0,1
898,2013,18,69,Austin,USA,United States Grand Prix,\N,\N,17/11/2013,19:00:00,2013 R18 - United States Grand Prix,0,0,1
899,2013,19,18,São Paulo,Brazil,Brazilian Grand Prix,\N,\N,24/11/2013,16:00:00,2013 R19 - Brazilian Grand Prix,0,0,1
900,2014,1,1,Melbourne,Australia,Australian Grand Prix,\N,\N,16/03/2014,06:00:00,2014 R1 - Australian Grand Prix,0,1,1
901,2014,2,2,Kuala Lumpur,Malaysia,Malaysian Grand Prix,\N,\N,30/03/2014,08:00:00,2014 R2 - Malaysian Grand Prix,0,1,1
902,2014,3,3,Sakhir,Bahrain,Bahrain Grand Prix,\N,\N,06/04/2014,15:00:00,2014 R3 - Bahrain Grand Prix,0,1,1
903,2014,4,17,Shanghai,China,Chinese Grand Prix,\N,\N,20/04/2014,07:00:00,2014 R4 - Chinese Grand Prix,0,1,1
904,2014,5,4,Montmeló,Spain,Spanish Grand Prix,\N,\N,11/05/2014,12:00:00,2014 R5 - Spanish Grand Prix,0,1,1
905,2014,6,6,Monte-Carlo,Monaco,Monaco Grand Prix,\N,\N,25/05/2014,12:00:00,2014 R6 - Monaco Grand Prix,0,1,1
906,2014,7,7,Montreal,Canada,Canadian Grand Prix,\N,\N,08/06/2014,18:00:00,2014 R7 - Canadian Grand Prix,0,1,1
907,2014,8,70,Spielberg,Austria,Austrian Grand Prix,\N,\N,22/06/2014,12:00:00,2014 R8 - Austrian Grand Prix,0,1,1
908,2014,9,9,Silverstone,UK,British Grand Prix,\N,\N,06/07/2014,12:00:00,2014 R9 - British Grand Prix,0,1,1
909,2014,10,10,Hockenheim,Germany,German Grand Prix,\N,\N,20/07/2014,12:00:00,2014 R10 - German Grand Prix,0,1,1
910,2014,11,11,Budapest,Hungary,Hungarian Grand Prix,\N,\N,27/07/2014,12:00:00,2014 R11 - Hungarian Grand Prix,0,1,1
911,2014,12,13,Spa,Belgium,Belgian Grand Prix,\N,\N,24/08/2014,12:00:00,2014 R12 - Belgian Grand Prix,0,1,1
912,2014,13,14,Monza,Italy,Italian Grand Prix,\N,\N,07/09/2014,12:00:00,2014 R13 - Italian Grand Prix,0,1,1
913,2014,14,15,Marina Bay,Singapore,Singapore Grand Prix,\N,\N,21/09/2014,12:00:00,2014 R14 - Singapore Grand Prix,0,1,1
914,2014,15,22,Suzuka,Japan,Japanese Grand Prix,\N,\N,05/10/2014,06:00:00,2014 R15 - Japanese Grand Prix,0,1,1
915,2014,16,71,Sochi,Russia,Russian Grand Prix,\N,\N,12/10/2014,11:00:00,2014 R16 - Russian Grand Prix,0,1,1
916,2014,17,69,Austin,USA,United States Grand Prix,\N,\N,02/11/2014,20:00:00,2014 R17 - United States Grand Prix,0,1,1
917,2014,18,18,São Paulo,Brazil,Brazilian Grand Prix,\N,\N,09/11/2014,16:00:00,2014 R18 - Brazilian Grand Prix,0,1,1
918,2014,19,24,Abu Dhabi,UAE,Abu Dhabi Grand Prix,\N,\N,23/11/2014,13:00:00,2014 R19 - Abu Dhabi Grand Prix,0,1,1
931,2015,6,6,Monte-Carlo,Monaco,Monaco Grand Prix,\N,\N,24/05/2015,12:00:00,2015 R6 - Monaco Grand Prix,0,1,1
932,2015,7,7,Montreal,Canada,Canadian Grand Prix,\N,\N,07/06/2015,18:00:00,2015 R7 - Canadian Grand Prix,0,1,1
929,2015,4,3,Sakhir,Bahrain,Bahrain Grand Prix,\N,\N,19/04/2015,15:00:00,2015 R4 - Bahrain Grand Prix,0,1,1
930,2015,5,4,Montmeló,Spain,Spanish Grand Prix,\N,\N,10/05/2015,12:00:00,2015 R5 - Spanish Grand Prix,0,1,1
928,2015,3,17,Shanghai,China,Chinese Grand Prix,\N,\N,12/04/2015,06:00:00,2015 R3 - Chinese Grand Prix,0,1,1
926,2015,1,1,Melbourne,Australia,Australian Grand Prix,\N,\N,15/03/2015,05:00:00,2015 R1 - Australian Grand Prix,0,1,1
927,2015,2,2,Kuala Lumpur,Malaysia,Malaysian Grand Prix,\N,\N,29/03/2015,07:00:00,2015 R2 - Malaysian Grand Prix,0,1,1
933,2015,8,70,Spielberg,Austria,Austrian Grand Prix,\N,\N,21/06/2015,12:00:00,2015 R8 - Austrian Grand Prix,0,1,1
934,2015,9,9,Silverstone,UK,British Grand Prix,\N,\N,05/07/2015,12:00:00,2015 R9 - British Grand Prix,0,1,1
936,2015,10,11,Budapest,Hungary,Hungarian Grand Prix,\N,\N,26/07/2015,12:00:00,2015 R10 - Hungarian Grand Prix,0,1,1
937,2015,11,13,Spa,Belgium,Belgian Grand Prix,\N,\N,23/08/2015,12:00:00,2015 R11 - Belgian Grand Prix,0,1,1
938,2015,12,14,Monza,Italy,Italian Grand Prix,\N,\N,06/09/2015,12:00:00,2015 R12 - Italian Grand Prix,0,1,1
939,2015,13,15,Marina Bay,Singapore,Singapore Grand Prix,\N,\N,20/09/2015,12:00:00,2015 R13 - Singapore Grand Prix,0,1,1
940,2015,14,22,Suzuka,Japan,Japanese Grand Prix,\N,\N,27/09/2015,05:00:00,2015 R14 - Japanese Grand Prix,0,1,1
941,2015,15,71,Sochi,Russia,Russian Grand Prix,\N,\N,11/10/2015,11:00:00,2015 R15 - Russian Grand Prix,0,1,1
942,2015,16,69,Austin,USA,United States Grand Prix,\N,\N,25/10/2015,19:00:00,2015 R16 - United States Grand Prix,0,1,1
943,2015,17,32,Mexico City,Mexico,Mexican Grand Prix,\N,\N,01/11/2015,19:00:00,2015 R17 - Mexican Grand Prix,0,1,1
944,2015,18,18,São Paulo,Brazil,Brazilian Grand Prix,\N,\N,15/11/2015,16:00:00,2015 R18 - Brazilian Grand Prix,0,1,1
945,2015,19,24,Abu Dhabi,UAE,Abu Dhabi Grand Prix,\N,\N,29/11/2015,13:00:00,2015 R19 - Abu Dhabi Grand Prix,0,1,1
948,2016,1,1,Melbourne,Australia,Australian Grand Prix,\N,\N,20/03/2016,05:00:00,2016 R1 - Australian Grand Prix,0,1,1
949,2016,2,3,Sakhir,Bahrain,Bahrain Grand Prix,\N,\N,03/04/2016,15:00:00,2016 R2 - Bahrain Grand Prix,0,1,1
950,2016,3,17,Shanghai,China,Chinese Grand Prix,\N,\N,17/04/2016,06:00:00,2016 R3 - Chinese Grand Prix,0,1,1
951,2016,4,71,Sochi,Russia,Russian Grand Prix,\N,\N,01/05/2016,12:00:00,2016 R4 - Russian Grand Prix,0,1,1
952,2016,5,4,Montmeló,Spain,Spanish Grand Prix,\N,\N,15/05/2016,12:00:00,2016 R5 - Spanish Grand Prix,0,1,1
953,2016,6,6,Monte-Carlo,Monaco,Monaco Grand Prix,\N,\N,29/05/2016,12:00:00,2016 R6 - Monaco Grand Prix,0,1,1
954,2016,7,7,Montreal,Canada,Canadian Grand Prix,\N,\N,12/06/2016,18:00:00,2016 R7 - Canadian Grand Prix,0,1,1
955,2016,8,73,Baku,Azerbaijan,European Grand Prix,\N,\N,19/06/2016,13:00:00,2016 R8 - European Grand Prix,0,1,1
956,2016,9,70,Spielberg,Austria,Austrian Grand Prix,\N,\N,03/07/2016,12:00:00,2016 R9 - Austrian Grand Prix,0,1,1
957,2016,10,9,Silverstone,UK,British Grand Prix,\N,\N,10/07/2016,12:00:00,2016 R10 - British Grand Prix,0,1,1
958,2016,11,11,Budapest,Hungary,Hungarian Grand Prix,\N,\N,24/07/2016,12:00:00,2016 R11 - Hungarian Grand Prix,0,1,1
959,2016,12,10,Hockenheim,Germany,German Grand Prix,\N,\N,31/07/2016,12:00:00,2016 R12 - German Grand Prix,0,1,1
960,2016,13,13,Spa,Belgium,Belgian Grand Prix,\N,\N,28/08/2016,12:00:00,2016 R13 - Belgian Grand Prix,0,1,1
961,2016,14,14,Monza,Italy,Italian Grand Prix,\N,\N,04/09/2016,12:00:00,2016 R14 - Italian Grand Prix,0,1,1
962,2016,15,15,Marina Bay,Singapore,Singapore Grand Prix,\N,\N,18/09/2016,12:00:00,2016 R15 - Singapore Grand Prix,0,1,1
963,2016,16,2,Kuala Lumpur,Malaysia,Malaysian Grand Prix,\N,\N,02/10/2016,07:00:00,2016 R16 - Malaysian Grand Prix,0,1,1
964,2016,17,22,Suzuka,Japan,Japanese Grand Prix,\N,\N,09/10/2016,05:00:00,2016 R17 - Japanese Grand Prix,0,1,1
965,2016,18,69,Austin,USA,United States Grand Prix,\N,\N,23/10/2016,19:00:00,2016 R18 - United States Grand Prix,0,1,1
966,2016,19,32,Mexico City,Mexico,Mexican Grand Prix,\N,\N,30/10/2016,19:00:00,2016 R19 - Mexican Grand Prix,0,1,1
967,2016,20,18,São Paulo,Brazil,Brazilian Grand Prix,\N,\N,13/11/2016,16:00:00,2016 R20 - Brazilian Grand Prix,0,1,1
968,2016,21,24,Abu Dhabi,UAE,Abu Dhabi Grand Prix,\N,\N,27/11/2016,13:00:00,2016 R21 - Abu Dhabi Grand Prix,0,1,1
969,2017,1,1,Melbourne,Australia,Australian Grand Prix,\N,\N,26/03/2017,05:00:00,2017 R1 - Australian Grand Prix,0,1,1
970,2017,2,17,Shanghai,China,Chinese Grand Prix,\N,\N,09/04/2017,06:00:00,2017 R2 - Chinese Grand Prix,0,1,1
971,2017,3,3,Sakhir,Bahrain,Bahrain Grand Prix,\N,\N,16/04/2017,15:00:00,2017 R3 - Bahrain Grand Prix,0,1,1
972,2017,4,71,Sochi,Russia,Russian Grand Prix,\N,\N,30/04/2017,12:00:00,2017 R4 - Russian Grand Prix,0,1,1
973,2017,5,4,Montmeló,Spain,Spanish Grand Prix,\N,\N,14/05/2017,12:00:00,2017 R5 - Spanish Grand Prix,0,1,1
974,2017,6,6,Monte-Carlo,Monaco,Monaco Grand Prix,\N,\N,28/05/2017,12:00:00,2017 R6 - Monaco Grand Prix,0,1,1
975,2017,7,7,Montreal,Canada,Canadian Grand Prix,\N,\N,11/06/2017,18:00:00,2017 R7 - Canadian Grand Prix,0,1,1
976,2017,8,73,Baku,Azerbaijan,Azerbaijan Grand Prix,\N,\N,25/06/2017,13:00:00,2017 R8 - Azerbaijan Grand Prix,0,1,1
977,2017,9,70,Spielberg,Austria,Austrian Grand Prix,\N,\N,09/07/2017,12:00:00,2017 R9 - Austrian Grand Prix,0,1,1
978,2017,10,9,Silverstone,UK,British Grand Prix,\N,\N,16/07/2017,12:00:00,2017 R10 - British Grand Prix,0,1,1
979,2017,11,11,Budapest,Hungary,Hungarian Grand Prix,\N,\N,30/07/2017,12:00:00,2017 R11 - Hungarian Grand Prix,0,1,1
980,2017,12,13,Spa,Belgium,Belgian Grand Prix,\N,\N,27/08/2017,12:00:00,2017 R12 - Belgian Grand Prix,0,1,1
981,2017,13,14,Monza,Italy,Italian Grand Prix,\N,\N,03/09/2017,12:00:00,2017 R13 - Italian Grand Prix,0,1,1
982,2017,14,15,Marina Bay,Singapore,Singapore Grand Prix,\N,\N,17/09/2017,12:00:00,2017 R14 - Singapore Grand Prix,0,1,1
983,2017,15,2,Kuala Lumpur,Malaysia,Malaysian Grand Prix,\N,\N,01/10/2017,07:00:00,2017 R15 - Malaysian Grand Prix,0,1,1
984,2017,16,22,Suzuka,Japan,Japanese Grand Prix,\N,\N,08/10/2017,05:00:00,2017 R16 - Japanese Grand Prix,0,1,1
985,2017,17,69,Austin,USA,United States Grand Prix,\N,\N,22/10/2017,19:00:00,2017 R17 - United States Grand Prix,0,1,1
986,2017,18,32,Mexico City,Mexico,Mexican Grand Prix,\N,\N,29/10/2017,19:00:00,2017 R18 - Mexican Grand Prix,0,1,1
987,2017,19,18,São Paulo,Brazil,Brazilian Grand Prix,\N,\N,12/11/2017,16:00:00,2017 R19 - Brazilian Grand Prix,0,1,1
988,2017,20,24,Abu Dhabi,UAE,Abu Dhabi Grand Prix,\N,\N,26/11/2017,13:00:00,2017 R20 - Abu Dhabi Grand Prix,0,1,1
989,2018,1,1,Melbourne,Australia,Australian Grand Prix,\N,\N,25/03/2018,05:10:00,2018 R1 - Australian Grand Prix,0,1,1
990,2018,2,3,Sakhir,Bahrain,Bahrain Grand Prix,\N,\N,08/04/2018,15:10:00,2018 R2 - Bahrain Grand Prix,0,1,1
991,2018,3,17,Shanghai,China,Chinese Grand Prix,\N,\N,15/04/2018,06:10:00,2018 R3 - Chinese Grand Prix,0,1,1
992,2018,4,73,Baku,Azerbaijan,Azerbaijan Grand Prix,\N,\N,29/04/2018,12:10:00,2018 R4 - Azerbaijan Grand Prix,0,1,1
993,2018,5,4,Montmeló,Spain,Spanish Grand Prix,\N,\N,13/05/2018,13:10:00,2018 R5 - Spanish Grand Prix,0,1,1
994,2018,6,6,Monte-Carlo,Monaco,Monaco Grand Prix,\N,\N,27/05/2018,13:10:00,2018 R6 - Monaco Grand Prix,0,1,1
995,2018,7,7,Montreal,Canada,Canadian Grand Prix,\N,\N,10/06/2018,18:10:00,2018 R7 - Canadian Grand Prix,0,1,1
996,2018,8,34,Le Castellet,France,French Grand Prix,\N,\N,24/06/2018,14:10:00,2018 R8 - French Grand Prix,0,1,1
997,2018,9,70,Spielberg,Austria,Austrian Grand Prix,\N,\N,01/07/2018,13:10:00,2018 R9 - Austrian Grand Prix,0,1,1
998,2018,10,9,Silverstone,UK,British Grand Prix,\N,\N,08/07/2018,13:10:00,2018 R10 - British Grand Prix,0,1,1
999,2018,11,10,Hockenheim,Germany,German Grand Prix,\N,\N,22/07/2018,13:10:00,2018 R11 - German Grand Prix,0,1,1
1000,2018,12,11,Budapest,Hungary,Hungarian Grand Prix,\N,\N,29/07/2018,13:10:00,2018 R12 - Hungarian Grand Prix,0,1,1
1001,2018,13,13,Spa,Belgium,Belgian Grand Prix,\N,\N,26/08/2018,13:10:00,2018 R13 - Belgian Grand Prix,0,1,1
1002,2018,14,14,Monza,Italy,Italian Grand Prix,\N,\N,02/09/2018,13:10:00,2018 R14 - Italian Grand Prix,0,1,1
1003,2018,15,15,Marina Bay,Singapore,Singapore Grand Prix,\N,\N,16/09/2018,12:10:00,2018 R15 - Singapore Grand Prix,0,1,1
1004,2018,16,71,Sochi,Russia,Russian Grand Prix,\N,\N,30/09/2018,11:10:00,2018 R16 - Russian Grand Prix,0,1,1
1005,2018,17,22,Suzuka,Japan,Japanese Grand Prix,\N,\N,07/10/2018,05:10:00,2018 R17 - Japanese Grand Prix,0,1,1
1006,2018,18,69,Austin,USA,United States Grand Prix,\N,\N,21/10/2018,18:10:00,2018 R18 - United States Grand Prix,0,1,1
1007,2018,19,32,Mexico City,Mexico,Mexican Grand Prix,\N,\N,28/10/2018,19:10:00,2018 R19 - Mexican Grand Prix,0,1,1
1008,2018,20,18,São Paulo,Brazil,Brazilian Grand Prix,\N,\N,11/11/2018,17:10:00,2018 R20 - Brazilian Grand Prix,0,1,1
1009,2018,21,24,Abu Dhabi,UAE,Abu Dhabi Grand Prix,\N,\N,25/11/2018,13:10:00,2018 R21 - Abu Dhabi Grand Prix,0,1,1
1010,2019,1,1,Melbourne,Australia,Australian Grand Prix,\N,\N,17/03/2019,05:10:00,2019 R1 - Australian Grand Prix,0,1,1
1011,2019,2,3,Sakhir,Bahrain,Bahrain Grand Prix,\N,\N,31/03/2019,15:10:00,2019 R2 - Bahrain Grand Prix,0,1,1
1012,2019,3,17,Shanghai,China,Chinese Grand Prix,\N,\N,14/04/2019,06:10:00,2019 R3 - Chinese Grand Prix,0,1,1
1013,2019,4,73,Baku,Azerbaijan,Azerbaijan Grand Prix,\N,\N,28/04/2019,12:10:00,2019 R4 - Azerbaijan Grand Prix,0,1,1
1014,2019,5,4,Montmeló,Spain,Spanish Grand Prix,\N,\N,12/05/2019,13:10:00,2019 R5 - Spanish Grand Prix,0,1,1
1015,2019,6,6,Monte-Carlo,Monaco,Monaco Grand Prix,\N,\N,26/05/2019,13:10:00,2019 R6 - Monaco Grand Prix,0,1,1
1016,2019,7,7,Montreal,Canada,Canadian Grand Prix,\N,\N,09/06/2019,18:10:00,2019 R7 - Canadian Grand Prix,0,1,1
1017,2019,8,34,Le Castellet,France,French Grand Prix,\N,\N,23/06/2019,13:10:00,2019 R8 - French Grand Prix,0,1,1
1018,2019,9,70,Spielberg,Austria,Austrian Grand Prix,\N,\N,30/06/2019,13:10:00,2019 R9 - Austrian Grand Prix,0,1,1
1019,2019,10,9,Silverstone,UK,British Grand Prix,\N,\N,14/07/2019,13:10:00,2019 R10 - British Grand Prix,0,1,1
1020,2019,11,10,Hockenheim,Germany,German Grand Prix,\N,\N,28/07/2019,13:10:00,2019 R11 - German Grand Prix,0,1,1
1021,2019,12,11,Budapest,Hungary,Hungarian Grand Prix,\N,\N,04/08/2019,13:10:00,2019 R12 - Hungarian Grand Prix,0,1,1
1022,2019,13,13,Spa,Belgium,Belgian Grand Prix,\N,\N,01/09/2019,13:10:00,2019 R13 - Belgian Grand Prix,0,1,1
1023,2019,14,14,Monza,Italy,Italian Grand Prix,\N,\N,08/09/2019,13:10:00,2019 R14 - Italian Grand Prix,0,1,1
1024,2019,15,15,Marina Bay,Singapore,Singapore Grand Prix,\N,\N,22/09/2019,12:10:00,2019 R15 - Singapore Grand Prix,0,1,1
1025,2019,16,71,Sochi,Russia,Russian Grand Prix,\N,\N,29/09/2019,11:10:00,2019 R16 - Russian Grand Prix,0,1,1
1026,2019,17,22,Suzuka,Japan,Japanese Grand Prix,\N,\N,13/10/2019,05:10:00,2019 R17 - Japanese Grand Prix,0,1,1
1027,2019,18,32,Mexico City,Mexico,Mexican Grand Prix,\N,\N,27/10/2019,19:10:00,2019 R18 - Mexican Grand Prix,0,1,1
1028,2019,19,69,Austin,USA,United States Grand Prix,\N,\N,03/11/2019,19:10:00,2019 R19 - United States Grand Prix,0,1,1
1029,2019,20,18,São Paulo,Brazil,Brazilian Grand Prix,\N,\N,17/11/2019,17:10:00,2019 R20 - Brazilian Grand Prix,0,1,1
1030,2019,21,24,Abu Dhabi,UAE,Abu Dhabi Grand Prix,\N,\N,01/12/2019,13:10:00,2019 R21 - Abu Dhabi Grand Prix,0,1,1
1031,2020,1,70,Spielberg,Austria,Austrian Grand Prix,\N,\N,05/07/2020,13:10:00,2020 R1 - Austrian Grand Prix,0,1,1
1032,2020,2,70,Spielberg,Austria,Styrian Grand Prix,\N,\N,12/07/2020,13:10:00,2020 R2 - Styrian Grand Prix,0,1,1
1033,2020,3,11,Budapest,Hungary,Hungarian Grand Prix,\N,\N,19/07/2020,13:10:00,2020 R3 - Hungarian Grand Prix,0,1,1
1034,2020,4,9,Silverstone,UK,British Grand Prix,\N,\N,02/08/2020,13:10:00,2020 R4 - British Grand Prix,0,1,1
1035,2020,5,9,Silverstone,UK,70th Anniversary Grand Prix,\N,\N,09/08/2020,13:10:00,2020 R5 - 70th Anniversary Grand Prix,0,1,1
1036,2020,6,4,Montmeló,Spain,Spanish Grand Prix,\N,\N,16/08/2020,13:10:00,2020 R6 - Spanish Grand Prix,0,1,1
1037,2020,7,13,Spa,Belgium,Belgian Grand Prix,\N,\N,30/08/2020,13:10:00,2020 R7 - Belgian Grand Prix,0,1,1
1038,2020,8,14,Monza,Italy,Italian Grand Prix,\N,\N,06/09/2020,13:10:00,2020 R8 - Italian Grand Prix,0,1,1
1039,2020,9,76,Mugello,Italy,Tuscan Grand Prix,\N,\N,13/09/2020,13:10:00,2020 R9 - Tuscan Grand Prix,0,1,1
1040,2020,10,71,Sochi,Russia,Russian Grand Prix,\N,\N,27/09/2020,11:10:00,2020 R10 - Russian Grand Prix,0,1,1
1041,2020,11,20,Nürburg,Germany,Eifel Grand Prix,\N,\N,11/10/2020,13:10:00,2020 R11 - Eifel Grand Prix,0,1,1
1042,2020,12,75,Portimão,Portugal,Portuguese Grand Prix,\N,\N,25/10/2020,12:10:00,2020 R12 - Portuguese Grand Prix,0,1,1
1043,2020,13,21,Imola,Italy,Emilia Romagna Grand Prix,\N,\N,01/11/2020,12:10:00,2020 R13 - Emilia Romagna Grand Prix,0,1,1
1044,2020,14,5,Istanbul,Turkey,Turkish Grand Prix,\N,\N,15/11/2020,10:10:00,2020 R14 - Turkish Grand Prix,0,1,1
1045,2020,15,3,Sakhir,Bahrain,Bahrain Grand Prix,\N,\N,29/11/2020,14:10:00,2020 R15 - Bahrain Grand Prix,0,1,1
1046,2020,16,3,Sakhir,Bahrain,Sakhir Grand Prix,\N,\N,06/12/2020,17:10:00,2020 R16 - Sakhir Grand Prix,0,1,1
1047,2020,17,24,Abu Dhabi,UAE,Abu Dhabi Grand Prix,\N,\N,13/12/2020,13:10:00,2020 R17 - Abu Dhabi Grand Prix,0,1,1
1053,2021,2,21,Imola,Italy,Emilia Romagna Grand Prix,17/04/2021,\N,18/04/2021,13:00:00,2021 R2 - Emilia Romagna Grand Prix,0,1,1
1074,2022,1,3,Sakhir,Bahrain,Bahrain Grand Prix,19/03/2022,15:00:00,20/03/2022,15:00:00,2022 R1 - Bahrain Grand Prix,0,1,1
1052,2021,1,3,Sakhir,Bahrain,Bahrain Grand Prix,27/03/2021,\N,28/03/2021,15:00:00,2021 R1 - Bahrain Grand Prix,0,1,1
1051,2021,20,78,Al Daayen,Qatar,Qatar Grand Prix,20/11/2021,\N,21/11/2021,14:00:00,2021 R20 - Qatar Grand Prix,0,1,1
1054,2021,3,75,Portimão,Portugal,Portuguese Grand Prix,01/05/2021,\N,02/05/2021,14:00:00,2021 R3 - Portuguese Grand Prix,0,1,1
1055,2021,4,4,Montmeló,Spain,Spanish Grand Prix,08/05/2021,\N,09/05/2021,13:00:00,2021 R4 - Spanish Grand Prix,0,1,1
1056,2021,5,6,Monte-Carlo,Monaco,Monaco Grand Prix,22/05/2021,\N,23/05/2021,13:00:00,2021 R5 - Monaco Grand Prix,0,1,1
1057,2021,6,73,Baku,Azerbaijan,Azerbaijan Grand Prix,05/06/2021,\N,06/06/2021,12:00:00,2021 R6 - Azerbaijan Grand Prix,0,1,1
1058,2021,8,70,Spielberg,Austria,Styrian Grand Prix,26/06/2021,\N,27/06/2021,13:00:00,2021 R8 - Styrian Grand Prix,0,1,1
1059,2021,7,34,Le Castellet,France,French Grand Prix,19/06/2021,\N,20/06/2021,13:00:00,2021 R7 - French Grand Prix,0,1,1
1060,2021,9,70,Spielberg,Austria,Austrian Grand Prix,03/07/2021,\N,04/07/2021,13:00:00,2021 R9 - Austrian Grand Prix,0,1,1
1061,2021,10,9,Silverstone,UK,British Grand Prix,16/07/2021,\N,18/07/2021,14:00:00,2021 R10 - British Grand Prix,0,1,1
1062,2021,11,11,Budapest,Hungary,Hungarian Grand Prix,31/07/2021,\N,01/08/2021,13:00:00,2021 R11 - Hungarian Grand Prix,0,1,1
1063,2021,12,13,Spa,Belgium,Belgian Grand Prix,28/08/2021,\N,29/08/2021,13:00:00,2021 R12 - Belgian Grand Prix,0,1,1
1064,2021,13,39,Zandvoort,Netherlands,Dutch Grand Prix,04/09/2021,\N,05/09/2021,13:00:00,2021 R13 - Dutch Grand Prix,0,1,1
1065,2021,14,14,Monza,Italy,Italian Grand Prix,10/09/2021,\N,12/09/2021,13:00:00,2021 R14 - Italian Grand Prix,0,1,1
1066,2021,15,71,Sochi,Russia,Russian Grand Prix,25/09/2021,\N,26/09/2021,12:00:00,2021 R15 - Russian Grand Prix,0,1,1
1067,2021,16,5,Istanbul,Turkey,Turkish Grand Prix,09/10/2021,\N,10/10/2021,12:00:00,2021 R16 - Turkish Grand Prix,0,1,1
1069,2021,17,69,Austin,USA,United States Grand Prix,23/10/2021,\N,24/10/2021,19:00:00,2021 R17 - United States Grand Prix,0,1,1
1070,2021,18,32,Mexico City,Mexico,Mexico City Grand Prix,06/11/2021,\N,07/11/2021,19:00:00,2021 R18 - Mexico City Grand Prix,0,1,1
1071,2021,19,18,São Paulo,Brazil,São Paulo Grand Prix,12/11/2021,\N,14/11/2021,17:00:00,2021 R19 - São Paulo Grand Prix,0,1,1
1072,2021,21,77,Jeddah,Saudi Arabia,Saudi Arabian Grand Prix,04/12/2021,\N,05/12/2021,17:30:00,2021 R21 - Saudi Arabian Grand Prix,0,1,1
1073,2021,22,24,Abu Dhabi,UAE,Abu Dhabi Grand Prix,11/12/2021,\N,12/12/2021,13:00:00,2021 R22 - Abu Dhabi Grand Prix,0,1,1
1075,2022,2,77,Jeddah,Saudi Arabia,Saudi Arabian Grand Prix,26/03/2022,17:00:00,27/03/2022,17:00:00,2022 R2 - Saudi Arabian Grand Prix,0,1,1
1076,2022,3,1,Melbourne,Australia,Australian Grand Prix,09/04/2022,06:00:00,10/04/2022,05:00:00,2022 R3 - Australian Grand Prix,0,1,1
1077,2022,4,21,Imola,Italy,Emilia Romagna Grand Prix,22/04/2022,15:00:00,24/04/2022,13:00:00,2022 R4 - Emilia Romagna Grand Prix,0,1,1
1078,2022,5,79,Miami,USA,Miami Grand Prix,07/05/2022,20:00:00,08/05/2022,19:30:00,2022 R5 - Miami Grand Prix,1,1,1
1079,2022,6,4,Montmeló,Spain,Spanish Grand Prix,21/05/2022,14:00:00,22/05/2022,13:00:00,2022 R6 - Spanish Grand Prix,0,1,1
1080,2022,7,6,Monte-Carlo,Monaco,Monaco Grand Prix,28/05/2022,14:00:00,29/05/2022,13:00:00,2022 R7 - Monaco Grand Prix,0,1,1
1081,2022,8,73,Baku,Azerbaijan,Azerbaijan Grand Prix,11/06/2022,14:00:00,12/06/2022,11:00:00,2022 R8 - Azerbaijan Grand Prix,0,1,1
1082,2022,9,7,Montreal,Canada,Canadian Grand Prix,18/06/2022,20:00:00,19/06/2022,18:00:00,2022 R9 - Canadian Grand Prix,0,1,1
1083,2022,10,9,Silverstone,UK,British Grand Prix,02/07/2022,14:00:00,03/07/2022,14:00:00,2022 R10 - British Grand Prix,0,1,1
1084,2022,11,70,Spielberg,Austria,Austrian Grand Prix,08/07/2022,15:00:00,10/07/2022,13:00:00,2022 R11 - Austrian Grand Prix,0,1,1
1085,2022,12,34,Le Castellet,France,French Grand Prix,23/07/2022,14:00:00,24/07/2022,13:00:00,2022 R12 - French Grand Prix,0,1,1
1086,2022,13,11,Budapest,Hungary,Hungarian Grand Prix,30/07/2022,14:00:00,31/07/2022,13:00:00,2022 R13 - Hungarian Grand Prix,0,1,1
1087,2022,14,13,Spa,Belgium,Belgian Grand Prix,27/08/2022,14:00:00,28/08/2022,13:00:00,2022 R14 - Belgian Grand Prix,0,1,1
1088,2022,15,39,Zandvoort,Netherlands,Dutch Grand Prix,03/09/2022,13:00:00,04/09/2022,13:00:00,2022 R15 - Dutch Grand Prix,0,1,1
1089,2022,16,14,Monza,Italy,Italian Grand Prix,10/09/2022,14:00:00,11/09/2022,13:00:00,2022 R16 - Italian Grand Prix,0,1,1
1091,2022,17,15,Marina Bay,Singapore,Singapore Grand Prix,01/10/2022,13:00:00,02/10/2022,12:00:00,2022 R17 - Singapore Grand Prix,0,1,1
1092,2022,18,22,Suzuka,Japan,Japanese Grand Prix,08/10/2022,06:00:00,09/10/2022,05:00:00,2022 R18 - Japanese Grand Prix,0,1,1
1093,2022,19,69,Austin,USA,United States Grand Prix,22/10/2022,22:00:00,23/10/2022,19:00:00,2022 R19 - United States Grand Prix,0,1,1
1094,2022,20,32,Mexico City,Mexico,Mexico City Grand Prix,29/10/2022,20:00:00,30/10/2022,20:00:00,2022 R20 - Mexico City Grand Prix,0,1,1
1095,2022,21,18,São Paulo,Brazil,São Paulo Grand Prix,11/11/2022,19:00:00,13/11/2022,18:00:00,2022 R21 - São Paulo Grand Prix,0,1,1
1096,2022,22,24,Abu Dhabi,UAE,Abu Dhabi Grand Prix,19/11/2022,14:00:00,20/11/2022,13:00:00,2022 R22 - Abu Dhabi Grand Prix,0,1,1
1098,2023,1,3,Sakhir,Bahrain,Bahrain Grand Prix,04/03/2023,15:00:00,05/03/2023,15:00:00,2023 R1 - Bahrain Grand Prix,0,1,1
1099,2023,2,77,Jeddah,Saudi Arabia,Saudi Arabian Grand Prix,18/03/2023,17:00:00,19/03/2023,17:00:00,2023 R2 - Saudi Arabian Grand Prix,0,1,1
1100,2023,3,1,Melbourne,Australia,Australian Grand Prix,01/04/2023,05:00:00,02/04/2023,05:00:00,2023 R3 - Australian Grand Prix,0,1,1
1101,2023,4,73,Baku,Azerbaijan,Azerbaijan Grand Prix,28/04/2023,13:00:00,30/04/2023,11:00:00,2023 R4 - Azerbaijan Grand Prix,0,1,1
1102,2023,5,79,Miami,USA,Miami Grand Prix,06/05/2023,20:00:00,07/05/2023,19:30:00,2023 R5 - Miami Grand Prix,1,1,1
1104,2023,6,6,Monte-Carlo,Monaco,Monaco Grand Prix,27/05/2023,14:00:00,28/05/2023,13:00:00,2023 R6 - Monaco Grand Prix,0,1,1
1105,2023,7,4,Montmeló,Spain,Spanish Grand Prix,03/06/2023,14:00:00,04/06/2023,13:00:00,2023 R7 - Spanish Grand Prix,0,1,1
1106,2023,8,7,Montreal,Canada,Canadian Grand Prix,17/06/2023,20:00:00,18/06/2023,18:00:00,2023 R8 - Canadian Grand Prix,0,1,1
1107,2023,9,70,Spielberg,Austria,Austrian Grand Prix,30/06/2023,15:00:00,02/07/2023,13:00:00,2023 R9 - Austrian Grand Prix,0,1,1
1108,2023,10,9,Silverstone,UK,British Grand Prix,08/07/2023,14:00:00,09/07/2023,14:00:00,2023 R10 - British Grand Prix,0,1,1
1109,2023,11,11,Budapest,Hungary,Hungarian Grand Prix,22/07/2023,14:00:00,23/07/2023,13:00:00,2023 R11 - Hungarian Grand Prix,0,1,1
1110,2023,12,13,Spa,Belgium,Belgian Grand Prix,28/07/2023,15:00:00,30/07/2023,13:00:00,2023 R12 - Belgian Grand Prix,0,1,1
1111,2023,13,39,Zandvoort,Netherlands,Dutch Grand Prix,26/08/2023,13:00:00,27/08/2023,13:00:00,2023 R13 - Dutch Grand Prix,0,1,1
1112,2023,14,14,Monza,Italy,Italian Grand Prix,02/09/2023,14:00:00,03/09/2023,13:00:00,2023 R14 - Italian Grand Prix,0,1,1
1113,2023,15,15,Marina Bay,Singapore,Singapore Grand Prix,16/09/2023,13:00:00,17/09/2023,12:00:00,2023 R15 - Singapore Grand Prix,0,1,1
1114,2023,16,22,Suzuka,Japan,Japanese Grand Prix,23/09/2023,06:00:00,24/09/2023,05:00:00,2023 R16 - Japanese Grand Prix,0,1,1
1115,2023,17,78,Al Daayen,Qatar,Qatar Grand Prix,06/10/2023,17:00:00,08/10/2023,17:00:00,2023 R17 - Qatar Grand Prix,0,1,1
1116,2023,18,69,Austin,USA,United States Grand Prix,20/10/2023,21:00:00,22/10/2023,19:00:00,2023 R18 - United States Grand Prix,0,1,1
1117,2023,19,32,Mexico City,Mexico,Mexico City Grand Prix,28/10/2023,21:00:00,29/10/2023,20:00:00,2023 R19 - Mexico City Grand Prix,0,1,1
1118,2023,20,18,São Paulo,Brazil,São Paulo Grand Prix,03/11/2023,18:00:00,05/11/2023,17:00:00,2023 R20 - São Paulo Grand Prix,0,1,1
1119,2023,21,80,Las Vegas,United States,Las Vegas Grand Prix,17/11/2023,08:00:00,19/11/2023,06:00:00,2023 R21 - Las Vegas Grand Prix,0,1,1
1120,2023,22,24,Abu Dhabi,UAE,Abu Dhabi Grand Prix,25/11/2023,14:00:00,26/11/2023,13:00:00,2023 R22 - Abu Dhabi Grand Prix,0,1,1
1121,2024,1,3,Sakhir,Bahrain,Bahrain Grand Prix,01/03/2024,16:00:00,02/03/2024,15:00:00,2024 R1 - Bahrain Grand Prix,0,1,1
1122,2024,2,77,Jeddah,Saudi Arabia,Saudi Arabian Grand Prix,08/03/2024,17:00:00,09/03/2024,17:00:00,2024 R2 - Saudi Arabian Grand Prix,0,1,1
1123,2024,3,1,Melbourne,Australia,Australian Grand Prix,23/03/2024,05:00:00,24/03/2024,04:00:00,2024 R3 - Australian Grand Prix,0,1,1
1124,2024,4,22,Suzuka,Japan,Japanese Grand Prix,06/04/2024,06:00:00,07/04/2024,05:00:00,2024 R4 - Japanese Grand Prix,0,1,1
1125,2024,5,17,Shanghai,China,Chinese Grand Prix,20/04/2024,07:00:00,21/04/2024,07:00:00,2024 R5 - Chinese Grand Prix,0,1,1
1126,2024,6,79,Miami,USA,Miami Grand Prix,04/05/2024,20:00:00,05/05/2024,20:00:00,2024 R6 - Miami Grand Prix,1,1,1
1127,2024,7,21,Imola,Italy,Emilia Romagna Grand Prix,18/05/2024,14:00:00,19/05/2024,13:00:00,2024 R7 - Emilia Romagna Grand Prix,0,1,1
1128,2024,8,6,Monte-Carlo,Monaco,Monaco Grand Prix,25/05/2024,14:00:00,26/05/2024,13:00:00,2024 R8 - Monaco Grand Prix,0,1,1
1129,2024,9,7,Montreal,Canada,Canadian Grand Prix,08/06/2024,20:00:00,09/06/2024,18:00:00,2024 R9 - Canadian Grand Prix,0,1,1
1130,2024,10,4,Montmeló,Spain,Spanish Grand Prix,22/06/2024,14:00:00,23/06/2024,13:00:00,2024 R10 - Spanish Grand Prix,0,1,1
1131,2024,11,70,Spielberg,Austria,Austrian Grand Prix,29/06/2024,14:00:00,30/06/2024,13:00:00,2024 R11 - Austrian Grand Prix,0,1,1
1132,2024,12,9,Silverstone,UK,British Grand Prix,06/07/2024,14:00:00,07/07/2024,14:00:00,2024 R12 - British Grand Prix,0,1,1
1133,2024,13,11,Budapest,Hungary,Hungarian Grand Prix,20/07/2024,14:00:00,21/07/2024,13:00:00,2024 R13 - Hungarian Grand Prix,0,1,1
1134,2024,14,13,Spa,Belgium,Belgian Grand Prix,27/07/2024,14:00:00,28/07/2024,13:00:00,2024 R14 - Belgian Grand Prix,0,1,1
1135,2024,15,39,Zandvoort,Netherlands,Dutch Grand Prix,24/08/2024,13:00:00,25/08/2024,13:00:00,2024 R15 - Dutch Grand Prix,0,1,1
1136,2024,16,14,Monza,Italy,Italian Grand Prix,31/08/2024,14:00:00,01/09/2024,13:00:00,2024 R16 - Italian Grand Prix,0,1,1
1137,2024,17,73,Baku,Azerbaijan,Azerbaijan Grand Prix,14/09/2024,12:00:00,15/09/2024,11:00:00,2024 R17 - Azerbaijan Grand Prix,0,1,1
1138,2024,18,15,Marina Bay,Singapore,Singapore Grand Prix,21/09/2024,13:00:00,22/09/2024,12:00:00,2024 R18 - Singapore Grand Prix,0,1,1
1139,2024,19,69,Austin,USA,United States Grand Prix,19/10/2024,22:00:00,20/10/2024,19:00:00,2024 R19 - United States Grand Prix,0,1,1
1140,2024,20,32,Mexico City,Mexico,Mexico City Grand Prix,26/10/2024,21:00:00,27/10/2024,20:00:00,2024 R20 - Mexico City Grand Prix,0,1,1
1141,2024,21,18,São Paulo,Brazil,São Paulo Grand Prix,02/11/2024,18:00:00,03/11/2024,17:00:00,2024 R21 - São Paulo Grand Prix,0,1,1
1142,2024,22,80,Las Vegas,United States,Las Vegas Grand Prix,22/11/2024,06:00:00,23/11/2024,06:00:00,2024 R22 - Las Vegas Grand Prix,0,1,1
1143,2024,23,78,Al Daayen,Qatar,Qatar Grand Prix,30/11/2024,18:00:00,01/12/2024,16:00:00,2024 R23 - Qatar Grand Prix,0,1,1
1144,2024,24,24,Abu Dhabi,UAE,Abu Dhabi Grand Prix,07/12/2024,14:00:00,08/12/2024,13:00:00,2024 R24 - Abu Dhabi Grand Prix,0,1,1
1145,2025,1,1,Melbourne,Australia,Australian Grand Prix,15/03/2025,05:00:00,16/03/2025,04:00:00,2025 R1 - Australian Grand Prix,0,1,1
1146,2025,2,17,Shanghai,China,Chinese Grand Prix,22/03/2025,07:00:00,23/03/2025,07:00:00,2025 R2 - Chinese Grand Prix,0,1,1
1147,2025,3,22,Suzuka,Japan,Japanese Grand Prix,05/04/2025,06:00:00,06/04/2025,05:00:00,2025 R3 - Japanese Grand Prix,0,1,1
1148,2025,4,3,Sakhir,Bahrain,Bahrain Grand Prix,12/04/2025,16:00:00,13/04/2025,15:00:00,2025 R4 - Bahrain Grand Prix,0,1,1
1149,2025,5,77,Jeddah,Saudi Arabia,Saudi Arabian Grand Prix,19/04/2025,17:00:00,20/04/2025,17:00:00,2025 R5 - Saudi Arabian Grand Prix,0,1,1
1150,2025,6,79,Miami,USA,Miami Grand Prix,03/05/2025,20:00:00,04/05/2025,20:00:00,2025 R6 - Miami Grand Prix,1,1,1
1151,2025,7,21,Imola,Italy,Emilia Romagna Grand Prix,17/05/2025,14:00:00,18/05/2025,13:00:00,2025 R7 - Emilia Romagna Grand Prix,0,1,1
1152,2025,8,6,Monte-Carlo,Monaco,Monaco Grand Prix,24/05/2025,14:00:00,25/05/2025,13:00:00,2025 R8 - Monaco Grand Prix,0,1,1
1153,2025,9,4,Montmeló,Spain,Spanish Grand Prix,31/05/2025,14:00:00,01/06/2025,13:00:00,2025 R9 - Spanish Grand Prix,0,1,1
1154,2025,10,7,Montreal,Canada,Canadian Grand Prix,14/06/2025,20:00:00,15/06/2025,18:00:00,2025 R10 - Canadian Grand Prix,0,1,1
1155,2025,11,70,Spielberg,Austria,Austrian Grand Prix,28/06/2025,14:00:00,29/06/2025,13:00:00,2025 R11 - Austrian Grand Prix,0,1,1
1156,2025,12,9,Silverstone,UK,British Grand Prix,05/07/2025,14:00:00,06/07/2025,14:00:00,2025 R12 - British Grand Prix,0,1,1
1157,2025,13,13,Spa,Belgium,Belgian Grand Prix,26/07/2025,14:00:00,27/07/2025,13:00:00,2025 R13 - Belgian Grand Prix,0,1,1
1158,2025,14,11,Budapest,Hungary,Hungarian Grand Prix,02/08/2025,14:00:00,03/08/2025,13:00:00,2025 R14 - Hungarian Grand Prix,0,1,1
1159,2025,15,39,Zandvoort,Netherlands,Dutch Grand Prix,30/08/2025,13:00:00,31/08/2025,13:00:00,2025 R15 - Dutch Grand Prix,0,1,1
1160,2025,16,14,Monza,Italy,Italian Grand Prix,06/09/2025,14:00:00,07/09/2025,13:00:00,2025 R16 - Italian Grand Prix,0,1,1
1161,2025,17,73,Baku,Azerbaijan,Azerbaijan Grand Prix,20/09/2025,12:00:00,21/09/2025,11:00:00,2025 R17 - Azerbaijan Grand Prix,0,1,1
1162,2025,18,15,Marina Bay,Singapore,Singapore Grand Prix,04/10/2025,13:00:00,05/10/2025,12:00:00,2025 R18 - Singapore Grand Prix,0,1,1
1163,2025,19,69,Austin,USA,United States Grand Prix,18/10/2025,21:00:00,19/10/2025,19:00:00,2025 R19 - United States Grand Prix,0,1,1
1164,2025,20,32,Mexico City,Mexico,Mexico City Grand Prix,25/10/2025,21:00:00,26/10/2025,20:00:00,2025 R20 - Mexico City Grand Prix,0,1,1
1165,2025,21,18,São Paulo,Brazil,São Paulo Grand Prix,08/11/2025,18:00:00,09/11/2025,17:00:00,2025 R21 - São Paulo Grand Prix,0,1,1
1166,2025,22,80,Las Vegas,United States,Las Vegas Grand Prix,22/11/2025,04:00:00,23/11/2025,04:00:00,2025 R22 - Las Vegas Grand Prix,0,1,1
1167,2025,23,78,Al Daayen,Qatar,Qatar Grand Prix,29/11/2025,18:00:00,30/11/2025,16:00:00,2025 R23 - Qatar Grand Prix,0,1,1
1168,2025,24,24,Abu Dhabi,UAE,Abu Dhabi Grand Prix,06/12/2025,14:00:00,07/12/2025,13:00:00,2025 R24 - Abu Dhabi Grand Prix,0,1,1
1169,2026,1,1,Melbourne,Australia,Australian Grand Prix,07/03/2026,05:00:00,08/03/2026,04:00:00,2026 R1 - Australian Grand Prix,0,0,1
1170,2026,2,17,Shanghai,China,Chinese Grand Prix,14/03/2026,07:00:00,15/03/2026,07:00:00,2026 R2 - Chinese Grand Prix,0,0,1
1171,2026,3,22,Suzuka,Japan,Japanese Grand Prix,28/03/2026,06:00:00,29/03/2026,05:00:00,2026 R3 - Japanese Grand Prix,0,0,1
1172,2026,4,79,Miami,USA,Miami Grand Prix,02/05/2026,20:00:00,03/05/2026,20:00:00,2026 R4 - Miami Grand Prix,1,0,0
1173,2026,5,7,Montreal,Canada,Canadian Grand Prix,23/05/2026,20:00:00,24/05/2026,20:00:00,2026 R5 - Canadian Grand Prix,0,0,0
1174,2026,6,6,Monte-Carlo,Monaco,Monaco Grand Prix,06/06/2026,14:00:00,07/06/2026,13:00:00,2026 R6 - Monaco Grand Prix,0,0,0
1175,2026,7,4,Montmeló,Spain,Barcelona Grand Prix,13/06/2026,14:00:00,14/06/2026,13:00:00,2026 R7 - Barcelona Grand Prix,0,0,0
1176,2026,8,70,Spielberg,Austria,Austrian Grand Prix,27/06/2026,14:00:00,28/06/2026,13:00:00,2026 R8 - Austrian Grand Prix,0,0,0
1177,2026,9,9,Silverstone,UK,British Grand Prix,04/07/2026,15:00:00,05/07/2026,14:00:00,2026 R9 - British Grand Prix,0,0,0
1178,2026,10,13,Spa,Belgium,Belgian Grand Prix,18/07/2026,14:00:00,19/07/2026,13:00:00,2026 R10 - Belgian Grand Prix,0,0,0
1179,2026,11,11,Budapest,Hungary,Hungarian Grand Prix,25/07/2026,14:00:00,26/07/2026,13:00:00,2026 R11 - Hungarian Grand Prix,0,0,0
1180,2026,12,39,Zandvoort,Netherlands,Dutch Grand Prix,22/08/2026,14:00:00,23/08/2026,13:00:00,2026 R12 - Dutch Grand Prix,0,0,0
1181,2026,13,14,Monza,Italy,Italian Grand Prix,05/09/2026,14:00:00,06/09/2026,13:00:00,2026 R13 - Italian Grand Prix,0,0,0
1182,2026,14,81,Madrid,Spain,Spanish Grand Prix,12/09/2026,14:00:00,13/09/2026,13:00:00,2026 R14 - Spanish Grand Prix,0,0,0
1183,2026,15,73,Baku,Azerbaijan,Azerbaijan Grand Prix,25/09/2026,12:00:00,26/09/2026,11:00:00,2026 R15 - Azerbaijan Grand Prix,0,0,0
1184,2026,16,15,Marina Bay,Singapore,Singapore Grand Prix,10/10/2026,13:00:00,11/10/2026,12:00:00,2026 R16 - Singapore Grand Prix,0,0,0
1185,2026,17,69,Austin,USA,United States Grand Prix,24/10/2026,21:00:00,25/10/2026,20:00:00,2026 R17 - United States Grand Prix,0,0,0
1186,2026,18,32,Mexico City,Mexico,Mexico City Grand Prix,31/10/2026,21:00:00,01/11/2026,20:00:00,2026 R18 - Mexico City Grand Prix,0,0,0
1187,2026,19,18,São Paulo,Brazil,Brazilian Grand Prix,07/11/2026,18:00:00,08/11/2026,17:00:00,2026 R19 - Brazilian Grand Prix,0,0,0
1188,2026,20,80,Las Vegas,United States,Las Vegas Grand Prix,21/11/2026,04:00:00,22/11/2026,04:00:00,2026 R20 - Las Vegas Grand Prix,0,0,0
1189,2026,21,78,Al Daayen,Qatar,Qatar Grand Prix,28/11/2026,18:00:00,29/11/2026,16:00:00,2026 R21 - Qatar Grand Prix,0,0,0
1190,2026,22,24,Abu Dhabi,UAE,Abu Dhabi Grand Prix,05/12/2026,14:00:00,06/12/2026,13:00:00,2026 R22 - Abu Dhabi Grand Prix,0,0,0
