race_ID,constructor_ID,year,round,circuit_name,constructor_name,lap_count,median_lap_time_ms,avg_lap_time_ms,best_lap_time_ms,is_miami,is_mclaren
841,9,2011,1,Australian Grand Prix,Red Bull,116,91558,92919.73,89600,0,0
841,1,2011,1,Australian Grand Prix,McLaren,116,91749,93251.03,89883,0,1
841,4,2011,1,Australian Grand Prix,Renault,115,93364,94301.91,90064,0,0
841,6,2011,1,Australian Grand Prix,Ferrari,116,92243,93598.93,88947,0,0
841,131,2011,1,Australian Grand Prix,Mercedes,41,95794,98911.29,93503,0,0
841,15,2011,1,Australian Grand Prix,Sauber,116,92298,93820.99,89962,0,0
841,10,2011,1,Australian Grand Prix,Force India,114,93401,94899.65,91526,0,0
841,5,2011,1,Australian Grand Prix,Toro Rosso,114,93335,94803.75,90467,0,0
841,205,2011,1,Australian Grand Prix,Lotus,75,96502,97733.27,92550,0,0
841,3,2011,1,Australian Grand Prix,Williams,57,94169,96933.19,91404,0,0
841,166,2011,1,Australian Grand Prix,Virgin,103,97918,105215.1,94523,0,0
842,9,2011,2,Malaysian Grand Prix,Red Bull,112,103441,104875.43,100571,0,0
842,4,2011,2,Malaysian Grand Prix,Renault,108,104055,105421.8,101054,0,0
842,1,2011,2,Malaysian Grand Prix,McLaren,112,103424,105115.02,101264,0,1
842,6,2011,2,Malaysian Grand Prix,Ferrari,112,103538,105302.41,100717,0,0
842,131,2011,2,Malaysian Grand Prix,Mercedes,111,104747,106400.88,101778,0,0
842,15,2011,2,Malaysian Grand Prix,Sauber,79,105665,106562.89,102095,0,0
842,5,2011,2,Malaysian Grand Prix,Toro Rosso,110,106123,107243.9,102659,0,0
842,10,2011,2,Malaysian Grand Prix,Force India,112,104722,106362.55,102883,0,0
842,3,2011,2,Malaysian Grand Prix,Williams,30,108075,113124.47,105516,0,0
842,205,2011,2,Malaysian Grand Prix,Lotus,86,106344,107947.59,103677,0,0
842,166,2011,2,Malaysian Grand Prix,Virgin,96,107925,109069.08,105346,0,0
842,164,2011,2,Malaysian Grand Prix,HRT,60,110197,112269.6,106521,0,0
843,1,2011,3,Chinese Grand Prix,McLaren,112,102808,103986.18,100415,0,1
843,9,2011,3,Chinese Grand Prix,Red Bull,112,102944,104010.76,98993,0,0
843,131,2011,3,Chinese Grand Prix,Mercedes,112,103221,104293.98,101166,0,0
843,6,2011,3,Chinese Grand Prix,Ferrari,112,103257,104311.73,101678,0,0
843,10,2011,3,Chinese Grand Prix,Force India,111,104043,105458.91,101157,0,0
843,5,2011,3,Chinese Grand Prix,Toro Rosso,65,104163,105824.94,101696,0,0
843,15,2011,3,Chinese Grand Prix,Sauber,111,104043,105557.95,101643,0,0
843,4,2011,3,Chinese Grand Prix,Renault,112,103621,105058.88,101261,0,0
843,3,2011,3,Chinese Grand Prix,Williams,111,104382,105844.85,101702,0,0
843,205,2011,3,Chinese Grand Prix,Lotus,110,105134,106238.16,102052,0,0
843,164,2011,3,Chinese Grand Prix,HRT,108,108327,109124.5,103384,0,0
843,166,2011,3,Chinese Grand Prix,Virgin,108,107661,108504.36,104381,0,0
844,9,2011,4,Turkish Grand Prix,Red Bull,116,92625,93482.09,89703,0,0
844,131,2011,4,Turkish Grand Prix,Mercedes,116,93454,94552.58,90573,0,0
844,6,2011,4,Turkish Grand Prix,Ferrari,116,93201,94181.16,90279,0,0
844,1,2011,4,Turkish Grand Prix,McLaren,116,93293,94265.34,90108,0,1
844,4,2011,4,Turkish Grand Prix,Renault,116,93543,94518.46,90158,0,0
844,3,2011,4,Turkish Grand Prix,Williams,114,94312,95470.27,92044,0,0
844,10,2011,4,Turkish Grand Prix,Force India,101,94288,95366.26,92070,0,0
844,205,2011,4,Turkish Grand Prix,Lotus,113,95175,96506.57,92695,0,0
844,5,2011,4,Turkish Grand Prix,Toro Rosso,115,93576,94944.02,89894,0,0
844,15,2011,4,Turkish Grand Prix,Sauber,115,93410,94926.45,90797,0,0
844,164,2011,4,Turkish Grand Prix,HRT,108,97852,100478.43,93948,0,0
844,166,2011,4,Turkish Grand Prix,Virgin,56,96801,97637.52,94971,0,0
845,6,2011,5,Spanish Grand Prix,Ferrari,123,90718,91995.23,88737,0,0
845,9,2011,5,Spanish Grand Prix,Red Bull,132,89465,90413.39,87162,0,0
845,1,2011,5,Spanish Grand Prix,McLaren,132,89137,90325.22,86727,0,1
845,4,2011,5,Spanish Grand Prix,Renault,130,91192,92185.88,86958,0,0
845,131,2011,5,Spanish Grand Prix,Mercedes,130,90821,91878.96,89155,0,0
845,5,2011,5,Spanish Grand Prix,Toro Rosso,129,91647,92896.5,89132,0,0
845,15,2011,5,Spanish Grand Prix,Sauber,130,91421,92245.6,87247,0,0
845,3,2011,5,Spanish Grand Prix,Williams,129,91492,92915.08,86891,0,0
845,10,2011,5,Spanish Grand Prix,Force India,130,91323,92621.91,88791,0,0
845,205,2011,5,Spanish Grand Prix,Lotus,112,92874,94181.97,90618,0,0
845,164,2011,5,Spanish Grand Prix,HRT,89,95601,97204.24,92848,0,0
845,166,2011,5,Spanish Grand Prix,Virgin,125,94848,95888.15,91635,0,0
846,9,2011,6,Monaco Grand Prix,Red Bull,156,80233,99870.81,76234,0,0
846,1,2011,6,Monaco Grand Prix,McLaren,156,80099,99912.4,76463,0,1
846,6,2011,6,Monaco Grand Prix,Ferrari,110,80142,94745.02,76471,0,0
846,131,2011,6,Monaco Grand Prix,Mercedes,108,81951,96782.52,78699,0,0
846,3,2011,6,Monaco Grand Prix,Williams,150,81749,101427.99,78584,0,0
846,4,2011,6,Monaco Grand Prix,Renault,144,81658,93103.28,77857,0,0
846,10,2011,6,Monaco Grand Prix,Force India,153,81924,101900.39,78724,0,0
846,15,2011,6,Monaco Grand Prix,Sauber,78,81712,100067.81,78308,0,0
846,5,2011,6,Monaco Grand Prix,Toro Rosso,143,81966,93841.47,78608,0,0
846,205,2011,6,Monaco Grand Prix,Lotus,152,82896,102890.32,80678,0,0
846,166,2011,6,Monaco Grand Prix,Virgin,105,83664,98572.71,81391,0,0
846,164,2011,6,Monaco Grand Prix,HRT,149,85085,105073.32,81566,0,0
847,9,2011,7,Canadian Grand Prix,Red Bull,140,98334,209825.79,77217,0,0
847,6,2011,7,Canadian Grand Prix,Ferrari,106,108513,247662.46,79148,0,0
847,1,2011,7,Canadian Grand Prix,McLaren,77,100560,201247.36,76956,0,1
847,131,2011,7,Canadian Grand Prix,Mercedes,140,99885,210169.62,79138,0,0
847,4,2011,7,Canadian Grand Prix,Renault,125,104257,224533.37,79054,0,0
847,10,2011,7,Canadian Grand Prix,Force India,116,107444,235712.61,79395,0,0
847,3,2011,7,Canadian Grand Prix,Williams,131,104781,219502.41,80316,0,0
847,15,2011,7,Canadian Grand Prix,Sauber,140,100676,210399.65,80213,0,0
847,5,2011,7,Canadian Grand Prix,Toro Rosso,140,100604,210300.67,79507,0,0
847,205,2011,7,Canadian Grand Prix,Lotus,97,107559,261684.26,82233,0,0
847,164,2011,7,Canadian Grand Prix,HRT,138,102410,213868.38,83116,0,0
847,166,2011,7,Canadian Grand Prix,Virgin,138,102736,213939.38,82495,0,0
848,9,2011,8,European Grand Prix,Red Bull,114,104090,105084.15,101852,0,0
848,6,2011,8,European Grand Prix,Ferrari,114,104285,105394.16,102308,0,0
848,1,2011,8,European Grand Prix,McLaren,114,104446,105777.13,102340,0,1
848,131,2011,8,European Grand Prix,Mercedes,113,105515,107093.62,103649,0,0
848,10,2011,8,European Grand Prix,Force India,112,105629,107064.8,103526,0,0
848,4,2011,8,European Grand Prix,Renault,112,105950,107172.51,103151,0,0
848,3,2011,8,European Grand Prix,Williams,112,106221,107584.41,103134,0,0
848,15,2011,8,European Grand Prix,Sauber,112,106961,107245.78,103517,0,0
848,5,2011,8,European Grand Prix,Toro Rosso,112,105709,107042.57,103579,0,0
848,166,2011,8,European Grand Prix,Virgin,110,109019,110042.18,106628,0,0
848,205,2011,8,European Grand Prix,Lotus,110,107976,109215.37,105055,0,0
848,164,2011,8,European Grand Prix,HRT,108,110129,111675.72,107418,0,0
849,9,2011,9,British Grand Prix,Red Bull,104,98924,102652.4,94503,0,0
849,6,2011,9,British Grand Prix,Ferrari,104,98881,102609.63,93391,0,0
849,1,2011,9,British Grand Prix,McLaren,91,99283,103484.96,93666,0,1
849,10,2011,9,British Grand Prix,Force India,103,101037,104605.24,95301,0,0
849,15,2011,9,British Grand Prix,Sauber,75,101838,105894.76,96656,0,0
849,131,2011,9,British Grand Prix,Mercedes,104,99613,103663.16,95755,0,0
849,3,2011,9,British Grand Prix,Williams,102,100344,104366.37,96375,0,0
849,4,2011,9,British Grand Prix,Renault,104,100099,103832.84,95144,0,0
849,5,2011,9,British Grand Prix,Toro Rosso,77,101891,105586.34,96197,0,0
849,205,2011,9,British Grand Prix,Lotus,12,116466,120175.0,115491,0,0
849,166,2011,9,British Grand Prix,Virgin,100,103467,107638.39,98275,0,0
849,164,2011,9,British Grand Prix,HRT,99,106006,108955.63,99117,0,0
850,1,2011,10,German Grand Prix,McLaren,95,97744,98314.2,94302,0,1
850,9,2011,10,German Grand Prix,Red Bull,120,96947,97986.48,94468,0,0
850,6,2011,10,German Grand Prix,Ferrari,120,96871,97974.17,94609,0,0
850,131,2011,10,German Grand Prix,Mercedes,118,98271,99339.32,95628,0,0
850,10,2011,10,German Grand Prix,Force India,119,98135,99425.06,96653,0,0
850,4,2011,10,German Grand Prix,Renault,68,99381,99937.46,96186,0,0
850,3,2011,10,German Grand Prix,Williams,75,99729,100465.97,97568,0,0
850,15,2011,10,German Grand Prix,Sauber,118,98480,99689.42,96659,0,0
850,5,2011,10,German Grand Prix,Toro Rosso,118,99097,100231.91,97415,0,0
850,205,2011,10,German Grand Prix,Lotus,114,101585,103489.67,99050,0,0
850,166,2011,10,German Grand Prix,Virgin,114,102248,103104.56,99787,0,0
850,164,2011,10,German Grand Prix,HRT,94,102461,103438.98,100489,0,0
851,9,2011,11,Hungarian Grand Prix,Red Bull,140,88107,91842.89,83718,0,0
851,1,2011,11,Hungarian Grand Prix,McLaren,140,87914,91807.23,83661,0,1
851,131,2011,11,Hungarian Grand Prix,Mercedes,95,90646,95017.28,84857,0,0
851,6,2011,11,Hungarian Grand Prix,Ferrari,140,88723,92197.64,83415,0,0
851,10,2011,11,Hungarian Grand Prix,Force India,137,90287,94254.62,85579,0,0
851,15,2011,11,Hungarian Grand Prix,Sauber,137,90571,94479.69,84664,0,0
851,3,2011,11,Hungarian Grand Prix,Williams,136,90166,94809.1,85018,0,0
851,4,2011,11,Hungarian Grand Prix,Renault,92,91190,95960.2,84664,0,0
851,5,2011,11,Hungarian Grand Prix,Toro Rosso,138,89559,93593.92,85977,0,0
851,166,2011,11,Hungarian Grand Prix,Virgin,131,93557,98000.42,88022,0,0
851,205,2011,11,Hungarian Grand Prix,Lotus,72,97586,100207.78,87149,0,0
851,164,2011,11,Hungarian Grand Prix,HRT,131,93688,98450.75,88876,0,0
852,131,2011,12,Belgian Grand Prix,Mercedes,88,115001,119385.5,111137,0,0
852,9,2011,12,Belgian Grand Prix,Red Bull,88,113475,118335.53,109883,0,0
852,6,2011,12,Belgian Grand Prix,Ferrari,88,114784,119191.86,111107,0,0
852,1,2011,12,Belgian Grand Prix,McLaren,56,115454,118465.27,110062,0,1
852,5,2011,12,Belgian Grand Prix,Toro Rosso,6,120337,120538.83,116790,0,0
852,15,2011,12,Belgian Grand Prix,Sauber,71,116623,122992.75,113871,0,0
852,4,2011,12,Belgian Grand Prix,Renault,88,115810,120166.91,112432,0,0
852,10,2011,12,Belgian Grand Prix,Force India,88,115646,119926.06,112591,0,0
852,3,2011,12,Belgian Grand Prix,Williams,87,116348,120748.3,110424,0,0
852,164,2011,12,Belgian Grand Prix,HRT,56,120266,123444.71,118061,0,0
852,166,2011,12,Belgian Grand Prix,Virgin,86,119255,122639.01,116319,0,0
852,205,2011,12,Belgian Grand Prix,Lotus,86,117502,121375.92,114051,0,0
853,6,2011,13,Italian Grand Prix,Ferrari,106,88369,92002.32,86924,0,0
853,9,2011,13,Italian Grand Prix,Red Bull,57,88058,93699.77,86557,0,0
853,1,2011,13,Italian Grand Prix,McLaren,106,88285,91691.99,86187,0,1
853,131,2011,13,Italian Grand Prix,Mercedes,53,88695,92053.75,87402,0,0
853,10,2011,13,Italian Grand Prix,Force India,61,90243,95477.75,88054,0,0
853,3,2011,13,Italian Grand Prix,Williams,104,90953,94050.12,88377,0,0
853,15,2011,13,Italian Grand Prix,Sauber,53,91077,96723.81,89403,0,0
853,5,2011,13,Italian Grand Prix,Toro Rosso,104,89725,93509.48,88202,0,0
853,205,2011,13,Italian Grand Prix,Lotus,102,91717,95346.19,89639,0,0
853,166,2011,13,Italian Grand Prix,Virgin,52,92860,97458.12,90783,0,0
853,4,2011,13,Italian Grand Prix,Renault,52,89675,93455.52,86895,0,0
853,164,2011,13,Italian Grand Prix,HRT,39,93970,126397.49,92013,0,0
854,9,2011,14,Singapore Grand Prix,Red Bull,122,113930,117399.94,108688,0,0
854,1,2011,14,Singapore Grand Prix,McLaren,122,114429,117729.65,108454,0,1
854,6,2011,14,Singapore Grand Prix,Ferrari,121,115528,118599.6,110891,0,0
854,131,2011,14,Singapore Grand Prix,Mercedes,88,116717,118958.85,113096,0,0
854,10,2011,14,Singapore Grand Prix,Force India,121,116738,119056.11,114239,0,0
854,15,2011,14,Singapore Grand Prix,Sauber,119,117109,120428.29,111329,0,0
854,3,2011,14,Singapore Grand Prix,Williams,120,117769,119459.49,113198,0,0
854,4,2011,14,Singapore Grand Prix,Renault,118,118986,122328.47,113774,0,0
854,5,2011,14,Singapore Grand Prix,Toro Rosso,116,118091,120755.06,112197,0,0
854,205,2011,14,Singapore Grand Prix,Lotus,106,119699,124266.23,114063,0,0
854,166,2011,14,Singapore Grand Prix,Virgin,68,121028,123138.07,118730,0,0
854,164,2011,14,Singapore Grand Prix,HRT,114,121621,126641.09,118283,0,0
855,9,2011,15,Japanese Grand Prix,Red Bull,106,99307,102989.92,96828,0,0
855,1,2011,15,Japanese Grand Prix,McLaren,106,99574,103123.79,96568,0,1
855,6,2011,15,Japanese Grand Prix,Ferrari,106,99622,103172.21,96682,0,0
855,131,2011,15,Japanese Grand Prix,Mercedes,106,100764,103568.83,96614,0,0
855,10,2011,15,Japanese Grand Prix,Force India,106,101156,103996.48,97970,0,0
855,4,2011,15,Japanese Grand Prix,Renault,106,102068,103981.97,97053,0,0
855,5,2011,15,Japanese Grand Prix,Toro Rosso,64,102584,104056.69,97411,0,0
855,15,2011,15,Japanese Grand Prix,Sauber,106,101174,103867.32,96569,0,0
855,205,2011,15,Japanese Grand Prix,Lotus,106,102215,104630.36,99297,0,0
855,3,2011,15,Japanese Grand Prix,Williams,106,101492,104200.37,97645,0,0
855,166,2011,15,Japanese Grand Prix,Virgin,102,104129,107877.54,101704,0,0
855,164,2011,15,Japanese Grand Prix,HRT,101,105405,108555.5,101437,0,0
856,9,2011,16,Korean Grand Prix,Red Bull,110,102597,107058.77,99605,0,0
856,1,2011,16,Korean Grand Prix,McLaren,110,102901,107188.19,100459,0,1
856,6,2011,16,Korean Grand Prix,Ferrari,110,103774,107316.45,100541,0,0
856,131,2011,16,Korean Grand Prix,Mercedes,70,105391,107957.53,101770,0,0
856,4,2011,16,Korean Grand Prix,Renault,70,106242,109596.34,102549,0,0
856,10,2011,16,Korean Grand Prix,Force India,110,104486,108216.54,102014,0,0
856,5,2011,16,Korean Grand Prix,Toro Rosso,110,104161,107966.25,100537,0,0
856,15,2011,16,Korean Grand Prix,Sauber,108,105391,109327.81,102080,0,0
856,3,2011,16,Korean Grand Prix,Williams,85,106537,110380.16,102371,0,0
856,205,2011,16,Korean Grand Prix,Lotus,108,106503,109407.69,102456,0,0
856,166,2011,16,Korean Grand Prix,Virgin,108,108126,110569.15,104536,0,0
856,164,2011,16,Korean Grand Prix,HRT,106,108749,112153.49,104870,0,0
857,9,2011,17,Indian Grand Prix,Red Bull,120,89954,90796.11,87249,0,0
857,1,2011,17,Indian Grand Prix,McLaren,120,90067,91355.17,87967,0,1
857,6,2011,17,Indian Grand Prix,Ferrari,92,90764,92045.87,87953,0,0
857,131,2011,17,Indian Grand Prix,Mercedes,120,90771,91685.63,88549,0,0
857,10,2011,17,Indian Grand Prix,Force India,118,91888,92876.3,88679,0,0
857,4,2011,17,Indian Grand Prix,Renault,118,91913,92872.25,89289,0,0
857,5,2011,17,Indian Grand Prix,Toro Rosso,83,92016,93003.93,89239,0,0
857,3,2011,17,Indian Grand Prix,Williams,70,93559,94291.23,88635,0,0
857,205,2011,17,Indian Grand Prix,Lotus,113,93932,96460.93,90294,0,0
857,164,2011,17,Indian Grand Prix,HRT,114,94615,95929.56,91674,0,0
857,166,2011,17,Indian Grand Prix,Virgin,59,94960,96559.97,91990,0,0
857,15,2011,17,Indian Grand Prix,Sauber,59,91575,92758.47,89345,0,0
858,1,2011,18,Abu Dhabi Grand Prix,McLaren,110,105520,106269.57,103154,0,1
858,6,2011,18,Abu Dhabi Grand Prix,Ferrari,110,105602,106570.97,103914,0,0
858,9,2011,18,Abu Dhabi Grand Prix,Red Bull,56,105456,107892.88,102612,0,0
858,131,2011,18,Abu Dhabi Grand Prix,Mercedes,110,106081,107200.48,103993,0,0
858,10,2011,18,Abu Dhabi Grand Prix,Force India,110,106395,107654.37,104120,0,0
858,15,2011,18,Abu Dhabi Grand Prix,Sauber,108,107395,108149.58,103521,0,0
858,5,2011,18,Abu Dhabi Grand Prix,Toro Rosso,73,108613,109644.42,104093,0,0
858,4,2011,18,Abu Dhabi Grand Prix,Renault,108,108330,108941.74,103673,0,0
858,205,2011,18,Abu Dhabi Grand Prix,Lotus,107,109103,110202.4,106610,0,0
858,166,2011,18,Abu Dhabi Grand Prix,Virgin,71,111194,111903.62,108085,0,0
858,164,2011,18,Abu Dhabi Grand Prix,HRT,101,111195,111877.66,108274,0,0
858,3,2011,18,Abu Dhabi Grand Prix,Williams,108,107150,108537.79,104438,0,0
859,9,2011,19,Brazilian Grand Prix,Red Bull,142,77295,78112.05,75324,0,0
859,1,2011,19,Brazilian Grand Prix,McLaren,117,77981,78844.88,75580,0,1
859,6,2011,19,Brazilian Grand Prix,Ferrari,142,78005,78709.22,76181,0,0
859,131,2011,19,Brazilian Grand Prix,Mercedes,140,78648,79693.94,76681,0,0
859,10,2011,19,Brazilian Grand Prix,Force India,140,78549,79337.29,77161,0,0
859,4,2011,19,Brazilian Grand Prix,Renault,139,79654,80406.3,77011,0,0
859,5,2011,19,Brazilian Grand Prix,Toro Rosso,140,78802,79703.04,77162,0,0
859,15,2011,19,Brazilian Grand Prix,Sauber,140,78740,79737.17,77644,0,0
859,205,2011,19,Brazilian Grand Prix,Lotus,138,80358,81093.36,78023,0,0
859,3,2011,19,Brazilian Grand Prix,Williams,96,79785,80428.91,76684,0,0
859,166,2011,19,Brazilian Grand Prix,Virgin,89,81737,82342.47,79902,0,0
859,164,2011,19,Brazilian Grand Prix,HRT,129,81829,82516.6,79649,0,0
860,1,2012,1,Australian Grand Prix,McLaren,116,92860,97441.42,89187,0,1
860,131,2012,1,Australian Grand Prix,Mercedes,68,93980,97932.01,90931,0,0
860,9,2012,1,Australian Grand Prix,Red Bull,116,92944,97463.93,89417,0,0
860,208,2012,1,Australian Grand Prix,Lotus F1,59,93137,98157.78,90759,0,0
860,3,2012,1,Australian Grand Prix,Williams,109,94194,99144.83,90254,0,0
860,6,2012,1,Australian Grand Prix,Ferrari,104,93973,98653.09,90277,0,0
860,15,2012,1,Australian Grand Prix,Sauber,116,93462,98063.4,90620,0,0
860,206,2012,1,Australian Grand Prix,Marussia,110,97457,101140.1,94253,0,0
860,10,2012,1,Australian Grand Prix,Force India,58,93677,98091.41,90605,0,0
860,5,2012,1,Australian Grand Prix,Toro Rosso,116,94002,98090.81,90274,0,0
860,207,2012,1,Australian Grand Prix,Caterham,72,95196,98716.53,93214,0,0
861,1,2012,2,Malaysian Grand Prix,McLaren,112,119213,177481.55,101539,0,1
861,9,2012,2,Malaysian Grand Prix,Red Bull,112,120489,177471.78,101017,0,0
861,6,2012,2,Malaysian Grand Prix,Ferrari,112,120363,177508.42,101680,0,0
861,131,2012,2,Malaysian Grand Prix,Mercedes,112,121413,177787.62,101760,0,0
861,3,2012,2,Malaysian Grand Prix,Williams,110,120834,178872.53,101404,0,0
861,208,2012,2,Malaysian Grand Prix,Lotus F1,59,120902,174956.17,100722,0,0
861,15,2012,2,Malaysian Grand Prix,Sauber,102,121345,184835.28,101021,0,0
861,10,2012,2,Malaysian Grand Prix,Force India,112,120402,177463.64,101819,0,0
861,5,2012,2,Malaysian Grand Prix,Toro Rosso,112,120683,177744.97,101756,0,0
861,207,2012,2,Malaysian Grand Prix,Caterham,110,122262,180518.04,103513,0,0
861,206,2012,2,Malaysian Grand Prix,Marussia,109,123118,182062.12,104757,0,0
861,164,2012,2,Malaysian Grand Prix,HRT,108,126355,184746.0,105909,0,0
862,131,2012,3,Chinese Grand Prix,Mercedes,68,103137,103595.09,100967,0,0
862,1,2012,3,Chinese Grand Prix,McLaren,112,102775,103754.43,100422,0,1
862,208,2012,3,Chinese Grand Prix,Lotus F1,112,103066,104070.73,101120,0,0
862,15,2012,3,Chinese Grand Prix,Sauber,112,103286,104050.39,99960,0,0
862,6,2012,3,Chinese Grand Prix,Ferrari,112,103133,104052.62,101152,0,0
862,9,2012,3,Chinese Grand Prix,Red Bull,112,102933,103859.51,100490,0,0
862,3,2012,3,Chinese Grand Prix,Williams,112,103193,103965.16,100482,0,0
862,10,2012,3,Chinese Grand Prix,Force India,112,103212,104172.71,100977,0,0
862,207,2012,3,Chinese Grand Prix,Caterham,108,104623,107862.03,101190,0,0
862,206,2012,3,Chinese Grand Prix,Marussia,110,104658,106188.24,102621,0,0
862,5,2012,3,Chinese Grand Prix,Toro Rosso,112,103148,104364.02,100019,0,0
862,164,2012,3,Chinese Grand Prix,HRT,109,106686,107509.2,103610,0,0
863,9,2012,4,Bahrain Grand Prix,Red Bull,114,99635,100533.05,96379,0,0
863,1,2012,4,Bahrain Grand Prix,McLaren,112,100369,101529.32,97733,0,1
863,208,2012,4,Bahrain Grand Prix,Lotus F1,114,99254,100311.46,96928,0,0
863,6,2012,4,Bahrain Grand Prix,Ferrari,114,100187,101270.02,98123,0,0
863,131,2012,4,Bahrain Grand Prix,Mercedes,114,100092,101306.4,98080,0,0
863,15,2012,4,Bahrain Grand Prix,Sauber,114,100449,101622.95,96700,0,0
863,3,2012,4,Bahrain Grand Prix,Williams,79,101458,102834.87,98087,0,0
863,10,2012,4,Bahrain Grand Prix,Force India,114,100386,101368.96,98312,0,0
863,5,2012,4,Bahrain Grand Prix,Toro Rosso,113,101174,101960.88,97058,0,0
863,207,2012,4,Bahrain Grand Prix,Caterham,112,100986,102437.47,98305,0,0
863,206,2012,4,Bahrain Grand Prix,Marussia,79,103432,104591.25,100323,0,0
863,164,2012,4,Bahrain Grand Prix,HRT,110,103999,105281.33,99747,0,0
864,6,2012,5,Spanish Grand Prix,Ferrari,131,89717,90987.69,87390,0,0
864,3,2012,5,Spanish Grand Prix,Williams,78,89414,90665.31,87906,0,0
864,208,2012,5,Spanish Grand Prix,Lotus F1,132,89557,90280.1,86250,0,0
864,131,2012,5,Spanish Grand Prix,Mercedes,78,90866,91671.18,88150,0,0
864,9,2012,5,Spanish Grand Prix,Red Bull,131,90339,91348.47,87768,0,0
864,1,2012,5,Spanish Grand Prix,McLaren,132,90734,91376.33,88624,0,1
864,15,2012,5,Spanish Grand Prix,Sauber,103,90300,91740.05,88266,0,0
864,5,2012,5,Spanish Grand Prix,Toro Rosso,130,90772,91669.75,88308,0,0
864,10,2012,5,Spanish Grand Prix,Force India,130,90795,91656.68,88313,0,0
864,207,2012,5,Spanish Grand Prix,Caterham,130,91205,92286.61,88715,0,0
864,206,2012,5,Spanish Grand Prix,Marussia,99,92127,93855.74,89599,0,0
864,164,2012,5,Spanish Grand Prix,HRT,85,93698,95335.34,90722,0,0
865,9,2012,6,Monaco Grand Prix,Red Bull,156,80123,81631.13,78805,0,0
865,131,2012,6,Monaco Grand Prix,Mercedes,141,80315,81934.45,78904,0,0
865,1,2012,6,Monaco Grand Prix,McLaren,148,80555,82189.3,78806,0,1
865,6,2012,6,Monaco Grand Prix,Ferrari,156,80223,81668.31,78857,0,0
865,208,2012,6,Monaco Grand Prix,Lotus F1,78,80864,82187.09,79246,0,0
865,10,2012,6,Monaco Grand Prix,Force India,156,80635,82161.62,78423,0,0
865,3,2012,6,Monaco Grand Prix,Williams,78,80731,82193.24,79187,0,0
865,5,2012,6,Monaco Grand Prix,Toro Rosso,142,80731,82923.68,79013,0,0
865,207,2012,6,Monaco Grand Prix,Caterham,92,81131,84278.7,79305,0,0
865,206,2012,6,Monaco Grand Prix,Marussia,141,81242,83232.57,79604,0,0
865,15,2012,6,Monaco Grand Prix,Sauber,82,81159,83841.44,77296,0,0
865,164,2012,6,Monaco Grand Prix,HRT,76,82496,84685.97,80286,0,0
866,9,2012,7,Canadian Grand Prix,Red Bull,140,78836,79439.66,75752,0,0
866,1,2012,7,Canadian Grand Prix,McLaren,139,79362,79995.73,77020,0,1
866,6,2012,7,Canadian Grand Prix,Ferrari,140,78948,79556.11,76182,0,0
866,131,2012,7,Canadian Grand Prix,Mercedes,113,79495,80085.0,77060,0,0
866,10,2012,7,Canadian Grand Prix,Force India,140,79115,79879.29,77202,0,0
866,208,2012,7,Canadian Grand Prix,Lotus F1,140,78777,79408.94,76764,0,0
866,15,2012,7,Canadian Grand Prix,Sauber,140,78991,79491.89,76414,0,0
866,3,2012,7,Canadian Grand Prix,Williams,139,79829,80344.5,77489,0,0
866,207,2012,7,Canadian Grand Prix,Caterham,138,80042,80965.72,78093,0,0
866,5,2012,7,Canadian Grand Prix,Toro Rosso,139,79491,80422.28,76609,0,0
866,164,2012,7,Canadian Grand Prix,HRT,46,82554,83309.33,81535,0,0
866,206,2012,7,Canadian Grand Prix,Marussia,123,82550,83081.15,80632,0,0
867,9,2012,8,European Grand Prix,Red Bull,90,105903,111213.78,102717,0,0
867,1,2012,8,European Grand Prix,McLaren,112,106292,110103.34,104007,0,1
867,208,2012,8,European Grand Prix,Lotus F1,97,106177,110679.14,103686,0,0
867,15,2012,8,European Grand Prix,Sauber,90,106995,111419.2,103526,0,0
867,3,2012,8,European Grand Prix,Williams,114,106408,110384.99,104064,0,0
867,10,2012,8,European Grand Prix,Force India,114,106750,110141.73,104101,0,0
867,6,2012,8,European Grand Prix,Ferrari,113,106435,110761.34,103666,0,0
867,131,2012,8,European Grand Prix,Mercedes,114,107088,110062.39,102163,0,0
867,5,2012,8,European Grand Prix,Toro Rosso,83,107101,110010.43,103674,0,0
867,207,2012,8,European Grand Prix,Caterham,114,107720,111261.61,104253,0,0
867,164,2012,8,European Grand Prix,HRT,112,109219,112019.08,106388,0,0
867,206,2012,8,European Grand Prix,Marussia,57,107958,111459.65,106701,0,0
868,5,2012,9,British Grand Prix,Toro Rosso,104,98373,99299.33,95448,0,0
868,131,2012,9,British Grand Prix,Mercedes,104,98311,99126.18,95191,0,0
869,9,2012,10,German Grand Prix,Red Bull,134,81326,81958.19,79469,0,0
869,6,2012,10,German Grand Prix,Ferrari,134,81191,82113.07,79044,0,0
868,208,2012,9,British Grand Prix,Lotus F1,104,97807,98557.61,94661,0,0
868,10,2012,9,British Grand Prix,Force India,54,98036,101024.43,95898,0,0
868,3,2012,9,British Grand Prix,Williams,103,98546,100036.93,95863,0,0
868,9,2012,9,British Grand Prix,Red Bull,104,97652,98340.5,94629,0,0
868,164,2012,9,British Grand Prix,HRT,100,102068,102659.8,98339,0,0
868,15,2012,9,British Grand Prix,Sauber,63,98215,99485.73,94608,0,0
868,206,2012,9,British Grand Prix,Marussia,102,101130,101823.07,97422,0,0
868,207,2012,9,British Grand Prix,Caterham,51,100130,101147.1,97252,0,0
868,6,2012,9,British Grand Prix,Ferrari,104,97630,98414.95,94739,0,0
868,1,2012,9,British Grand Prix,McLaren,104,98093,99071.95,95490,0,1
869,131,2012,10,German Grand Prix,Mercedes,134,81564,82161.07,78725,0,0
869,10,2012,10,German Grand Prix,Force India,134,81962,82381.44,79372,0,0
869,1,2012,10,German Grand Prix,McLaren,123,81488,82653.37,79719,0,1
869,3,2012,10,German Grand Prix,Williams,132,82318,83285.51,79607,0,0
869,208,2012,10,German Grand Prix,Lotus F1,133,81674,82801.05,79485,0,0
869,5,2012,10,German Grand Prix,Toro Rosso,134,82124,82727.75,79645,0,0
869,15,2012,10,German Grand Prix,Sauber,134,81277,81951.83,79161,0,0
869,207,2012,10,German Grand Prix,Caterham,131,82739,83938.06,79997,0,0
869,206,2012,10,German Grand Prix,Marussia,129,84744,85096.39,81753,0,0
869,164,2012,10,German Grand Prix,HRT,128,84987,85577.6,81788,0,0
870,1,2012,11,Hungarian Grand Prix,McLaren,138,87392,88124.99,85677,0,1
870,208,2012,11,Hungarian Grand Prix,Lotus F1,138,87300,87989.54,85728,0,0
870,9,2012,11,Hungarian Grand Prix,Red Bull,138,87426,88239.7,84136,0,0
870,6,2012,11,Hungarian Grand Prix,Ferrari,138,87533,88376.88,85738,0,0
870,3,2012,11,Hungarian Grand Prix,Williams,138,87815,88612.4,85723,0,0
870,10,2012,11,Hungarian Grand Prix,Force India,138,88038,88776.64,85976,0,0
870,131,2012,11,Hungarian Grand Prix,Mercedes,127,88401,89368.06,85830,0,0
870,15,2012,11,Hungarian Grand Prix,Sauber,136,88694,89070.9,85218,0,0
870,5,2012,11,Hungarian Grand Prix,Toro Rosso,136,88604,89681.86,86061,0,0
870,207,2012,11,Hungarian Grand Prix,Caterham,135,89613,90601.61,86595,0,0
870,206,2012,11,Hungarian Grand Prix,Marussia,133,91049,91838.39,88447,0,0
870,164,2012,11,Hungarian Grand Prix,HRT,126,92056,92959.37,88765,0,0
871,1,2012,12,Belgian Grand Prix,McLaren,44,115958,121557.5,114293,0,1
871,208,2012,12,Belgian Grand Prix,Lotus F1,44,115998,122133.27,113640,0,0
871,10,2012,12,Belgian Grand Prix,Force India,88,117027,122598.7,113760,0,0
871,131,2012,12,Belgian Grand Prix,Mercedes,88,117616,122903.92,113073,0,0
871,5,2012,12,Belgian Grand Prix,Toro Rosso,88,117155,122942.12,113995,0,0
871,9,2012,12,Belgian Grand Prix,Red Bull,88,115915,122067.36,113768,0,0
871,3,2012,12,Belgian Grand Prix,Williams,48,117748,127694.94,112822,0,0
871,207,2012,12,Belgian Grand Prix,Caterham,86,119083,125607.3,116475,0,0
871,6,2012,12,Belgian Grand Prix,Ferrari,44,116091,122235.8,113464,0,0
871,164,2012,12,Belgian Grand Prix,HRT,72,121163,127738.5,117315,0,0
871,206,2012,12,Belgian Grand Prix,Marussia,86,119883,125864.81,116956,0,0
871,15,2012,12,Belgian Grand Prix,Sauber,44,117707,124196.57,115598,0,0
872,1,2012,13,Italian Grand Prix,McLaren,85,90289,90543.95,88427,0,1
872,6,2012,13,Italian Grand Prix,Ferrari,106,90348,90685.88,88835,0,0
872,131,2012,13,Italian Grand Prix,Mercedes,106,89889,90823.12,87239,0,0
872,9,2012,13,Italian Grand Prix,Red Bull,98,90569,91403.94,88713,0,0
872,208,2012,13,Italian Grand Prix,Lotus F1,106,90495,91218.72,88677,0,0
872,15,2012,13,Italian Grand Prix,Sauber,106,90241,90666.94,87562,0,0
872,10,2012,13,Italian Grand Prix,Force India,103,90645,91249.1,88578,0,0
872,3,2012,13,Italian Grand Prix,Williams,106,90157,91125.17,88053,0,0
872,5,2012,13,Italian Grand Prix,Toro Rosso,61,91173,91498.59,88621,0,0
872,207,2012,13,Italian Grand Prix,Caterham,104,91265,92354.22,89066,0,0
872,206,2012,13,Italian Grand Prix,Marussia,104,91921,92829.55,89753,0,0
872,164,2012,13,Italian Grand Prix,HRT,104,93017,93467.29,90398,0,0
873,1,2012,14,Singapore Grand Prix,McLaren,81,116279,121320.77,112625,0,1
873,9,2012,14,Singapore Grand Prix,Red Bull,118,116297,122876.81,112134,0,0
873,3,2012,14,Singapore Grand Prix,Williams,93,116768,123249.94,113610,0,0
873,6,2012,14,Singapore Grand Prix,Ferrari,118,116166,122969.02,112709,0,0
873,10,2012,14,Singapore Grand Prix,Force India,118,116785,123481.05,111033,0,0
873,208,2012,14,Singapore Grand Prix,Lotus F1,118,117010,123091.06,113785,0,0
873,131,2012,14,Singapore Grand Prix,Mercedes,97,117176,123626.53,113897,0,0
873,15,2012,14,Singapore Grand Prix,Sauber,118,118364,123729.22,111690,0,0
873,5,2012,14,Singapore Grand Prix,Toro Rosso,97,117286,123736.34,113510,0,0
873,207,2012,14,Singapore Grand Prix,Caterham,116,118995,125803.72,115106,0,0
873,206,2012,14,Singapore Grand Prix,Marussia,118,119414,124382.47,116057,0,0
873,164,2012,14,Singapore Grand Prix,HRT,88,121110,123993.05,117671,0,0
874,9,2012,15,Japanese Grand Prix,Red Bull,106,99162,101199.61,95774,0,0
874,15,2012,15,Japanese Grand Prix,Sauber,71,99840,102400.14,96679,0,0
874,1,2012,15,Japanese Grand Prix,McLaren,106,99496,101359.17,96606,0,1
874,6,2012,15,Japanese Grand Prix,Ferrari,53,99080,101073.23,96894,0,0
874,208,2012,15,Japanese Grand Prix,Lotus F1,104,99824,102307.63,97886,0,0
874,10,2012,15,Japanese Grand Prix,Force India,106,99888,101953.8,97535,0,0
874,3,2012,15,Japanese Grand Prix,Williams,106,99516,102014.69,96819,0,0
874,5,2012,15,Japanese Grand Prix,Toro Rosso,106,99473,102151.4,97455,0,0
874,206,2012,15,Japanese Grand Prix,Marussia,89,102039,104745.57,98756,0,0
874,207,2012,15,Japanese Grand Prix,Caterham,104,101662,103860.31,98043,0,0
874,131,2012,15,Japanese Grand Prix,Mercedes,53,99467,101962.47,96942,0,0
874,164,2012,15,Japanese Grand Prix,HRT,84,103041,105144.14,99351,0,0
875,9,2012,16,Korean Grand Prix,Red Bull,110,104490,105323.03,102037,0,0
875,6,2012,16,Korean Grand Prix,Ferrari,110,104571,105558.31,102242,0,0
875,1,2012,16,Korean Grand Prix,McLaren,55,106121,106697.15,102721,0,1
875,208,2012,16,Korean Grand Prix,Lotus F1,110,105209,106080.48,102783,0,0
875,10,2012,16,Korean Grand Prix,Force India,110,105593,106427.74,102645,0,0
875,15,2012,16,Korean Grand Prix,Sauber,71,106820,108676.69,102495,0,0
875,131,2012,16,Korean Grand Prix,Mercedes,56,106001,107071.43,103184,0,0
875,3,2012,16,Korean Grand Prix,Williams,110,106385,106992.07,102679,0,0
875,5,2012,16,Korean Grand Prix,Toro Rosso,110,105233,106533.44,102721,0,0
875,207,2012,16,Korean Grand Prix,Caterham,108,107356,108458.83,104955,0,0
875,206,2012,16,Korean Grand Prix,Marussia,107,107729,109010.42,104462,0,0
875,164,2012,16,Korean Grand Prix,HRT,69,110672,111034.46,107068,0,0
876,9,2012,17,Indian Grand Prix,Red Bull,120,91035,91289.21,88723,0,0
876,1,2012,17,Indian Grand Prix,McLaren,120,91140,91513.86,88203,0,1
876,6,2012,17,Indian Grand Prix,Ferrari,120,91239,91629.99,88630,0,0
876,208,2012,17,Indian Grand Prix,Lotus F1,120,91447,92023.48,89354,0,0
876,15,2012,17,Indian Grand Prix,Sauber,80,93229,93845.14,89204,0,0
876,10,2012,17,Indian Grand Prix,Force India,120,92031,92327.51,89086,0,0
876,131,2012,17,Indian Grand Prix,Mercedes,115,92290,93352.3,89230,0,0
876,3,2012,17,Indian Grand Prix,Williams,119,92350,93093.71,88431,0,0
876,5,2012,17,Indian Grand Prix,Toro Rosso,119,92792,93181.94,89440,0,0
876,164,2012,17,Indian Grand Prix,HRT,100,94973,95658.08,92161,0,0
876,207,2012,17,Indian Grand Prix,Caterham,118,93441,94013.77,90786,0,0
876,206,2012,17,Indian Grand Prix,Marussia,117,93889,94503.18,91366,0,0
877,1,2012,18,Abu Dhabi Grand Prix,McLaren,74,108319,117672.01,104533,0,1
877,208,2012,18,Abu Dhabi Grand Prix,Lotus F1,92,108492,116060.11,104458,0,0
877,3,2012,18,Abu Dhabi Grand Prix,Williams,110,108824,115944.39,104833,0,0
877,6,2012,18,Abu Dhabi Grand Prix,Ferrari,110,108260,115828.02,104090,0,0
877,9,2012,18,Abu Dhabi Grand Prix,Red Bull,92,108423,116124.15,103964,0,0
877,15,2012,18,Abu Dhabi Grand Prix,Sauber,110,108903,116310.71,105410,0,0
877,131,2012,18,Abu Dhabi Grand Prix,Mercedes,62,109362,116043.56,105225,0,0
877,5,2012,18,Abu Dhabi Grand Prix,Toro Rosso,110,109227,116179.12,105903,0,0
877,206,2012,18,Abu Dhabi Grand Prix,Marussia,96,111415,117543.52,107661,0,0
877,207,2012,18,Abu Dhabi Grand Prix,Caterham,110,110799,116633.57,107115,0,0
877,164,2012,18,Abu Dhabi Grand Prix,HRT,62,111873,116715.0,108619,0,0
877,10,2012,18,Abu Dhabi Grand Prix,Force India,55,108687,116051.4,105617,0,0
878,9,2012,19,United States Grand Prix,Red Bull,72,103563,103320.43,99347,0,0
878,1,2012,19,United States Grand Prix,McLaren,112,102131,103276.52,99709,0,1
878,6,2012,19,United States Grand Prix,Ferrari,112,102813,103533.75,99402,0,0
878,131,2012,19,United States Grand Prix,Mercedes,111,103804,104679.24,100428,0,0
878,10,2012,19,United States Grand Prix,Force India,111,103586,104562.97,100594,0,0
878,208,2012,19,United States Grand Prix,Lotus F1,112,103124,103975.68,99474,0,0
878,15,2012,19,United States Grand Prix,Sauber,111,103644,104570.62,100315,0,0
878,3,2012,19,United States Grand Prix,Williams,112,103126,104108.89,100719,0,0
878,5,2012,19,United States Grand Prix,Toro Rosso,70,104338,105035.91,100772,0,0
878,207,2012,19,United States Grand Prix,Caterham,110,105080,106156.35,102824,0,0
878,206,2012,19,United States Grand Prix,Marussia,109,105770,106560.27,102481,0,0
878,164,2012,19,United States Grand Prix,HRT,108,107325,108027.84,104508,0,0
879,1,2012,20,Brazilian Grand Prix,McLaren,125,84295,88280.15,78069,0,1
879,6,2012,20,Brazilian Grand Prix,Ferrari,142,87869,89096.35,78623,0,0
879,9,2012,20,Brazilian Grand Prix,Red Bull,142,87530,89152.82,78903,0,0
879,10,2012,20,Brazilian Grand Prix,Force India,139,86885,88987.28,78210,0,0
879,208,2012,20,Brazilian Grand Prix,Lotus F1,75,88520,90003.03,79444,0,0
879,3,2012,20,Brazilian Grand Prix,Williams,1,90970,90970.0,90970,0,0
879,15,2012,20,Brazilian Grand Prix,Sauber,71,87440,89491.63,78973,0,0
879,131,2012,20,Brazilian Grand Prix,Mercedes,141,89090,90063.23,80158,0,0
879,5,2012,20,Brazilian Grand Prix,Toro Rosso,141,88319,89959.55,78983,0,0
879,207,2012,20,Brazilian Grand Prix,Caterham,140,89230,90624.66,79256,0,0
879,206,2012,20,Brazilian Grand Prix,Marussia,140,89063,90698.5,79686,0,0
879,164,2012,20,Brazilian Grand Prix,HRT,138,90390,91893.02,81085,0,0
881,9,2013,2,Malaysian Grand Prix,Red Bull,112,103098,106050.54,100446,0,0
881,6,2013,2,Malaysian Grand Prix,Ferrari,57,103115,106799.44,99805,0,0
881,131,2013,2,Malaysian Grand Prix,Mercedes,112,103038,106233.78,100755,0,0
881,1,2013,2,Malaysian Grand Prix,McLaren,109,103774,107744.02,99199,0,1
881,10,2013,2,Malaysian Grand Prix,Force India,49,106147,115419.0,102791,0,0
881,15,2013,2,Malaysian Grand Prix,Sauber,111,104433,107485.76,100727,0,0
881,5,2013,2,Malaysian Grand Prix,Toro Rosso,107,104655,108041.33,100492,0,0
881,208,2013,2,Malaysian Grand Prix,Lotus F1,112,103444,106762.54,101226,0,0
881,3,2013,2,Malaysian Grand Prix,Williams,101,104709,108635.52,101373,0,0
881,207,2013,2,Malaysian Grand Prix,Caterham,110,105971,109706.58,102942,0,0
881,206,2013,2,Malaysian Grand Prix,Marussia,109,106269,109629.49,102423,0,0
880,9,2013,1,Australian Grand Prix,Red Bull,116,92566,93755.14,89732,0,0
880,6,2013,1,Australian Grand Prix,Ferrari,116,92392,93555.84,89560,0,0
880,131,2013,1,Australian Grand Prix,Mercedes,84,93202,94318.87,89759,0,0
880,208,2013,1,Australian Grand Prix,Lotus F1,116,92892,93872.49,89274,0,0
880,10,2013,1,Australian Grand Prix,Force India,116,93455,94310.06,90710,0,0
880,1,2013,1,Australian Grand Prix,McLaren,116,93055,94581.44,89926,0,1
880,3,2013,1,Australian Grand Prix,Williams,81,94638,95898.67,90652,0,0
880,5,2013,1,Australian Grand Prix,Toro Rosso,97,93355,95149.41,89498,0,0
880,15,2013,1,Australian Grand Prix,Sauber,57,94143,95303.81,91415,0,0
880,206,2013,1,Australian Grand Prix,Marussia,113,95088,96942.9,90454,0,0
880,207,2013,1,Australian Grand Prix,Caterham,112,95685,97310.47,92261,0,0
882,131,2013,3,Chinese Grand Prix,Mercedes,77,103648,105080.19,99981,0,0
882,6,2013,3,Chinese Grand Prix,Ferrari,112,102887,103702.83,99506,0,0
882,208,2013,3,Chinese Grand Prix,Lotus F1,112,102988,103906.08,99955,0,0
882,5,2013,3,Chinese Grand Prix,Toro Rosso,112,103394,104367.72,100138,0,0
882,1,2013,3,Chinese Grand Prix,McLaren,112,103904,104223.53,98058,0,1
882,9,2013,3,Chinese Grand Prix,Red Bull,71,103643,104210.25,96808,0,0
882,15,2013,3,Chinese Grand Prix,Sauber,60,103489,104515.55,100630,0,0
882,10,2013,3,Chinese Grand Prix,Force India,61,103937,104542.28,100101,0,0
882,3,2013,3,Chinese Grand Prix,Williams,112,104194,105028.61,98200,0,0
882,206,2013,3,Chinese Grand Prix,Marussia,110,104214,105777.85,101537,0,0
882,207,2013,3,Chinese Grand Prix,Caterham,110,104905,106080.57,101997,0,0
883,131,2013,4,Bahrain Grand Prix,Mercedes,114,100553,101731.16,97588,0,0
883,9,2013,4,Bahrain Grand Prix,Red Bull,114,100296,101388.07,96961,0,0
883,6,2013,4,Bahrain Grand Prix,Ferrari,114,100765,102148.54,97204,0,0
883,10,2013,4,Bahrain Grand Prix,Force India,114,100667,101924.93,97070,0,0
883,208,2013,4,Bahrain Grand Prix,Lotus F1,114,100548,101312.4,97627,0,0
883,1,2013,4,Bahrain Grand Prix,McLaren,114,100700,101786.18,97743,0,1
883,15,2013,4,Bahrain Grand Prix,Sauber,113,101654,102746.62,98202,0,0
883,5,2013,4,Bahrain Grand Prix,Toro Rosso,72,102524,105013.9,99579,0,0
883,3,2013,4,Bahrain Grand Prix,Williams,114,101211,102359.27,98192,0,0
883,206,2013,4,Bahrain Grand Prix,Marussia,112,102453,103933.79,98756,0,0
883,207,2013,4,Bahrain Grand Prix,Caterham,111,102684,104433.19,99334,0,0
884,131,2013,5,Spanish Grand Prix,Mercedes,131,90671,91543.37,87591,0,0
884,9,2013,5,Spanish Grand Prix,Red Bull,132,89858,90904.76,87017,0,0
884,6,2013,5,Spanish Grand Prix,Ferrari,132,89394,90448.8,86394,0,0
884,208,2013,5,Spanish Grand Prix,Lotus F1,74,89788,91152.57,86757,0,0
884,1,2013,5,Spanish Grand Prix,McLaren,132,90661,91473.0,87251,0,1
884,10,2013,5,Spanish Grand Prix,Force India,131,90117,91554.38,86564,0,0
884,5,2013,5,Spanish Grand Prix,Toro Rosso,117,90819,92465.33,88083,0,0
884,15,2013,5,Spanish Grand Prix,Sauber,130,90906,91922.06,86217,0,0
884,3,2013,5,Spanish Grand Prix,Williams,130,91422,92467.54,87849,0,0
884,207,2013,5,Spanish Grand Prix,Caterham,86,92311,94600.08,89362,0,0
884,206,2013,5,Spanish Grand Prix,Marussia,128,92181,93352.27,88011,0,0
885,131,2013,6,Monaco Grand Prix,Mercedes,156,81873,106141.06,78133,0,0
885,9,2013,6,Monaco Grand Prix,Red Bull,156,82120,106117.4,76577,0,0
885,208,2013,6,Monaco Grand Prix,Lotus F1,141,82743,108750.19,77392,0,0
885,6,2013,6,Monaco Grand Prix,Ferrari,106,82866,100555.67,79340,0,0
885,1,2013,6,Monaco Grand Prix,McLaren,150,82533,107414.83,78720,0,1
885,10,2013,6,Monaco Grand Prix,Force India,156,82537,106366.65,78292,0,0
885,5,2013,6,Monaco Grand Prix,Toro Rosso,139,82745,108477.07,79151,0,0
885,15,2013,6,Monaco Grand Prix,Sauber,156,82798,106601.9,78685,0,0
885,3,2013,6,Monaco Grand Prix,Williams,122,82728,100276.07,80881,0,0
885,207,2013,6,Monaco Grand Prix,Caterham,85,83369,105113.53,80494,0,0
885,206,2013,6,Monaco Grand Prix,Marussia,136,83187,109892.15,79016,0,0
886,9,2013,7,Canadian Grand Prix,Red Bull,140,78657,79171.55,76182,0,0
886,131,2013,7,Canadian Grand Prix,Mercedes,140,79334,79599.66,76354,0,0
886,6,2013,7,Canadian Grand Prix,Ferrari,139,79687,79874.12,76203,0,0
886,3,2013,7,Canadian Grand Prix,Williams,137,80881,81558.55,78004,0,0
886,5,2013,7,Canadian Grand Prix,Toro Rosso,137,80341,80899.15,77909,0,0
886,10,2013,7,Canadian Grand Prix,Force India,138,79957,80587.52,77694,0,0
886,208,2013,7,Canadian Grand Prix,Lotus F1,138,80275,80740.39,77607,0,0
886,15,2013,7,Canadian Grand Prix,Sauber,108,80853,81954.02,79056,0,0
886,1,2013,7,Canadian Grand Prix,McLaren,138,80355,80677.06,77369,0,1
886,207,2013,7,Canadian Grand Prix,Caterham,110,82527,83858.55,79380,0,0
886,206,2013,7,Canadian Grand Prix,Marussia,135,82213,82547.37,78873,0,0
887,131,2013,8,British Grand Prix,Mercedes,104,98266,107371.81,93531,0,0
887,9,2013,8,British Grand Prix,Red Bull,93,98105,106905.65,93401,0,0
887,10,2013,8,British Grand Prix,Force India,104,98562,107626.83,95330,0,0
887,6,2013,8,British Grand Prix,Ferrari,104,98788,107505.86,94090,0,0
887,208,2013,8,British Grand Prix,Lotus F1,103,99137,107741.58,95384,0,0
887,5,2013,8,British Grand Prix,Toro Rosso,87,99617,108150.3,95542,0,0
887,1,2013,8,British Grand Prix,McLaren,98,99313,108535.93,95146,0,1
887,15,2013,8,British Grand Prix,Sauber,104,99667,107739.48,95805,0,0
887,3,2013,8,British Grand Prix,Williams,104,100805,107741.74,95818,0,0
887,207,2013,8,British Grand Prix,Caterham,104,101655,108252.73,97091,0,0
887,206,2013,8,British Grand Prix,Marussia,104,102168,108294.89,97978,0,0
888,9,2013,9,German Grand Prix,Red Bull,120,97419,101558.2,94164,0,0
888,131,2013,9,German Grand Prix,Mercedes,120,98320,101859.75,94156,0,0
888,208,2013,9,German Grand Prix,Lotus F1,120,97078,101302.17,93767,0,0
888,6,2013,9,German Grand Prix,Ferrari,63,97529,101325.51,93468,0,0
888,5,2013,9,German Grand Prix,Toro Rosso,82,99151,102106.63,95982,0,0
888,1,2013,9,German Grand Prix,McLaren,120,98083,101797.7,94201,0,1
888,15,2013,9,German Grand Prix,Sauber,120,98548,102162.28,94244,0,0
888,10,2013,9,German Grand Prix,Force India,120,98453,102174.43,95816,0,0
888,3,2013,9,German Grand Prix,Williams,119,99113,102694.0,93972,0,0
888,207,2013,9,German Grand Prix,Caterham,118,100522,103611.09,97584,0,0
888,206,2013,9,German Grand Prix,Marussia,80,100895,103569.89,98383,0,0
890,131,2013,10,Hungarian Grand Prix,Mercedes,134,87598,88317.13,84647,0,0
890,9,2013,10,Hungarian Grand Prix,Red Bull,140,87375,88067.09,84069,0,0
890,208,2013,10,Hungarian Grand Prix,Lotus F1,140,87232,88158.02,85260,0,0
890,6,2013,10,Hungarian Grand Prix,Ferrari,140,87881,88476.77,85176,0,0
890,1,2013,10,Hungarian Grand Prix,McLaren,139,87868,88883.67,86143,0,1
890,5,2013,10,Hungarian Grand Prix,Toro Rosso,138,89269,89849.34,86491,0,0
890,3,2013,10,Hungarian Grand Prix,Williams,111,88987,90056.02,85597,0,0
890,10,2013,10,Hungarian Grand Prix,Force India,85,89522,90253.56,86608,0,0
890,15,2013,10,Hungarian Grand Prix,Sauber,97,89288,90364.52,86740,0,0
890,207,2013,10,Hungarian Grand Prix,Caterham,136,90260,91016.22,87473,0,0
890,206,2013,10,Hungarian Grand Prix,Marussia,134,91222,92352.62,88160,0,0
891,9,2013,11,Belgian Grand Prix,Red Bull,88,113834,114525.42,110756,0,0
891,131,2013,11,Belgian Grand Prix,Mercedes,88,114020,114795.43,111582,0,0
891,1,2013,11,Belgian Grand Prix,McLaren,88,114503,115535.48,110823,0,1
891,6,2013,11,Belgian Grand Prix,Ferrari,88,114093,114945.26,111383,0,0
891,10,2013,11,Belgian Grand Prix,Force India,70,115711,116457.23,112226,0,0
891,15,2013,11,Belgian Grand Prix,Sauber,88,115717,116285.07,111849,0,0
891,208,2013,11,Belgian Grand Prix,Lotus F1,69,115876,116012.9,112497,0,0
891,207,2013,11,Belgian Grand Prix,Caterham,51,117330,118297.2,113995,0,0
891,3,2013,11,Belgian Grand Prix,Williams,87,116064,117165.38,112579,0,0
891,5,2013,11,Belgian Grand Prix,Toro Rosso,88,115290,115961.39,110967,0,0
891,206,2013,11,Belgian Grand Prix,Marussia,85,118171,119335.14,114894,0,0
892,9,2013,12,Italian Grand Prix,Red Bull,106,88047,88991.08,86690,0,0
892,6,2013,12,Italian Grand Prix,Ferrari,106,88466,89071.06,86797,0,0
892,15,2013,12,Italian Grand Prix,Sauber,106,88978,89414.52,86716,0,0
892,131,2013,12,Italian Grand Prix,Mercedes,106,88502,89351.23,85849,0,0
892,5,2013,12,Italian Grand Prix,Toro Rosso,67,89692,89802.82,87294,0,0
892,1,2013,12,Italian Grand Prix,McLaren,106,88709,89667.89,87607,0,1
892,10,2013,12,Italian Grand Prix,Force India,52,89609,89913.35,87418,0,0
892,208,2013,12,Italian Grand Prix,Lotus F1,106,88606,89608.76,86948,0,0
892,3,2013,12,Italian Grand Prix,Williams,106,89136,89930.34,86981,0,0
892,207,2013,12,Italian Grand Prix,Caterham,104,90231,91642.69,88620,0,0
892,206,2013,12,Italian Grand Prix,Marussia,104,91364,92046.42,89491,0,0
893,9,2013,13,Singapore Grand Prix,Red Bull,121,112937,117796.62,108574,0,0
893,131,2013,13,Singapore Grand Prix,Mercedes,122,113062,118119.49,109916,0,0
893,6,2013,13,Singapore Grand Prix,Ferrari,122,113179,118055.48,110509,0,0
893,208,2013,13,Singapore Grand Prix,Lotus F1,98,113512,120091.35,111097,0,0
893,1,2013,13,Singapore Grand Prix,McLaren,122,113953,118634.74,111740,0,1
893,15,2013,13,Singapore Grand Prix,Sauber,122,114262,118757.53,112007,0,0
893,10,2013,13,Singapore Grand Prix,Force India,115,113932,118739.32,109656,0,0
893,5,2013,13,Singapore Grand Prix,Toro Rosso,84,115277,118477.82,110328,0,0
893,3,2013,13,Singapore Grand Prix,Williams,122,114528,118851.67,110708,0,0
893,207,2013,13,Singapore Grand Prix,Caterham,120,115519,119690.82,110990,0,0
893,206,2013,13,Singapore Grand Prix,Marussia,120,115870,119749.22,112898,0,0
894,9,2013,14,Korean Grand Prix,Red Bull,91,106070,113307.27,101380,0,0
894,208,2013,14,Korean Grand Prix,Lotus F1,110,105422,112695.94,101936,0,0
894,131,2013,14,Korean Grand Prix,Mercedes,110,105769,113085.05,102471,0,0
894,15,2013,14,Korean Grand Prix,Sauber,110,106769,113159.15,102608,0,0
894,6,2013,14,Korean Grand Prix,Ferrari,110,106769,113163.46,102709,0,0
894,5,2013,14,Korean Grand Prix,Toro Rosso,105,107480,114004.06,102947,0,0
894,3,2013,14,Korean Grand Prix,Williams,110,107464,113495.13,103869,0,0
894,1,2013,14,Korean Grand Prix,McLaren,110,106104,113225.63,102973,0,1
894,10,2013,14,Korean Grand Prix,Force India,74,107705,113748.62,104095,0,0
894,207,2013,14,Korean Grand Prix,Caterham,110,108016,113777.1,104375,0,0
894,206,2013,14,Korean Grand Prix,Marussia,110,108821,113893.36,104991,0,0
895,208,2013,15,Japanese Grand Prix,Lotus F1,106,97905,98828.65,95516,0,0
895,9,2013,15,Japanese Grand Prix,Red Bull,106,97553,98355.95,94587,0,0
895,131,2013,15,Japanese Grand Prix,Mercedes,60,98760,101228.92,94650,0,0
895,6,2013,15,Japanese Grand Prix,Ferrari,106,98795,99561.04,95877,0,0
895,15,2013,15,Japanese Grand Prix,Sauber,106,98784,99451.39,96482,0,0
895,1,2013,15,Japanese Grand Prix,McLaren,105,99238,100157.94,95549,0,1
895,10,2013,15,Japanese Grand Prix,Force India,105,99761,100325.88,97367,0,0
895,3,2013,15,Japanese Grand Prix,Williams,104,99803,100556.96,97423,0,0
895,5,2013,15,Japanese Grand Prix,Toro Rosso,104,99250,100259.69,95020,0,0
895,206,2013,15,Japanese Grand Prix,Marussia,52,100973,102090.98,98713,0,0
895,207,2013,15,Japanese Grand Prix,Caterham,52,100130,101721.62,97489,0,0
896,9,2013,16,Indian Grand Prix,Red Bull,99,90691,91701.45,88116,0,0
896,6,2013,16,Indian Grand Prix,Ferrari,120,91526,92203.02,88709,0,0
896,131,2013,16,Indian Grand Prix,Mercedes,120,91320,91888.93,88816,0,0
896,15,2013,16,Indian Grand Prix,Sauber,113,91929,93127.27,88682,0,0
896,208,2013,16,Indian Grand Prix,Lotus F1,120,91380,92102.12,87679,0,0
896,1,2013,16,Indian Grand Prix,McLaren,119,91370,92368.34,88503,0,1
896,5,2013,16,Indian Grand Prix,Toro Rosso,119,92010,92639.76,88831,0,0
896,10,2013,16,Indian Grand Prix,Force India,120,91913,92433.13,88419,0,0
896,3,2013,16,Indian Grand Prix,Williams,119,92017,92785.09,88928,0,0
896,206,2013,16,Indian Grand Prix,Marussia,116,93585,94561.34,90171,0,0
896,207,2013,16,Indian Grand Prix,Caterham,36,94975,99166.14,92907,0,0
897,9,2013,17,Abu Dhabi Grand Prix,Red Bull,110,106572,107300.37,103893,0,0
897,131,2013,17,Abu Dhabi Grand Prix,Mercedes,110,107243,108046.63,104458,0,0
897,208,2013,17,Abu Dhabi Grand Prix,Lotus F1,55,107138,107652.87,104301,0,0
897,15,2013,17,Abu Dhabi Grand Prix,Sauber,109,108037,108963.95,105570,0,0
897,6,2013,17,Abu Dhabi Grand Prix,Ferrari,110,108012,108384.35,103434,0,0
897,1,2013,17,Abu Dhabi Grand Prix,McLaren,110,107865,108792.52,105435,0,1
897,10,2013,17,Abu Dhabi Grand Prix,Force India,110,108288,108578.57,105609,0,0
897,3,2013,17,Abu Dhabi Grand Prix,Williams,109,108240,108891.82,104351,0,0
897,5,2013,17,Abu Dhabi Grand Prix,Toro Rosso,108,108439,109396.8,104517,0,0
897,207,2013,17,Abu Dhabi Grand Prix,Caterham,108,109749,110249.99,106432,0,0
897,206,2013,17,Abu Dhabi Grand Prix,Marussia,106,110744,111543.37,107619,0,0
898,9,2013,18,United States Grand Prix,Red Bull,112,103262,106452.61,99856,0,0
898,208,2013,18,United States Grand Prix,Lotus F1,112,103715,107282.53,100445,0,0
898,131,2013,18,United States Grand Prix,Mercedes,112,103832,107149.96,100818,0,0
898,15,2013,18,United States Grand Prix,Sauber,112,104161,107467.88,100952,0,0
898,1,2013,18,United States Grand Prix,McLaren,112,104176,107484.52,101285,0,1
898,6,2013,18,United States Grand Prix,Ferrari,112,104129,107417.88,101186,0,0
898,3,2013,18,United States Grand Prix,Williams,111,104287,107981.64,100492,0,0
898,10,2013,18,United States Grand Prix,Force India,56,104567,108107.16,101148,0,0
898,5,2013,18,United States Grand Prix,Toro Rosso,112,104469,107856.02,101320,0,0
898,206,2013,18,United States Grand Prix,Marussia,109,106631,109995.1,103419,0,0
898,207,2013,18,United States Grand Prix,Caterham,110,105810,109650.17,103933,0,0
899,9,2013,19,Brazilian Grand Prix,Red Bull,142,77720,78331.35,75436,0,0
899,131,2013,19,Brazilian Grand Prix,Mercedes,142,78074,79046.13,76442,0,0
899,6,2013,19,Brazilian Grand Prix,Ferrari,142,78077,78736.78,75496,0,0
899,15,2013,19,Brazilian Grand Prix,Sauber,141,78667,79308.06,76528,0,0
899,208,2013,19,Brazilian Grand Prix,Lotus F1,72,78768,79742.31,77249,0,0
899,5,2013,19,Brazilian Grand Prix,Toro Rosso,140,78776,79625.84,76790,0,0
899,3,2013,19,Brazilian Grand Prix,Williams,115,79587,80354.04,76840,0,0
899,1,2013,19,Brazilian Grand Prix,McLaren,142,78065,78831.06,76246,0,1
899,10,2013,19,Brazilian Grand Prix,Force India,140,78574,79454.26,76049,0,0
899,206,2013,19,Brazilian Grand Prix,Marussia,138,80582,81216.27,77281,0,0
899,207,2013,19,Brazilian Grand Prix,Caterham,127,80254,80851.92,77590,0,0
900,131,2014,1,Australian Grand Prix,Mercedes,59,94069,98052.97,92478,0,0
900,9,2014,1,Australian Grand Prix,Red Bull,60,95037,99093.65,93066,0,0
900,1,2014,1,Australian Grand Prix,McLaren,114,95197,98370.39,92917,0,1
900,10,2014,1,Australian Grand Prix,Force India,114,95907,99070.65,93210,0,0
900,6,2014,1,Australian Grand Prix,Ferrari,114,95356,98687.54,92616,0,0
900,5,2014,1,Australian Grand Prix,Toro Rosso,114,95633,98960.05,92634,0,0
900,207,2014,1,Australian Grand Prix,Caterham,27,100204,105014.3,97064,0,0
900,208,2014,1,Australian Grand Prix,Lotus F1,72,98452,102237.97,94766,0,0
900,206,2014,1,Australian Grand Prix,Marussia,104,98578,108397.21,95281,0,0
900,15,2014,1,Australian Grand Prix,Sauber,112,96870,99819.71,94202,0,0
900,3,2014,1,Australian Grand Prix,Williams,57,95211,98707.88,92568,0,0
901,131,2014,2,Malaysian Grand Prix,Mercedes,112,106681,107761.26,103066,0,0
901,9,2014,2,Malaysian Grand Prix,Red Bull,105,107103,110219.56,104289,0,0
901,6,2014,2,Malaysian Grand Prix,Ferrari,111,107732,109185.95,104165,0,0
901,10,2014,2,Malaysian Grand Prix,Force India,56,107274,108449.52,105982,0,0
901,1,2014,2,Malaysian Grand Prix,McLaren,111,107757,109351.62,105373,0,1
901,3,2014,2,Malaysian Grand Prix,Williams,112,107728,109130.01,104897,0,0
901,15,2014,2,Malaysian Grand Prix,Sauber,67,109803,111401.61,107782,0,0
901,5,2014,2,Malaysian Grand Prix,Toro Rosso,73,109195,111578.62,106695,0,0
901,208,2014,2,Malaysian Grand Prix,Lotus F1,62,108741,110744.24,106224,0,0
901,207,2014,2,Malaysian Grand Prix,Caterham,109,109977,111332.65,107500,0,0
901,206,2014,2,Malaysian Grand Prix,Marussia,62,110499,113988.27,108249,0,0
902,131,2014,3,Bahrain Grand Prix,Mercedes,114,100511,104969.92,97020,0,0
902,3,2014,3,Bahrain Grand Prix,Williams,114,101333,105514.27,99272,0,0
902,10,2014,3,Bahrain Grand Prix,Force India,114,101548,105422.87,98785,0,0
902,1,2014,3,Bahrain Grand Prix,McLaren,95,102017,105400.6,99565,0,1
902,6,2014,3,Bahrain Grand Prix,Ferrari,114,101933,105539.85,99438,0,0
902,9,2014,3,Bahrain Grand Prix,Red Bull,114,102126,105437.32,99269,0,0
902,5,2014,3,Bahrain Grand Prix,Toro Rosso,75,102634,106572.0,100160,0,0
902,15,2014,3,Bahrain Grand Prix,Sauber,56,103330,107716.79,100698,0,0
902,208,2014,3,Bahrain Grand Prix,Lotus F1,114,102234,105889.75,99443,0,0
902,206,2014,3,Bahrain Grand Prix,Marussia,113,104116,107099.27,101825,0,0
902,207,2014,3,Bahrain Grand Prix,Caterham,90,104103,106105.43,101134,0,0
903,131,2014,4,Chinese Grand Prix,Mercedes,112,103138,103967.02,100402,0,0
903,9,2014,4,Chinese Grand Prix,Red Bull,112,103763,104496.52,101473,0,0
903,6,2014,4,Chinese Grand Prix,Ferrari,112,103792,104780.13,102081,0,0
903,3,2014,4,Chinese Grand Prix,Williams,111,104207,105642.02,102379,0,0
903,10,2014,4,Chinese Grand Prix,Force India,112,104211,105086.52,102228,0,0
903,208,2014,4,Chinese Grand Prix,Lotus F1,83,105429,106866.43,103067,0,0
903,5,2014,4,Chinese Grand Prix,Toro Rosso,110,105189,105952.06,102896,0,0
903,1,2014,4,Chinese Grand Prix,McLaren,110,105341,106098.22,102701,0,1
903,15,2014,4,Chinese Grand Prix,Sauber,60,105590,107798.52,102257,0,0
903,207,2014,4,Chinese Grand Prix,Caterham,109,106552,107864.78,103323,0,0
903,206,2014,4,Chinese Grand Prix,Marussia,109,106462,107691.83,102875,0,0
904,131,2014,5,Spanish Grand Prix,Mercedes,132,91469,91901.11,89236,0,0
904,3,2014,5,Spanish Grand Prix,Williams,131,92650,93459.18,90424,0,0
904,9,2014,5,Spanish Grand Prix,Red Bull,132,92248,92848.68,88918,0,0
904,208,2014,5,Spanish Grand Prix,Lotus F1,130,92850,93819.23,91068,0,0
904,6,2014,5,Spanish Grand Prix,Ferrari,131,92402,93292.71,89898,0,0
904,10,2014,5,Spanish Grand Prix,Force India,130,92733,93658.14,90756,0,0
904,15,2014,5,Spanish Grand Prix,Sauber,130,93397,94414.23,90666,0,0
904,5,2014,5,Spanish Grand Prix,Toro Rosso,89,93321,94455.82,90269,0,0
904,1,2014,5,Spanish Grand Prix,McLaren,130,92870,93812.24,90318,0,1
904,206,2014,5,Spanish Grand Prix,Marussia,128,94247,95463.16,91767,0,0
904,207,2014,5,Spanish Grand Prix,Caterham,98,95249,96394.13,93064,0,0
905,131,2014,6,Monaco Grand Prix,Mercedes,156,80483,84259.82,79361,0,0
905,9,2014,6,Monaco Grand Prix,Red Bull,83,80902,86499.84,79252,0,0
905,6,2014,6,Monaco Grand Prix,Ferrari,155,81295,85336.31,78479,0,0
905,1,2014,6,Monaco Grand Prix,McLaren,154,81899,85743.86,80657,0,1
905,5,2014,6,Monaco Grand Prix,Toro Rosso,60,82102,88637.62,81083,0,0
905,10,2014,6,Monaco Grand Prix,Force India,77,82085,85565.97,80767,0,0
905,3,2014,6,Monaco Grand Prix,Williams,132,81848,86119.77,80314,0,0
905,15,2014,6,Monaco Grand Prix,Sauber,82,82292,87001.04,81146,0,0
905,207,2014,6,Monaco Grand Prix,Caterham,152,83791,86925.58,80911,0,0
905,206,2014,6,Monaco Grand Prix,Marussia,152,83518,87111.62,80579,0,0
905,208,2014,6,Monaco Grand Prix,Lotus F1,77,83269,85799.92,80979,0,0
906,131,2014,7,Canadian Grand Prix,Mercedes,116,80224,85937.93,78616,0,0
906,9,2014,7,Canadian Grand Prix,Red Bull,140,80235,85077.91,78640,0,0
906,3,2014,7,Canadian Grand Prix,Williams,139,80406,85152.68,78504,0,0
906,5,2014,7,Canadian Grand Prix,Toro Rosso,117,81053,86642.85,79399,0,0
906,6,2014,7,Canadian Grand Prix,Ferrari,140,80561,85530.05,78529,0,0
906,1,2014,7,Canadian Grand Prix,McLaren,140,80562,85333.35,78759,0,1
906,10,2014,7,Canadian Grand Prix,Force India,139,80569,85074.37,78936,0,0
906,15,2014,7,Canadian Grand Prix,Sauber,133,81666,86497.35,80112,0,0
906,208,2014,7,Canadian Grand Prix,Lotus F1,80,81860,88992.75,79650,0,0
906,207,2014,7,Canadian Grand Prix,Caterham,30,85027,102039.63,83130,0,0
907,3,2014,8,Austrian Grand Prix,Williams,142,74035,74475.23,72581,0,0
907,131,2014,8,Austrian Grand Prix,Mercedes,142,73794,74309.04,72217,0,0
907,6,2014,8,Austrian Grand Prix,Ferrari,142,74001,74762.55,72595,0,0
907,1,2014,8,Austrian Grand Prix,McLaren,142,74219,74879.92,72746,0,1
907,10,2014,8,Austrian Grand Prix,Force India,142,74108,74807.29,72142,0,0
907,9,2014,8,Austrian Grand Prix,Red Bull,105,74613,76386.72,73060,0,0
907,5,2014,8,Austrian Grand Prix,Toro Rosso,83,75327,76220.83,73317,0,0
907,15,2014,8,Austrian Grand Prix,Sauber,139,75349,76519.67,73709,0,0
907,208,2014,8,Austrian Grand Prix,Lotus F1,140,75282,75985.44,73187,0,0
907,206,2014,8,Austrian Grand Prix,Marussia,138,76390,76763.94,74476,0,0
907,207,2014,8,Austrian Grand Prix,Caterham,138,76306,77049.54,74672,0,0
908,131,2014,9,British Grand Prix,Mercedes,80,98823,190461.02,97176,0,0
908,1,2014,9,British Grand Prix,McLaren,104,100721,170520.59,98284,0,1
908,9,2014,9,British Grand Prix,Red Bull,104,99693,170428.34,97481,0,0
908,10,2014,9,British Grand Prix,Force India,103,101442,172076.09,98625,0,0
908,5,2014,9,British Grand Prix,Toro Rosso,103,100673,172006.18,98407,0,0
908,3,2014,9,British Grand Prix,Williams,52,99636,170042.87,98264,0,0
908,206,2014,9,British Grand Prix,Marussia,101,102651,176099.9,99961,0,0
908,15,2014,9,British Grand Prix,Sauber,60,101788,223588.72,100041,0,0
908,6,2014,9,British Grand Prix,Ferrari,52,100187,170616.15,98587,0,0
908,208,2014,9,British Grand Prix,Lotus F1,100,101861,174843.09,98919,0,0
908,207,2014,9,British Grand Prix,Caterham,61,104319,224444.48,101462,0,0
909,131,2014,10,German Grand Prix,Mercedes,134,82351,84092.22,79908,0,0
909,3,2014,10,German Grand Prix,Williams,67,82792,84234.37,81494,0,0
909,9,2014,10,German Grand Prix,Red Bull,134,83065,84644.71,80846,0,0
909,6,2014,10,German Grand Prix,Ferrari,133,83316,85090.56,80548,0,0
909,10,2014,10,German Grand Prix,Force India,133,83384,85115.86,80752,0,0
909,1,2014,10,German Grand Prix,McLaren,133,83455,85214.03,80224,0,1
909,5,2014,10,German Grand Prix,Toro Rosso,110,84184,86031.01,81876,0,0
909,15,2014,10,German Grand Prix,Sauber,113,83919,86004.6,82008,0,0
909,208,2014,10,German Grand Prix,Lotus F1,92,84415,86418.6,82305,0,0
909,206,2014,10,German Grand Prix,Marussia,131,84951,86675.28,82522,0,0
909,207,2014,10,German Grand Prix,Caterham,130,85427,87228.58,82866,0,0
910,131,2014,11,Hungarian Grand Prix,Mercedes,140,89490,97016.67,85724,0,0
910,3,2014,11,Hungarian Grand Prix,Williams,140,89789,97437.86,86850,0,0
910,9,2014,11,Hungarian Grand Prix,Red Bull,140,89556,97222.0,86608,0,0
910,6,2014,11,Hungarian Grand Prix,Ferrari,140,89469,97191.66,87419,0,0
910,1,2014,11,Hungarian Grand Prix,McLaren,140,90453,97970.44,88883,0,1
910,10,2014,11,Hungarian Grand Prix,Force India,36,107067,111663.14,90280,0,0
910,5,2014,11,Hungarian Grand Prix,Toro Rosso,139,90906,98182.13,89120,0,0
910,15,2014,11,Hungarian Grand Prix,Sauber,102,92148,100836.93,88704,0,0
910,208,2014,11,Hungarian Grand Prix,Lotus F1,80,92455,100060.3,89128,0,0
910,206,2014,11,Hungarian Grand Prix,Marussia,138,92542,99038.29,89499,0,0
910,207,2014,11,Hungarian Grand Prix,Caterham,31,109255,110156.77,92888,0,0
911,1,2014,12,Belgian Grand Prix,McLaren,88,115974,116613.11,113483,0,1
911,3,2014,12,Belgian Grand Prix,Williams,88,115414,116558.17,112512,0,0
911,6,2014,12,Belgian Grand Prix,Ferrari,88,115391,116489.65,113879,0,0
911,9,2014,12,Belgian Grand Prix,Red Bull,88,115193,115969.41,112953,0,0
911,131,2014,12,Belgian Grand Prix,Mercedes,82,115491,116951.45,110511,0,0
911,10,2014,12,Belgian Grand Prix,Force India,88,115904,116853.43,113612,0,0
911,5,2014,12,Belgian Grand Prix,Toro Rosso,88,116099,116936.12,113276,0,0
911,15,2014,12,Belgian Grand Prix,Sauber,88,116371,117345.27,112413,0,0
911,208,2014,12,Belgian Grand Prix,Lotus F1,34,117454,119596.74,115649,0,0
911,207,2014,12,Belgian Grand Prix,Caterham,44,118589,119749.05,115900,0,0
911,206,2014,12,Belgian Grand Prix,Marussia,82,118533,120190.48,115247,0,0
912,131,2014,13,Italian Grand Prix,Mercedes,106,89080,89657.05,88004,0,0
912,1,2014,13,Italian Grand Prix,McLaren,106,90328,90799.11,89245,0,1
912,3,2014,13,Italian Grand Prix,Williams,106,89591,90247.96,88342,0,0
912,9,2014,13,Italian Grand Prix,Red Bull,106,90235,90667.42,88588,0,0
912,6,2014,13,Italian Grand Prix,Ferrari,81,90426,91148.54,88942,0,0
912,10,2014,13,Italian Grand Prix,Force India,106,90206,90901.85,89107,0,0
912,5,2014,13,Italian Grand Prix,Toro Rosso,106,90619,90988.2,88486,0,0
912,208,2014,13,Italian Grand Prix,Lotus F1,104,90882,91745.37,89856,0,0
912,15,2014,13,Italian Grand Prix,Sauber,103,90835,92420.58,89375,0,0
912,207,2014,13,Italian Grand Prix,Caterham,103,92113,93057.65,90280,0,0
912,206,2014,13,Italian Grand Prix,Marussia,57,92404,93141.77,90521,0,0
913,131,2014,14,Singapore Grand Prix,Mercedes,73,113540,120123.05,110417,0,0
913,9,2014,14,Singapore Grand Prix,Red Bull,120,114171,120311.64,112519,0,0
913,6,2014,14,Singapore Grand Prix,Ferrari,120,114873,120713.5,112115,0,0
913,3,2014,14,Singapore Grand Prix,Williams,120,115167,120973.47,112515,0,0
913,1,2014,14,Singapore Grand Prix,McLaren,112,115336,121330.63,111639,0,1
913,5,2014,14,Singapore Grand Prix,Toro Rosso,120,115503,121111.66,111761,0,0
913,10,2014,14,Singapore Grand Prix,Force India,120,115970,121085.74,112007,0,0
913,15,2014,14,Singapore Grand Prix,Sauber,57,116754,122876.21,113948,0,0
913,208,2014,14,Singapore Grand Prix,Lotus F1,120,116412,121204.45,113213,0,0
913,206,2014,14,Singapore Grand Prix,Marussia,119,118046,122062.76,113538,0,0
913,207,2014,14,Singapore Grand Prix,Caterham,60,117628,121649.72,115416,0,0
914,131,2014,15,Japanese Grand Prix,Mercedes,88,114292,152445.7,111600,0,0
914,3,2014,15,Japanese Grand Prix,Williams,88,116463,154942.51,113450,0,0
914,6,2014,15,Japanese Grand Prix,Ferrari,45,116827,157535.13,112426,0,0
914,9,2014,15,Japanese Grand Prix,Red Bull,88,115163,153113.43,111915,0,0
914,1,2014,15,Japanese Grand Prix,McLaren,87,116196,155317.71,111721,0,1
914,10,2014,15,Japanese Grand Prix,Force India,87,116774,155190.98,112814,0,0
914,5,2014,15,Japanese Grand Prix,Toro Rosso,87,117258,155621.47,113562,0,0
914,15,2014,15,Japanese Grand Prix,Sauber,83,117999,157978.34,115372,0,0
914,208,2014,15,Japanese Grand Prix,Lotus F1,86,118111,156810.21,114702,0,0
914,206,2014,15,Japanese Grand Prix,Marussia,84,119430,158457.04,115985,0,0
914,207,2014,15,Japanese Grand Prix,Caterham,86,119098,158250.56,114669,0,0
915,131,2014,16,Russian Grand Prix,Mercedes,106,103652,104105.14,101360,0,0
915,3,2014,16,Russian Grand Prix,Williams,106,104232,104903.68,100896,0,0
915,1,2014,16,Russian Grand Prix,McLaren,106,104114,104767.34,101964,0,1
915,6,2014,16,Russian Grand Prix,Ferrari,106,104624,105286.61,102179,0,0
915,5,2014,16,Russian Grand Prix,Toro Rosso,105,105073,105911.4,102022,0,0
915,9,2014,16,Russian Grand Prix,Red Bull,106,104383,105183.82,102630,0,0
915,10,2014,16,Russian Grand Prix,Force India,106,104978,105498.72,102685,0,0
915,15,2014,16,Russian Grand Prix,Sauber,104,105579,106668.97,103822,0,0
915,208,2014,16,Russian Grand Prix,Lotus F1,104,106372,107152.88,104030,0,0
915,207,2014,16,Russian Grand Prix,Caterham,72,107613,108559.12,103979,0,0
915,206,2014,16,Russian Grand Prix,Marussia,9,111585,115919.44,108268,0,0
916,131,2014,17,United States Grand Prix,Mercedes,112,103992,107266.82,101929,0,0
916,3,2014,17,United States Grand Prix,Williams,112,104101,107745.41,102505,0,0
916,1,2014,17,United States Grand Prix,McLaren,111,106264,109158.35,104255,0,1
916,6,2014,17,United States Grand Prix,Ferrari,111,105608,109230.77,101474,0,0
916,9,2014,17,United States Grand Prix,Red Bull,112,104580,108311.29,101379,0,0
916,10,2014,17,United States Grand Prix,Force India,17,106508,118540.94,106226,0,0
916,208,2014,17,United States Grand Prix,Lotus F1,111,105462,109167.73,103808,0,0
916,5,2014,17,United States Grand Prix,Toro Rosso,111,105477,109375.68,101689,0,0
916,15,2014,17,United States Grand Prix,Sauber,55,105773,109557.67,103006,0,0
926,131,2015,1,Australian Grand Prix,Mercedes,116,92195,95081.84,90945,0,0
918,9,2014,19,Abu Dhabi Grand Prix,Red Bull,110,108374,109041.09,104496,0,0
918,15,2014,19,Abu Dhabi Grand Prix,Sauber,108,109437,110450.1,107508,0,0
918,131,2014,19,Abu Dhabi Grand Prix,Mercedes,109,107558,109146.45,105599,0,0
918,3,2014,19,Abu Dhabi Grand Prix,Williams,110,107792,108333.58,104826,0,0
918,1,2014,19,Abu Dhabi Grand Prix,McLaren,110,108767,109417.71,106739,0,1
918,6,2014,19,Abu Dhabi Grand Prix,Ferrari,110,108863,109626.1,107424,0,0
918,5,2014,19,Abu Dhabi Grand Prix,Toro Rosso,69,108813,110022.0,105686,0,0
918,10,2014,19,Abu Dhabi Grand Prix,Force India,110,108520,109258.6,105777,0,0
918,208,2014,19,Abu Dhabi Grand Prix,Lotus F1,80,109249,110474.34,107897,0,0
918,207,2014,19,Abu Dhabi Grand Prix,Caterham,96,110690,112000.5,107431,0,0
926,5,2015,1,Australian Grand Prix,Toro Rosso,89,94663,98672.1,92872,0,0
926,3,2015,1,Australian Grand Prix,Williams,58,92883,95728.67,91719,0,0
926,6,2015,1,Australian Grand Prix,Ferrari,98,92685,96597.0,91426,0,0
926,15,2015,1,Australian Grand Prix,Sauber,115,94025,97263.21,91560,0,0
926,9,2015,1,Australian Grand Prix,Red Bull,57,93991,96926.6,92797,0,0
926,10,2015,1,Australian Grand Prix,Force India,114,94947,97861.78,91959,0,0
926,1,2015,1,Australian Grand Prix,McLaren,56,96011,98897.98,93338,0,1
927,131,2015,2,Malaysian Grand Prix,Mercedes,112,106109,108504.15,102062,0,0
927,6,2015,2,Malaysian Grand Prix,Ferrari,112,105706,108798.29,103648,0,0
927,9,2015,2,Malaysian Grand Prix,Red Bull,110,107758,110416.24,104514,0,0
927,3,2015,2,Malaysian Grand Prix,Williams,112,107075,109603.4,103990,0,0
927,10,2015,2,Malaysian Grand Prix,Force India,110,108109,111172.08,104822,0,0
927,15,2015,2,Malaysian Grand Prix,Sauber,58,107321,110908.03,103902,0,0
927,5,2015,2,Malaysian Grand Prix,Toro Rosso,111,107354,110193.31,104579,0,0
927,208,2015,2,Malaysian Grand Prix,Lotus F1,102,107404,111340.42,104812,0,0
927,1,2015,2,Malaysian Grand Prix,McLaren,62,109192,114514.19,106056,0,1
927,209,2015,2,Malaysian Grand Prix,Manor Marussia,53,112347,115178.98,109040,0,0
928,131,2015,3,Chinese Grand Prix,Mercedes,112,103812,106827.95,102208,0,0
928,6,2015,3,Chinese Grand Prix,Ferrari,112,103875,106882.49,103018,0,0
928,3,2015,3,Chinese Grand Prix,Williams,112,104927,106986.12,102734,0,0
928,208,2015,3,Chinese Grand Prix,Lotus F1,105,105479,107823.0,103134,0,0
928,15,2015,3,Chinese Grand Prix,Sauber,111,105679,108006.52,103692,0,0
928,5,2015,3,Chinese Grand Prix,Toro Rosso,107,105459,107634.18,102652,0,0
928,10,2015,3,Chinese Grand Prix,Force India,64,105745,108618.27,103512,0,0
928,9,2015,3,Chinese Grand Prix,Red Bull,71,106137,107460.32,103245,0,0
928,1,2015,3,Chinese Grand Prix,McLaren,110,106561,108887.19,103728,0,1
928,209,2015,3,Chinese Grand Prix,Manor Marussia,108,109437,110974.24,105414,0,0
929,131,2015,4,Bahrain Grand Prix,Mercedes,114,99278,100154.83,97326,0,0
929,6,2015,4,Bahrain Grand Prix,Ferrari,114,99578,100517.43,96311,0,0
929,3,2015,4,Bahrain Grand Prix,Williams,113,100547,101499.57,98095,0,0
929,9,2015,4,Bahrain Grand Prix,Red Bull,113,100545,101611.85,98725,0,0
929,208,2015,4,Bahrain Grand Prix,Lotus F1,113,100405,102316.72,97665,0,0
929,10,2015,4,Bahrain Grand Prix,Force India,112,101265,102147.86,98338,0,0
929,15,2015,4,Bahrain Grand Prix,Sauber,112,100641,102322.49,98216,0,0
929,5,2015,4,Bahrain Grand Prix,Toro Rosso,63,101914,103982.32,99607,0,0
929,1,2015,4,Bahrain Grand Prix,McLaren,56,101744,102226.12,98992,0,1
929,209,2015,4,Bahrain Grand Prix,Manor Marussia,109,104417,105665.31,101759,0,0
930,131,2015,5,Spanish Grand Prix,Mercedes,132,91551,92141.37,88270,0,0
930,6,2015,5,Spanish Grand Prix,Ferrari,132,92303,92806.47,89931,0,0
930,3,2015,5,Spanish Grand Prix,Williams,132,92163,93073.04,90374,0,0
930,5,2015,5,Spanish Grand Prix,Toro Rosso,130,93838,94423.9,91156,0,0
930,208,2015,5,Spanish Grand Prix,Lotus F1,110,93469,94955.69,91945,0,0
930,9,2015,5,Spanish Grand Prix,Red Bull,130,93308,94143.41,91124,0,0
930,1,2015,5,Spanish Grand Prix,McLaren,91,94508,95142.54,91162,0,1
930,15,2015,5,Spanish Grand Prix,Sauber,130,93811,94704.52,91928,0,0
930,10,2015,5,Spanish Grand Prix,Force India,130,93728,94777.82,90888,0,0
930,209,2015,5,Spanish Grand Prix,Manor Marussia,125,96885,98035.54,93655,0,0
931,131,2015,6,Monaco Grand Prix,Mercedes,156,80322,84121.11,78599,0,0
931,6,2015,6,Monaco Grand Prix,Ferrari,156,80569,84203.02,78854,0,0
931,9,2015,6,Monaco Grand Prix,Red Bull,156,80696,84246.24,78063,0,0
931,10,2015,6,Monaco Grand Prix,Force India,156,80932,84346.7,79657,0,0
931,208,2015,6,Monaco Grand Prix,Lotus F1,83,81548,84492.7,80483,0,0
931,5,2015,6,Monaco Grand Prix,Toro Rosso,140,81192,83474.78,78873,0,0
931,1,2015,6,Monaco Grand Prix,McLaren,119,80909,83685.76,79490,0,1
931,15,2015,6,Monaco Grand Prix,Sauber,156,81330,84433.49,79285,0,0
931,3,2015,6,Monaco Grand Prix,Williams,155,81621,85108.25,78944,0,0
931,209,2015,6,Monaco Grand Prix,Manor Marussia,152,84681,86946.3,81715,0,0
932,131,2015,7,Canadian Grand Prix,Mercedes,140,78380,78775.54,77472,0,0
932,6,2015,7,Canadian Grand Prix,Ferrari,140,78598,79441.56,76987,0,0
932,3,2015,7,Canadian Grand Prix,Williams,140,78901,79452.41,77553,0,0
932,208,2015,7,Canadian Grand Prix,Lotus F1,139,79160,79911.69,77969,0,0
932,10,2015,7,Canadian Grand Prix,Force India,138,79850,80192.78,78238,0,0
932,9,2015,7,Canadian Grand Prix,Red Bull,138,79893,80328.51,78048,0,0
932,1,2015,7,Canadian Grand Prix,McLaren,98,80939,81682.89,78856,0,1
932,15,2015,7,Canadian Grand Prix,Sauber,137,80225,80874.26,78890,0,0
932,5,2015,7,Canadian Grand Prix,Toro Rosso,138,80022,80538.42,78616,0,0
932,209,2015,7,Canadian Grand Prix,Manor Marussia,123,82474,83535.19,80707,0,0
933,131,2015,8,Austrian Grand Prix,Mercedes,142,72282,76321.55,71235,0,0
933,6,2015,8,Austrian Grand Prix,Ferrari,71,72529,76550.86,71499,0,0
933,3,2015,8,Austrian Grand Prix,Williams,142,72896,76796.04,71613,0,0
933,10,2015,8,Austrian Grand Prix,Force India,141,73281,77407.01,72377,0,0
933,5,2015,8,Austrian Grand Prix,Toro Rosso,105,73610,79507.29,72349,0,0
933,15,2015,8,Austrian Grand Prix,Sauber,139,74073,78551.96,72516,0,0
933,208,2015,8,Austrian Grand Prix,Lotus F1,105,73662,79138.23,71785,0,0
933,9,2015,8,Austrian Grand Prix,Red Bull,140,74101,77858.59,71689,0,0
933,209,2015,8,Austrian Grand Prix,Manor Marussia,69,76179,80582.13,74939,0,0
933,1,2015,8,Austrian Grand Prix,McLaren,8,115405,115883.38,101204,0,1
934,3,2015,9,British Grand Prix,Williams,104,99641,106495.11,96610,0,0
934,131,2015,9,British Grand Prix,Mercedes,104,99650,105638.6,96975,0,0
934,10,2015,9,British Grand Prix,Force India,103,100489,107497.13,98233,0,0
934,6,2015,9,British Grand Prix,Ferrari,103,100725,106841.34,97493,0,0
934,9,2015,9,British Grand Prix,Red Bull,73,101285,107807.18,97910,0,0
934,1,2015,9,British Grand Prix,McLaren,51,102220,109199.71,98883,0,1
934,5,2015,9,British Grand Prix,Toro Rosso,34,100219,107696.82,98697,0,0
934,15,2015,9,British Grand Prix,Sauber,51,101766,109282.76,98131,0,0
934,209,2015,9,British Grand Prix,Manor Marussia,98,104365,112818.09,101919,0,0
936,6,2015,10,Hungarian Grand Prix,Ferrari,124,88196,93516.21,86772,0,0
936,131,2015,10,Hungarian Grand Prix,Mercedes,138,88526,93122.25,85149,0,0
936,3,2015,10,Hungarian Grand Prix,Williams,138,89795,93438.23,86864,0,0
936,9,2015,10,Hungarian Grand Prix,Red Bull,138,89066,92542.04,84821,0,0
936,10,2015,10,Hungarian Grand Prix,Force India,94,89932,93082.09,88074,0,0
936,5,2015,10,Hungarian Grand Prix,Toro Rosso,129,89846,93570.94,87650,0,0
936,1,2015,10,Hungarian Grand Prix,McLaren,138,89687,93159.98,87311,0,1
936,208,2015,10,Hungarian Grand Prix,Lotus F1,138,90127,93287.61,87130,0,0
936,209,2015,10,Hungarian Grand Prix,Manor Marussia,132,92723,96004.78,89543,0,0
936,15,2015,10,Hungarian Grand Prix,Sauber,138,90056,93351.87,88004,0,0
937,131,2015,11,Belgian Grand Prix,Mercedes,86,115283,116777.12,112416,0,0
937,10,2015,11,Belgian Grand Prix,Force India,43,116377,118008.93,114796,0,0
937,9,2015,11,Belgian Grand Prix,Red Bull,62,116537,117876.19,113032,0,0
937,3,2015,11,Belgian Grand Prix,Williams,86,116388,118105.78,114093,0,0
937,6,2015,11,Belgian Grand Prix,Ferrari,85,116348,118643.2,114517,0,0
937,208,2015,11,Belgian Grand Prix,Lotus F1,45,116019,119923.02,114779,0,0
937,15,2015,11,Belgian Grand Prix,Sauber,86,117534,119003.71,113991,0,0
937,5,2015,11,Belgian Grand Prix,Toro Rosso,75,117051,121949.05,113276,0,0
937,1,2015,11,Belgian Grand Prix,McLaren,84,118691,120376.76,113692,0,1
937,209,2015,11,Belgian Grand Prix,Manor Marussia,84,120782,121974.11,118150,0,0
938,131,2015,12,Italian Grand Prix,Mercedes,103,88033,88585.63,86672,0,0
938,6,2015,12,Italian Grand Prix,Ferrari,106,88577,89200.74,87376,0,0
938,3,2015,12,Italian Grand Prix,Williams,106,88493,89217.05,87525,0,0
938,10,2015,12,Italian Grand Prix,Force India,105,89358,89875.96,88140,0,0
938,208,2015,12,Italian Grand Prix,Lotus F1,2,117499,117499.0,95106,0,0
938,15,2015,12,Italian Grand Prix,Sauber,104,89658,90546.66,88516,0,0
938,1,2015,12,Italian Grand Prix,McLaren,99,91131,91871.85,89285,0,1
938,5,2015,12,Italian Grand Prix,Toro Rosso,104,89122,90445.84,87390,0,0
938,9,2015,12,Italian Grand Prix,Red Bull,104,89786,90149.85,88065,0,0
938,209,2015,12,Italian Grand Prix,Manor Marussia,102,92472,93141.76,91098,0,0
939,6,2015,13,Singapore Grand Prix,Ferrari,122,112358,119519.59,110069,0,0
939,9,2015,13,Singapore Grand Prix,Red Bull,122,112648,119682.15,110041,0,0
939,131,2015,13,Singapore Grand Prix,Mercedes,93,113131,121241.81,110934,0,0
939,3,2015,13,Singapore Grand Prix,Williams,91,113794,121649.88,111342,0,0
939,10,2015,13,Singapore Grand Prix,Force India,73,114043,119676.47,111970,0,0
939,1,2015,13,Singapore Grand Prix,McLaren,85,114567,122442.56,111167,0,1
939,5,2015,13,Singapore Grand Prix,Toro Rosso,122,113596,120233.98,110298,0,0
939,208,2015,13,Singapore Grand Prix,Lotus F1,120,114596,121147.99,110175,0,0
939,15,2015,13,Singapore Grand Prix,Sauber,122,114706,120916.3,111594,0,0
939,209,2015,13,Singapore Grand Prix,Manor Marussia,118,118025,123869.8,115312,0,0
940,131,2015,14,Japanese Grand Prix,Mercedes,106,98989,99924.34,96145,0,0
940,6,2015,14,Japanese Grand Prix,Ferrari,106,99339,100260.7,97906,0,0
940,3,2015,14,Japanese Grand Prix,Williams,104,100357,102415.32,98241,0,0
940,208,2015,14,Japanese Grand Prix,Lotus F1,106,100436,101121.59,98136,0,0
940,1,2015,14,Japanese Grand Prix,McLaren,104,101509,102396.68,99614,0,1
940,5,2015,14,Japanese Grand Prix,Toro Rosso,105,100766,101715.29,98237,0,0
940,15,2015,14,Japanese Grand Prix,Sauber,101,101771,102784.79,99343,0,0
940,10,2015,14,Japanese Grand Prix,Force India,105,100387,101500.43,98331,0,0
940,9,2015,14,Japanese Grand Prix,Red Bull,104,100923,102447.74,98366,0,0
940,209,2015,14,Japanese Grand Prix,Manor Marussia,101,104642,105570.67,101452,0,0
941,131,2015,15,Russian Grand Prix,Mercedes,60,102158,112073.12,100573,0,0
941,6,2015,15,Russian Grand Prix,Ferrari,106,102641,110475.08,100071,0,0
941,3,2015,15,Russian Grand Prix,Williams,105,102981,110699.61,100881,0,0
941,10,2015,15,Russian Grand Prix,Force India,53,103893,110564.94,101772,0,0
941,9,2015,15,Russian Grand Prix,Red Bull,100,103709,111270.17,101372,0,0
941,208,2015,15,Russian Grand Prix,Lotus F1,64,104367,112481.16,101520,0,0
941,1,2015,15,Russian Grand Prix,McLaren,106,104901,111582.31,103068,0,1
941,15,2015,15,Russian Grand Prix,Sauber,53,103577,111085.51,101507,0,0
941,209,2015,15,Russian Grand Prix,Manor Marussia,103,107921,114003.79,104926,0,0
941,5,2015,15,Russian Grand Prix,Toro Rosso,98,104483,112092.51,102258,0,0
942,131,2015,16,United States Grand Prix,Mercedes,112,116250,118823.71,100666,0,0
942,9,2015,16,United States Grand Prix,Red Bull,97,116868,120395.72,101980,0,0
942,10,2015,16,United States Grand Prix,Force India,91,117177,120235.18,103010,0,0
942,6,2015,16,United States Grand Prix,Ferrari,81,117772,120059.95,101330,0,0
942,5,2015,16,United States Grand Prix,Toro Rosso,112,117181,119226.64,102660,0,0
942,1,2015,16,United States Grand Prix,McLaren,112,117252,119538.21,103026,0,1
942,15,2015,16,United States Grand Prix,Sauber,81,119343,120112.26,104407,0,0
942,3,2015,16,United States Grand Prix,Williams,28,120038,127572.54,108231,0,0
942,208,2015,16,United States Grand Prix,Lotus F1,66,119410,122024.53,102849,0,0
942,209,2015,16,United States Grand Prix,Manor Marussia,57,118382,121229.42,108173,0,0
943,131,2015,17,Mexican Grand Prix,Mercedes,142,83218,86704.44,80521,0,0
943,9,2015,17,Mexican Grand Prix,Red Bull,142,83723,86945.99,81549,0,0
943,3,2015,17,Mexican Grand Prix,Williams,142,83657,86944.8,81585,0,0
943,5,2015,17,Mexican Grand Prix,Toro Rosso,142,84205,87282.23,82172,0,0
943,10,2015,17,Mexican Grand Prix,Force India,142,83815,87114.64,82391,0,0
943,208,2015,17,Mexican Grand Prix,Lotus F1,142,84095,87229.21,82893,0,0
943,15,2015,17,Mexican Grand Prix,Sauber,128,84843,87649.54,82716,0,0
943,209,2015,17,Mexican Grand Prix,Manor Marussia,138,87998,89435.96,85005,0,0
943,6,2015,17,Mexican Grand Prix,Ferrari,71,84510,85787.58,81847,0,0
943,1,2015,17,Mexican Grand Prix,McLaren,72,85917,87809.79,83006,0,1
944,131,2015,18,Brazilian Grand Prix,Mercedes,142,76313,77084.06,74832,0,0
944,6,2015,18,Brazilian Grand Prix,Ferrari,142,76739,77464.56,75046,0,0
944,3,2015,18,Brazilian Grand Prix,Williams,140,77742,78334.03,75743,0,0
944,9,2015,18,Brazilian Grand Prix,Red Bull,140,77815,78657.9,76313,0,0
944,10,2015,18,Brazilian Grand Prix,Force India,140,77910,78692.5,75970,0,0
944,5,2015,18,Brazilian Grand Prix,Toro Rosso,70,78028,78832.67,75972,0,0
944,208,2015,18,Brazilian Grand Prix,Lotus F1,140,78002,78768.23,75739,0,0
944,15,2015,18,Brazilian Grand Prix,Sauber,139,78200,79218.61,75789,0,0
944,1,2015,18,Brazilian Grand Prix,McLaren,140,78424,79088.94,76321,0,1
944,209,2015,18,Brazilian Grand Prix,Manor Marussia,134,80942,81917.22,78617,0,0
945,131,2015,19,Abu Dhabi Grand Prix,Mercedes,110,107014,107532.92,104517,0,0
945,6,2015,19,Abu Dhabi Grand Prix,Ferrari,110,107274,108031.95,104550,0,0
945,10,2015,19,Abu Dhabi Grand Prix,Force India,110,108026,108890.18,105892,0,0
945,9,2015,19,Abu Dhabi Grand Prix,Red Bull,110,108317,108979.37,106305,0,0
945,5,2015,19,Abu Dhabi Grand Prix,Toro Rosso,109,108473,109520.77,105746,0,0
945,3,2015,19,Abu Dhabi Grand Prix,Williams,109,108446,109616.29,106464,0,0
945,1,2015,19,Abu Dhabi Grand Prix,McLaren,107,109371,111191.59,104796,0,1
945,15,2015,19,Abu Dhabi Grand Prix,Sauber,108,108890,110076.5,106424,0,0
945,208,2015,19,Abu Dhabi Grand Prix,Lotus F1,55,108249,109243.2,105859,0,0
945,209,2015,19,Abu Dhabi Grand Prix,Manor Marussia,105,112893,113769.77,109610,0,0
948,6,2016,1,Australian Grand Prix,Ferrari,78,92109,124422.46,89951,0,0
948,131,2016,1,Australian Grand Prix,Mercedes,114,91892,114027.98,90557,0,0
948,5,2016,1,Australian Grand Prix,Toro Rosso,114,92959,115295.11,91516,0,0
948,3,2016,1,Australian Grand Prix,Williams,114,93387,115133.88,92288,0,0
948,10,2016,1,Australian Grand Prix,Force India,114,93695,115412.53,92780,0,0
948,9,2016,1,Australian Grand Prix,Red Bull,57,92225,114384.12,88997,0,0
948,1,2016,1,Australian Grand Prix,McLaren,72,94304,111618.64,91684,0,1
948,4,2016,1,Australian Grand Prix,Renault,114,93707,115439.78,92452,0,0
948,209,2016,1,Australian Grand Prix,Manor Marussia,73,95186,113358.38,92673,0,0
948,15,2016,1,Australian Grand Prix,Sauber,94,94572,120760.84,92711,0,0
948,210,2016,1,Australian Grand Prix,Haas F1 Team,73,93622,111046.55,92862,0,0
949,131,2016,2,Bahrain Grand Prix,Mercedes,114,97711,98767.89,94482,0,0
949,3,2016,2,Bahrain Grand Prix,Williams,112,99564,100388.58,97077,0,0
949,9,2016,2,Bahrain Grand Prix,Red Bull,113,98964,99938.23,95678,0,0
949,6,2016,2,Bahrain Grand Prix,Ferrari,57,97661,98683.82,95158,0,0
949,210,2016,2,Bahrain Grand Prix,Haas F1 Team,66,99031,100702.12,96095,0,0
949,5,2016,2,Bahrain Grand Prix,Toro Rosso,86,99562,101372.51,95504,0,0
949,1,2016,2,Bahrain Grand Prix,McLaren,62,99520,100540.74,96121,0,1
949,10,2016,2,Bahrain Grand Prix,Force India,112,99406,101149.25,95188,0,0
949,209,2016,2,Bahrain Grand Prix,Manor Marussia,112,100055,101254.85,95448,0,0
949,15,2016,2,Bahrain Grand Prix,Sauber,112,100211,101036.98,95360,0,0
949,4,2016,2,Bahrain Grand Prix,Renault,56,99742,100821.14,96730,0,0
224,6,1996,1,Australian Grand Prix,Ferrari,90,95756,97941.43,93651,0,0
224,22,1996,1,Australian Grand Prix,Benetton,67,96263,97370.46,94757,0,0
224,3,1996,1,Australian Grand Prix,Williams,116,95091,96370.71,93421,0,0
224,1,1996,1,Australian Grand Prix,McLaren,82,97268,98301.3,95843,0,1
224,27,1996,1,Australian Grand Prix,Ligier,113,97722,99116.43,94767,0,0
224,17,1996,1,Australian Grand Prix,Jordan,30,96654,98729.77,95064,0,0
224,15,1996,1,Australian Grand Prix,Sauber,57,96686,98411.16,95596,0,0
224,29,1996,1,Australian Grand Prix,Footwork,71,98712,100170.3,96557,0,0
224,25,1996,1,Australian Grand Prix,Tyrrell,112,97303,99598.29,95280,0,0
224,18,1996,1,Australian Grand Prix,Minardi,74,100316,105246.61,98077,0,0
225,6,1996,2,Brazilian Grand Prix,Ferrari,140,97369,94800.05,82889,0,0
225,22,1996,2,Brazilian Grand Prix,Benetton,97,97628,95743.29,81866,0,0
225,3,1996,2,Brazilian Grand Prix,Williams,97,97561,94733.49,81547,0,0
225,1,1996,2,Brazilian Grand Prix,McLaren,99,98454,96979.86,82283,0,1
225,27,1996,2,Brazilian Grand Prix,Ligier,139,97686,95408.9,82743,0,0
225,17,1996,2,Brazilian Grand Prix,Jordan,123,97821,96220.0,82043,0,0
225,15,1996,2,Brazilian Grand Prix,Sauber,64,99511,102391.89,96166,0,0
225,29,1996,2,Brazilian Grand Prix,Footwork,43,99178,102277.51,95435,0,0
225,25,1996,2,Brazilian Grand Prix,Tyrrell,139,97522,95591.68,82483,0,0
225,18,1996,2,Brazilian Grand Prix,Minardi,68,98208,97101.13,83559,0,0
225,28,1996,2,Brazilian Grand Prix,Forti,93,102944,101739.56,85627,0,0
226,6,1996,3,Argentine Grand Prix,Ferrari,118,92182,97615.92,90367,0,0
226,22,1996,3,Argentine Grand Prix,Benetton,128,91282,96558.53,89413,0,0
226,3,1996,3,Argentine Grand Prix,Williams,144,91334,95852.85,89653,0,0
226,1,1996,3,Argentine Grand Prix,McLaren,91,92917,96230.43,91408,0,1
226,27,1996,3,Argentine Grand Prix,Ligier,101,93751,96445.48,91343,0,0
226,17,1996,3,Argentine Grand Prix,Jordan,106,93284,98072.39,91443,0,0
226,15,1996,3,Argentine Grand Prix,Sauber,103,94058,99219.02,91005,0,0
226,29,1996,3,Argentine Grand Prix,Footwork,96,93122,96841.48,91099,0,0
226,25,1996,3,Argentine Grand Prix,Tyrrell,64,93856,112668.05,91396,0,0
226,18,1996,3,Argentine Grand Prix,Minardi,72,94411,100831.86,92925,0,0
226,28,1996,3,Argentine Grand Prix,Forti,93,96460,100052.16,94592,0,0
227,6,1996,4,European Grand Prix,Ferrari,73,83042,84208.41,81769,0,0
227,22,1996,4,European Grand Prix,Benetton,68,82673,85060.72,82004,0,0
227,3,1996,4,European Grand Prix,Williams,134,82836,83928.78,81363,0,0
227,1,1996,4,European Grand Prix,McLaren,134,83272,84509.09,82078,0,1
227,27,1996,4,European Grand Prix,Ligier,72,85089,86294.36,83720,0,0
227,17,1996,4,European Grand Prix,Jordan,134,83377,84344.97,82472,0,0
227,15,1996,4,European Grand Prix,Sauber,126,83945,85218.71,82697,0,0
227,29,1996,4,European Grand Prix,Footwork,103,84785,85823.07,83233,0,0
227,25,1996,4,European Grand Prix,Tyrrell,131,83857,85709.76,82602,0,0
227,18,1996,4,European Grand Prix,Minardi,130,85998,86989.12,84369,0,0
228,6,1996,5,San Marino Grand Prix,Ferrari,126,90559,91510.75,88966,0,0
228,22,1996,5,San Marino Grand Prix,Benetton,125,90783,92133.15,89542,0,0
228,3,1996,5,San Marino Grand Prix,Williams,120,90051,91627.42,88931,0,0
228,1,1996,5,San Marino Grand Prix,McLaren,105,91089,92735.16,89480,0,1
228,27,1996,5,San Marino Grand Prix,Ligier,116,91836,93331.18,90184,0,0
228,17,1996,5,San Marino Grand Prix,Jordan,99,91076,92492.26,89888,0,0
228,15,1996,5,San Marino Grand Prix,Sauber,57,91502,96288.0,90811,0,0
228,29,1996,5,San Marino Grand Prix,Footwork,78,92475,93733.78,90479,0,0
228,25,1996,5,San Marino Grand Prix,Tyrrell,68,91352,92660.29,89997,0,0
228,18,1996,5,San Marino Grand Prix,Minardi,91,93714,95133.48,91633,0,0
228,28,1996,5,San Marino Grand Prix,Forti,59,94356,97808.58,92426,0,0
229,6,1996,6,Monaco Grand Prix,Ferrari,68,92557,100284.94,86120,0,0
229,22,1996,6,Monaco Grand Prix,Benetton,69,103144,100958.1,85205,0,0
229,3,1996,6,Monaco Grand Prix,Williams,106,102096,99975.87,86682,0,0
229,1,1996,6,Monaco Grand Prix,McLaren,145,90003,97088.99,86238,0,1
229,27,1996,6,Monaco Grand Prix,Ligier,80,90329,98240.88,85581,0,0
229,17,1996,6,Monaco Grand Prix,Jordan,30,110549,109769.7,95477,0,0
229,15,1996,6,Monaco Grand Prix,Sauber,149,91146,97345.0,85608,0,0
229,29,1996,6,Monaco Grand Prix,Footwork,3,119342,125824.67,118465,0,0
229,25,1996,6,Monaco Grand Prix,Tyrrell,72,90646,98275.96,86461,0,0
229,28,1996,6,Monaco Grand Prix,Forti,60,104044,107826.7,93305,0,0
230,6,1996,7,Spanish Grand Prix,Ferrari,66,109876,110741.18,105517,0,0
230,22,1996,7,Spanish Grand Prix,Benetton,109,111056,111775.37,108509,0,0
230,3,1996,7,Spanish Grand Prix,Williams,75,111078,111823.93,108707,0,0
230,1,1996,7,Spanish Grand Prix,McLaren,64,112129,113391.97,109771,0,1
230,27,1996,7,Spanish Grand Prix,Ligier,64,113821,115339.2,110636,0,0
230,17,1996,7,Spanish Grand Prix,Jordan,62,111356,113189.63,107735,0,0
230,15,1996,7,Spanish Grand Prix,Sauber,84,111957,112743.62,108846,0,0
230,29,1996,7,Spanish Grand Prix,Footwork,47,111630,112671.15,108302,0,0
230,25,1996,7,Spanish Grand Prix,Tyrrell,24,115686,123991.21,111734,0,0
230,18,1996,7,Spanish Grand Prix,Minardi,1,183566,183566.0,183566,0,0
231,6,1996,8,Canadian Grand Prix,Ferrari,42,85083,86233.12,84163,0,0
231,22,1996,8,Canadian Grand Prix,Benetton,111,83861,84472.04,82824,0,0
231,3,1996,8,Canadian Grand Prix,Williams,138,82889,83558.79,81916,0,0
231,1,1996,8,Canadian Grand Prix,McLaren,137,84033,84720.61,82941,0,1
231,27,1996,8,Canadian Grand Prix,Ligier,77,84873,85889.57,83399,0,0
231,17,1996,8,Canadian Grand Prix,Jordan,90,83885,85915.44,82958,0,0
231,15,1996,8,Canadian Grand Prix,Sauber,87,84834,85513.45,83907,0,0
231,29,1996,8,Canadian Grand Prix,Footwork,16,86384,87944.0,84844,0,0
231,25,1996,8,Canadian Grand Prix,Tyrrell,45,85012,86313.02,83648,0,0
231,18,1996,8,Canadian Grand Prix,Minardi,111,85850,86821.28,84349,0,0
231,28,1996,8,Canadian Grand Prix,Forti,66,86665,88897.11,84621,0,0
232,6,1996,9,French Grand Prix,Ferrari,5,82268,89188.8,81824,0,0
232,22,1996,9,French Grand Prix,Benetton,144,80314,81047.85,79206,0,0
232,3,1996,9,French Grand Prix,Williams,144,79779,80456.37,78610,0,0
232,1,1996,9,French Grand Prix,McLaren,143,80564,81414.28,79632,0,1
232,27,1996,9,French Grand Prix,Ligier,99,81410,81950.59,78712,0,0
232,17,1996,9,French Grand Prix,Jordan,142,81436,82199.61,80134,0,0
232,15,1996,9,French Grand Prix,Sauber,126,82305,83315.95,81262,0,0
232,29,1996,9,French Grand Prix,Footwork,79,83193,84123.66,81461,0,0
232,25,1996,9,French Grand Prix,Tyrrell,103,82007,83134.6,80710,0,0
232,18,1996,9,French Grand Prix,Minardi,71,83999,85128.18,82842,0,0
232,28,1996,9,French Grand Prix,Forti,31,83285,84881.84,82258,0,0
233,6,1996,10,British Grand Prix,Ferrari,8,92134,106641.25,90944,0,0
233,22,1996,10,British Grand Prix,Benetton,105,91132,92077.68,89984,0,0
233,3,1996,10,British Grand Prix,Williams,87,90779,91471.98,89288,0,0
233,1,1996,10,British Grand Prix,McLaren,122,91611,92582.66,90531,0,1
233,27,1996,10,British Grand Prix,Ligier,78,93530,96160.73,92188,0,0
233,17,1996,10,British Grand Prix,Jordan,121,91514,92936.99,90552,0,0
233,15,1996,10,British Grand Prix,Sauber,120,93136,94001.64,92213,0,0
233,29,1996,10,British Grand Prix,Footwork,73,93487,94322.12,92080,0,0
233,25,1996,10,British Grand Prix,Tyrrell,72,93033,93922.85,91765,0,0
233,18,1996,10,British Grand Prix,Minardi,80,94889,95749.41,93707,0,0
234,6,1996,11,German Grand Prix,Ferrari,79,109039,110228.91,108336,0,0
234,22,1996,11,German Grand Prix,Benetton,87,108364,109099.79,107643,0,0
234,3,1996,11,German Grand Prix,Williams,90,108567,109341.78,106504,0,0
234,1,1996,11,German Grand Prix,McLaren,58,108848,109922.57,107856,0,1
234,27,1996,11,German Grand Prix,Ligier,64,110118,111177.17,108288,0,0
234,17,1996,11,German Grand Prix,Jordan,89,110067,112244.58,109176,0,0
234,15,1996,11,German Grand Prix,Sauber,69,110699,114623.97,109773,0,0
234,29,1996,11,German Grand Prix,Footwork,44,112685,113708.43,111702,0,0
234,25,1996,11,German Grand Prix,Tyrrell,63,111621,112369.3,110553,0,0
234,18,1996,11,German Grand Prix,Minardi,43,113522,114621.7,111654,0,0
235,6,1996,12,Hungarian Grand Prix,Ferrari,101,82514,83781.16,80912,0,0
235,22,1996,12,Hungarian Grand Prix,Benetton,141,82946,83899.09,81733,0,0
235,3,1996,12,Hungarian Grand Prix,Williams,154,81764,82876.33,80093,0,0
235,1,1996,12,Hungarian Grand Prix,McLaren,99,83383,84182.63,82257,0,1
235,27,1996,12,Hungarian Grand Prix,Ligier,77,84141,85205.56,81562,0,0
235,17,1996,12,Hungarian Grand Prix,Jordan,80,84237,85362.69,83181,0,0
235,15,1996,12,Hungarian Grand Prix,Sauber,85,83521,85124.35,81882,0,0
235,29,1996,12,Hungarian Grand Prix,Footwork,84,85646,86743.9,84018,0,0
235,25,1996,12,Hungarian Grand Prix,Tyrrell,74,85180,86619.69,84040,0,0
235,18,1996,12,Hungarian Grand Prix,Minardi,93,86660,88078.29,85006,0,0
236,6,1996,13,Belgian Grand Prix,Ferrari,73,115931,122090.82,113905,0,0
236,22,1996,13,Belgian Grand Prix,Benetton,88,115587,120900.81,113067,0,0
236,3,1996,13,Belgian Grand Prix,Williams,88,115176,120738.99,113441,0,0
236,1,1996,13,Belgian Grand Prix,McLaren,81,115602,121366.02,114198,0,1
236,27,1996,13,Belgian Grand Prix,Ligier,22,121592,127435.09,118665,0,0
236,17,1996,13,Belgian Grand Prix,Jordan,63,117931,128734.54,115616,0,0
236,29,1996,13,Belgian Grand Prix,Footwork,54,119074,122634.43,116704,0,0
236,25,1996,13,Belgian Grand Prix,Tyrrell,88,117675,122173.08,115854,0,0
236,18,1996,13,Belgian Grand Prix,Minardi,43,119307,123698.65,117468,0,0
237,6,1996,14,Italian Grand Prix,Ferrari,76,87748,88291.07,86110,0,0
237,22,1996,14,Italian Grand Prix,Benetton,57,87819,88614.58,86652,0,0
237,3,1996,14,Italian Grand Prix,Williams,57,88643,90240.95,87027,0,0
237,1,1996,14,Italian Grand Prix,McLaren,54,87926,89413.83,86827,0,1
237,27,1996,14,Italian Grand Prix,Ligier,54,89085,90268.96,87905,0,0
237,17,1996,14,Italian Grand Prix,Jordan,106,88686,89603.36,87557,0,0
237,15,1996,14,Italian Grand Prix,Sauber,58,89386,90243.83,88223,0,0
237,29,1996,14,Italian Grand Prix,Footwork,88,90846,91587.38,88650,0,0
237,25,1996,14,Italian Grand Prix,Tyrrell,60,90106,93005.35,88980,0,0
237,18,1996,14,Italian Grand Prix,Minardi,17,92604,94869.94,91353,0,0
238,6,1996,15,Portuguese Grand Prix,Ferrari,140,86013,87049.89,84059,0,0
238,22,1996,15,Portuguese Grand Prix,Benetton,140,86155,87100.57,84331,0,0
238,3,1996,15,Portuguese Grand Prix,Williams,140,84945,86184.26,82873,0,0
238,1,1996,15,Portuguese Grand Prix,McLaren,120,86244,89021.46,84747,0,1
238,27,1996,15,Portuguese Grand Prix,Ligier,115,87624,89134.37,85008,0,0
238,17,1996,15,Portuguese Grand Prix,Jordan,110,86708,88064.83,84954,0,0
238,15,1996,15,Portuguese Grand Prix,Sauber,138,86977,88049.46,84869,0,0
238,29,1996,15,Portuguese Grand Prix,Footwork,114,88452,89563.01,85913,0,0
238,25,1996,15,Portuguese Grand Prix,Tyrrell,137,87371,88674.36,86199,0,0
238,18,1996,15,Portuguese Grand Prix,Minardi,130,90923,93066.02,87754,0,0
239,6,1996,16,Japanese Grand Prix,Ferrari,91,106264,107212.69,104445,0,0
239,22,1996,16,Japanese Grand Prix,Benetton,52,105768,107313.79,104350,0,0
239,3,1996,16,Japanese Grand Prix,Williams,88,105917,107100.88,104043,0,0
239,1,1996,16,Japanese Grand Prix,McLaren,104,106370,107654.11,104852,0,1
239,27,1996,16,Japanese Grand Prix,Ligier,65,107752,108765.09,105347,0,0
239,17,1996,16,Japanese Grand Prix,Jordan,104,107403,108420.84,105882,0,0
239,15,1996,16,Japanese Grand Prix,Sauber,104,107609,108563.14,105932,0,0
239,29,1996,16,Japanese Grand Prix,Footwork,101,110233,111062.8,106977,0,0
239,25,1996,16,Japanese Grand Prix,Tyrrell,57,109531,110857.4,107518,0,0
239,18,1996,16,Japanese Grand Prix,Minardi,50,110401,111599.3,109220,0,0
207,21,1997,1,Australian Grand Prix,Arrows,54,96113,101316.15,94465,0,0
207,3,1997,1,Australian Grand Prix,Williams,55,92573,93608.71,90585,0,0
207,6,1997,1,Australian Grand Prix,Ferrari,58,92975,93944.21,91067,0,0
207,22,1997,1,Australian Grand Prix,Benetton,92,93323,94018.5,91624,0,0
207,1,1997,1,Australian Grand Prix,McLaren,116,93223,93789.77,91412,0,1
207,17,1997,1,Australian Grand Prix,Jordan,15,95208,97058.87,94147,0,0
207,20,1997,1,Australian Grand Prix,Prost,114,95097,96145.38,91762,0,0
207,15,1997,1,Australian Grand Prix,Sauber,58,94394,95254.45,92784,0,0
207,25,1997,1,Australian Grand Prix,Tyrrell,44,95610,104532.3,94194,0,0
207,18,1997,1,Australian Grand Prix,Minardi,87,96901,98330.46,94918,0,0
207,24,1997,1,Australian Grand Prix,Stewart,85,95503,97050.92,93386,0,0
208,21,1997,2,Brazilian Grand Prix,Arrows,83,80713,81784.92,79910,0,0
208,3,1997,2,Brazilian Grand Prix,Williams,144,79629,80620.71,78397,0,0
208,6,1997,2,Brazilian Grand Prix,Ferrari,142,80190,81558.31,78773,0,0
208,22,1997,2,Brazilian Grand Prix,Benetton,144,79362,80362.43,78509,0,0
208,1,1997,2,Brazilian Grand Prix,McLaren,143,80012,80914.85,78649,0,1
208,17,1997,2,Brazilian Grand Prix,Jordan,124,80106,81238.42,78441,0,0
208,20,1997,2,Brazilian Grand Prix,Prost,143,80479,81315.27,79094,0,0
208,15,1997,2,Brazilian Grand Prix,Sauber,143,79989,81087.72,78730,0,0
208,25,1997,2,Brazilian Grand Prix,Tyrrell,141,81327,82386.04,80274,0,0
208,18,1997,2,Brazilian Grand Prix,Minardi,138,81064,83995.68,79960,0,0
208,24,1997,2,Brazilian Grand Prix,Stewart,16,81166,82535.94,80788,0,0
209,21,1997,3,Argentine Grand Prix,Arrows,83,92188,98003.07,90649,0,0
209,3,1997,3,Argentine Grand Prix,Williams,77,89831,95782.75,88028,0,0
209,6,1997,3,Argentine Grand Prix,Ferrari,72,90066,93370.75,88288,0,0
209,22,1997,3,Argentine Grand Prix,Benetton,144,90456,93897.1,87981,0,0
209,1,1997,3,Argentine Grand Prix,McLaren,72,90238,93778.69,89076,0,1
209,17,1997,3,Argentine Grand Prix,Jordan,96,90537,94998.77,88382,0,0
209,20,1997,3,Argentine Grand Prix,Prost,67,92628,98742.72,89090,0,0
209,15,1997,3,Argentine Grand Prix,Sauber,135,90490,95279.02,88410,0,0
209,25,1997,3,Argentine Grand Prix,Tyrrell,114,91770,95911.44,89541,0,0
209,18,1997,3,Argentine Grand Prix,Minardi,108,93006,96984.43,90593,0,0
209,24,1997,3,Argentine Grand Prix,Stewart,90,91564,97001.98,89834,0,0
210,21,1997,4,San Marino Grand Prix,Arrows,64,90183,91993.97,87793,0,0
210,3,1997,4,San Marino Grand Prix,Williams,102,87212,88502.27,85531,0,0
210,6,1997,4,San Marino Grand Prix,Ferrari,124,87547,88717.15,85537,0,0
210,22,1997,4,San Marino Grand Prix,Benetton,65,88938,90422.89,87091,0,0
210,1,1997,4,San Marino Grand Prix,McLaren,99,88768,89799.54,86067,0,1
210,17,1997,4,San Marino Grand Prix,Jordan,79,88524,89557.81,86620,0,0
210,20,1997,4,San Marino Grand Prix,Prost,72,89369,91075.25,88064,0,0
210,15,1997,4,San Marino Grand Prix,Sauber,79,88340,90132.84,86753,0,0
210,25,1997,4,San Marino Grand Prix,Tyrrell,120,90178,91140.62,88189,0,0
210,18,1997,4,San Marino Grand Prix,Minardi,59,91693,93456.14,89554,0,0
210,24,1997,4,San Marino Grand Prix,Stewart,34,89944,91216.38,87741,0,0
211,21,1997,5,Monaco Grand Prix,Arrows,1,137648,137648.0,137648,0,0
211,3,1997,5,Monaco Grand Prix,Williams,55,117895,120926.65,113504,0,0
211,6,1997,5,Monaco Grand Prix,Ferrari,124,116002,116882.39,113315,0,0
211,22,1997,5,Monaco Grand Prix,Benetton,76,118827,120555.96,115451,0,0
211,1,1997,5,Monaco Grand Prix,McLaren,2,133493,133493.5,131201,0,1
211,17,1997,5,Monaco Grand Prix,Jordan,71,117646,118393.83,113430,0,0
211,20,1997,5,Monaco Grand Prix,Prost,98,117560,118932.22,115309,0,0
211,15,1997,5,Monaco Grand Prix,Sauber,33,118983,128119.21,115840,0,0
211,25,1997,5,Monaco Grand Prix,Tyrrell,121,118011,119325.97,114968,0,0
211,18,1997,5,Monaco Grand Prix,Minardi,67,121078,122422.21,116101,0,0
211,24,1997,5,Monaco Grand Prix,Stewart,123,117145,118467.29,113495,0,0
212,21,1997,6,Spanish Grand Prix,Arrows,70,85524,86747.19,83716,0,0
212,3,1997,6,Spanish Grand Prix,Williams,128,84342,85436.96,82534,0,0
212,6,1997,6,Spanish Grand Prix,Ferrari,127,85100,86135.34,82295,0,0
212,22,1997,6,Spanish Grand Prix,Benetton,128,84318,85546.84,83096,0,0
212,1,1997,6,Spanish Grand Prix,McLaren,128,84731,85549.38,82340,0,1
212,17,1997,6,Spanish Grand Prix,Jordan,114,84921,86354.65,82242,0,0
212,20,1997,6,Spanish Grand Prix,Prost,98,84731,85769.98,82422,0,0
212,15,1997,6,Spanish Grand Prix,Sauber,126,85270,86618.8,83178,0,0
212,25,1997,6,Spanish Grand Prix,Tyrrell,98,86272,87315.65,84517,0,0
212,18,1997,6,Spanish Grand Prix,Minardi,73,86562,88259.78,84213,0,0
212,24,1997,6,Spanish Grand Prix,Stewart,100,86211,87226.85,83564,0,0
213,21,1997,7,Canadian Grand Prix,Arrows,106,83911,87960.17,82434,0,0
213,3,1997,7,Canadian Grand Prix,Williams,55,82943,86414.0,79997,0,0
213,6,1997,7,Canadian Grand Prix,Ferrari,54,81473,86308.26,80171,0,0
213,22,1997,7,Canadian Grand Prix,Benetton,89,82378,86657.16,80679,0,0
213,1,1997,7,Canadian Grand Prix,McLaren,54,81586,87007.39,79635,0,1
213,17,1997,7,Canadian Grand Prix,Jordan,68,82430,87640.62,81013,0,0
213,20,1997,7,Canadian Grand Prix,Prost,105,83218,86710.29,80945,0,0
213,15,1997,7,Canadian Grand Prix,Sauber,107,83764,87209.84,80709,0,0
213,25,1997,7,Canadian Grand Prix,Tyrrell,88,83488,86974.01,81622,0,0
213,18,1997,7,Canadian Grand Prix,Minardi,37,83894,88266.46,82712,0,0
213,24,1997,7,Canadian Grand Prix,Stewart,33,84337,89137.12,82366,0,0
214,21,1997,8,French Grand Prix,Arrows,127,81806,85295.71,80434,0,0
214,3,1997,8,French Grand Prix,Williams,144,79751,83099.34,78136,0,0
214,6,1997,8,French Grand Prix,Ferrari,144,79577,82887.4,77910,0,0
214,22,1997,8,French Grand Prix,Benetton,132,80600,82599.69,78684,0,0
214,1,1997,8,French Grand Prix,McLaren,89,80397,82887.17,79317,0,1
214,17,1997,8,French Grand Prix,Jordan,143,80831,84172.08,79225,0,0
214,20,1997,8,French Grand Prix,Prost,77,80920,85047.14,79417,0,0
214,15,1997,8,French Grand Prix,Sauber,111,82159,84992.19,79849,0,0
214,25,1997,8,French Grand Prix,Tyrrell,76,82267,83480.62,80385,0,0
214,18,1997,8,French Grand Prix,Minardi,75,82415,85744.12,80534,0,0
214,24,1997,8,French Grand Prix,Stewart,69,81875,82709.55,78781,0,0
215,21,1997,9,British Grand Prix,Arrows,88,88106,91632.85,86471,0,0
215,3,1997,9,British Grand Prix,Williams,59,86405,89519.75,85082,0,0
215,6,1997,9,British Grand Prix,Ferrari,82,86734,90789.63,84475,0,0
215,22,1997,9,British Grand Prix,Benetton,118,87616,89701.96,86260,0,0
215,1,1997,9,British Grand Prix,McLaren,111,87828,89926.99,85988,0,1
215,17,1997,9,British Grand Prix,Jordan,117,87797,90591.97,85872,0,0
215,20,1997,9,British Grand Prix,Prost,115,88390,91026.41,86610,0,0
215,15,1997,9,British Grand Prix,Sauber,100,88777,92705.01,86232,0,0
215,25,1997,9,British Grand Prix,Tyrrell,89,89709,92889.2,88053,0,0
215,18,1997,9,British Grand Prix,Minardi,58,90254,92553.07,89100,0,0
215,24,1997,9,British Grand Prix,Stewart,87,88897,92380.53,87586,0,0
216,21,1997,10,German Grand Prix,Arrows,52,109539,110737.08,106560,0,0
216,3,1997,10,German Grand Prix,Williams,34,107811,111296.74,107044,0,0
216,6,1997,10,German Grand Prix,Ferrari,46,107280,110278.89,106603,0,0
216,22,1997,10,German Grand Prix,Benetton,90,107219,108364.54,105747,0,0
216,1,1997,10,German Grand Prix,McLaren,46,107760,109263.96,106831,0,1
216,17,1997,10,German Grand Prix,Jordan,85,107562,108948.44,106127,0,0
216,20,1997,10,German Grand Prix,Prost,90,108273,109166.43,106733,0,0
216,15,1997,10,German Grand Prix,Sauber,52,109604,110917.67,107908,0,0
216,25,1997,10,German Grand Prix,Tyrrell,77,110733,111995.56,109611,0,0
216,18,1997,10,German Grand Prix,Minardi,23,110533,111279.35,110161,0,0
216,24,1997,10,German Grand Prix,Stewart,60,108686,110159.23,107074,0,0
217,21,1997,11,Hungarian Grand Prix,Arrows,130,81793,83076.43,79648,0,0
217,3,1997,11,Hungarian Grand Prix,Williams,106,81530,82080.94,78372,0,0
217,6,1997,11,Hungarian Grand Prix,Ferrari,153,81953,82807.08,79527,0,0
217,22,1997,11,Hungarian Grand Prix,Benetton,153,82282,83529.93,79923,0,0
217,1,1997,11,Hungarian Grand Prix,McLaren,77,81505,82346.82,80161,0,1
217,17,1997,11,Hungarian Grand Prix,Jordan,119,82018,82779.01,79366,0,0
217,20,1997,11,Hungarian Grand Prix,Prost,154,82226,83190.66,80003,0,0
217,15,1997,11,Hungarian Grand Prix,Sauber,84,81987,83042.17,80606,0,0
217,25,1997,11,Hungarian Grand Prix,Tyrrell,136,83400,85045.08,81578,0,0
217,18,1997,11,Hungarian Grand Prix,Minardi,151,82778,84296.13,80672,0,0
217,24,1997,11,Hungarian Grand Prix,Stewart,34,82160,85652.85,81409,0,0
218,21,1997,12,Belgian Grand Prix,Arrows,86,123585,130868.17,113652,0,0
218,3,1997,12,Belgian Grand Prix,Williams,88,119426,128723.68,112692,0,0
218,6,1997,12,Belgian Grand Prix,Ferrari,87,120577,128903.18,115290,0,0
218,22,1997,12,Belgian Grand Prix,Benetton,88,121566,129763.44,113649,0,0
218,1,1997,12,Belgian Grand Prix,McLaren,63,123231,132983.3,114175,0,1
218,17,1997,12,Belgian Grand Prix,Jordan,65,123284,133441.66,114688,0,0
218,20,1997,12,Belgian Grand Prix,Prost,47,128845,140739.32,115152,0,0
218,15,1997,12,Belgian Grand Prix,Sauber,88,121588,129489.1,113615,0,0
218,25,1997,12,Belgian Grand Prix,Tyrrell,68,123763,133811.25,116919,0,0
218,18,1997,12,Belgian Grand Prix,Minardi,60,130234,137397.48,115413,0,0
218,24,1997,12,Belgian Grand Prix,Stewart,51,126422,136571.98,115726,0,0
219,21,1997,13,Italian Grand Prix,Arrows,50,87786,88990.72,87081,0,0
219,3,1997,13,Italian Grand Prix,Williams,106,86682,87358.27,85600,0,0
219,6,1997,13,Italian Grand Prix,Ferrari,106,86771,87531.49,85655,0,0
219,22,1997,13,Italian Grand Prix,Benetton,106,86644,87392.7,85653,0,0
219,1,1997,13,Italian Grand Prix,McLaren,106,86523,87722.56,84808,0,1
219,17,1997,13,Italian Grand Prix,Jordan,92,87069,88920.71,85909,0,0
219,20,1997,13,Italian Grand Prix,Prost,106,87746,88445.76,86383,0,0
219,15,1997,13,Italian Grand Prix,Sauber,90,87804,88835.04,86572,0,0
219,25,1997,13,Italian Grand Prix,Tyrrell,45,88504,89955.22,88004,0,0
219,18,1997,13,Italian Grand Prix,Minardi,58,91556,93004.9,89116,0,0
219,24,1997,13,Italian Grand Prix,Stewart,83,88337,89668.59,87447,0,0
220,21,1997,14,Austrian Grand Prix,Arrows,138,74122,75041.16,72903,0,0
220,3,1997,14,Austrian Grand Prix,Williams,142,73642,74056.06,71814,0,0
220,6,1997,14,Austrian Grand Prix,Ferrari,109,74183,75030.75,72169,0,0
220,22,1997,14,Austrian Grand Prix,Benetton,107,74138,75254.06,72624,0,0
220,1,1997,14,Austrian Grand Prix,McLaren,72,73404,74312.25,72207,0,1
220,17,1997,14,Austrian Grand Prix,Jordan,142,73605,74337.92,72375,0,0
220,20,1997,14,Austrian Grand Prix,Prost,115,74135,74880.81,72598,0,0
220,15,1997,14,Austrian Grand Prix,Sauber,142,73962,74841.62,72574,0,0
220,25,1997,14,Austrian Grand Prix,Tyrrell,117,75598,76716.97,73708,0,0
220,18,1997,14,Austrian Grand Prix,Minardi,69,75288,76314.64,74394,0,0
220,24,1997,14,Austrian Grand Prix,Stewart,122,73748,74741.25,72535,0,0
221,21,1997,15,Luxembourg Grand Prix,Arrows,134,81797,82564.25,80407,0,0
221,3,1997,15,Luxembourg Grand Prix,Williams,134,81092,82008.7,78805,0,0
221,6,1997,15,Luxembourg Grand Prix,Ferrari,24,82409,83863.96,81793,0,0
221,22,1997,15,Luxembourg Grand Prix,Benetton,134,81202,82118.45,79716,0,0
221,1,1997,15,Luxembourg Grand Prix,McLaren,85,80487,81227.96,79576,0,1
221,20,1997,15,Luxembourg Grand Prix,Prost,83,81991,82756.27,81086,0,0
221,15,1997,15,Luxembourg Grand Prix,Sauber,133,81886,83035.03,80518,0,0
221,25,1997,15,Luxembourg Grand Prix,Tyrrell,116,82901,84133.59,81996,0,0
221,18,1997,15,Luxembourg Grand Prix,Minardi,2,138728,138728.0,96826,0,0
221,24,1997,15,Luxembourg Grand Prix,Stewart,83,81801,83065.19,80737,0,0
222,21,1997,16,Japanese Grand Prix,Arrows,104,103050,104256.63,101419,0,0
222,3,1997,16,Japanese Grand Prix,Williams,106,100974,102057.02,98942,0,0
222,6,1997,16,Japanese Grand Prix,Ferrari,106,100901,101917.68,99268,0,0
222,22,1997,16,Japanese Grand Prix,Benetton,106,101179,102620.03,99381,0,0
222,1,1997,16,Japanese Grand Prix,McLaren,105,101401,102349.13,99771,0,1
222,17,1997,16,Japanese Grand Prix,Jordan,106,101944,102978.78,99737,0,0
222,20,1997,16,Japanese Grand Prix,Prost,58,102966,105705.09,100430,0,0
222,15,1997,16,Japanese Grand Prix,Sauber,53,101381,102454.25,100266,0,0
222,25,1997,16,Japanese Grand Prix,Tyrrell,98,104404,105323.81,102996,0,0
222,18,1997,16,Japanese Grand Prix,Minardi,54,103745,105420.89,102699,0,0
222,24,1997,16,Japanese Grand Prix,Stewart,9,104753,106159.78,103883,0,0
223,21,1997,17,European Grand Prix,Arrows,58,85583,86882.62,84274,0,0
223,3,1997,17,European Grand Prix,Williams,138,85244,86100.59,83135,0,0
223,6,1997,17,European Grand Prix,Ferrari,116,85282,85962.47,83692,0,0
223,22,1997,17,European Grand Prix,Benetton,137,85802,86827.79,83361,0,0
223,1,1997,17,European Grand Prix,McLaren,138,85509,86066.64,84006,0,1
223,17,1997,17,European Grand Prix,Jordan,112,86648,87704.35,85434,0,0
223,20,1997,17,European Grand Prix,Prost,138,86424,87107.99,83941,0,0
223,15,1997,17,European Grand Prix,Sauber,137,86872,87564.58,85154,0,0
223,25,1997,17,European Grand Prix,Tyrrell,136,87179,87950.11,85237,0,0
223,18,1997,17,European Grand Prix,Minardi,136,87228,88261.75,85947,0,0
223,24,1997,17,European Grand Prix,Stewart,99,86569,87290.54,85370,0,0
191,3,1998,1,Australian Grand Prix,Williams,114,96466,97063.25,93554,0,0
191,6,1998,1,Australian Grand Prix,Ferrari,62,96123,96888.69,93790,0,0
191,22,1998,1,Australian Grand Prix,Benetton,100,96477,97530.85,94319,0,0
191,1,1998,1,Australian Grand Prix,McLaren,116,93900,94937.02,91649,0,1
191,17,1998,1,Australian Grand Prix,Jordan,58,96346,97687.24,94196,0,0
191,20,1998,1,Australian Grand Prix,Prost,83,96607,97619.06,94319,0,0
191,15,1998,1,Australian Grand Prix,Sauber,98,96667,97680.17,94878,0,0
191,21,1998,1,Australian Grand Prix,Arrows,25,97242,99568.12,96032,0,0
191,24,1998,1,Australian Grand Prix,Stewart,1,112353,112353.0,112353,0,0
191,25,1998,1,Australian Grand Prix,Tyrrell,26,100872,109985.5,98116,0,0
191,18,1998,1,Australian Grand Prix,Minardi,30,99656,105490.77,96475,0,0
192,3,1998,2,Brazilian Grand Prix,Williams,142,81448,82240.13,80129,0,0
192,6,1998,2,Brazilian Grand Prix,Ferrari,143,81290,82101.28,79627,0,0
192,22,1998,2,Brazilian Grand Prix,Benetton,143,81728,82089.33,79863,0,0
192,1,1998,2,Brazilian Grand Prix,McLaren,144,80453,81004.14,79337,0,1
192,17,1998,2,Brazilian Grand Prix,Jordan,70,83064,83566.47,81035,0,0
192,20,1998,2,Brazilian Grand Prix,Prost,80,82410,83335.93,80449,0,0
192,15,1998,2,Brazilian Grand Prix,Sauber,138,82346,83161.49,80623,0,0
192,21,1998,2,Brazilian Grand Prix,Arrows,44,83974,84973.05,82969,0,0
192,24,1998,2,Brazilian Grand Prix,Stewart,126,82412,83614.86,80991,0,0
192,25,1998,2,Brazilian Grand Prix,Tyrrell,71,84069,85767.93,83226,0,0
192,18,1998,2,Brazilian Grand Prix,Minardi,47,84058,85714.68,83293,0,0
193,3,1998,3,Argentine Grand Prix,Williams,123,91116,92219.93,89592,0,0
193,6,1998,3,Argentine Grand Prix,Ferrari,144,89831,90903.44,88272,0,0
193,22,1998,3,Argentine Grand Prix,Benetton,144,90832,91589.74,88179,0,0
193,1,1998,3,Argentine Grand Prix,McLaren,144,90364,91215.28,88261,0,1
193,17,1998,3,Argentine Grand Prix,Jordan,93,91792,93200.19,89310,0,0
193,20,1998,3,Argentine Grand Prix,Prost,135,92212,92875.85,89201,0,0
193,15,1998,3,Argentine Grand Prix,Sauber,118,90736,91758.51,89000,0,0
193,21,1998,3,Argentine Grand Prix,Arrows,31,94016,94990.03,92519,0,0
193,24,1998,3,Argentine Grand Prix,Stewart,87,92506,93930.07,90408,0,0
193,25,1998,3,Argentine Grand Prix,Tyrrell,138,94264,95257.11,91057,0,0
193,18,1998,3,Argentine Grand Prix,Minardi,132,93509,94865.27,90992,0,0
194,3,1998,4,San Marino Grand Prix,Williams,124,91677,92429.46,89726,0,0
194,6,1998,4,San Marino Grand Prix,Ferrari,124,91079,91818.68,89345,0,0
194,22,1998,4,San Marino Grand Prix,Benetton,34,92586,95749.62,91562,0,0
194,1,1998,4,San Marino Grand Prix,McLaren,79,90625,91602.85,89497,0,1
194,17,1998,4,San Marino Grand Prix,Jordan,117,92740,94399.26,90859,0,0
194,20,1998,4,San Marino Grand Prix,Prost,90,92740,93794.03,90481,0,0
194,15,1998,4,San Marino Grand Prix,Sauber,73,92290,93272.99,90391,0,0
194,21,1998,4,San Marino Grand Prix,Arrows,78,94585,95959.0,91267,0,0
194,24,1998,4,San Marino Grand Prix,Stewart,8,95770,103111.62,95069,0,0
194,25,1998,4,San Marino Grand Prix,Tyrrell,88,94924,96178.23,92430,0,0
194,18,1998,4,San Marino Grand Prix,Minardi,87,94903,96117.3,93443,0,0
195,3,1998,5,Spanish Grand Prix,Williams,127,87260,88643.31,86011,0,0
195,6,1998,5,Spanish Grand Prix,Ferrari,93,86192,87215.74,84625,0,0
195,22,1998,5,Spanish Grand Prix,Benetton,93,86499,87384.75,85343,0,0
195,1,1998,5,Spanish Grand Prix,McLaren,130,85746,86497.56,84275,0,1
195,17,1998,5,Spanish Grand Prix,Jordan,109,87913,89099.73,86501,0,0
195,20,1998,5,Spanish Grand Prix,Prost,123,88049,88911.32,86394,0,0
195,15,1998,5,Spanish Grand Prix,Sauber,127,87938,88709.72,85668,0,0
195,21,1998,5,Spanish Grand Prix,Arrows,41,88320,91149.37,87638,0,0
195,24,1998,5,Spanish Grand Prix,Stewart,127,87793,88782.98,86532,0,0
195,25,1998,5,Spanish Grand Prix,Tyrrell,63,89027,90120.97,88066,0,0
195,18,1998,5,Spanish Grand Prix,Minardi,126,89022,90186.44,87601,0,0
196,3,1998,6,Monaco Grand Prix,Williams,86,86816,87340.38,84381,0,0
196,6,1998,6,Monaco Grand Prix,Ferrari,154,85380,87414.05,83189,0,0
196,22,1998,6,Monaco Grand Prix,Benetton,120,85220,85963.56,83594,0,0
196,1,1998,6,Monaco Grand Prix,McLaren,95,84938,85537.07,82948,0,1
196,17,1998,6,Monaco Grand Prix,Jordan,120,87703,88590.77,86091,0,0
196,20,1998,6,Monaco Grand Prix,Prost,105,88117,88994.29,84874,0,0
196,15,1998,6,Monaco Grand Prix,Sauber,149,86848,87315.52,84539,0,0
196,21,1998,6,Monaco Grand Prix,Arrows,155,86518,86907.81,84456,0,0
196,24,1998,6,Monaco Grand Prix,Stewart,41,87933,88582.59,86637,0,0
196,25,1998,6,Monaco Grand Prix,Tyrrell,76,87706,88838.21,86506,0,0
196,18,1998,6,Monaco Grand Prix,Minardi,76,87293,88269.55,86054,0,0
197,3,1998,7,Canadian Grand Prix,Williams,83,83418,96820.45,81233,0,0
197,6,1998,7,Canadian Grand Prix,Ferrari,138,82123,88222.97,79379,0,0
197,22,1998,7,Canadian Grand Prix,Benetton,138,82802,88366.71,80942,0,0
197,1,1998,7,Canadian Grand Prix,McLaren,18,81989,98925.72,80852,0,1
197,17,1998,7,Canadian Grand Prix,Jordan,42,83796,99095.4,81933,0,0
197,20,1998,7,Canadian Grand Prix,Prost,39,84480,92761.46,81669,0,0
197,15,1998,7,Canadian Grand Prix,Sauber,18,86358,99477.78,83466,0,0
197,21,1998,7,Canadian Grand Prix,Arrows,86,84381,92226.24,81814,0,0
197,24,1998,7,Canadian Grand Prix,Stewart,137,83755,89237.78,82239,0,0
197,25,1998,7,Canadian Grand Prix,Tyrrell,68,85067,90255.46,83418,0,0
197,18,1998,7,Canadian Grand Prix,Minardi,121,84432,90684.88,82907,0,0
198,3,1998,8,French Grand Prix,Williams,139,80411,81285.86,78913,0,0
198,6,1998,8,French Grand Prix,Ferrari,142,79493,80208.65,77770,0,0
198,22,1998,8,French Grand Prix,Benetton,140,80500,81718.61,79307,0,0
198,1,1998,8,French Grand Prix,McLaren,141,79544,80831.14,77523,0,1
198,17,1998,8,French Grand Prix,Jordan,87,80704,84225.03,79052,0,0
198,20,1998,8,French Grand Prix,Prost,124,81595,83134.15,79869,0,0
198,15,1998,8,French Grand Prix,Sauber,140,80627,81655.34,79660,0,0
198,21,1998,8,French Grand Prix,Arrows,138,82834,83380.51,81502,0,0
198,24,1998,8,French Grand Prix,Stewart,138,81918,82671.64,80651,0,0
198,25,1998,8,French Grand Prix,Tyrrell,76,82279,83401.91,80299,0,0
198,18,1998,8,French Grand Prix,Minardi,106,83311,84303.24,81883,0,0
199,3,1998,9,British Grand Prix,Williams,74,101771,107918.92,96884,0,0
199,6,1998,9,British Grand Prix,Ferrari,120,101334,107284.18,95704,0,0
199,22,1998,9,British Grand Prix,Benetton,118,103149,109321.61,97982,0,0
199,1,1998,9,British Grand Prix,McLaren,97,99942,104469.81,95961,0,1
199,17,1998,9,British Grand Prix,Jordan,72,102476,107833.94,97223,0,0
199,20,1998,9,British Grand Prix,Prost,77,105531,106974.87,102346,0,0
199,15,1998,9,British Grand Prix,Sauber,80,101917,106659.01,97202,0,0
199,21,1998,9,British Grand Prix,Arrows,72,103864,110126.99,97887,0,0
199,24,1998,9,British Grand Prix,Stewart,77,104722,106347.35,100097,0,0
199,25,1998,9,British Grand Prix,Tyrrell,85,109512,112959.09,100948,0,0
199,18,1998,9,British Grand Prix,Minardi,87,106828,110925.71,103755,0,0
200,3,1998,10,Austrian Grand Prix,Williams,87,75934,78417.85,73730,0,0
200,6,1998,10,Austrian Grand Prix,Ferrari,142,74851,77262.27,73029,0,0
200,22,1998,10,Austrian Grand Prix,Benetton,91,75319,78457.65,74040,0,0
200,1,1998,10,Austrian Grand Prix,McLaren,142,74842,76714.51,72878,0,1
200,17,1998,10,Austrian Grand Prix,Jordan,142,75403,77552.47,73972,0,0
200,20,1998,10,Austrian Grand Prix,Prost,70,76420,78479.1,75709,0,0
200,15,1998,10,Austrian Grand Prix,Sauber,91,76003,78671.62,74639,0,0
200,21,1998,10,Austrian Grand Prix,Arrows,4,116240,113708.75,100264,0,0
200,24,1998,10,Austrian Grand Prix,Stewart,59,76740,80971.2,75610,0,0
200,25,1998,10,Austrian Grand Prix,Tyrrell,69,77152,81278.17,76100,0,0
200,18,1998,10,Austrian Grand Prix,Minardi,100,76736,79533.27,75575,0,0
201,3,1998,11,German Grand Prix,Williams,90,107293,108125.9,106274,0,0
201,6,1998,11,German Grand Prix,Ferrari,90,107453,108224.8,106381,0,0
201,22,1998,11,German Grand Prix,Benetton,90,107756,108722.11,106831,0,0
201,1,1998,11,German Grand Prix,McLaren,90,107040,107737.72,106116,0,1
201,17,1998,11,German Grand Prix,Jordan,90,107231,108143.26,106317,0,0
201,20,1998,11,German Grand Prix,Prost,88,109179,110977.25,107775,0,0
201,15,1998,11,German Grand Prix,Sauber,82,108061,108954.1,106964,0,0
201,21,1998,11,German Grand Prix,Arrows,46,109728,111038.61,108899,0,0
201,24,1998,11,German Grand Prix,Stewart,51,109325,110326.12,107544,0,0
201,25,1998,11,German Grand Prix,Tyrrell,44,109529,110622.05,108608,0,0
201,18,1998,11,German Grand Prix,Minardi,79,110674,113403.92,109424,0,0
202,3,1998,12,Hungarian Grand Prix,Williams,154,82053,82805.56,80078,0,0
202,6,1998,12,Hungarian Grand Prix,Ferrari,90,81234,82291.04,79286,0,0
202,22,1998,12,Hungarian Grand Prix,Benetton,145,82700,83581.15,81060,0,0
202,1,1998,12,Hungarian Grand Prix,McLaren,153,81587,82777.24,80545,0,1
202,17,1998,12,Hungarian Grand Prix,Jordan,153,82159,83372.14,80680,0,0
202,20,1998,12,Hungarian Grand Prix,Prost,102,84251,85599.85,82538,0,0
202,15,1998,12,Hungarian Grand Prix,Sauber,152,82648,83697.51,81329,0,0
202,21,1998,12,Hungarian Grand Prix,Arrows,92,84464,85421.89,83429,0,0
202,24,1998,12,Hungarian Grand Prix,Stewart,128,84758,85955.89,83294,0,0
202,25,1998,12,Hungarian Grand Prix,Tyrrell,74,84911,86055.97,82495,0,0
202,18,1998,12,Hungarian Grand Prix,Minardi,87,85302,87404.1,83573,0,0
203,3,1998,13,Belgian Grand Prix,Williams,60,134869,140594.45,126284,0,0
203,6,1998,13,Belgian Grand Prix,Ferrari,50,131311,136150.28,123766,0,0
203,22,1998,13,Belgian Grand Prix,Benetton,26,134579,137359.31,129528,0,0
203,1,1998,13,Belgian Grand Prix,McLaren,39,134636,159774.69,130950,0,1
203,17,1998,13,Belgian Grand Prix,Jordan,88,133032,141542.59,125630,0,0
203,20,1998,13,Belgian Grand Prix,Prost,42,144977,149576.93,131701,0,0
203,15,1998,13,Belgian Grand Prix,Sauber,44,133460,141696.55,127597,0,0
203,21,1998,13,Belgian Grand Prix,Arrows,44,138060,142706.59,131331,0,0
203,24,1998,13,Belgian Grand Prix,Stewart,8,133956,143184.88,132425,0,0
203,25,1998,13,Belgian Grand Prix,Tyrrell,10,133821,141243.8,132327,0,0
203,18,1998,13,Belgian Grand Prix,Minardi,56,141944,158846.82,133230,0,0
204,3,1998,14,Italian Grand Prix,Williams,89,87659,88789.24,86479,0,0
204,6,1998,14,Italian Grand Prix,Ferrari,106,87117,87710.58,85483,0,0
204,22,1998,14,Italian Grand Prix,Benetton,76,88357,89078.97,86659,0,0
204,1,1998,14,Italian Grand Prix,McLaren,69,86948,88107.72,85139,0,1
204,17,1998,14,Italian Grand Prix,Jordan,106,87562,88369.66,86194,0,0
204,20,1998,14,Italian Grand Prix,Prost,65,89298,99129.45,86285,0,0
204,15,1998,14,Italian Grand Prix,Sauber,65,87987,88928.74,86840,0,0
204,21,1998,14,Italian Grand Prix,Arrows,42,89364,90436.36,87866,0,0
204,24,1998,14,Italian Grand Prix,Stewart,91,89180,90617.82,87770,0,0
204,25,1998,14,Italian Grand Prix,Tyrrell,103,90454,91147.63,87726,0,0
204,18,1998,14,Italian Grand Prix,Minardi,64,91054,91752.73,89093,0,0
205,3,1998,15,Luxembourg Grand Prix,Williams,133,82969,83727.74,81394,0,0
205,6,1998,15,Luxembourg Grand Prix,Ferrari,134,82330,83059.5,81001,0,0
205,22,1998,15,Luxembourg Grand Prix,Benetton,134,82727,83550.21,81506,0,0
205,1,1998,15,Luxembourg Grand Prix,McLaren,134,82241,82863.75,80450,0,1
205,17,1998,15,Luxembourg Grand Prix,Jordan,119,83065,84890.31,81741,0,0
205,20,1998,15,Luxembourg Grand Prix,Prost,71,84535,85560.94,82931,0,0
205,15,1998,15,Luxembourg Grand Prix,Sauber,103,83330,84191.59,81979,0,0
205,21,1998,15,Luxembourg Grand Prix,Arrows,71,84654,85899.07,83552,0,0
205,24,1998,15,Luxembourg Grand Prix,Stewart,130,84639,85549.35,83412,0,0
205,25,1998,15,Luxembourg Grand Prix,Tyrrell,101,85059,86208.93,83392,0,0
205,18,1998,15,Luxembourg Grand Prix,Minardi,121,85122,92128.58,84024,0,0
206,3,1998,16,Japanese Grand Prix,Williams,102,103546,104262.71,102273,0,0
206,6,1998,16,Japanese Grand Prix,Ferrari,82,101845,103009.4,100190,0,0
206,22,1998,16,Japanese Grand Prix,Benetton,101,103969,104965.45,102335,0,0
206,1,1998,16,Japanese Grand Prix,McLaren,102,102044,103066.02,100426,0,1
206,17,1998,16,Japanese Grand Prix,Jordan,64,103476,104242.02,102275,0,0
206,20,1998,16,Japanese Grand Prix,Prost,98,104625,106255.05,103073,0,0
206,15,1998,16,Japanese Grand Prix,Sauber,101,103877,104966.58,102357,0,0
206,21,1998,16,Japanese Grand Prix,Arrows,16,105776,107040.12,105304,0,0
206,24,1998,16,Japanese Grand Prix,Stewart,46,106364,108334.65,104947,0,0
206,25,1998,16,Japanese Grand Prix,Tyrrell,28,106623,108081.04,105673,0,0
206,18,1998,16,Japanese Grand Prix,Minardi,68,106785,108050.57,104158,0,0
175,1,1999,1,Australian Grand Prix,McLaren,34,94367,103573.68,93309,0,1
175,6,1999,1,Australian Grand Prix,Ferrari,113,94890,101045.71,92112,0,0
175,3,1999,1,Australian Grand Prix,Williams,77,95577,100707.25,93407,0,0
175,17,1999,1,Australian Grand Prix,Jordan,57,94859,100047.12,93378,0,0
175,22,1999,1,Australian Grand Prix,Benetton,85,96708,102536.52,93657,0,0
175,15,1999,1,Australian Grand Prix,Sauber,27,96793,105706.96,94748,0,0
175,21,1999,1,Australian Grand Prix,Arrows,114,96992,101525.65,95220,0,0
175,24,1999,1,Australian Grand Prix,Stewart,57,95334,100988.72,92894,0,0
175,20,1999,1,Australian Grand Prix,Prost,48,97336,104712.33,94980,0,0
175,18,1999,1,Australian Grand Prix,Minardi,67,99324,105011.87,97073,0,0
175,16,1999,1,Australian Grand Prix,BAR,61,96588,101714.67,94756,0,0
176,1,1999,2,Brazilian Grand Prix,McLaren,94,79633,83242.19,78448,0,1
176,6,1999,2,Brazilian Grand Prix,Ferrari,143,79957,80781.91,78616,0,0
176,3,1999,2,Brazilian Grand Prix,Williams,114,81456,83116.63,79395,0,0
176,17,1999,2,Brazilian Grand Prix,Jordan,81,80863,81653.99,79009,0,0
176,22,1999,2,Brazilian Grand Prix,Benetton,108,81382,82157.06,80145,0,0
176,15,1999,2,Brazilian Grand Prix,Sauber,69,81570,82497.97,78897,0,0
176,21,1999,2,Brazilian Grand Prix,Arrows,121,82564,83518.85,81598,0,0
176,24,1999,2,Brazilian Grand Prix,Stewart,57,80393,83911.82,79477,0,0
176,20,1999,2,Brazilian Grand Prix,Prost,92,80964,83197.13,79386,0,0
176,18,1999,2,Brazilian Grand Prix,Minardi,100,82581,83922.61,81225,0,0
176,16,1999,2,Brazilian Grand Prix,BAR,49,81969,83458.94,80727,0,0
177,1,1999,3,San Marino Grand Prix,McLaren,79,90045,90569.23,89145,0,1
177,6,1999,3,San Marino Grand Prix,Ferrari,108,90366,90950.21,88547,0,0
177,3,1999,3,San Marino Grand Prix,Williams,86,91737,92526.17,90254,0,0
177,17,1999,3,San Marino Grand Prix,Jordan,107,91310,92100.18,90140,0,0
177,22,1999,3,San Marino Grand Prix,Benetton,66,92300,93159.67,90977,0,0
177,15,1999,3,San Marino Grand Prix,Sauber,110,91844,95147.67,90442,0,0
177,21,1999,3,San Marino Grand Prix,Arrows,34,93143,95790.68,91587,0,0
177,24,1999,3,San Marino Grand Prix,Stewart,119,91804,92473.45,90564,0,0
177,20,1999,3,San Marino Grand Prix,Prost,48,92521,94909.33,90081,0,0
177,18,1999,3,San Marino Grand Prix,Minardi,118,94337,95673.36,92851,0,0
177,16,1999,3,San Marino Grand Prix,BAR,59,92404,93696.54,91007,0,0
178,1,1999,4,Monaco Grand Prix,McLaren,114,84140,84854.02,82259,0,1
178,6,1999,4,Monaco Grand Prix,Ferrari,156,83915,84449.36,82288,0,0
178,3,1999,4,Monaco Grand Prix,Williams,130,86311,86994.0,82837,0,0
178,17,1999,4,Monaco Grand Prix,Jordan,81,84590,85281.62,82471,0,0
178,22,1999,4,Monaco Grand Prix,Benetton,154,84625,85457.82,83236,0,0
178,15,1999,4,Monaco Grand Prix,Sauber,99,85730,86644.64,82637,0,0
178,21,1999,4,Monaco Grand Prix,Arrows,66,88323,88994.26,86482,0,0
178,24,1999,4,Monaco Grand Prix,Stewart,103,85183,85789.74,83583,0,0
178,20,1999,4,Monaco Grand Prix,Prost,117,85516,86370.74,83646,0,0
178,18,1999,4,Monaco Grand Prix,Minardi,34,89270,90221.68,86864,0,0
178,16,1999,4,Monaco Grand Prix,BAR,68,85773,86391.46,83537,0,0
179,1,1999,5,Spanish Grand Prix,McLaren,130,86191,87027.45,85209,0,1
179,6,1999,5,Spanish Grand Prix,Ferrari,130,86723,87295.05,84982,0,0
179,3,1999,5,Spanish Grand Prix,Williams,89,87708,88451.6,86520,0,0
179,17,1999,5,Spanish Grand Prix,Jordan,99,87602,88479.8,86348,0,0
179,22,1999,5,Spanish Grand Prix,Benetton,128,88282,89470.72,87029,0,0
179,15,1999,5,Spanish Grand Prix,Sauber,67,87515,88409.36,86315,0,0
179,21,1999,5,Spanish Grand Prix,Arrows,125,89714,90881.58,87409,0,0
179,24,1999,5,Spanish Grand Prix,Stewart,104,88074,88810.97,86006,0,0
179,20,1999,5,Spanish Grand Prix,Prost,88,87909,89941.75,86505,0,0
179,18,1999,5,Spanish Grand Prix,Minardi,50,90111,91756.14,89632,0,0
179,16,1999,5,Spanish Grand Prix,BAR,104,88113,88839.82,86675,0,0
180,1,1999,6,Canadian Grand Prix,McLaren,138,82191,88380.14,80961,0,1
180,6,1999,6,Canadian Grand Prix,Ferrari,98,82094,88540.16,80382,0,0
180,3,1999,6,Canadian Grand Prix,Williams,119,84055,89111.92,82002,0,0
180,17,1999,6,Canadian Grand Prix,Jordan,79,82901,89543.09,81284,0,0
180,22,1999,6,Canadian Grand Prix,Benetton,69,82256,88355.2,81345,0,0
180,15,1999,6,Canadian Grand Prix,Sauber,69,83465,88397.65,81864,0,0
180,21,1999,6,Canadian Grand Prix,Arrows,63,84394,91701.49,82792,0,0
180,24,1999,6,Canadian Grand Prix,Stewart,83,83671,91283.06,82078,0,0
180,20,1999,6,Canadian Grand Prix,Prost,68,84581,89715.56,82100,0,0
180,18,1999,6,Canadian Grand Prix,Minardi,135,84944,90355.41,82888,0,0
180,16,1999,6,Canadian Grand Prix,BAR,36,83787,90748.03,82283,0,0
181,1,1999,7,French Grand Prix,McLaren,81,92493,96800.04,79227,0,1
181,6,1999,7,French Grand Prix,Ferrari,144,93206,99343.53,80328,0,0
181,3,1999,7,French Grand Prix,Williams,98,92954,97062.98,80313,0,0
181,17,1999,7,French Grand Prix,Jordan,103,92940,101492.92,80994,0,0
181,22,1999,7,French Grand Prix,Benetton,67,82945,97465.01,81409,0,0
181,15,1999,7,French Grand Prix,Sauber,30,81542,84910.4,80848,0,0
181,21,1999,7,French Grand Prix,Arrows,142,97111,101197.44,82535,0,0
181,24,1999,7,French Grand Prix,Stewart,76,93884,98887.49,80878,0,0
181,20,1999,7,French Grand Prix,Prost,144,94271,99479.08,81330,0,0
181,18,1999,7,French Grand Prix,Minardi,96,95509,97843.11,82844,0,0
181,16,1999,7,French Grand Prix,BAR,97,94397,96759.51,80881,0,0
182,1,1999,8,British Grand Prix,McLaren,95,89572,94202.09,88309,0,1
182,6,1999,8,British Grand Prix,Ferrari,60,89552,92532.88,88782,0,0
182,3,1999,8,British Grand Prix,Williams,120,91180,93373.52,89414,0,0
182,17,1999,8,British Grand Prix,Jordan,120,90554,93055.69,89252,0,0
182,22,1999,8,British Grand Prix,Benetton,120,91648,93558.54,90296,0,0
182,15,1999,8,British Grand Prix,Sauber,119,91122,94088.92,89819,0,0
182,21,1999,8,British Grand Prix,Arrows,58,93502,96466.33,92442,0,0
182,24,1999,8,British Grand Prix,Stewart,120,90869,93721.56,89493,0,0
182,20,1999,8,British Grand Prix,Prost,120,91862,93773.54,90793,0,0
182,18,1999,8,British Grand Prix,Minardi,64,93173,96769.83,91612,0,0
182,16,1999,8,British Grand Prix,BAR,70,91910,95038.36,90611,0,0
183,1,1999,9,Austrian Grand Prix,McLaren,142,74002,74700.5,72107,0,1
183,6,1999,9,Austrian Grand Prix,Ferrari,141,74541,75235.35,72787,0,0
183,3,1999,9,Austrian Grand Prix,Williams,43,76173,76892.51,74381,0,0
183,17,1999,9,Austrian Grand Prix,Jordan,141,74790,75566.89,73176,0,0
183,22,1999,9,Austrian Grand Prix,Benetton,139,74683,75613.48,73579,0,0
183,15,1999,9,Austrian Grand Prix,Sauber,120,74518,75560.96,73093,0,0
183,21,1999,9,Austrian Grand Prix,Arrows,63,76281,77377.46,74914,0,0
183,24,1999,9,Austrian Grand Prix,Stewart,122,74498,77881.18,72641,0,0
183,20,1999,9,Austrian Grand Prix,Prost,140,74946,75918.4,73465,0,0
183,18,1999,9,Austrian Grand Prix,Minardi,138,76091,77560.25,74517,0,0
183,16,1999,9,Austrian Grand Prix,BAR,97,75451,76289.66,73977,0,0
184,1,1999,10,German Grand Prix,McLaren,70,108177,109677.76,105270,0,1
184,6,1999,10,German Grand Prix,Ferrari,90,108673,109313.28,107687,0,0
184,3,1999,10,German Grand Prix,Williams,66,109287,110383.82,108083,0,0
184,17,1999,10,German Grand Prix,Jordan,58,108933,109863.76,107619,0,0
184,22,1999,10,German Grand Prix,Benetton,52,109454,110786.08,107785,0,0
184,15,1999,10,German Grand Prix,Sauber,45,109074,110886.33,108334,0,0
184,21,1999,10,German Grand Prix,Arrows,52,110961,112153.98,110286,0,0
184,24,1999,10,German Grand Prix,Stewart,46,109147,110958.54,107788,0,0
184,20,1999,10,German Grand Prix,Prost,55,109285,110176.16,106823,0,0
184,18,1999,10,German Grand Prix,Minardi,89,110914,111922.29,109894,0,0
184,16,1999,10,German Grand Prix,BAR,20,110089,112582.45,109179,0,0
185,1,1999,11,Hungarian Grand Prix,McLaren,154,82291,82966.09,80699,0,1
185,6,1999,11,Hungarian Grand Prix,Ferrari,152,83529,84207.18,81010,0,0
185,3,1999,11,Hungarian Grand Prix,Williams,86,83746,84876.63,81745,0,0
185,17,1999,11,Hungarian Grand Prix,Jordan,154,82636,83471.51,80991,0,0
185,22,1999,11,Hungarian Grand Prix,Benetton,129,82759,83643.52,81469,0,0
185,15,1999,11,Hungarian Grand Prix,Sauber,93,82905,84080.92,80830,0,0
185,21,1999,11,Hungarian Grand Prix,Arrows,101,85155,86206.08,83520,0,0
185,24,1999,11,Hungarian Grand Prix,Stewart,153,83792,84164.01,81707,0,0
185,20,1999,11,Hungarian Grand Prix,Prost,152,83678,84413.43,81936,0,0
185,18,1999,11,Hungarian Grand Prix,Minardi,149,85345,86081.13,83456,0,0
185,16,1999,11,Hungarian Grand Prix,BAR,135,83951,85159.46,81343,0,0
186,1,1999,12,Belgian Grand Prix,McLaren,88,115928,117006.62,113955,0,1
186,6,1999,12,Belgian Grand Prix,Ferrari,88,117038,118037.62,115299,0,0
186,3,1999,12,Belgian Grand Prix,Williams,88,117235,118195.49,115786,0,0
186,17,1999,12,Belgian Grand Prix,Jordan,88,116910,117891.62,114954,0,0
186,22,1999,12,Belgian Grand Prix,Benetton,88,118503,119273.34,117037,0,0
186,15,1999,12,Belgian Grand Prix,Sauber,63,117971,119370.29,116016,0,0
186,21,1999,12,Belgian Grand Prix,Arrows,35,120342,122003.03,118480,0,0
186,24,1999,12,Belgian Grand Prix,Stewart,71,117708,119103.82,116131,0,0
186,20,1999,12,Belgian Grand Prix,Prost,88,117548,119134.22,116367,0,0
186,18,1999,12,Belgian Grand Prix,Minardi,76,118833,120675.08,116789,0,0
186,16,1999,12,Belgian Grand Prix,BAR,76,119536,122719.07,117619,0,0
187,1,1999,13,Italian Grand Prix,McLaren,82,86943,87367.87,85832,0,1
187,6,1999,13,Italian Grand Prix,Ferrari,106,87107,87596.04,85630,0,0
187,3,1999,13,Italian Grand Prix,Williams,106,86984,87520.42,85579,0,0
187,17,1999,13,Italian Grand Prix,Jordan,106,87194,87755.71,85917,0,0
187,22,1999,13,Italian Grand Prix,Benetton,12,89528,92538.0,88338,0,0
187,15,1999,13,Italian Grand Prix,Sauber,54,87305,88231.31,85911,0,0
187,21,1999,13,Italian Grand Prix,Arrows,70,89677,94808.86,88516,0,0
187,24,1999,13,Italian Grand Prix,Stewart,93,87063,87989.83,85825,0,0
187,20,1999,13,Italian Grand Prix,Prost,81,87058,88826.04,85953,0,0
187,18,1999,13,Italian Grand Prix,Minardi,23,89837,90401.43,88914,0,0
187,16,1999,13,Italian Grand Prix,BAR,78,87603,88754.47,86338,0,0
188,1,1999,14,European Grand Prix,McLaren,103,84936,93271.32,81282,0,1
188,6,1999,14,European Grand Prix,Ferrari,110,86138,95857.13,82332,0,0
188,3,1999,14,European Grand Prix,Williams,76,85502,95551.5,82237,0,0
188,17,1999,14,European Grand Prix,Jordan,32,84172,92569.75,82082,0,0
188,22,1999,14,European Grand Prix,Benetton,48,88811,94382.9,82244,0,0
188,15,1999,14,European Grand Prix,Sauber,35,85552,94272.49,83097,0,0
188,21,1999,14,European Grand Prix,Arrows,94,91891,98918.45,84848,0,0
188,24,1999,14,European Grand Prix,Stewart,132,86373,92814.35,82960,0,0
188,20,1999,14,European Grand Prix,Prost,131,86869,93702.53,83742,0,0
188,18,1999,14,European Grand Prix,Minardi,119,88046,94376.04,83657,0,0
188,16,1999,14,European Grand Prix,BAR,126,87392,94319.16,82564,0,0
189,1,1999,15,Malaysian Grand Prix,McLaren,70,103371,103843.43,101103,0,1
189,6,1999,15,Malaysian Grand Prix,Ferrari,112,102842,103553.82,100267,0,0
189,3,1999,15,Malaysian Grand Prix,Williams,62,105124,106649.24,102056,0,0
189,17,1999,15,Malaysian Grand Prix,Jordan,56,103205,104167.46,100631,0,0
189,22,1999,15,Malaysian Grand Prix,Benetton,108,103470,108833.24,100960,0,0
189,15,1999,15,Malaysian Grand Prix,Sauber,100,103412,104792.8,101328,0,0
189,21,1999,15,Malaysian Grand Prix,Arrows,37,106400,111861.19,103885,0,0
189,24,1999,15,Malaysian Grand Prix,Stewart,112,103075,103989.48,100810,0,0
189,20,1999,15,Malaysian Grand Prix,Prost,5,108759,110814.8,106874,0,0
189,18,1999,15,Malaysian Grand Prix,Minardi,70,105921,108046.93,102490,0,0
189,16,1999,15,Malaysian Grand Prix,BAR,54,103951,105837.02,101769,0,0
190,1,1999,16,Japanese Grand Prix,McLaren,92,103571,104724.61,101577,0,1
190,6,1999,16,Japanese Grand Prix,Ferrari,106,103787,104323.33,101319,0,0
190,3,1999,16,Japanese Grand Prix,Williams,53,104495,105250.55,102567,0,0
190,17,1999,16,Japanese Grand Prix,Jordan,74,104789,106193.92,102972,0,0
190,22,1999,16,Japanese Grand Prix,Benetton,99,105402,106525.69,103963,0,0
190,15,1999,16,Japanese Grand Prix,Sauber,104,104894,106032.33,103669,0,0
190,21,1999,16,Japanese Grand Prix,Arrows,94,106713,108306.38,105556,0,0
190,24,1999,16,Japanese Grand Prix,Stewart,104,104546,105650.07,103496,0,0
190,20,1999,16,Japanese Grand Prix,Prost,22,104139,106871.91,103188,0,0
190,18,1999,16,Japanese Grand Prix,Minardi,74,106654,108661.65,105359,0,0
190,16,1999,16,Japanese Grand Prix,BAR,104,105513,106444.73,103898,0,0
158,1,2000,1,Australian Grand Prix,McLaren,29,94181,107356.03,92433,0,1
158,6,2000,1,Australian Grand Prix,Ferrari,116,94046,97374.04,91481,0,0
158,17,2000,1,Australian Grand Prix,Jordan,74,94570,99475.85,92110,0,0
158,19,2000,1,Australian Grand Prix,Jaguar,7,97874,103681.43,95789,0,0
158,3,2000,1,Australian Grand Prix,Williams,104,94803,98251.47,92525,0,0
158,22,2000,1,Australian Grand Prix,Benetton,116,94910,98069.43,93449,0,0
158,20,2000,1,Australian Grand Prix,Prost,83,96150,101456.06,94111,0,0
158,15,2000,1,Australian Grand Prix,Sauber,99,95056,99972.12,92977,0,0
158,21,2000,1,Australian Grand Prix,Arrows,22,96776,112713.91,94834,0,0
158,18,2000,1,Australian Grand Prix,Minardi,97,95914,101269.38,93231,0,0
158,16,2000,1,Australian Grand Prix,BAR,116,94770,98059.39,93185,0,0
159,1,2000,2,Brazilian Grand Prix,McLaren,101,76753,77468.49,75456,0,1
159,6,2000,2,Brazilian Grand Prix,Ferrari,98,76670,77917.64,74755,0,0
159,17,2000,2,Brazilian Grand Prix,Jordan,142,77244,78208.38,75192,0,0
159,19,2000,2,Brazilian Grand Prix,Jaguar,71,78629,79729.23,77696,0,0
159,3,2000,2,Brazilian Grand Prix,Williams,140,77987,78652.53,76379,0,0
159,22,2000,2,Brazilian Grand Prix,Benetton,77,77194,79031.38,76002,0,0
159,20,2000,2,Brazilian Grand Prix,Prost,20,79899,81204.25,78381,0,0
159,21,2000,2,Brazilian Grand Prix,Arrows,140,78348,79135.48,76967,0,0
159,18,2000,2,Brazilian Grand Prix,Minardi,100,78995,79885.34,77174,0,0
159,16,2000,2,Brazilian Grand Prix,BAR,85,78485,79790.2,76658,0,0
160,1,2000,3,San Marino Grand Prix,McLaren,124,88413,89126.84,86523,0,1
160,6,2000,3,San Marino Grand Prix,Ferrari,124,88698,89426.03,86774,0,0
160,17,2000,3,San Marino Grand Prix,Jordan,62,89713,90908.31,88754,0,0
160,19,2000,3,San Marino Grand Prix,Jaguar,122,90143,90850.36,88387,0,0
160,3,2000,3,San Marino Grand Prix,Williams,50,89504,90509.06,87339,0,0
160,22,2000,3,San Marino Grand Prix,Benetton,122,90311,91073.02,88884,0,0
160,20,2000,3,San Marino Grand Prix,Prost,47,90299,93708.55,89350,0,0
160,15,2000,3,San Marino Grand Prix,Sauber,122,89590,90568.84,87814,0,0
160,21,2000,3,San Marino Grand Prix,Arrows,108,90437,92557.07,88842,0,0
160,18,2000,3,San Marino Grand Prix,Minardi,65,90871,93138.82,90030,0,0
160,16,2000,3,San Marino Grand Prix,BAR,122,90125,90979.09,88787,0,0
161,1,2000,4,British Grand Prix,McLaren,120,88252,88847.44,86217,0,1
161,6,2000,4,British Grand Prix,Ferrari,95,88704,89286.44,86428,0,0
161,17,2000,4,British Grand Prix,Jordan,114,89060,90315.29,87286,0,0
161,19,2000,4,British Grand Prix,Jaguar,118,89466,90893.47,88001,0,0
161,3,2000,4,British Grand Prix,Williams,120,88713,89660.73,86998,0,0
161,22,2000,4,British Grand Prix,Benetton,118,89317,90590.06,88116,0,0
161,20,2000,4,British Grand Prix,Prost,110,89680,91033.33,88388,0,0
161,15,2000,4,British Grand Prix,Sauber,118,89600,90805.06,88037,0,0
161,21,2000,4,British Grand Prix,Arrows,46,90345,93382.93,88867,0,0
161,18,2000,4,British Grand Prix,Minardi,118,89788,91146.75,88557,0,0
161,16,2000,4,British Grand Prix,BAR,92,89619,90663.13,87655,0,0
162,1,2000,5,Spanish Grand Prix,McLaren,130,85948,86821.89,84470,0,1
162,6,2000,5,Spanish Grand Prix,Ferrari,130,86123,87291.35,84517,0,0
162,17,2000,5,Spanish Grand Prix,Jordan,129,87254,88344.4,85183,0,0
162,19,2000,5,Spanish Grand Prix,Jaguar,128,87644,88809.28,86239,0,0
162,3,2000,5,Spanish Grand Prix,Williams,126,86697,87518.15,84729,0,0
162,22,2000,5,Spanish Grand Prix,Benetton,128,87424,88397.67,86147,0,0
162,20,2000,5,Spanish Grand Prix,Prost,63,88750,91331.16,86663,0,0
162,15,2000,5,Spanish Grand Prix,Sauber,64,87375,88064.47,85896,0,0
162,21,2000,5,Spanish Grand Prix,Arrows,26,87690,88536.12,87152,0,0
162,18,2000,5,Spanish Grand Prix,Minardi,126,88102,89833.03,85915,0,0
162,16,2000,5,Spanish Grand Prix,BAR,85,87131,87964.96,86241,0,0
163,1,2000,6,European Grand Prix,McLaren,133,91838,92194.72,82288,0,1
163,6,2000,6,European Grand Prix,Ferrari,133,91148,92102.58,82269,0,0
163,17,2000,6,European Grand Prix,Jordan,2,89867,89867.0,84937,0,0
163,19,2000,6,European Grand Prix,Jaguar,90,94001,93828.59,84008,0,0
163,3,2000,6,European Grand Prix,Williams,91,93590,93906.69,83688,0,0
163,22,2000,6,European Grand Prix,Benetton,127,93034,93676.52,83255,0,0
163,20,2000,6,European Grand Prix,Prost,65,93785,95383.15,83898,0,0
163,15,2000,6,European Grand Prix,Sauber,92,93552,94199.76,84346,0,0
163,21,2000,6,European Grand Prix,Arrows,95,93102,93154.77,83125,0,0
163,18,2000,6,European Grand Prix,Minardi,112,93930,95012.61,84018,0,0
163,16,2000,6,European Grand Prix,BAR,97,93813,94309.39,83390,0,0
164,1,2000,7,Monaco Grand Prix,McLaren,155,83901,84780.85,81571,0,1
164,6,2000,7,Monaco Grand Prix,Ferrari,133,83713,84272.88,81910,0,0
164,17,2000,7,Monaco Grand Prix,Jordan,106,84214,84584.1,82123,0,0
164,19,2000,7,Monaco Grand Prix,Jaguar,154,84903,86216.13,82424,0,0
164,3,2000,7,Monaco Grand Prix,Williams,53,84924,85917.83,83769,0,0
164,22,2000,7,Monaco Grand Prix,Benetton,96,84244,85036.82,81905,0,0
164,20,2000,7,Monaco Grand Prix,Prost,106,85230,85977.98,83261,0,0
164,15,2000,7,Monaco Grand Prix,Sauber,108,85151,85633.66,82634,0,0
164,21,2000,7,Monaco Grand Prix,Arrows,60,85672,86634.67,84486,0,0
164,18,2000,7,Monaco Grand Prix,Minardi,43,86429,87363.53,84351,0,0
164,16,2000,7,Monaco Grand Prix,BAR,125,85530,86164.59,83393,0,0
165,1,2000,8,Canadian Grand Prix,McLaren,138,82336,88589.88,79049,0,1
165,6,2000,8,Canadian Grand Prix,Ferrari,138,82024,88005.8,79235,0,0
165,17,2000,8,Canadian Grand Prix,Jordan,101,82306,86879.97,80479,0,0
165,19,2000,8,Canadian Grand Prix,Jaguar,80,83219,91815.26,80693,0,0
165,3,2000,8,Canadian Grand Prix,Williams,132,83038,88746.88,80520,0,0
165,22,2000,8,Canadian Grand Prix,Benetton,138,82915,88694.86,80399,0,0
165,20,2000,8,Canadian Grand Prix,Prost,72,82217,83643.57,80889,0,0
165,15,2000,8,Canadian Grand Prix,Sauber,111,82654,86955.5,80494,0,0
165,21,2000,8,Canadian Grand Prix,Arrows,117,82130,87423.89,80693,0,0
165,18,2000,8,Canadian Grand Prix,Minardi,132,84097,89772.17,80547,0,0
165,16,2000,8,Canadian Grand Prix,BAR,133,82377,88613.35,80533,0,0
166,1,2000,9,French Grand Prix,McLaren,144,81178,81846.0,79479,0,1
166,6,2000,9,French Grand Prix,Ferrari,130,81262,82036.33,79656,0,0
166,17,2000,9,French Grand Prix,Jordan,143,82328,82959.78,81071,0,0
166,19,2000,9,French Grand Prix,Jaguar,90,82451,84561.1,79708,0,0
166,3,2000,9,French Grand Prix,Williams,143,82216,82884.03,80908,0,0
166,22,2000,9,French Grand Prix,Benetton,105,82899,83524.51,80958,0,0
166,20,2000,9,French Grand Prix,Prost,141,83248,84402.42,81115,0,0
166,15,2000,9,French Grand Prix,Sauber,142,83126,83843.08,81725,0,0
166,21,2000,9,French Grand Prix,Arrows,70,82994,84747.67,81506,0,0
166,18,2000,9,French Grand Prix,Minardi,101,83810,84831.15,82420,0,0
166,16,2000,9,French Grand Prix,BAR,88,82019,82771.57,80857,0,0
167,1,2000,10,Austrian Grand Prix,McLaren,142,73468,74677.26,71783,0,1
167,6,2000,10,Austrian Grand Prix,Ferrari,71,73550,75022.72,71887,0,0
167,17,2000,10,Austrian Grand Prix,Jordan,4,87187,91256.5,76588,0,0
167,19,2000,10,Austrian Grand Prix,Jaguar,139,75054,76510.53,73613,0,0
167,3,2000,10,Austrian Grand Prix,Williams,122,74595,81553.21,72811,0,0
167,22,2000,10,Austrian Grand Prix,Benetton,70,74628,76193.76,73317,0,0
167,20,2000,10,Austrian Grand Prix,Prost,82,75118,77381.9,73593,0,0
167,15,2000,10,Austrian Grand Prix,Sauber,140,74533,76112.34,72955,0,0
167,21,2000,10,Austrian Grand Prix,Arrows,46,74534,78156.87,73490,0,0
167,18,2000,10,Austrian Grand Prix,Minardi,138,75445,77014.67,73626,0,0
167,16,2000,10,Austrian Grand Prix,BAR,128,74458,76369.06,72630,0,0
168,1,2000,11,German Grand Prix,McLaren,90,106019,114416.18,104579,0,1
168,6,2000,11,German Grand Prix,Ferrari,45,107181,114098.18,104300,0,0
168,17,2000,11,German Grand Prix,Jordan,84,107190,114572.98,104614,0,0
168,19,2000,11,German Grand Prix,Jaguar,57,108752,114393.81,107332,0,0
168,3,2000,11,German Grand Prix,Williams,90,108486,114693.54,106685,0,0
168,22,2000,11,German Grand Prix,Benetton,31,108202,113120.87,107269,0,0
168,20,2000,11,German Grand Prix,Prost,69,108478,113436.42,107001,0,0
168,15,2000,11,German Grand Prix,Sauber,74,108385,113426.73,106639,0,0
168,21,2000,11,German Grand Prix,Arrows,84,108069,114502.31,106243,0,0
168,18,2000,11,German Grand Prix,Minardi,78,108652,114698.68,107158,0,0
168,16,2000,11,German Grand Prix,BAR,82,108276,114263.41,106374,0,0
169,1,2000,12,Hungarian Grand Prix,McLaren,154,81680,82312.94,80028,0,1
169,6,2000,12,Hungarian Grand Prix,Ferrari,154,81970,82596.18,80520,0,0
169,17,2000,12,Hungarian Grand Prix,Jordan,153,82816,83413.37,80640,0,0
169,19,2000,12,Hungarian Grand Prix,Jaguar,143,83558,84617.8,81572,0,0
169,3,2000,12,Hungarian Grand Prix,Williams,153,82554,83332.49,81211,0,0
169,22,2000,12,Hungarian Grand Prix,Benetton,107,83762,86970.3,81483,0,0
169,20,2000,12,Hungarian Grand Prix,Prost,33,84872,94702.88,83644,0,0
169,15,2000,12,Hungarian Grand Prix,Sauber,138,83336,84083.91,81372,0,0
169,21,2000,12,Hungarian Grand Prix,Arrows,148,84895,85909.06,82366,0,0
169,18,2000,12,Hungarian Grand Prix,Minardi,142,85187,86358.44,83388,0,0
169,16,2000,12,Hungarian Grand Prix,BAR,150,84187,85024.85,81163,0,0
170,1,2000,13,Belgian Grand Prix,McLaren,88,116163,120821.24,114131,0,1
170,6,2000,13,Belgian Grand Prix,Ferrari,76,115966,121501.55,113803,0,0
170,17,2000,13,Belgian Grand Prix,Jordan,48,117084,123876.06,114966,0,0
170,19,2000,13,Belgian Grand Prix,Jaguar,88,117837,122367.62,115603,0,0
170,3,2000,13,Belgian Grand Prix,Williams,88,116331,121329.52,115425,0,0
170,22,2000,13,Belgian Grand Prix,Benetton,51,118943,126969.76,116726,0,0
170,20,2000,13,Belgian Grand Prix,Prost,44,119858,127328.25,115954,0,0
170,15,2000,13,Belgian Grand Prix,Sauber,88,117263,122406.6,115110,0,0
170,21,2000,13,Belgian Grand Prix,Arrows,85,118609,125757.52,116770,0,0
170,18,2000,13,Belgian Grand Prix,Minardi,85,119515,126188.26,117261,0,0
170,16,2000,13,Belgian Grand Prix,BAR,87,117716,122676.57,115511,0,0
171,1,2000,14,Italian Grand Prix,McLaren,53,87031,99159.4,85595,0,1
171,6,2000,14,Italian Grand Prix,Ferrari,53,86735,99087.51,85663,0,0
171,19,2000,14,Italian Grand Prix,Jaguar,1,258026,258026.0,258026,0,0
171,3,2000,14,Italian Grand Prix,Williams,63,88729,107137.35,86636,0,0
171,22,2000,14,Italian Grand Prix,Benetton,105,88521,101246.99,86731,0,0
171,20,2000,14,Italian Grand Prix,Prost,66,89735,109509.92,87978,0,0
171,15,2000,14,Italian Grand Prix,Sauber,104,88687,101142.74,87215,0,0
171,21,2000,14,Italian Grand Prix,Arrows,53,87901,100218.42,87033,0,0
171,18,2000,14,Italian Grand Prix,Minardi,104,89319,101485.01,88131,0,0
171,16,2000,14,Italian Grand Prix,BAR,67,87941,107119.48,86433,0,0
172,1,2000,15,United States Grand Prix,McLaren,98,77449,80713.46,74711,0,1
172,6,2000,15,United States Grand Prix,Ferrari,146,76827,79410.16,74822,0,0
172,17,2000,15,United States Grand Prix,Jordan,85,77139,81746.08,75521,0,0
172,19,2000,15,United States Grand Prix,Jaguar,145,77857,80427.1,75675,0,0
172,3,2000,15,United States Grand Prix,Williams,72,79477,83297.49,75598,0,0
172,22,2000,15,United States Grand Prix,Benetton,116,78020,81668.2,75560,0,0
172,20,2000,15,United States Grand Prix,Prost,136,77798,80727.12,76074,0,0
172,15,2000,15,United States Grand Prix,Sauber,90,78816,82008.64,75305,0,0
172,21,2000,15,United States Grand Prix,Arrows,79,80264,82577.03,76252,0,0
172,18,2000,15,United States Grand Prix,Minardi,131,78157,81395.98,76044,0,0
172,16,2000,15,United States Grand Prix,BAR,146,76826,79804.08,75117,0,0
173,1,2000,16,Japanese Grand Prix,McLaren,106,100828,102439.82,99189,0,1
173,6,2000,16,Japanese Grand Prix,Ferrari,106,101298,102510.01,99443,0,0
173,17,2000,16,Japanese Grand Prix,Jordan,81,103241,104686.52,100967,0,0
173,19,2000,16,Japanese Grand Prix,Jaguar,104,102449,103910.5,101154,0,0
173,3,2000,16,Japanese Grand Prix,Williams,94,101798,103346.33,100699,0,0
173,22,2000,16,Japanese Grand Prix,Benetton,89,104473,105740.82,102416,0,0
173,20,2000,16,Japanese Grand Prix,Prost,60,103370,106884.07,102356,0,0
173,15,2000,16,Japanese Grand Prix,Sauber,104,103524,105235.5,101002,0,0
173,21,2000,16,Japanese Grand Prix,Arrows,61,103481,105585.15,102079,0,0
173,18,2000,16,Japanese Grand Prix,Minardi,97,105220,106852.89,102815,0,0
173,16,2000,16,Japanese Grand Prix,BAR,104,102954,104306.29,100739,0,0
174,1,2000,17,Malaysian Grand Prix,McLaren,112,100523,103075.63,98543,0,1
174,6,2000,17,Malaysian Grand Prix,Ferrari,112,100613,102918.88,99064,0,0
174,17,2000,17,Malaysian Grand Prix,Jordan,62,103598,108090.73,101262,0,0
174,19,2000,17,Malaysian Grand Prix,Jaguar,104,102102,104563.3,100292,0,0
174,3,2000,17,Malaysian Grand Prix,Williams,61,103635,106735.62,101729,0,0
174,22,2000,17,Malaysian Grand Prix,Benetton,111,102311,104579.32,100312,0,0
174,20,2000,17,Malaysian Grand Prix,Prost,55,103313,105772.22,101634,0,0
174,15,2000,17,Malaysian Grand Prix,Sauber,55,102232,104740.09,100896,0,0
174,21,2000,17,Malaysian Grand Prix,Arrows,55,102713,104934.29,101104,0,0
174,18,2000,17,Malaysian Grand Prix,Minardi,86,104597,107288.34,101928,0,0
174,16,2000,17,Malaysian Grand Prix,BAR,102,101828,104472.5,100160,0,0
141,6,2001,1,Australian Grand Prix,Ferrari,116,90486,102125.49,88214,0,0
141,1,2001,1,Australian Grand Prix,McLaren,83,90531,106303.07,88838,0,1
141,3,2001,1,Australian Grand Prix,Williams,44,92340,106507.43,89606,0,0
141,22,2001,1,Australian Grand Prix,Benetton,107,96669,107886.93,92001,0,0
141,16,2001,1,Australian Grand Prix,BAR,62,91646,102941.24,90199,0,0
141,17,2001,1,Australian Grand Prix,Jordan,96,92504,105961.1,90266,0,0
141,21,2001,1,Australian Grand Prix,Arrows,59,93705,105088.44,91999,0,0
141,15,2001,1,Australian Grand Prix,Sauber,116,91833,103178.34,90229,0,0
141,19,2001,1,Australian Grand Prix,Jaguar,114,93649,104818.0,90903,0,0
141,18,2001,1,Australian Grand Prix,Minardi,59,94709,105882.63,92043,0,0
141,20,2001,1,Australian Grand Prix,Prost,57,93920,104682.35,91030,0,0
142,6,2001,2,Malaysian Grand Prix,Ferrari,110,108597,117575.11,101833,0,0
142,1,2001,2,Malaysian Grand Prix,McLaren,110,110283,118061.48,100962,0,1
142,3,2001,2,Malaysian Grand Prix,Williams,58,109272,118071.45,101503,0,0
142,22,2001,2,Malaysian Grand Prix,Benetton,84,117338,125180.01,104891,0,0
142,16,2001,2,Malaysian Grand Prix,BAR,4,110918,109961.25,103470,0,0
142,17,2001,2,Malaysian Grand Prix,Jordan,109,109767,118900.33,102119,0,0
142,21,2001,2,Malaysian Grand Prix,Arrows,58,111143,118462.76,103029,0,0
142,15,2001,2,Malaysian Grand Prix,Sauber,3,108176,109616.67,105328,0,0
142,19,2001,2,Malaysian Grand Prix,Jaguar,57,113981,120828.16,103697,0,0
142,18,2001,2,Malaysian Grand Prix,Minardi,103,119823,125435.32,105585,0,0
142,20,2001,2,Malaysian Grand Prix,Prost,107,113177,121789.82,103853,0,0
143,6,2001,3,Brazilian Grand Prix,Ferrari,73,78368,84616.29,76545,0,0
143,1,2001,3,Brazilian Grand Prix,McLaren,71,78068,83673.72,76498,0,1
143,3,2001,3,Brazilian Grand Prix,Williams,92,77834,85880.38,75693,0,0
143,22,2001,3,Brazilian Grand Prix,Benetton,134,82445,89604.34,77830,0,0
143,16,2001,3,Brazilian Grand Prix,BAR,140,79912,85726.49,76732,0,0
143,17,2001,3,Brazilian Grand Prix,Jordan,133,79065,85110.93,77522,0,0
143,21,2001,3,Brazilian Grand Prix,Arrows,52,79450,82293.06,78875,0,0
143,15,2001,3,Brazilian Grand Prix,Sauber,125,79190,84845.72,77816,0,0
143,19,2001,3,Brazilian Grand Prix,Jaguar,82,79340,83159.93,77132,0,0
143,18,2001,3,Brazilian Grand Prix,Minardi,93,80759,87067.0,79734,0,0
143,20,2001,3,Brazilian Grand Prix,Prost,124,79706,85528.99,77609,0,0
144,6,2001,4,San Marino Grand Prix,Ferrari,86,87860,89446.38,86117,0,0
144,1,2001,4,San Marino Grand Prix,McLaren,124,87273,88147.59,85569,0,1
144,3,2001,4,San Marino Grand Prix,Williams,110,87560,89381.37,85524,0,0
144,22,2001,4,San Marino Grand Prix,Benetton,91,90327,91708.73,89096,0,0
144,16,2001,4,San Marino Grand Prix,BAR,91,89286,90117.96,87582,0,0
144,17,2001,4,San Marino Grand Prix,Jordan,123,88421,89269.55,87243,0,0
144,21,2001,4,San Marino Grand Prix,Arrows,66,90123,91081.53,88956,0,0
144,15,2001,4,San Marino Grand Prix,Sauber,78,88891,89590.82,87350,0,0
144,19,2001,4,San Marino Grand Prix,Jaguar,102,89798,90723.4,87854,0,0
144,18,2001,4,San Marino Grand Prix,Minardi,55,94073,95392.04,91671,0,0
144,20,2001,4,San Marino Grand Prix,Prost,89,89753,90961.11,88369,0,0
145,6,2001,5,Spanish Grand Prix,Ferrari,114,82836,84733.05,81151,0,0
145,1,2001,5,Spanish Grand Prix,McLaren,129,82800,84104.4,81368,0,1
145,3,2001,5,Spanish Grand Prix,Williams,85,83620,84397.4,82362,0,0
145,22,2001,5,Spanish Grand Prix,Benetton,125,86627,88304.84,85298,0,0
145,16,2001,5,Spanish Grand Prix,BAR,130,83815,84932.39,82475,0,0
145,17,2001,5,Spanish Grand Prix,Jordan,70,83853,85148.34,83087,0,0
145,21,2001,5,Spanish Grand Prix,Arrows,71,85817,87320.06,83965,0,0
145,15,2001,5,Spanish Grand Prix,Sauber,130,84149,85140.84,82738,0,0
145,19,2001,5,Spanish Grand Prix,Jaguar,53,83943,85655.87,82568,0,0
145,18,2001,5,Spanish Grand Prix,Minardi,125,86852,88014.81,84423,0,0
145,20,2001,5,Spanish Grand Prix,Prost,128,85130,86278.34,83668,0,0
146,6,2001,6,Austrian Grand Prix,Ferrari,142,72118,74201.2,71009,0,0
146,1,2001,6,Austrian Grand Prix,McLaren,72,72200,79332.82,70843,0,1
146,3,2001,6,Austrian Grand Prix,Williams,51,73525,77978.98,71140,0,0
146,22,2001,6,Austrian Grand Prix,Benetton,63,75628,79326.97,73498,0,0
146,16,2001,6,Austrian Grand Prix,BAR,141,73189,75495.09,71718,0,0
146,17,2001,6,Austrian Grand Prix,Jordan,14,75638,89083.43,74082,0,0
146,21,2001,6,Austrian Grand Prix,Arrows,87,73587,76558.24,72423,0,0
146,15,2001,6,Austrian Grand Prix,Sauber,140,72950,75756.76,71284,0,0
146,19,2001,6,Austrian Grand Prix,Jaguar,118,74730,76722.7,72088,0,0
146,18,2001,6,Austrian Grand Prix,Minardi,63,76245,79917.16,74432,0,0
146,20,2001,6,Austrian Grand Prix,Prost,138,74932,76955.96,72642,0,0
147,6,2001,7,Monaco Grand Prix,Ferrari,156,82159,82599.7,79770,0,0
147,1,2001,7,Monaco Grand Prix,McLaren,92,83863,84534.62,79424,0,1
147,3,2001,7,Monaco Grand Prix,Williams,59,82881,83181.14,80975,0,0
147,22,2001,7,Monaco Grand Prix,Benetton,120,83260,84159.83,81580,0,0
147,16,2001,7,Monaco Grand Prix,BAR,91,82811,91197.19,80417,0,0
147,17,2001,7,Monaco Grand Prix,Jordan,79,83140,83849.63,80810,0,0
147,21,2001,7,Monaco Grand Prix,Arrows,153,84041,85099.52,81732,0,0
147,15,2001,7,Monaco Grand Prix,Sauber,73,84479,89003.9,80705,0,0
147,19,2001,7,Monaco Grand Prix,Jaguar,96,82850,83575.29,80681,0,0
147,18,2001,7,Monaco Grand Prix,Minardi,110,86221,86965.19,82956,0,0
147,20,2001,7,Monaco Grand Prix,Prost,101,83400,85109.53,81151,0,0
148,6,2001,8,Canadian Grand Prix,Ferrari,88,80128,82330.55,78176,0,0
148,1,2001,8,Canadian Grand Prix,McLaren,123,80388,83261.84,78148,0,1
148,3,2001,8,Canadian Grand Prix,Williams,88,79928,82093.85,77205,0,0
148,22,2001,8,Canadian Grand Prix,Benetton,17,82105,87312.65,81124,0,0
148,16,2001,8,Canadian Grand Prix,BAR,72,81035,89557.33,79782,0,0
148,17,2001,8,Canadian Grand Prix,Jordan,131,80801,83736.53,79414,0,0
148,21,2001,8,Canadian Grand Prix,Arrows,89,80733,84766.03,79257,0,0
148,15,2001,8,Canadian Grand Prix,Sauber,70,80561,83307.6,79309,0,0
148,19,2001,8,Canadian Grand Prix,Jaguar,69,80637,83690.33,79006,0,0
148,18,2001,8,Canadian Grand Prix,Minardi,73,84261,86299.33,82312,0,0
148,20,2001,8,Canadian Grand Prix,Prost,137,81115,83550.5,79328,0,0
149,6,2001,9,European Grand Prix,Ferrari,134,79760,80678.68,78537,0,0
149,1,2001,9,European Grand Prix,McLaren,134,80449,81009.77,78883,0,1
149,3,2001,9,European Grand Prix,Williams,134,79453,80619.48,78354,0,0
149,22,2001,9,European Grand Prix,Benetton,131,81793,83002.63,80069,0,0
149,16,2001,9,European Grand Prix,BAR,89,81456,82049.99,79797,0,0
149,17,2001,9,European Grand Prix,Jordan,92,81181,81941.09,79484,0,0
149,21,2001,9,European Grand Prix,Arrows,87,81904,83413.85,81154,0,0
149,15,2001,9,European Grand Prix,Sauber,120,81515,82576.08,80498,0,0
149,19,2001,9,European Grand Prix,Jaguar,133,80940,81547.88,78674,0,0
149,18,2001,9,European Grand Prix,Minardi,72,82679,83831.15,80937,0,0
149,20,2001,9,European Grand Prix,Prost,129,81619,82505.8,79105,0,0
150,6,2001,10,French Grand Prix,Ferrari,144,77421,78108.7,76181,0,0
150,1,2001,10,French Grand Prix,McLaren,72,77347,78232.53,76088,0,1
150,3,2001,10,French Grand Prix,Williams,124,77444,78229.11,76355,0,0
150,22,2001,10,French Grand Prix,Benetton,139,79253,80271.37,77968,0,0
150,16,2001,10,French Grand Prix,BAR,76,78736,79571.74,78181,0,0
150,17,2001,10,French Grand Prix,Jordan,143,78312,79238.96,77369,0,0
150,21,2001,10,French Grand Prix,Arrows,87,79440,80579.72,78662,0,0
150,15,2001,10,French Grand Prix,Sauber,142,78569,79376.94,77311,0,0
150,19,2001,10,French Grand Prix,Jaguar,124,78682,80226.77,77304,0,0
150,18,2001,10,French Grand Prix,Minardi,134,80600,81642.51,79199,0,0
150,20,2001,10,French Grand Prix,Prost,141,79390,80285.39,78253,0,0
151,6,2001,11,British Grand Prix,Ferrari,120,85818,86337.23,83928,0,0
151,1,2001,11,British Grand Prix,McLaren,62,84443,85890.47,83405,0,1
151,3,2001,11,British Grand Prix,Williams,96,85933,86999.35,84437,0,0
151,22,2001,11,British Grand Prix,Benetton,116,88352,89495.5,86798,0,0
151,16,2001,11,British Grand Prix,BAR,59,86799,87732.81,85809,0,0
151,17,2001,11,British Grand Prix,Jordan,59,86660,87697.39,85029,0,0
151,21,2001,11,British Grand Prix,Arrows,116,87902,89079.21,86394,0,0
151,15,2001,11,British Grand Prix,Sauber,118,86165,87146.93,84563,0,0
151,19,2001,11,British Grand Prix,Jaguar,117,87845,88495.79,84544,0,0
151,18,2001,11,British Grand Prix,Minardi,57,88118,90242.21,87091,0,0
151,20,2001,11,British Grand Prix,Prost,64,88177,89192.52,86497,0,0
152,6,2001,12,German Grand Prix,Ferrari,68,103548,104909.68,102638,0,0
152,1,2001,12,German Grand Prix,McLaren,40,104211,104621.5,103516,0,1
152,3,2001,12,German Grand Prix,Williams,69,102879,104415.57,101808,0,0
152,22,2001,12,German Grand Prix,Benetton,90,104841,105829.74,103999,0,0
152,16,2001,12,German Grand Prix,BAR,90,104882,105956.43,103329,0,0
152,17,2001,12,German Grand Prix,Jordan,41,105733,108635.95,103740,0,0
152,21,2001,12,German Grand Prix,Arrows,88,105603,107057.67,104681,0,0
152,15,2001,12,German Grand Prix,Sauber,16,104849,107609.88,104365,0,0
152,19,2001,12,German Grand Prix,Jaguar,16,104865,108258.62,104415,0,0
152,18,2001,12,German Grand Prix,Minardi,70,107308,109218.4,105908,0,0
152,20,2001,12,German Grand Prix,Prost,68,105056,106177.93,104135,0,0
153,6,2001,13,Hungarian Grand Prix,Ferrari,154,78668,79368.27,77274,0,0
153,1,2001,13,Hungarian Grand Prix,McLaren,154,78996,79828.46,76723,0,1
153,3,2001,13,Hungarian Grand Prix,Williams,153,79840,80587.52,77233,0,0
153,22,2001,13,Hungarian Grand Prix,Benetton,101,81816,83101.47,79471,0,0
153,16,2001,13,Hungarian Grand Prix,BAR,133,80706,89976.08,79222,0,0
153,17,2001,13,Hungarian Grand Prix,Jordan,128,80597,81676.75,78536,0,0
153,21,2001,13,Hungarian Grand Prix,Arrows,85,82270,83076.72,80401,0,0
153,15,2001,13,Hungarian Grand Prix,Sauber,152,79905,80708.49,78165,0,0
153,19,2001,13,Hungarian Grand Prix,Jaguar,75,80358,81660.4,78186,0,0
153,18,2001,13,Hungarian Grand Prix,Minardi,100,83737,85165.48,81379,0,0
153,20,2001,13,Hungarian Grand Prix,Prost,71,82355,83268.1,80046,0,0
154,6,2001,14,Belgian Grand Prix,Ferrari,72,112722,114229.51,109758,0,0
154,1,2001,14,Belgian Grand Prix,McLaren,72,112846,114113.74,111608,0,1
154,3,2001,14,Belgian Grand Prix,Williams,37,114106,115427.27,111058,0,0
154,22,2001,14,Belgian Grand Prix,Benetton,53,113754,114789.19,111725,0,0
154,16,2001,14,Belgian Grand Prix,BAR,71,114116,116277.65,112372,0,0
154,17,2001,14,Belgian Grand Prix,Jordan,67,113522,115080.19,111828,0,0
154,21,2001,14,Belgian Grand Prix,Arrows,70,115974,117596.04,114095,0,0
154,19,2001,14,Belgian Grand Prix,Jaguar,1,229381,229381.0,229381,0,0
154,18,2001,14,Belgian Grand Prix,Minardi,32,117575,129441.97,116484,0,0
154,20,2001,14,Belgian Grand Prix,Prost,35,115966,116755.94,114051,0,0
155,6,2001,15,Italian Grand Prix,Ferrari,106,86400,87425.96,85221,0,0
155,1,2001,15,Italian Grand Prix,McLaren,25,88671,89421.56,87323,0,1
155,3,2001,15,Italian Grand Prix,Williams,106,86677,87304.92,85073,0,0
155,22,2001,15,Italian Grand Prix,Benetton,56,88476,90195.66,87283,0,0
155,16,2001,15,Italian Grand Prix,BAR,105,88139,88927.31,86386,0,0
155,17,2001,15,Italian Grand Prix,Jordan,52,87715,89090.13,86365,0,0
155,21,2001,15,Italian Grand Prix,Arrows,71,89060,90126.18,87945,0,0
155,15,2001,15,Italian Grand Prix,Sauber,105,88272,89111.58,86656,0,0
155,19,2001,15,Italian Grand Prix,Jaguar,67,88356,89341.58,86381,0,0
155,18,2001,15,Italian Grand Prix,Minardi,95,90952,92483.52,87709,0,0
155,20,2001,15,Italian Grand Prix,Prost,80,88995,89808.51,87394,0,0
156,6,2001,16,United States Grand Prix,Ferrari,144,75454,76395.34,74629,0,0
156,1,2001,16,United States Grand Prix,McLaren,146,75620,76285.77,74481,0,1
156,3,2001,16,United States Grand Prix,Williams,74,76153,77142.76,74448,0,0
156,22,2001,16,United States Grand Prix,Benetton,144,76938,77634.4,75252,0,0
156,16,2001,16,United States Grand Prix,BAR,117,77441,78470.89,75919,0,0
156,17,2001,16,United States Grand Prix,Jordan,145,76510,77235.41,75199,0,0
156,21,2001,16,United States Grand Prix,Arrows,116,77498,78407.03,76068,0,0
156,15,2001,16,United States Grand Prix,Sauber,75,76084,77779.43,75169,0,0
156,19,2001,16,United States Grand Prix,Jaguar,145,76768,77522.9,75139,0,0
156,18,2001,16,United States Grand Prix,Minardi,74,78265,80323.69,76694,0,0
156,20,2001,16,United States Grand Prix,Prost,144,77248,77990.28,75296,0,0
157,6,2001,17,Japanese Grand Prix,Ferrari,106,98012,99463.58,96970,0,0
157,1,2001,17,Japanese Grand Prix,McLaren,106,98784,99673.56,97298,0,1
157,3,2001,17,Japanese Grand Prix,Williams,106,98009,99498.79,96450,0,0
157,22,2001,17,Japanese Grand Prix,Benetton,100,99711,101454.42,98361,0,0
157,16,2001,17,Japanese Grand Prix,BAR,103,101015,102224.18,98887,0,0
157,17,2001,17,Japanese Grand Prix,Jordan,57,100195,101341.05,98857,0,0
157,21,2001,17,Japanese Grand Prix,Arrows,102,102179,105223.49,100940,0,0
157,15,2001,17,Japanese Grand Prix,Sauber,57,100097,101344.77,98647,0,0
157,19,2001,17,Japanese Grand Prix,Jaguar,69,100346,101947.13,98620,0,0
157,18,2001,17,Japanese Grand Prix,Minardi,102,103505,104338.63,99153,0,0
157,20,2001,17,Japanese Grand Prix,Prost,94,101016,104382.78,98240,0,0
124,6,2002,1,Australian Grand Prix,Ferrari,58,90823,98910.21,88628,0,0
124,1,2002,1,Australian Grand Prix,McLaren,91,92181,103269.36,88541,0,1
124,3,2002,1,Australian Grand Prix,Williams,58,91465,99231.36,89143,0,0
124,17,2002,1,Australian Grand Prix,Jordan,12,135238,135907.17,95197,0,0
124,16,2002,1,Australian Grand Prix,BAR,27,95999,110798.78,93540,0,0
124,4,2002,1,Australian Grand Prix,Renault,8,132842,128457.88,94233,0,0
124,19,2002,1,Australian Grand Prix,Jaguar,110,94570,105518.23,91539,0,0
124,21,2002,1,Australian Grand Prix,Arrows,31,95937,152646.68,93534,0,0
124,18,2002,1,Australian Grand Prix,Minardi,111,96885,104540.05,93296,0,0
124,7,2002,1,Australian Grand Prix,Toyota,56,94363,104137.29,92225,0,0
125,6,2002,2,Malaysian Grand Prix,Ferrari,95,100162,101966.99,98754,0,0
125,1,2002,2,Malaysian Grand Prix,McLaren,39,101937,103108.97,99800,0,1
125,3,2002,2,Malaysian Grand Prix,Williams,112,100243,101299.31,98049,0,0
125,15,2002,2,Malaysian Grand Prix,Sauber,110,101970,103408.65,100575,0,0
125,17,2002,2,Malaysian Grand Prix,Jordan,107,102881,106835.79,101181,0,0
125,16,2002,2,Malaysian Grand Prix,BAR,64,103731,104782.5,102373,0,0
125,4,2002,2,Malaysian Grand Prix,Renault,65,101368,103228.86,100011,0,0
125,19,2002,2,Malaysian Grand Prix,Jaguar,84,102636,105939.82,100675,0,0
125,21,2002,2,Malaysian Grand Prix,Arrows,74,102389,105691.39,100267,0,0
125,18,2002,2,Malaysian Grand Prix,Minardi,63,105149,107658.89,103125,0,0
125,7,2002,2,Malaysian Grand Prix,Toyota,108,102221,106270.16,99649,0,0
126,6,2002,3,Brazilian Grand Prix,Ferrari,87,76953,77544.24,76235,0,0
126,1,2002,3,Brazilian Grand Prix,McLaren,138,77835,78425.38,76529,0,1
126,3,2002,3,Brazilian Grand Prix,Williams,142,76954,77996.32,76079,0,0
126,15,2002,3,Brazilian Grand Prix,Sauber,102,79288,80465.53,77782,0,0
126,17,2002,3,Brazilian Grand Prix,Jordan,75,78521,80755.65,77320,0,0
126,16,2002,3,Brazilian Grand Prix,BAR,93,79061,79905.34,77131,0,0
126,4,2002,3,Brazilian Grand Prix,Renault,131,78004,78589.43,76396,0,0
126,19,2002,3,Brazilian Grand Prix,Jaguar,140,79029,79582.28,77569,0,0
126,21,2002,3,Brazilian Grand Prix,Arrows,44,79731,95002.18,77568,0,0
126,18,2002,3,Brazilian Grand Prix,Minardi,135,80034,82160.44,78386,0,0
126,7,2002,3,Brazilian Grand Prix,Toyota,110,78675,80259.59,77398,0,0
127,6,2002,4,San Marino Grand Prix,Ferrari,124,85854,86447.46,84170,0,0
127,1,2002,4,San Marino Grand Prix,McLaren,105,86833,87612.8,85483,0,1
127,3,2002,4,San Marino Grand Prix,Williams,124,85933,86823.05,84718,0,0
127,15,2002,4,San Marino Grand Prix,Sauber,122,87304,88448.73,85301,0,0
127,17,2002,4,San Marino Grand Prix,Jordan,24,90189,91323.29,88741,0,0
127,16,2002,4,San Marino Grand Prix,BAR,105,87329,88724.02,85959,0,0
127,4,2002,4,San Marino Grand Prix,Renault,123,87208,88062.98,85761,0,0
127,19,2002,4,San Marino Grand Prix,Jaguar,75,88980,89601.71,87104,0,0
127,21,2002,4,San Marino Grand Prix,Arrows,75,87771,88984.37,86537,0,0
127,18,2002,4,San Marino Grand Prix,Minardi,60,89316,90551.53,87914,0,0
127,7,2002,4,San Marino Grand Prix,Toyota,26,89695,91703.04,88460,0,0
128,6,2002,5,Spanish Grand Prix,Ferrari,65,82498,83538.17,80355,0,0
128,1,2002,5,Spanish Grand Prix,McLaren,69,83321,84580.77,81931,0,1
128,3,2002,5,Spanish Grand Prix,Williams,128,83428,85028.61,81740,0,0
128,15,2002,5,Spanish Grand Prix,Sauber,130,83800,84658.7,82186,0,0
128,17,2002,5,Spanish Grand Prix,Jordan,15,84923,87167.6,84198,0,0
128,16,2002,5,Spanish Grand Prix,BAR,107,83896,84945.16,82827,0,0
128,4,2002,5,Spanish Grand Prix,Renault,123,83931,85327.05,82155,0,0
128,19,2002,5,Spanish Grand Prix,Jaguar,43,84800,87381.07,84187,0,0
128,21,2002,5,Spanish Grand Prix,Arrows,105,84018,85895.71,82320,0,0
128,7,2002,5,Spanish Grand Prix,Toyota,128,84182,85661.73,82524,0,0
129,6,2002,6,Austrian Grand Prix,Ferrari,142,70491,79319.06,69298,0,0
129,1,2002,6,Austrian Grand Prix,McLaren,76,72970,79779.33,71223,0,1
129,3,2002,6,Austrian Grand Prix,Williams,142,71679,79572.55,69853,0,0
129,15,2002,6,Austrian Grand Prix,Sauber,34,73654,77520.35,72180,0,0
129,17,2002,6,Austrian Grand Prix,Jordan,97,73693,80040.02,71284,0,0
129,16,2002,6,Austrian Grand Prix,BAR,92,73020,78834.96,70823,0,0
129,4,2002,6,Austrian Grand Prix,Renault,115,73423,81905.2,71209,0,0
129,19,2002,6,Austrian Grand Prix,Jaguar,38,75080,87081.87,72602,0,0
129,21,2002,6,Austrian Grand Prix,Arrows,71,73793,81846.7,71201,0,0
129,18,2002,6,Austrian Grand Prix,Minardi,111,74976,84209.63,71819,0,0
129,7,2002,6,Austrian Grand Prix,Toyota,142,73277,80297.66,71456,0,0
130,6,2002,7,Monaco Grand Prix,Ferrari,155,81017,81916.48,78023,0,0
130,1,2002,7,Monaco Grand Prix,McLaren,119,81181,83409.64,79360,0,1
130,3,2002,7,Monaco Grand Prix,Williams,124,81444,82119.62,79489,0,0
130,15,2002,7,Monaco Grand Prix,Sauber,139,83088,84289.18,80927,0,0
130,17,2002,7,Monaco Grand Prix,Jordan,99,82189,82792.34,79120,0,0
130,16,2002,7,Monaco Grand Prix,BAR,95,83343,85445.21,81916,0,0
130,4,2002,7,Monaco Grand Prix,Renault,128,82313,83130.15,80445,0,0
130,19,2002,7,Monaco Grand Prix,Jaguar,152,82925,83724.34,80953,0,0
130,21,2002,7,Monaco Grand Prix,Arrows,153,82595,83491.25,79601,0,0
130,18,2002,7,Monaco Grand Prix,Minardi,105,83464,84699.58,79968,0,0
130,7,2002,7,Monaco Grand Prix,Toyota,84,82899,83451.12,79479,0,0
131,6,2002,8,Canadian Grand Prix,Ferrari,140,77545,80280.74,75971,0,0
131,1,2002,8,Canadian Grand Prix,McLaren,140,78087,80506.55,76369,0,1
131,3,2002,8,Canadian Grand Prix,Williams,126,77900,80924.32,75960,0,0
131,15,2002,8,Canadian Grand Prix,Sauber,138,79092,81743.61,77017,0,0
131,17,2002,8,Canadian Grand Prix,Jordan,139,78799,81235.22,76658,0,0
131,16,2002,8,Canadian Grand Prix,BAR,77,79600,81635.1,77202,0,0
131,4,2002,8,Canadian Grand Prix,Renault,135,78962,81343.58,77128,0,0
131,19,2002,8,Canadian Grand Prix,Jaguar,70,80323,85368.9,77813,0,0
131,21,2002,8,Canadian Grand Prix,Arrows,85,80121,84057.85,77892,0,0
131,18,2002,8,Canadian Grand Prix,Minardi,137,80042,82466.16,77807,0,0
131,7,2002,8,Canadian Grand Prix,Toyota,86,80000,85206.29,77539,0,0
132,6,2002,9,European Grand Prix,Ferrari,120,94013,95126.22,92226,0,0
132,1,2002,9,European Grand Prix,McLaren,87,95357,95991.89,93159,0,1
132,3,2002,9,European Grand Prix,Williams,87,95632,96226.64,93856,0,0
132,15,2002,9,European Grand Prix,Sauber,118,96161,96927.55,94224,0,0
132,17,2002,9,European Grand Prix,Jordan,84,97955,100699.2,95029,0,0
132,16,2002,9,European Grand Prix,BAR,118,96632,97644.08,94609,0,0
132,4,2002,9,European Grand Prix,Renault,119,95529,96674.75,93676,0,0
132,19,2002,9,European Grand Prix,Jaguar,100,97367,98749.85,95644,0,0
132,21,2002,9,European Grand Prix,Arrows,118,96430,97960.64,94503,0,0
132,18,2002,9,European Grand Prix,Minardi,106,98337,100252.43,95880,0,0
132,7,2002,9,European Grand Prix,Toyota,110,96845,98487.88,95267,0,0
133,6,2002,10,British Grand Prix,Ferrari,120,90885,91871.73,83083,0,0
133,1,2002,10,British Grand Prix,McLaren,102,92874,96341.74,85409,0,1
133,3,2002,10,British Grand Prix,Williams,119,89112,92997.44,84586,0,0
133,15,2002,10,British Grand Prix,Sauber,118,93341,93783.75,84996,0,0
133,17,2002,10,British Grand Prix,Jordan,109,93343,94805.9,85104,0,0
133,16,2002,10,British Grand Prix,BAR,118,92677,93541.21,84949,0,0
133,4,2002,10,British Grand Prix,Renault,83,97968,97761.39,86074,0,0
133,19,2002,10,British Grand Prix,Jaguar,81,96251,96411.17,85540,0,0
133,21,2002,10,British Grand Prix,Arrows,48,95839,96988.69,87328,0,0
133,18,2002,10,British Grand Prix,Minardi,9,89285,90491.11,88321,0,0
133,7,2002,10,British Grand Prix,Toyota,15,90735,95465.13,86723,0,0
134,6,2002,11,French Grand Prix,Ferrari,72,76104,76803.29,75311,0,0
134,1,2002,11,French Grand Prix,McLaren,144,76325,77033.01,75045,0,1
134,3,2002,11,French Grand Prix,Williams,144,76620,77375.84,75584,0,0
134,15,2002,11,French Grand Prix,Sauber,119,77927,78763.24,76847,0,0
134,17,2002,11,French Grand Prix,Jordan,23,78164,78627.3,77565,0,0
134,16,2002,11,French Grand Prix,BAR,64,77751,80631.06,76278,0,0
134,4,2002,11,French Grand Prix,Renault,120,76956,78012.52,75957,0,0
134,19,2002,11,French Grand Prix,Jaguar,122,77722,78750.33,76456,0,0
134,18,2002,11,French Grand Prix,Minardi,139,79458,80241.82,77087,0,0
134,7,2002,11,French Grand Prix,Toyota,113,78122,79131.42,77295,0,0
135,6,2002,12,German Grand Prix,Ferrari,134,77907,78860.83,76462,0,0
135,1,2002,12,German Grand Prix,McLaren,125,79057,80479.06,77530,0,1
135,3,2002,12,German Grand Prix,Williams,134,77756,78874.07,76513,0,0
135,15,2002,12,German Grand Prix,Sauber,132,79369,80474.14,78062,0,0
135,17,2002,12,German Grand Prix,Jordan,125,79702,80923.49,78053,0,0
135,16,2002,12,German Grand Prix,BAR,66,80116,82218.11,78405,0,0
135,4,2002,12,German Grand Prix,Renault,60,80985,81785.3,78280,0,0
135,19,2002,12,German Grand Prix,Jaguar,57,80469,82433.6,78859,0,0
135,21,2002,12,German Grand Prix,Arrows,66,80432,85775.95,79084,0,0
135,18,2002,12,German Grand Prix,Minardi,23,80347,82510.91,79485,0,0
135,7,2002,12,German Grand Prix,Toyota,89,79914,80990.93,78497,0,0
136,6,2002,13,Hungarian Grand Prix,Ferrari,154,78587,79340.49,76207,0,0
136,1,2002,13,Hungarian Grand Prix,McLaren,154,79167,79774.55,76926,0,1
136,3,2002,13,Hungarian Grand Prix,Williams,153,79136,80085.03,77783,0,0
136,15,2002,13,Hungarian Grand Prix,Sauber,153,79540,80397.21,78185,0,0
136,17,2002,13,Hungarian Grand Prix,Jordan,153,79559,80440.35,78247,0,0
136,16,2002,13,Hungarian Grand Prix,BAR,96,80326,81216.91,78126,0,0
136,4,2002,13,Hungarian Grand Prix,Renault,106,79758,80442.36,78438,0,0
136,19,2002,13,Hungarian Grand Prix,Jaguar,98,81025,81807.09,78889,0,0
136,18,2002,13,Hungarian Grand Prix,Minardi,133,81256,82631.88,79347,0,0
136,7,2002,13,Hungarian Grand Prix,Toyota,150,80972,82040.47,79408,0,0
137,6,2002,14,Belgian Grand Prix,Ferrari,88,109356,110945.97,107176,0,0
137,1,2002,14,Belgian Grand Prix,McLaren,79,110365,111704.61,109398,0,1
137,3,2002,14,Belgian Grand Prix,Williams,88,110432,111774.47,109293,0,0
137,15,2002,14,Belgian Grand Prix,Sauber,80,112147,113554.11,110595,0,0
137,17,2002,14,Belgian Grand Prix,Jordan,81,112151,113461.16,110886,0,0
137,16,2002,14,Belgian Grand Prix,BAR,83,111769,113190.3,109787,0,0
137,4,2002,14,Belgian Grand Prix,Renault,45,111144,112546.47,110235,0,0
137,19,2002,14,Belgian Grand Prix,Jaguar,81,111406,112810.01,110221,0,0
137,18,2002,14,Belgian Grand Prix,Minardi,21,112786,115319.9,111878,0,0
137,7,2002,14,Belgian Grand Prix,Toyota,87,111828,113121.08,110832,0,0
138,6,2002,15,Italian Grand Prix,Ferrari,106,85269,86417.16,83657,0,0
138,1,2002,15,Italian Grand Prix,McLaren,82,86266,87282.72,84962,0,1
138,3,2002,15,Italian Grand Prix,Williams,37,85951,87408.62,85094,0,0
138,15,2002,15,Italian Grand Prix,Sauber,69,87401,88180.87,85867,0,0
138,17,2002,15,Italian Grand Prix,Jordan,105,87500,88162.9,85215,0,0
138,16,2002,15,Italian Grand Prix,BAR,106,86946,87825.7,85335,0,0
138,4,2002,15,Italian Grand Prix,Renault,106,86878,87603.33,85368,0,0
138,19,2002,15,Italian Grand Prix,Jaguar,68,86980,87737.87,85579,0,0
138,18,2002,15,Italian Grand Prix,Minardi,67,88446,95430.84,87104,0,0
138,7,2002,15,Italian Grand Prix,Toyota,65,87343,88988.52,85971,0,0
139,6,2002,16,United States Grand Prix,Ferrari,146,74212,74903.28,72738,0,0
139,1,2002,16,United States Grand Prix,McLaren,123,74826,75424.92,73481,0,1
139,3,2002,16,United States Grand Prix,Williams,144,74968,76268.61,72798,0,0
139,15,2002,16,United States Grand Prix,Sauber,143,75567,76724.94,74557,0,0
139,17,2002,16,United States Grand Prix,Jordan,144,75657,76368.56,74025,0,0
139,16,2002,16,United States Grand Prix,BAR,145,75099,76277.69,73848,0,0
139,4,2002,16,United States Grand Prix,Renault,145,75371,75982.89,74026,0,0
139,19,2002,16,United States Grand Prix,Jaguar,99,76140,76848.8,74190,0,0
139,18,2002,16,United States Grand Prix,Minardi,84,76914,77541.26,75347,0,0
139,7,2002,16,United States Grand Prix,Toyota,142,76131,77193.5,74672,0,0
140,6,2002,17,Japanese Grand Prix,Ferrari,106,97268,98489.65,96125,0,0
140,1,2002,17,Japanese Grand Prix,McLaren,60,97898,99520.95,96848,0,1
140,3,2002,17,Japanese Grand Prix,Williams,101,97938,98979.84,96590,0,0
140,15,2002,17,Japanese Grand Prix,Sauber,55,99247,100610.58,98534,0,0
140,17,2002,17,Japanese Grand Prix,Jordan,90,99189,100428.04,97840,0,0
140,16,2002,17,Japanese Grand Prix,BAR,35,100022,116276.51,98058,0,0
140,4,2002,17,Japanese Grand Prix,Renault,84,99244,100221.19,98000,0,0
140,19,2002,17,Japanese Grand Prix,Jaguar,91,100069,101237.22,98647,0,0
140,18,2002,17,Japanese Grand Prix,Minardi,65,101637,102926.14,100232,0,0
140,7,2002,17,Japanese Grand Prix,Toyota,52,99626,100648.5,97761,0,0
108,6,2003,1,Australian Grand Prix,Ferrari,63,89813,98181.4,87759,0,0
108,3,2003,1,Australian Grand Prix,Williams,116,90032,98436.79,87942,0,0
108,1,2003,1,Australian Grand Prix,McLaren,116,89867,98046.9,87724,0,1
108,4,2003,1,Australian Grand Prix,Renault,116,91374,98690.72,88170,0,0
108,15,2003,1,Australian Grand Prix,Sauber,78,93022,102372.65,89096,0,0
108,17,2003,1,Australian Grand Prix,Jordan,58,91807,100324.16,89274,0,0
108,19,2003,1,Australian Grand Prix,Jaguar,67,93600,102262.57,89217,0,0
108,16,2003,1,Australian Grand Prix,BAR,116,90670,99101.36,88600,0,0
108,18,2003,1,Australian Grand Prix,Minardi,73,95198,102844.82,91785,0,0
108,7,2003,1,Australian Grand Prix,Toyota,38,96879,105621.45,89694,0,0
109,6,2003,2,Malaysian Grand Prix,Ferrari,111,98552,100269.87,96412,0,0
109,3,2003,2,Malaysian Grand Prix,Williams,109,99296,102657.85,97787,0,0
109,1,2003,2,Malaysian Grand Prix,McLaren,58,97725,99062.21,96764,0,1
109,4,2003,2,Malaysian Grand Prix,Renault,111,98972,100463.89,97078,0,0
109,15,2003,2,Malaysian Grand Prix,Sauber,110,100460,101860.9,98528,0,0
109,17,2003,2,Malaysian Grand Prix,Jordan,55,101022,102394.82,99665,0,0
109,19,2003,2,Malaysian Grand Prix,Jaguar,77,100094,103019.16,98464,0,0
109,16,2003,2,Malaysian Grand Prix,BAR,55,99517,100885.07,98413,0,0
109,18,2003,2,Malaysian Grand Prix,Minardi,93,102446,106695.51,99667,0,0
109,7,2003,2,Malaysian Grand Prix,Toyota,67,100122,102000.87,98156,0,0
110,6,2003,3,Brazilian Grand Prix,Ferrari,72,91156,105845.72,82032,0,0
110,3,2003,3,Brazilian Grand Prix,Williams,78,89351,105079.82,84778,0,0
110,1,2003,3,Brazilian Grand Prix,McLaren,108,86779,101523.49,83132,0,1
110,4,2003,3,Brazilian Grand Prix,Renault,108,88823,101923.81,83770,0,0
110,15,2003,3,Brazilian Grand Prix,Sauber,62,90821,106580.03,83089,0,0
110,17,2003,3,Brazilian Grand Prix,Jordan,71,90781,104995.85,83454,0,0
110,19,2003,3,Brazilian Grand Prix,Jaguar,77,89460,105143.81,84956,0,0
110,16,2003,3,Brazilian Grand Prix,BAR,86,90387,104160.66,82713,0,0
110,18,2003,3,Brazilian Grand Prix,Minardi,45,99534,112499.51,88010,0,0
110,7,2003,3,Brazilian Grand Prix,Toyota,70,92935,107030.74,87080,0,0
111,6,2003,4,San Marino Grand Prix,Ferrari,124,84329,85374.25,82491,0,0
111,3,2003,4,San Marino Grand Prix,Williams,124,84605,85791.85,82946,0,0
111,1,2003,4,San Marino Grand Prix,McLaren,124,84536,85446.85,82810,0,1
111,4,2003,4,San Marino Grand Prix,Renault,123,85984,86902.59,83844,0,0
111,15,2003,4,San Marino Grand Prix,Sauber,122,85929,87119.05,84874,0,0
111,17,2003,4,San Marino Grand Prix,Jordan,108,86389,87858.76,84730,0,0
111,19,2003,4,San Marino Grand Prix,Jaguar,114,86169,88862.13,84258,0,0
111,16,2003,4,San Marino Grand Prix,BAR,80,85965,87009.66,83972,0,0
111,18,2003,4,San Marino Grand Prix,Minardi,61,87952,89401.98,86354,0,0
111,7,2003,4,San Marino Grand Prix,Toyota,122,86069,87320.9,84705,0,0
112,6,2003,5,Spanish Grand Prix,Ferrari,130,81634,86706.67,80143,0,0
112,3,2003,5,Spanish Grand Prix,Williams,129,82792,87788.73,80798,0,0
112,1,2003,5,Spanish Grand Prix,McLaren,17,84033,99058.41,82577,0,1
112,4,2003,5,Spanish Grand Prix,Renault,65,81445,86656.14,80476,0,0
112,15,2003,5,Spanish Grand Prix,Sauber,101,84733,90681.36,81791,0,0
112,17,2003,5,Spanish Grand Prix,Jordan,106,84920,90600.33,82719,0,0
112,19,2003,5,Spanish Grand Prix,Jaguar,64,83048,88170.75,81967,0,0
112,16,2003,5,Spanish Grand Prix,BAR,75,84170,92591.48,81300,0,0
112,18,2003,5,Spanish Grand Prix,Minardi,125,85705,90990.76,82942,0,0
112,7,2003,5,Spanish Grand Prix,Toyota,105,83073,88767.9,80803,0,0
113,6,2003,6,Austrian Grand Prix,Ferrari,138,70290,73142.95,68337,0,0
113,3,2003,6,Austrian Grand Prix,Williams,100,71313,74971.05,70112,0,0
113,1,2003,6,Austrian Grand Prix,McLaren,138,70713,73571.58,69423,0,1
113,4,2003,6,Austrian Grand Prix,Renault,112,71796,75017.54,70358,0,0
113,15,2003,6,Austrian Grand Prix,Sauber,46,72947,77072.78,70516,0,0
113,17,2003,6,Austrian Grand Prix,Jordan,128,72233,75152.55,70659,0,0
113,19,2003,6,Austrian Grand Prix,Jaguar,136,71522,74591.82,68966,0,0
113,16,2003,6,Austrian Grand Prix,BAR,137,71019,74328.3,69764,0,0
113,18,2003,6,Austrian Grand Prix,Minardi,67,73068,75888.63,71267,0,0
113,7,2003,6,Austrian Grand Prix,Toyota,74,71944,76347.24,70466,0,0
114,6,2003,7,Monaco Grand Prix,Ferrari,156,76666,79057.73,74707,0,0
114,3,2003,7,Monaco Grand Prix,Williams,156,76450,78888.06,74768,0,0
114,1,2003,7,Monaco Grand Prix,McLaren,156,76493,78973.39,74545,0,1
114,4,2003,7,Monaco Grand Prix,Renault,156,76742,79200.28,75397,0,0
114,15,2003,7,Monaco Grand Prix,Sauber,76,78576,81083.43,76835,0,0
114,17,2003,7,Monaco Grand Prix,Jordan,153,78377,81004.23,76647,0,0
114,19,2003,7,Monaco Grand Prix,Jaguar,26,80364,90485.69,78004,0,0
114,16,2003,7,Monaco Grand Prix,BAR,63,77743,80946.21,76292,0,0
114,18,2003,7,Monaco Grand Prix,Minardi,57,80375,84961.96,79146,0,0
114,7,2003,7,Monaco Grand Prix,Toyota,151,79755,82062.58,76282,0,0
115,6,2003,8,Canadian Grand Prix,Ferrari,140,77653,78653.16,76368,0,0
115,3,2003,8,Canadian Grand Prix,Williams,140,77374,78209.44,76349,0,0
115,1,2003,8,Canadian Grand Prix,McLaren,117,78257,79468.59,76699,0,1
115,4,2003,8,Canadian Grand Prix,Renault,92,78185,81249.62,76040,0,0
115,15,2003,8,Canadian Grand Prix,Sauber,53,79772,81003.49,77769,0,0
115,17,2003,8,Canadian Grand Prix,Jordan,40,80349,80954.4,77186,0,0
115,19,2003,8,Canadian Grand Prix,Jaguar,135,79075,80800.93,77324,0,0
115,16,2003,8,Canadian Grand Prix,BAR,65,79855,81340.32,77562,0,0
115,18,2003,8,Canadian Grand Prix,Minardi,128,80115,81077.93,78039,0,0
115,7,2003,8,Canadian Grand Prix,Toyota,133,79113,79943.72,77787,0,0
116,6,2003,9,European Grand Prix,Ferrari,120,94281,95608.99,92904,0,0
116,3,2003,9,European Grand Prix,Williams,120,93879,94867.21,92826,0,0
116,1,2003,9,European Grand Prix,McLaren,81,94295,95470.1,92621,0,1
116,4,2003,9,European Grand Prix,Renault,97,94615,95636.66,93307,0,0
116,15,2003,9,European Grand Prix,Sauber,118,95915,97298.46,93994,0,0
116,17,2003,9,European Grand Prix,Jordan,116,96635,98543.44,94656,0,0
116,19,2003,9,European Grand Prix,Jaguar,118,95686,96992.17,94191,0,0
116,16,2003,9,European Grand Prix,BAR,110,95904,97609.94,94208,0,0
116,18,2003,9,European Grand Prix,Minardi,115,98288,99664.68,96709,0,0
116,7,2003,9,European Grand Prix,Toyota,90,95166,97378.29,93398,0,0
117,6,2003,10,French Grand Prix,Ferrari,139,77714,78553.5,76303,0,0
117,3,2003,10,French Grand Prix,Williams,140,77069,77944.56,75512,0,0
117,1,2003,10,French Grand Prix,McLaren,140,77540,78405.44,75981,0,1
117,4,2003,10,French Grand Prix,Renault,88,77695,79153.55,77025,0,0
117,15,2003,10,French Grand Prix,Sauber,136,79616,80470.0,78099,0,0
117,17,2003,10,French Grand Prix,Jordan,109,80371,81519.1,79093,0,0
117,19,2003,10,French Grand Prix,Jaguar,139,78161,79201.4,77068,0,0
117,16,2003,10,French Grand Prix,BAR,90,78609,79733.5,77149,0,0
117,18,2003,10,French Grand Prix,Minardi,133,80599,82371.93,78754,0,0
117,7,2003,10,French Grand Prix,Toyota,138,78615,79481.0,77398,0,0
118,6,2003,11,British Grand Prix,Ferrari,120,84544,88839.63,82236,0,0
118,3,2003,11,British Grand Prix,Williams,120,84706,89155.02,82938,0,0
118,1,2003,11,British Grand Prix,McLaren,120,84828,89021.59,82692,0,1
118,4,2003,11,British Grand Prix,Renault,112,85238,89739.63,82797,0,0
118,15,2003,11,British Grand Prix,Sauber,118,86733,90769.18,83933,0,0
118,17,2003,11,British Grand Prix,Jordan,103,86335,91536.64,84823,0,0
118,19,2003,11,British Grand Prix,Jaguar,91,85931,91175.07,83158,0,0
118,16,2003,11,British Grand Prix,BAR,120,85527,89534.62,83705,0,0
118,18,2003,11,British Grand Prix,Minardi,116,88019,91763.39,85859,0,0
118,7,2003,11,British Grand Prix,Toyota,120,85292,89545.0,83463,0,0
119,6,2003,12,German Grand Prix,Ferrari,66,77266,81331.06,76081,0,0
119,3,2003,12,German Grand Prix,Williams,68,76115,80006.76,74917,0,0
119,1,2003,12,German Grand Prix,McLaren,67,77515,80510.87,76003,0,1
119,4,2003,12,German Grand Prix,Renault,134,77651,80566.73,75740,0,0
119,15,2003,12,German Grand Prix,Sauber,66,78790,83214.73,78036,0,0
119,17,2003,12,German Grand Prix,Jordan,60,80527,86897.6,78145,0,0
119,19,2003,12,German Grand Prix,Jaguar,70,78848,88330.96,77754,0,0
119,16,2003,12,German Grand Prix,BAR,131,78863,82035.86,77430,0,0
119,18,2003,12,German Grand Prix,Minardi,85,82305,86707.95,80171,0,0
119,7,2003,12,German Grand Prix,Toyota,132,77406,81001.7,75883,0,0
120,6,2003,13,Hungarian Grand Prix,Ferrari,88,84943,86406.85,83207,0,0
120,3,2003,13,Hungarian Grand Prix,Williams,140,84018,85379.12,82095,0,0
120,1,2003,13,Hungarian Grand Prix,McLaren,140,84359,85401.59,82372,0,1
120,4,2003,13,Hungarian Grand Prix,Renault,139,84457,85529.5,82565,0,0
120,15,2003,13,Hungarian Grand Prix,Sauber,116,85549,86772.76,84267,0,0
120,17,2003,13,Hungarian Grand Prix,Jordan,62,87393,88952.18,85081,0,0
120,19,2003,13,Hungarian Grand Prix,Jaguar,112,85202,86447.43,83156,0,0
120,16,2003,13,Hungarian Grand Prix,BAR,83,85930,87265.72,83376,0,0
120,18,2003,13,Hungarian Grand Prix,Minardi,133,88423,90062.76,86559,0,0
120,7,2003,13,Hungarian Grand Prix,Toyota,101,85319,87542.24,83040,0,0
121,6,2003,14,Italian Grand Prix,Ferrari,106,82985,84259.54,81832,0,0
121,3,2003,14,Italian Grand Prix,Williams,106,83167,84460.95,82126,0,0
121,1,2003,14,Italian Grand Prix,McLaren,98,83190,84600.91,82032,0,1
121,4,2003,14,Italian Grand Prix,Renault,52,84098,86332.44,83195,0,0
121,15,2003,14,Italian Grand Prix,Sauber,102,84788,86298.74,83518,0,0
121,17,2003,14,Italian Grand Prix,Jordan,103,86441,87707.6,85133,0,0
121,19,2003,14,Italian Grand Prix,Jaguar,54,84669,88844.98,83778,0,0
121,16,2003,14,Italian Grand Prix,BAR,76,84547,86283.26,83039,0,0
121,18,2003,14,Italian Grand Prix,Minardi,78,87284,90693.32,85816,0,0
121,7,2003,14,Italian Grand Prix,Toyota,38,84708,88773.58,83303,0,0
122,6,2003,15,United States Grand Prix,Ferrari,75,74356,76956.67,71473,0,0
122,3,2003,15,United States Grand Prix,Williams,93,74197,78236.69,71595,0,0
122,1,2003,15,United States Grand Prix,McLaren,118,74727,79607.42,71617,0,1
122,4,2003,15,United States Grand Prix,Renault,117,75737,78647.4,71525,0,0
122,15,2003,15,United States Grand Prix,Sauber,146,75763,77577.82,73085,0,0
122,17,2003,15,United States Grand Prix,Jordan,120,77757,81212.93,73630,0,0
122,19,2003,15,United States Grand Prix,Jaguar,92,74971,78603.92,73099,0,0
122,16,2003,15,United States Grand Prix,BAR,104,78146,79859.69,73038,0,0
122,18,2003,15,United States Grand Prix,Minardi,138,78316,81741.66,74737,0,0
122,7,2003,15,United States Grand Prix,Toyota,98,78695,81398.9,73231,0,0
123,6,2003,16,Japanese Grand Prix,Ferrari,106,95338,97009.18,93553,0,0
123,3,2003,16,Japanese Grand Prix,Williams,61,95361,98951.51,93408,0,0
123,1,2003,16,Japanese Grand Prix,McLaren,106,95526,96662.12,93416,0,1
123,4,2003,16,Japanese Grand Prix,Renault,70,95729,97029.84,94255,0,0
123,15,2003,16,Japanese Grand Prix,Sauber,62,96660,98204.16,94991,0,0
123,17,2003,16,Japanese Grand Prix,Jordan,84,97748,99640.2,95824,0,0
123,19,2003,16,Japanese Grand Prix,Jaguar,105,96532,98340.31,94635,0,0
123,16,2003,16,Japanese Grand Prix,BAR,106,96136,97247.96,94605,0,0
123,18,2003,16,Japanese Grand Prix,Minardi,101,99971,101796.61,97869,0,0
123,7,2003,16,Japanese Grand Prix,Toyota,106,96130,97567.21,95023,0,0
90,6,2004,1,Australian Grand Prix,Ferrari,116,85720,87285.51,84125,0,0
90,3,2004,1,Australian Grand Prix,Williams,116,87014,88279.94,85286,0,0
90,1,2004,1,Australian Grand Prix,McLaren,66,87913,88917.47,86328,0,1
90,4,2004,1,Australian Grand Prix,Renault,115,87148,88236.65,85088,0,0
90,16,2004,1,Australian Grand Prix,BAR,115,87609,88794.14,85982,0,0
90,15,2004,1,Australian Grand Prix,Sauber,101,88102,89805.1,86282,0,0
90,19,2004,1,Australian Grand Prix,Jaguar,85,88664,90335.75,85952,0,0
90,7,2004,1,Australian Grand Prix,Toyota,112,89678,91113.3,87807,0,0
90,17,2004,1,Australian Grand Prix,Jordan,98,89900,92104.88,87503,0,0
90,18,2004,1,Australian Grand Prix,Minardi,56,92501,114638.93,90161,0,0
91,6,2004,2,Malaysian Grand Prix,Ferrari,112,96254,97755.32,94819,0,0
91,3,2004,2,Malaysian Grand Prix,Williams,83,96656,98021.34,94223,0,0
91,1,2004,2,Malaysian Grand Prix,McLaren,96,96710,98340.68,95156,0,1
91,4,2004,2,Malaysian Grand Prix,Renault,112,97084,98573.37,95039,0,0
91,16,2004,2,Malaysian Grand Prix,BAR,108,96791,98456.56,94967,0,0
91,15,2004,2,Malaysian Grand Prix,Sauber,110,97838,100289.28,96570,0,0
91,19,2004,2,Malaysian Grand Prix,Jaguar,78,98620,101277.79,96922,0,0
91,7,2004,2,Malaysian Grand Prix,Toyota,110,98222,100469.2,95951,0,0
91,17,2004,2,Malaysian Grand Prix,Jordan,88,100868,103103.9,97433,0,0
91,18,2004,2,Malaysian Grand Prix,Minardi,105,102484,104387.93,99911,0,0
92,6,2004,3,Bahrain Grand Prix,Ferrari,114,91859,93255.41,90252,0,0
92,3,2004,3,Bahrain Grand Prix,Williams,113,92524,94888.17,90781,0,0
92,1,2004,3,Bahrain Grand Prix,McLaren,57,93110,94839.02,91861,0,1
92,4,2004,3,Bahrain Grand Prix,Renault,114,92458,93992.28,90654,0,0
92,16,2004,3,Bahrain Grand Prix,BAR,114,92439,93937.69,90960,0,0
92,15,2004,3,Bahrain Grand Prix,Sauber,112,93671,95300.71,92329,0,0
92,19,2004,3,Bahrain Grand Prix,Jaguar,112,93767,95392.02,92277,0,0
92,7,2004,3,Bahrain Grand Prix,Toyota,112,93724,95131.83,92319,0,0
92,17,2004,3,Bahrain Grand Prix,Jordan,111,95119,96539.94,93284,0,0
92,18,2004,3,Bahrain Grand Prix,Minardi,96,96448,101277.66,94555,0,0
93,6,2004,4,San Marino Grand Prix,Ferrari,124,82937,83838.9,80411,0,0
93,3,2004,4,San Marino Grand Prix,Williams,124,83064,84166.83,81689,0,0
93,1,2004,4,San Marino Grand Prix,McLaren,122,84024,85242.9,82500,0,1
93,4,2004,4,San Marino Grand Prix,Renault,124,83062,84025.89,81650,0,0
93,16,2004,4,San Marino Grand Prix,BAR,118,83164,84234.64,81201,0,0
93,15,2004,4,San Marino Grand Prix,Sauber,122,83903,85041.93,82654,0,0
93,19,2004,4,San Marino Grand Prix,Jaguar,121,85014,86308.39,82931,0,0
93,7,2004,4,San Marino Grand Prix,Toyota,93,84528,85670.84,82861,0,0
93,17,2004,4,San Marino Grand Prix,Jordan,54,85112,86617.06,83381,0,0
93,18,2004,4,San Marino Grand Prix,Minardi,80,88019,89727.93,86075,0,0
94,6,2004,5,Spanish Grand Prix,Ferrari,132,78758,79689.18,77450,0,0
94,3,2004,5,Spanish Grand Prix,Williams,112,79600,80951.63,78262,0,0
94,1,2004,5,Spanish Grand Prix,McLaren,130,80215,81474.47,78842,0,1
94,4,2004,5,Spanish Grand Prix,Renault,132,79054,80082.79,77556,0,0
94,16,2004,5,Spanish Grand Prix,BAR,131,79423,80577.89,77495,0,0
94,15,2004,5,Spanish Grand Prix,Sauber,131,79926,80970.76,78819,0,0
94,19,2004,5,Spanish Grand Prix,Jaguar,108,80471,81756.87,78617,0,0
94,7,2004,5,Spanish Grand Prix,Toyota,98,80387,81859.77,79112,0,0
94,17,2004,5,Spanish Grand Prix,Jordan,84,81545,83430.12,78971,0,0
94,18,2004,5,Spanish Grand Prix,Minardi,48,84231,86254.42,82323,0,0
95,6,2004,6,Monaco Grand Prix,Ferrari,122,77780,84081.27,74439,0,0
95,3,2004,6,Monaco Grand Prix,Williams,145,79164,85197.01,75395,0,0
95,1,2004,6,Monaco Grand Prix,McLaren,29,77200,87326.38,76203,0,1
95,4,2004,6,Monaco Grand Prix,Renault,118,76246,82661.56,74870,0,0
95,16,2004,6,Monaco Grand Prix,BAR,79,76603,82474.01,75220,0,0
95,15,2004,6,Monaco Grand Prix,Sauber,78,79106,84502.71,77151,0,0
95,19,2004,6,Monaco Grand Prix,Jaguar,11,90951,101763.82,77466,0,0
95,7,2004,6,Monaco Grand Prix,Toyota,150,79618,85406.49,76232,0,0
95,17,2004,6,Monaco Grand Prix,Jordan,87,80804,87694.02,78262,0,0
95,18,2004,6,Monaco Grand Prix,Minardi,86,84864,91017.29,81592,0,0
96,6,2004,7,European Grand Prix,Ferrari,120,91686,92734.93,89468,0,0
96,3,2004,7,European Grand Prix,Williams,59,92990,94352.1,91424,0,0
96,1,2004,7,European Grand Prix,McLaren,34,93293,94237.29,91670,0,1
96,4,2004,7,European Grand Prix,Renault,120,92440,93540.52,91065,0,0
96,16,2004,7,European Grand Prix,BAR,107,91711,93321.74,90004,0,0
96,15,2004,7,European Grand Prix,Sauber,119,93302,94331.03,91413,0,0
96,19,2004,7,European Grand Prix,Jaguar,119,93742,94641.96,91893,0,0
96,7,2004,7,European Grand Prix,Toyota,59,94014,95317.51,92506,0,0
96,17,2004,7,European Grand Prix,Jordan,117,93870,95582.73,92121,0,0
96,18,2004,7,European Grand Prix,Minardi,114,97035,98588.95,94666,0,0
97,6,2004,8,Canadian Grand Prix,Ferrari,140,75215,75819.39,73622,0,0
97,3,2004,8,Canadian Grand Prix,Williams,140,75021,75941.91,74040,0,0
97,1,2004,8,Canadian Grand Prix,McLaren,138,76157,77513.06,74752,0,1
97,4,2004,8,Canadian Grand Prix,Renault,44,75202,75906.2,74179,0,0
97,16,2004,8,Canadian Grand Prix,BAR,118,75625,76852.03,74246,0,0
97,15,2004,8,Canadian Grand Prix,Sauber,131,76721,77919.74,75078,0,0
97,19,2004,8,Canadian Grand Prix,Jaguar,73,77868,80956.56,75731,0,0
97,7,2004,8,Canadian Grand Prix,Toyota,138,76726,77692.6,75652,0,0
97,17,2004,8,Canadian Grand Prix,Jordan,136,77330,78682.17,75890,0,0
97,18,2004,8,Canadian Grand Prix,Minardi,96,79610,81323.43,77516,0,0
98,6,2004,9,United States Grand Prix,Ferrari,146,72097,82621.77,70399,0,0
98,3,2004,9,United States Grand Prix,Williams,66,72355,87678.67,71255,0,0
98,1,2004,9,United States Grand Prix,McLaren,144,73571,84321.12,71248,0,1
98,4,2004,9,United States Grand Prix,Renault,81,72511,84834.01,71187,0,0
98,16,2004,9,United States Grand Prix,BAR,99,72020,87910.53,70727,0,0
98,15,2004,9,United States Grand Prix,Sauber,65,73938,86771.06,72129,0,0
98,19,2004,9,United States Grand Prix,Jaguar,60,73750,86104.5,72140,0,0
98,7,2004,9,United States Grand Prix,Toyota,90,72877,88582.97,70933,0,0
98,17,2004,9,United States Grand Prix,Jordan,43,74467,91695.47,73095,0,0
98,18,2004,9,United States Grand Prix,Minardi,70,75797,86355.0,74097,0,0
99,6,2004,10,French Grand Prix,Ferrari,140,76828,77627.77,75377,0,0
99,3,2004,10,French Grand Prix,Williams,140,77187,78127.51,76070,0,0
99,1,2004,10,French Grand Prix,McLaren,140,77046,77914.4,75791,0,1
99,4,2004,10,French Grand Prix,Renault,140,76921,77690.55,75551,0,0
99,16,2004,10,French Grand Prix,BAR,85,77178,77854.71,75971,0,0
99,15,2004,10,French Grand Prix,Sauber,138,78301,79177.26,76699,0,0
99,19,2004,10,French Grand Prix,Jaguar,139,77542,78408.36,75956,0,0
99,7,2004,10,French Grand Prix,Toyota,137,78596,79695.76,76937,0,0
99,17,2004,10,French Grand Prix,Jordan,135,79601,80888.99,77641,0,0
99,18,2004,10,French Grand Prix,Minardi,96,81371,82579.72,78932,0,0
100,6,2004,11,British Grand Prix,Ferrari,120,80413,84737.62,78739,0,0
100,3,2004,11,British Grand Prix,Williams,120,81434,85098.97,79968,0,0
100,1,2004,11,British Grand Prix,McLaren,120,80970,84893.32,79554,0,1
100,4,2004,11,British Grand Prix,Renault,99,81637,84258.67,80442,0,0
100,16,2004,11,British Grand Prix,BAR,120,81479,85081.82,79488,0,0
100,15,2004,11,British Grand Prix,Sauber,120,81377,85019.26,79813,0,0
100,19,2004,11,British Grand Prix,Jaguar,119,81980,85944.3,80768,0,0
100,7,2004,11,British Grand Prix,Toyota,75,83137,86451.92,80768,0,0
100,17,2004,11,British Grand Prix,Jordan,106,83213,87446.33,81720,0,0
100,18,2004,11,British Grand Prix,Minardi,85,86105,90211.51,84296,0,0
101,6,2004,12,German Grand Prix,Ferrari,132,75596,76840.52,73783,0,0
101,3,2004,12,German Grand Prix,Williams,132,75653,76778.08,74446,0,0
101,1,2004,12,German Grand Prix,McLaren,79,75502,76574.15,73780,0,1
101,4,2004,12,German Grand Prix,Renault,132,75902,76941.7,74265,0,0
101,16,2004,12,German Grand Prix,BAR,132,75660,76703.98,74117,0,0
101,15,2004,12,German Grand Prix,Sauber,131,76609,77533.98,75635,0,0
101,19,2004,12,German Grand Prix,Jaguar,132,76159,77116.53,74883,0,0
101,7,2004,12,German Grand Prix,Toyota,103,76381,77893.75,74247,0,0
101,17,2004,12,German Grand Prix,Jordan,105,77562,80418.9,76058,0,0
101,18,2004,12,German Grand Prix,Minardi,124,80308,81905.12,78372,0,0
102,6,2004,13,Hungarian Grand Prix,Ferrari,140,80834,81835.41,79071,0,0
102,3,2004,13,Hungarian Grand Prix,Williams,139,81739,82852.46,80501,0,0
102,1,2004,13,Hungarian Grand Prix,McLaren,82,82336,84043.55,81134,0,1
102,4,2004,13,Hungarian Grand Prix,Renault,111,81797,82908.83,80275,0,0
102,16,2004,13,Hungarian Grand Prix,BAR,139,81783,82879.01,80425,0,0
102,15,2004,13,Hungarian Grand Prix,Sauber,90,82457,84436.81,81022,0,0
102,19,2004,13,Hungarian Grand Prix,Jaguar,137,83402,84520.96,80825,0,0
102,7,2004,13,Hungarian Grand Prix,Toyota,100,83244,84661.85,81310,0,0
102,17,2004,13,Hungarian Grand Prix,Jordan,116,83917,85033.18,81518,0,0
102,18,2004,13,Hungarian Grand Prix,Minardi,131,87010,88328.4,84601,0,0
103,6,2004,14,Belgian Grand Prix,Ferrari,88,108263,126341.49,105503,0,0
103,3,2004,14,Belgian Grand Prix,Williams,68,108195,125104.68,106547,0,0
103,1,2004,14,Belgian Grand Prix,McLaren,88,107829,126460.43,105108,0,1
103,4,2004,14,Belgian Grand Prix,Renault,55,110689,128282.71,105870,0,0
103,16,2004,14,Belgian Grand Prix,BAR,29,108283,119643.24,107151,0,0
103,15,2004,14,Belgian Grand Prix,Sauber,88,109147,126558.59,106758,0,0
103,19,2004,14,Belgian Grand Prix,Jaguar,44,109505,126588.36,107509,0,0
103,7,2004,14,Belgian Grand Prix,Toyota,85,109252,127238.64,107576,0,0
103,17,2004,14,Belgian Grand Prix,Jordan,40,114261,139481.23,110471,0,0
103,18,2004,14,Belgian Grand Prix,Minardi,28,112490,123895.79,111031,0,0
104,6,2004,15,Italian Grand Prix,Ferrari,106,83224,85266.44,81046,0,0
104,3,2004,15,Italian Grand Prix,Williams,106,83907,85877.36,82246,0,0
104,1,2004,15,Italian Grand Prix,McLaren,66,84219,86280.2,82889,0,1
104,4,2004,15,Italian Grand Prix,Renault,93,84264,86286.84,82855,0,0
104,16,2004,15,Italian Grand Prix,BAR,106,83755,85494.93,82660,0,0
104,15,2004,15,Italian Grand Prix,Sauber,105,83925,86439.5,82615,0,0
104,19,2004,15,Italian Grand Prix,Jaguar,105,84814,86813.65,83090,0,0
104,7,2004,15,Italian Grand Prix,Toyota,53,84510,86810.92,83410,0,0
104,17,2004,15,Italian Grand Prix,Jordan,85,85971,88007.01,84061,0,0
104,18,2004,15,Italian Grand Prix,Minardi,79,88565,90788.3,86356,0,0
105,6,2004,16,Chinese Grand Prix,Ferrari,111,94786,96529.12,92238,0,0
105,3,2004,16,Chinese Grand Prix,Williams,93,95024,96744.68,93108,0,0
105,1,2004,16,Chinese Grand Prix,McLaren,112,94791,96311.86,92876,0,1
105,4,2004,16,Chinese Grand Prix,Renault,111,95761,96735.48,93625,0,0
105,16,2004,16,Chinese Grand Prix,BAR,112,94973,96077.38,92935,0,0
105,15,2004,16,Chinese Grand Prix,Sauber,112,95442,96878.43,93483,0,0
105,19,2004,16,Chinese Grand Prix,Jaguar,66,96308,97713.82,94893,0,0
105,7,2004,16,Chinese Grand Prix,Toyota,90,96097,98119.91,94269,0,0
105,17,2004,16,Chinese Grand Prix,Jordan,110,96864,98108.96,94717,0,0
105,18,2004,16,Chinese Grand Prix,Minardi,91,100725,102637.93,97377,0,0
106,6,2004,17,Japanese Grand Prix,Ferrari,91,94570,96280.9,92730,0,0
106,3,2004,17,Japanese Grand Prix,Williams,106,95103,96258.63,93467,0,0
106,1,2004,17,Japanese Grand Prix,McLaren,91,95344,96571.25,93917,0,1
106,4,2004,17,Japanese Grand Prix,Renault,105,95946,96892.62,94279,0,0
106,16,2004,17,Japanese Grand Prix,BAR,106,95104,96088.8,93742,0,0
106,15,2004,17,Japanese Grand Prix,Sauber,106,95815,96980.21,93614,0,0
106,19,2004,17,Japanese Grand Prix,Jaguar,72,96959,98904.24,94229,0,0
106,7,2004,17,Japanese Grand Prix,Toyota,103,97098,98509.67,94438,0,0
106,17,2004,17,Japanese Grand Prix,Jordan,103,97420,99208.44,95524,0,0
106,18,2004,17,Japanese Grand Prix,Minardi,91,101056,102778.77,99352,0,0
107,6,2004,18,Brazilian Grand Prix,Ferrari,142,72969,74912.87,71672,0,0
107,3,2004,18,Brazilian Grand Prix,Williams,142,72812,74736.92,71473,0,0
107,1,2004,18,Brazilian Grand Prix,McLaren,141,73208,75045.23,71562,0,1
107,4,2004,18,Brazilian Grand Prix,Renault,141,73351,75284.26,72118,0,0
107,16,2004,18,Brazilian Grand Prix,BAR,74,73350,75581.8,71941,0,0
107,15,2004,18,Brazilian Grand Prix,Sauber,142,72966,75275.03,71877,0,0
107,19,2004,18,Brazilian Grand Prix,Jaguar,92,74165,77179.34,72891,0,0
107,7,2004,18,Brazilian Grand Prix,Toyota,140,73937,76060.58,72435,0,0
107,17,2004,18,Brazilian Grand Prix,Jordan,84,75806,78427.01,73905,0,0
107,18,2004,18,Brazilian Grand Prix,Minardi,134,76298,78960.07,74743,0,0
71,6,2005,1,Australian Grand Prix,Ferrari,99,88173,89349.18,86233,0,0
71,16,2005,1,Australian Grand Prix,BAR,111,89040,90263.88,86260,0,0
71,4,2005,1,Australian Grand Prix,Renault,114,87676,88784.07,85683,0,0
71,3,2005,1,Australian Grand Prix,Williams,99,88216,89501.24,86493,0,0
71,1,2005,1,Australian Grand Prix,McLaren,114,88282,89380.16,86255,0,1
71,15,2005,1,Australian Grand Prix,Sauber,113,89184,90257.89,86893,0,0
71,9,2005,1,Australian Grand Prix,Red Bull,114,88227,89208.77,86627,0,0
71,7,2005,1,Australian Grand Prix,Toyota,113,88731,90091.32,86536,0,0
71,17,2005,1,Australian Grand Prix,Jordan,110,90995,92471.57,87970,0,0
71,18,2005,1,Australian Grand Prix,Minardi,69,94608,96141.33,92852,0,0
72,6,2005,2,Malaysian Grand Prix,Ferrari,105,98762,100045.43,96878,0,0
72,16,2005,2,Malaysian Grand Prix,BAR,4,104266,104942.0,97912,0,0
72,4,2005,2,Malaysian Grand Prix,Renault,92,97445,98309.93,95899,0,0
72,3,2005,2,Malaysian Grand Prix,Williams,92,97704,98665.62,95712,0,0
72,1,2005,2,Malaysian Grand Prix,McLaren,112,97534,99202.53,95483,0,1
72,15,2005,2,Malaysian Grand Prix,Sauber,81,98856,100303.31,97212,0,0
72,9,2005,2,Malaysian Grand Prix,Red Bull,112,98345,99471.88,96790,0,0
72,7,2005,2,Malaysian Grand Prix,Toyota,112,97752,98782.62,95816,0,0
72,17,2005,2,Malaysian Grand Prix,Jordan,107,101903,103508.5,99833,0,0
72,18,2005,2,Malaysian Grand Prix,Minardi,54,104627,106433.89,102465,0,0
73,6,2005,3,Bahrain Grand Prix,Ferrari,68,94418,96272.56,92886,0,0
73,16,2005,3,Bahrain Grand Prix,BAR,73,94354,95609.66,92411,0,0
73,4,2005,3,Bahrain Grand Prix,Renault,61,93218,94615.18,91713,0,0
73,3,2005,3,Bahrain Grand Prix,Williams,82,94217,95389.59,93055,0,0
73,1,2005,3,Bahrain Grand Prix,McLaren,114,94097,94860.64,91447,0,1
73,15,2005,3,Bahrain Grand Prix,Sauber,110,94642,96119.97,93326,0,0
73,9,2005,3,Bahrain Grand Prix,Red Bull,56,94840,95940.61,93417,0,0
73,7,2005,3,Bahrain Grand Prix,Toyota,114,93483,94594.24,92324,0,0
73,17,2005,3,Bahrain Grand Prix,Jordan,57,97959,99154.3,95744,0,0
73,18,2005,3,Bahrain Grand Prix,Minardi,107,99239,101017.04,96432,0,0
74,6,2005,4,San Marino Grand Prix,Ferrari,80,84688,85418.26,81858,0,0
74,16,2005,4,San Marino Grand Prix,BAR,124,84493,85234.73,82604,0,0
74,4,2005,4,San Marino Grand Prix,Renault,67,84153,85093.3,83133,0,0
74,3,2005,4,San Marino Grand Prix,Williams,124,85199,86116.3,83917,0,0
74,1,2005,4,San Marino Grand Prix,McLaren,71,84554,86039.18,83023,0,1
74,15,2005,4,San Marino Grand Prix,Sauber,123,85087,86096.98,83602,0,0
74,9,2005,4,San Marino Grand Prix,Red Bull,123,85353,86450.63,83488,0,0
74,7,2005,4,San Marino Grand Prix,Toyota,124,85174,86209.2,84022,0,0
74,17,2005,4,San Marino Grand Prix,Jordan,121,86022,87992.12,84094,0,0
74,18,2005,4,San Marino Grand Prix,Minardi,28,88795,89715.14,87420,0,0
75,6,2005,5,Spanish Grand Prix,Ferrari,111,78073,81813.85,75648,0,0
75,4,2005,5,Spanish Grand Prix,Renault,132,77472,79994.3,75641,0,0
75,3,2005,5,Spanish Grand Prix,Williams,131,78050,80509.78,76519,0,0
75,1,2005,5,Spanish Grand Prix,McLaren,131,77476,79953.29,75771,0,1
75,15,2005,5,Spanish Grand Prix,Sauber,114,78507,81357.29,76802,0,0
75,9,2005,5,Spanish Grand Prix,Red Bull,74,78295,82015.23,76947,0,0
75,7,2005,5,Spanish Grand Prix,Toyota,132,77663,80047.92,76469,0,0
75,17,2005,5,Spanish Grand Prix,Jordan,126,81484,84031.97,78998,0,0
75,18,2005,5,Spanish Grand Prix,Minardi,30,81546,101343.3,80124,0,0
76,6,2005,6,Monaco Grand Prix,Ferrari,156,78651,81448.11,75842,0,0
76,4,2005,6,Monaco Grand Prix,Renault,155,79471,82281.66,76600,0,0
76,3,2005,6,Monaco Grand Prix,Williams,156,78841,81176.11,76971,0,0
76,1,2005,6,Monaco Grand Prix,McLaren,156,78815,81203.58,75921,0,1
76,15,2005,6,Monaco Grand Prix,Sauber,154,79310,82715.78,77482,0,0
76,9,2005,6,Monaco Grand Prix,Red Bull,82,79073,81178.73,77693,0,0
76,7,2005,6,Monaco Grand Prix,Toyota,155,79317,82109.26,76812,0,0
76,17,2005,6,Monaco Grand Prix,Jordan,93,83064,86421.92,80747,0,0
76,18,2005,6,Monaco Grand Prix,Minardi,102,82753,87227.75,79037,0,0
77,6,2005,7,European Grand Prix,Ferrari,118,92728,93917.71,91028,0,0
77,16,2005,7,European Grand Prix,BAR,117,93535,94963.55,91889,0,0
77,4,2005,7,European Grand Prix,Renault,118,92540,93773.12,90711,0,0
77,3,2005,7,European Grand Prix,Williams,59,92321,93613.81,91124,0,0
77,1,2005,7,European Grand Prix,McLaren,117,92868,93787.98,90940,0,1
77,15,2005,7,European Grand Prix,Sauber,116,93946,95589.34,92329,0,0
77,9,2005,7,European Grand Prix,Red Bull,118,93115,94206.89,91306,0,0
77,7,2005,7,European Grand Prix,Toyota,92,93153,94889.88,91724,0,0
77,17,2005,7,European Grand Prix,Jordan,116,95175,96410.77,93292,0,0
77,18,2005,7,European Grand Prix,Minardi,113,96967,98534.85,95047,0,0
78,6,2005,8,Canadian Grand Prix,Ferrari,140,76653,79287.14,74868,0,0
78,16,2005,8,Canadian Grand Prix,BAR,86,76708,100539.43,75189,0,0
78,4,2005,8,Canadian Grand Prix,Renault,70,75774,76659.94,74727,0,0
78,3,2005,8,Canadian Grand Prix,Williams,113,77125,79127.29,75401,0,0
78,1,2005,8,Canadian Grand Prix,McLaren,122,75856,79393.75,74384,0,1
78,15,2005,8,Canadian Grand Prix,Sauber,139,77461,80257.65,75945,0,0
78,9,2005,8,Canadian Grand Prix,Red Bull,138,77699,80690.5,76299,0,0
78,7,2005,8,Canadian Grand Prix,Toyota,131,77073,80160.05,75827,0,0
78,17,2005,8,Canadian Grand Prix,Jordan,91,79289,82157.34,77015,0,0
78,18,2005,8,Canadian Grand Prix,Minardi,106,80171,82658.46,78462,0,0
79,6,2005,9,United States Grand Prix,Ferrari,146,72929,73752.63,71497,0,0
79,17,2005,9,United States Grand Prix,Jordan,144,74199,75088.73,73237,0,0
79,18,2005,9,United States Grand Prix,Minardi,142,75165,76564.77,73907,0,0
80,6,2005,10,French Grand Prix,Ferrari,139,78778,79744.88,77714,0,0
80,16,2005,10,French Grand Prix,BAR,138,79007,79915.08,77408,0,0
80,4,2005,10,French Grand Prix,Renault,139,78115,79003.59,76502,0,0
80,3,2005,10,French Grand Prix,Williams,134,79539,82252.71,78102,0,0
80,1,2005,10,French Grand Prix,McLaren,116,77990,78742.87,76423,0,1
80,15,2005,10,French Grand Prix,Sauber,99,79021,84601.54,77805,0,0
80,9,2005,10,French Grand Prix,Red Bull,70,79119,80176.46,77611,0,0
80,7,2005,10,French Grand Prix,Toyota,138,79119,79730.2,77792,0,0
80,17,2005,10,French Grand Prix,Jordan,133,81926,83127.86,80004,0,0
80,18,2005,10,French Grand Prix,Minardi,70,82298,84220.73,81077,0,0
81,6,2005,11,British Grand Prix,Ferrari,120,83413,85758.88,81675,0,0
81,16,2005,11,British Grand Prix,BAR,118,83418,86711.89,81993,0,0
81,4,2005,11,British Grand Prix,Renault,120,82501,84665.24,81159,0,0
81,3,2005,11,British Grand Prix,Williams,118,84724,86940.93,83291,0,0
81,1,2005,11,British Grand Prix,McLaren,120,82376,84613.43,80502,0,1
81,15,2005,11,British Grand Prix,Sauber,118,84313,86677.25,82466,0,0
81,9,2005,11,British Grand Prix,Red Bull,118,84737,87039.95,83089,0,0
81,7,2005,11,British Grand Prix,Toyota,120,83816,85826.99,81960,0,0
81,17,2005,11,British Grand Prix,Jordan,68,86188,89584.01,84247,0,0
81,18,2005,11,British Grand Prix,Minardi,113,88004,90270.6,86182,0,0
82,6,2005,12,German Grand Prix,Ferrari,133,77642,78463.26,76099,0,0
82,16,2005,12,German Grand Prix,BAR,133,77378,78473.59,75843,0,0
82,4,2005,12,German Grand Prix,Renault,134,77014,77819.29,75235,0,0
82,3,2005,12,German Grand Prix,Williams,121,78020,86040.45,76607,0,0
82,1,2005,12,German Grand Prix,McLaren,102,76759,77475.97,74873,0,1
82,15,2005,12,German Grand Prix,Sauber,131,77863,79812.45,76288,0,0
82,9,2005,12,German Grand Prix,Red Bull,134,77545,78356.09,76233,0,0
82,7,2005,12,German Grand Prix,Toyota,131,77506,79006.15,76073,0,0
82,17,2005,12,German Grand Prix,Jordan,128,79651,82192.86,78106,0,0
82,18,2005,12,German Grand Prix,Minardi,128,79961,81747.82,78425,0,0
83,6,2005,13,Hungarian Grand Prix,Ferrari,139,83811,84714.92,81476,0,0
83,16,2005,13,Hungarian Grand Prix,BAR,139,83819,84682.42,82399,0,0
83,4,2005,13,Hungarian Grand Prix,Renault,138,84233,85382.37,82506,0,0
83,3,2005,13,Hungarian Grand Prix,Williams,139,83780,84656.32,82053,0,0
83,1,2005,13,Hungarian Grand Prix,McLaren,111,82592,83731.03,81219,0,1
83,15,2005,13,Hungarian Grand Prix,Sauber,119,84976,90676.18,83048,0,0
83,7,2005,13,Hungarian Grand Prix,Toyota,140,83189,84153.24,81842,0,0
83,17,2005,13,Hungarian Grand Prix,Jordan,133,86891,88547.15,84446,0,0
83,18,2005,13,Hungarian Grand Prix,Minardi,85,87314,96677.09,85646,0,0
84,6,2005,14,Turkish Grand Prix,Ferrari,89,88208,107675.53,86635,0,0
84,16,2005,14,Turkish Grand Prix,BAR,116,87255,88777.58,85790,0,0
84,4,2005,14,Turkish Grand Prix,Renault,116,86796,87978.36,85524,0,0
84,3,2005,14,Turkish Grand Prix,Williams,49,89005,94894.14,86791,0,0
84,1,2005,14,Turkish Grand Prix,McLaren,116,86623,87659.85,84770,0,1
84,15,2005,14,Turkish Grand Prix,Sauber,85,88382,89821.24,86514,0,0
84,9,2005,14,Turkish Grand Prix,Red Bull,116,87723,88705.4,86374,0,0
84,7,2005,14,Turkish Grand Prix,Toyota,115,87758,89030.28,86178,0,0
84,17,2005,14,Turkish Grand Prix,Jordan,110,91241,92878.48,89035,0,0
84,18,2005,14,Turkish Grand Prix,Minardi,103,91291,95494.83,89229,0,0
85,6,2005,15,Italian Grand Prix,Ferrari,105,84451,86079.04,83466,0,0
85,16,2005,15,Italian Grand Prix,BAR,105,84536,85946.65,83161,0,0
85,4,2005,15,Italian Grand Prix,Renault,106,83424,84507.28,82146,0,0
85,3,2005,15,Italian Grand Prix,Williams,105,84142,85608.82,82870,0,0
85,1,2005,15,Italian Grand Prix,McLaren,106,83214,84529.18,81504,0,1
85,15,2005,15,Italian Grand Prix,Sauber,105,84621,85847.36,83365,0,0
85,9,2005,15,Italian Grand Prix,Red Bull,104,84831,86206.83,83633,0,0
85,7,2005,15,Italian Grand Prix,Toyota,106,83951,85047.44,82831,0,0
85,17,2005,15,Italian Grand Prix,Jordan,101,86587,89387.68,84810,0,0
85,18,2005,15,Italian Grand Prix,Minardi,102,86417,88435.5,84966,0,0
86,6,2005,16,Belgian Grand Prix,Ferrari,57,119512,126848.75,112590,0,0
86,16,2005,16,Belgian Grand Prix,BAR,57,119035,126042.58,113323,0,0
86,4,2005,16,Belgian Grand Prix,Renault,54,118458,122784.93,116131,0,0
86,3,2005,16,Belgian Grand Prix,Williams,83,120109,125299.84,112287,0,0
86,1,2005,16,Belgian Grand Prix,McLaren,84,117593,123132.49,113810,0,1
86,15,2005,16,Belgian Grand Prix,Sauber,87,120393,125763.11,114251,0,0
86,9,2005,16,Belgian Grand Prix,Red Bull,61,120276,127424.44,112582,0,0
86,7,2005,16,Belgian Grand Prix,Toyota,78,119157,125726.54,111453,0,0
86,17,2005,16,Belgian Grand Prix,Jordan,86,121384,126232.26,115885,0,0
86,18,2005,16,Belgian Grand Prix,Minardi,83,125214,131598.61,121148,0,0
87,6,2005,17,Brazilian Grand Prix,Ferrari,142,74314,76239.36,72800,0,0
87,16,2005,17,Brazilian Grand Prix,BAR,140,75000,76927.35,73746,0,0
87,4,2005,17,Brazilian Grand Prix,Renault,142,73906,75959.2,72653,0,0
87,3,2005,17,Brazilian Grand Prix,Williams,45,74611,119571.27,73590,0,0
87,1,2005,17,Brazilian Grand Prix,McLaren,142,73490,75518.84,72268,0,1
87,15,2005,17,Brazilian Grand Prix,Sauber,140,75258,77386.24,74054,0,0
87,9,2005,17,Brazilian Grand Prix,Red Bull,70,74648,76695.53,73800,0,0
87,7,2005,17,Brazilian Grand Prix,Toyota,139,74944,77050.85,73570,0,0
87,17,2005,17,Brazilian Grand Prix,Jordan,123,76312,78972.54,74906,0,0
87,18,2005,17,Brazilian Grand Prix,Minardi,103,76373,79157.68,75527,0,0
88,6,2005,18,Japanese Grand Prix,Ferrari,106,94686,101688.08,92763,0,0
88,16,2005,18,Japanese Grand Prix,BAR,105,95098,102044.46,92754,0,0
88,4,2005,18,Japanese Grand Prix,Renault,106,93848,100976.54,91599,0,0
88,3,2005,18,Japanese Grand Prix,Williams,62,94262,105808.52,93022,0,0
88,1,2005,18,Japanese Grand Prix,McLaren,53,93649,100796.45,91540,0,1
88,15,2005,18,Japanese Grand Prix,Sauber,106,94894,102124.09,93232,0,0
88,9,2005,18,Japanese Grand Prix,Red Bull,106,94572,101584.43,93023,0,0
88,7,2005,18,Japanese Grand Prix,Toyota,62,94610,106353.13,92795,0,0
88,17,2005,18,Japanese Grand Prix,Jordan,103,97923,105181.71,95458,0,0
88,18,2005,18,Japanese Grand Prix,Minardi,100,97656,107135.77,96039,0,0
89,6,2005,19,Chinese Grand Prix,Ferrari,78,97054,107959.23,95011,0,0
89,16,2005,19,Chinese Grand Prix,BAR,90,96911,110633.26,94766,0,0
89,4,2005,19,Chinese Grand Prix,Renault,112,95162,107262.05,93536,0,0
89,3,2005,19,Chinese Grand Prix,Williams,111,96632,108056.82,94271,0,0
89,1,2005,19,Chinese Grand Prix,McLaren,80,95569,108377.48,93242,0,1
89,15,2005,19,Chinese Grand Prix,Sauber,112,96745,107889.4,94094,0,0
89,9,2005,19,Chinese Grand Prix,Red Bull,112,96290,107708.23,93727,0,0
89,7,2005,19,Chinese Grand Prix,Toyota,111,97219,108787.71,94035,0,0
89,17,2005,19,Chinese Grand Prix,Jordan,84,98658,108689.08,96563,0,0
89,18,2005,19,Chinese Grand Prix,Minardi,106,99005,110661.86,96894,0,0
53,4,2006,1,Bahrain Grand Prix,Renault,78,93795,96231.36,92534,0,0
53,1,2006,1,Bahrain Grand Prix,McLaren,114,94050,94989.63,92771,0,1
53,6,2006,1,Bahrain Grand Prix,Ferrari,114,93731,95118.97,92523,0,0
53,7,2006,1,Bahrain Grand Prix,Toyota,112,96078,97107.09,94112,0,0
53,3,2006,1,Bahrain Grand Prix,Williams,114,93935,95415.66,92408,0,0
53,11,2006,1,Bahrain Grand Prix,Honda,113,94881,96006.95,92729,0,0
53,9,2006,1,Bahrain Grand Prix,Red Bull,114,94748,95743.18,93212,0,0
53,2,2006,1,Bahrain Grand Prix,BMW Sauber,85,95214,96305.59,93694,0,0
53,13,2006,1,Bahrain Grand Prix,MF1,55,97186,98466.24,95940,0,0
53,5,2006,1,Bahrain Grand Prix,Toro Rosso,113,94831,96230.47,93108,0,0
53,8,2006,1,Bahrain Grand Prix,Super Aguri,88,99332,110613.62,97104,0,0
54,4,2006,2,Malaysian Grand Prix,Renault,112,96156,97193.24,94803,0,0
54,1,2006,2,Malaysian Grand Prix,McLaren,56,96894,97855.0,95566,0,1
54,6,2006,2,Malaysian Grand Prix,Ferrari,112,96872,97930.05,95647,0,0
54,7,2006,2,Malaysian Grand Prix,Toyota,111,97487,98774.41,95686,0,0
54,3,2006,2,Malaysian Grand Prix,Williams,21,97461,99570.71,96771,0,0
54,11,2006,2,Malaysian Grand Prix,Honda,111,96816,98228.67,95604,0,0
54,9,2006,2,Malaysian Grand Prix,Red Bull,36,98264,124301.61,96867,0,0
54,2,2006,2,Malaysian Grand Prix,BMW Sauber,104,97282,98385.47,95751,0,0
54,13,2006,2,Malaysian Grand Prix,MF1,108,100797,101948.64,98198,0,0
54,5,2006,2,Malaysian Grand Prix,Toro Rosso,95,98714,100706.51,97313,0,0
54,8,2006,2,Malaysian Grand Prix,Super Aguri,86,102990,104131.62,100199,0,0
55,4,2006,3,Australian Grand Prix,Renault,114,88913,99773.34,86189,0,0
55,1,2006,3,Australian Grand Prix,McLaren,103,89138,102230.1,86045,0,1
55,6,2006,3,Australian Grand Prix,Ferrari,32,90441,98678.94,87180,0,0
55,7,2006,3,Australian Grand Prix,Toyota,57,89086,99871.82,87810,0,0
55,3,2006,3,Australian Grand Prix,Williams,22,90202,101691.05,87800,0,0
55,11,2006,3,Australian Grand Prix,Honda,113,90412,100312.5,87690,0,0
55,9,2006,3,Australian Grand Prix,Red Bull,61,92273,102418.49,88250,0,0
55,2,2006,3,Australian Grand Prix,BMW Sauber,114,89848,100143.21,87700,0,0
55,13,2006,3,Australian Grand Prix,MF1,95,92717,104466.03,89238,0,0
55,5,2006,3,Australian Grand Prix,Toro Rosso,94,90508,101159.12,87988,0,0
55,8,2006,3,Australian Grand Prix,Super Aguri,109,96464,105367.88,90574,0,0
56,4,2006,4,San Marino Grand Prix,Renault,124,86597,88510.23,84569,0,0
56,1,2006,4,San Marino Grand Prix,McLaren,124,86427,88438.42,85027,0,1
56,6,2006,4,San Marino Grand Prix,Ferrari,124,86428,88307.0,84624,0,0
56,7,2006,4,San Marino Grand Prix,Toyota,67,86697,90059.16,85316,0,0
56,3,2006,4,San Marino Grand Prix,Williams,124,87053,89116.02,85488,0,0
56,11,2006,4,San Marino Grand Prix,Honda,124,86913,89116.6,85347,0,0
56,9,2006,4,San Marino Grand Prix,Red Bull,87,87898,90917.61,86759,0,0
56,2,2006,4,San Marino Grand Prix,BMW Sauber,123,87576,89621.76,85438,0,0
56,13,2006,4,San Marino Grand Prix,MF1,60,89643,92074.37,87160,0,0
56,5,2006,4,San Marino Grand Prix,Toro Rosso,122,87632,89785.61,85679,0,0
56,8,2006,4,San Marino Grand Prix,Super Aguri,67,91577,107103.61,89100,0,0
57,4,2006,5,European Grand Prix,Renault,120,94580,96628.31,92532,0,0
57,1,2006,5,European Grand Prix,McLaren,112,94392,96791.39,92472,0,1
57,6,2006,5,European Grand Prix,Ferrari,120,93879,96016.48,92099,0,0
57,7,2006,5,European Grand Prix,Toyota,111,95256,97622.5,93607,0,0
57,3,2006,5,European Grand Prix,Williams,72,95327,98221.17,93579,0,0
57,11,2006,5,European Grand Prix,Honda,88,94970,97669.06,93952,0,0
57,9,2006,5,European Grand Prix,Red Bull,30,95834,101633.1,94553,0,0
57,2,2006,5,European Grand Prix,BMW Sauber,119,95423,97616.1,94035,0,0
57,13,2006,5,European Grand Prix,MF1,118,96765,99107.18,95428,0,0
57,5,2006,5,European Grand Prix,Toro Rosso,59,95486,97786.17,94091,0,0
57,8,2006,5,European Grand Prix,Super Aguri,74,98746,101743.96,96706,0,0
58,4,2006,6,Spanish Grand Prix,Renault,132,77881,78692.95,76723,0,0
58,1,2006,6,Spanish Grand Prix,McLaren,83,78629,79684.89,77357,0,1
58,6,2006,6,Spanish Grand Prix,Ferrari,132,77999,78877.87,76648,0,0
58,7,2006,6,Spanish Grand Prix,Toyota,96,79695,81317.32,78465,0,0
58,3,2006,6,Spanish Grand Prix,Williams,130,79225,80216.28,77861,0,0
58,11,2006,6,Spanish Grand Prix,Honda,131,78710,79651.56,77367,0,0
58,9,2006,6,Spanish Grand Prix,Red Bull,130,79679,80687.88,77862,0,0
58,2,2006,6,Spanish Grand Prix,BMW Sauber,130,79248,80214.78,77869,0,0
58,13,2006,6,Spanish Grand Prix,MF1,111,81675,85684.53,79265,0,0
58,5,2006,6,Spanish Grand Prix,Toro Rosso,110,80003,80810.99,78488,0,0
58,8,2006,6,Spanish Grand Prix,Super Aguri,72,82673,84072.62,80411,0,0
59,4,2006,7,Monaco Grand Prix,Renault,156,77820,80181.44,75671,0,0
59,1,2006,7,Monaco Grand Prix,McLaren,128,77401,79702.38,75325,0,1
59,6,2006,7,Monaco Grand Prix,Ferrari,155,78883,80925.63,75143,0,0
59,7,2006,7,Monaco Grand Prix,Toyota,149,78945,80993.93,77180,0,0
59,3,2006,7,Monaco Grand Prix,Williams,99,78496,80395.07,75680,0,0
59,11,2006,7,Monaco Grand Prix,Honda,155,78992,80997.98,77300,0,0
59,9,2006,7,Monaco Grand Prix,Red Bull,134,78773,80744.3,77849,0,0
59,2,2006,7,Monaco Grand Prix,BMW Sauber,154,79333,81579.74,77319,0,0
59,13,2006,7,Monaco Grand Prix,MF1,153,79711,82023.61,77329,0,0
59,5,2006,7,Monaco Grand Prix,Toro Rosso,154,79330,81566.93,77481,0,0
59,8,2006,7,Monaco Grand Prix,Super Aguri,121,80385,82575.26,78793,0,0
60,4,2006,8,British Grand Prix,Renault,120,83003,86031.92,81599,0,0
60,1,2006,8,British Grand Prix,McLaren,120,83373,86560.79,82461,0,1
60,6,2006,8,British Grand Prix,Ferrari,120,83255,86244.7,81934,0,0
60,7,2006,8,British Grand Prix,Toyota,59,84626,87719.61,82744,0,0
60,3,2006,8,British Grand Prix,Williams,60,84145,87182.25,82916,0,0
60,11,2006,8,British Grand Prix,Honda,67,84552,89412.19,83224,0,0
60,9,2006,8,British Grand Prix,Red Bull,118,85081,88198.4,83712,0,0
60,2,2006,8,British Grand Prix,BMW Sauber,120,83882,87114.56,82706,0,0
60,13,2006,8,British Grand Prix,MF1,117,85601,88836.11,83977,0,0
60,5,2006,8,British Grand Prix,Toro Rosso,60,85513,88917.5,84221,0,0
60,8,2006,8,British Grand Prix,Super Aguri,114,88237,91408.61,86520,0,0
61,4,2006,9,Canadian Grand Prix,Renault,140,77715,81216.39,75911,0,0
61,1,2006,9,Canadian Grand Prix,McLaren,83,77606,82162.99,75841,0,1
61,6,2006,9,Canadian Grand Prix,Ferrari,140,78188,81299.28,75993,0,0
61,7,2006,9,Canadian Grand Prix,Toyota,127,79266,84410.23,77503,0,0
61,3,2006,9,Canadian Grand Prix,Williams,70,79616,82791.97,77705,0,0
61,11,2006,9,Canadian Grand Prix,Honda,80,79247,83308.04,78001,0,0
61,9,2006,9,Canadian Grand Prix,Red Bull,138,79147,82602.69,77576,0,0
61,2,2006,9,Canadian Grand Prix,BMW Sauber,127,78416,81666.6,77394,0,0
61,13,2006,9,Canadian Grand Prix,MF1,66,82236,86705.68,79291,0,0
61,5,2006,9,Canadian Grand Prix,Toro Rosso,137,79482,83321.41,77720,0,0
61,8,2006,9,Canadian Grand Prix,Super Aguri,66,82680,87598.8,80490,0,0
62,4,2006,10,United States Grand Prix,Renault,146,74093,78050.71,73131,0,0
62,6,2006,10,United States Grand Prix,Ferrari,146,73737,77797.14,72719,0,0
62,7,2006,10,United States Grand Prix,Toyota,135,74265,78421.64,73225,0,0
62,3,2006,10,United States Grand Prix,Williams,72,75574,79293.71,74707,0,0
62,11,2006,10,United States Grand Prix,Honda,76,74285,80086.67,73611,0,0
62,9,2006,10,United States Grand Prix,Red Bull,72,75424,79152.9,74730,0,0
62,2,2006,10,United States Grand Prix,BMW Sauber,23,74522,85154.83,73934,0,0
62,13,2006,10,United States Grand Prix,MF1,46,76769,88730.67,74731,0,0
62,5,2006,10,United States Grand Prix,Toro Rosso,72,75602,79241.1,74286,0,0
62,8,2006,10,United States Grand Prix,Super Aguri,6,117315,115629.83,103802,0,0
63,4,2006,11,French Grand Prix,Renault,140,78722,79364.3,77770,0,0
63,1,2006,11,French Grand Prix,McLaren,140,78540,79557.28,77625,0,1
63,6,2006,11,French Grand Prix,Ferrari,140,78262,79129.66,77111,0,0
63,7,2006,11,French Grand Prix,Toyota,109,78691,79908.09,77809,0,0
63,3,2006,11,French Grand Prix,Williams,121,80006,84138.82,78796,0,0
63,11,2006,11,French Grand Prix,Honda,79,80421,81103.43,78510,0,0
63,9,2006,11,French Grand Prix,Red Bull,138,79764,80542.2,78968,0,0
63,2,2006,11,French Grand Prix,BMW Sauber,138,79696,80513.04,77906,0,0
63,13,2006,11,French Grand Prix,MF1,79,80463,82026.87,79356,0,0
63,5,2006,11,French Grand Prix,Toro Rosso,138,79679,80696.79,78241,0,0
63,8,2006,11,French Grand Prix,Super Aguri,67,81908,83112.64,80113,0,0
64,4,2006,12,German Grand Prix,Renault,134,78224,79044.08,76981,0,0
64,1,2006,12,German Grand Prix,McLaren,69,77873,79029.84,76475,0,1
64,6,2006,12,German Grand Prix,Ferrari,134,77833,78687.36,76357,0,0
64,7,2006,12,German Grand Prix,Toyota,134,78152,79330.46,76763,0,0
64,3,2006,12,German Grand Prix,Williams,59,78251,80470.17,76812,0,0
64,11,2006,12,German Grand Prix,Honda,85,78369,79053.09,76818,0,0
64,9,2006,12,German Grand Prix,Red Bull,133,78848,79691.3,77719,0,0
64,2,2006,12,German Grand Prix,BMW Sauber,39,79711,83259.79,78904,0,0
64,13,2006,12,German Grand Prix,MF1,131,79811,80794.37,78247,0,0
64,5,2006,12,German Grand Prix,Toro Rosso,132,79213,80065.19,77407,0,0
64,8,2006,12,German Grand Prix,Super Aguri,39,80196,86786.18,79413,0,0
65,4,2006,13,Hungarian Grand Prix,Renault,69,95550,99103.03,89408,0,0
65,1,2006,13,Hungarian Grand Prix,McLaren,95,95106,96992.33,84315,0,1
65,6,2006,13,Hungarian Grand Prix,Ferrari,136,96886,98194.86,83516,0,0
65,7,2006,13,Hungarian Grand Prix,Toyota,134,97926,98808.68,85247,0,0
65,3,2006,13,Hungarian Grand Prix,Williams,20,101565,103913.0,98964,0,0
65,11,2006,13,Hungarian Grand Prix,Honda,140,93896,96622.05,84678,0,0
65,9,2006,13,Hungarian Grand Prix,Red Bull,75,96517,98607.13,87572,0,0
65,2,2006,13,Hungarian Grand Prix,BMW Sauber,139,96117,97762.79,85801,0,0
65,13,2006,13,Hungarian Grand Prix,MF1,134,100749,101451.69,86117,0,0
65,5,2006,13,Hungarian Grand Prix,Toro Rosso,91,100010,103210.86,86249,0,0
65,8,2006,13,Hungarian Grand Prix,Super Aguri,65,101926,103748.83,90957,0,0
66,4,2006,14,Turkish Grand Prix,Renault,116,89949,92364.94,88245,0,0
66,1,2006,14,Turkish Grand Prix,McLaren,59,90600,93775.75,88959,0,1
66,6,2006,14,Turkish Grand Prix,Ferrari,116,89521,91963.97,88005,0,0
66,7,2006,14,Turkish Grand Prix,Toyota,115,90943,93248.88,89084,0,0
66,3,2006,14,Turkish Grand Prix,Williams,82,91528,94187.65,90071,0,0
66,11,2006,14,Turkish Grand Prix,Honda,116,90233,92539.07,88474,0,0
66,9,2006,14,Turkish Grand Prix,Red Bull,112,91371,93829.46,90025,0,0
66,2,2006,14,Turkish Grand Prix,BMW Sauber,113,92370,95103.15,89723,0,0
66,13,2006,14,Turkish Grand Prix,MF1,46,92277,94699.43,90403,0,0
66,5,2006,14,Turkish Grand Prix,Toro Rosso,69,91983,93890.57,89933,0,0
66,8,2006,14,Turkish Grand Prix,Super Aguri,64,93905,118766.14,91814,0,0
67,4,2006,15,Italian Grand Prix,Renault,96,84386,85357.93,83121,0,0
67,1,2006,15,Italian Grand Prix,McLaren,73,83969,85405.32,82559,0,1
67,6,2006,15,Italian Grand Prix,Ferrari,106,83852,85187.78,82575,0,0
67,7,2006,15,Italian Grand Prix,Toyota,105,85458,86094.8,83869,0,0
67,3,2006,15,Italian Grand Prix,Williams,62,85358,87431.69,84197,0,0
67,11,2006,15,Italian Grand Prix,Honda,106,84565,85462.68,83518,0,0
67,9,2006,15,Italian Grand Prix,Red Bull,104,85669,86505.54,84571,0,0
67,2,2006,15,Italian Grand Prix,BMW Sauber,106,84187,85430.88,83111,0,0
67,14,2006,15,Italian Grand Prix,Spyker MF1,95,86937,89506.84,84822,0,0
67,5,2006,15,Italian Grand Prix,Toro Rosso,104,85653,86575.3,84764,0,0
67,8,2006,15,Italian Grand Prix,Super Aguri,69,88160,88951.49,85676,0,0
68,4,2006,16,Chinese Grand Prix,Renault,112,104762,104935.82,97586,0,0
68,1,2006,16,Chinese Grand Prix,McLaren,74,105897,106277.0,99149,0,1
68,6,2006,16,Chinese Grand Prix,Ferrari,100,105062,105691.42,98553,0,0
68,7,2006,16,Chinese Grand Prix,Toyota,87,108804,110079.24,99823,0,0
68,3,2006,16,Chinese Grand Prix,Williams,111,105934,106755.17,99907,0,0
68,11,2006,16,Chinese Grand Prix,Honda,112,105689,105863.22,99206,0,0
68,9,2006,16,Chinese Grand Prix,Red Bull,111,105928,106855.93,99801,0,0
68,2,2006,16,Chinese Grand Prix,BMW Sauber,111,104901,106873.3,99164,0,0
68,14,2006,16,Chinese Grand Prix,Spyker MF1,90,109931,111276.07,101483,0,0
68,5,2006,16,Chinese Grand Prix,Toro Rosso,110,108165,107688.42,99681,0,0
68,8,2006,16,Chinese Grand Prix,Super Aguri,107,109206,110133.92,100856,0,0
69,4,2006,17,Japanese Grand Prix,Renault,106,94319,95196.03,92676,0,0
69,1,2006,17,Japanese Grand Prix,McLaren,105,95534,96410.4,93344,0,1
69,6,2006,17,Japanese Grand Prix,Ferrari,89,94267,94989.73,92792,0,0
69,7,2006,17,Japanese Grand Prix,Toyota,106,94936,95871.81,93607,0,0
69,3,2006,17,Japanese Grand Prix,Williams,91,95912,97194.11,94802,0,0
69,11,2006,17,Japanese Grand Prix,Honda,105,95233,96562.85,93451,0,0
69,9,2006,17,Japanese Grand Prix,Red Bull,87,97010,98332.55,95052,0,0
69,2,2006,17,Japanese Grand Prix,BMW Sauber,106,95482,96413.71,93509,0,0
69,14,2006,17,Japanese Grand Prix,Spyker MF1,71,97822,99066.99,95260,0,0
69,5,2006,17,Japanese Grand Prix,Toro Rosso,100,97238,98607.51,94131,0,0
69,8,2006,17,Japanese Grand Prix,Super Aguri,102,98494,99794.35,95082,0,0
70,4,2006,18,Brazilian Grand Prix,Renault,142,74099,78003.15,72961,0,0
70,1,2006,18,Brazilian Grand Prix,McLaren,142,74598,78225.87,73281,0,1
70,6,2006,18,Brazilian Grand Prix,Ferrari,142,73776,77828.14,72162,0,0
70,7,2006,18,Brazilian Grand Prix,Toyota,19,91048,101721.37,74882,0,0
70,3,2006,18,Brazilian Grand Prix,Williams,1,103205,103205.0,103205,0,0
70,11,2006,18,Brazilian Grand Prix,Honda,142,74204,78078.8,73053,0,0
70,9,2006,18,Brazilian Grand Prix,Red Bull,84,75575,81790.68,73700,0,0
70,2,2006,18,Brazilian Grand Prix,BMW Sauber,134,74772,79011.09,74117,0,0
70,14,2006,18,Brazilian Grand Prix,Spyker MF1,139,75734,79744.61,74410,0,0
70,5,2006,18,Brazilian Grand Prix,Toro Rosso,140,75283,79206.74,73687,0,0
70,8,2006,18,Brazilian Grand Prix,Super Aguri,139,75269,79407.08,73379,0,0
36,1,2007,1,Australian Grand Prix,McLaren,116,87790,88649.8,86314,0,1
36,4,2007,1,Australian Grand Prix,Renault,115,88918,90081.3,86892,0,0
36,6,2007,1,Australian Grand Prix,Ferrari,116,87870,89002.97,85235,0,0
36,11,2007,1,Australian Grand Prix,Honda,114,89604,90989.54,88098,0,0
36,2,2007,1,Australian Grand Prix,BMW Sauber,94,88077,89061.5,86642,0,0
36,7,2007,1,Australian Grand Prix,Toyota,114,89424,90522.94,87796,0,0
36,9,2007,1,Australian Grand Prix,Red Bull,105,89811,91082.9,87501,0,0
36,3,2007,1,Australian Grand Prix,Williams,105,89461,90438.07,86721,0,0
36,5,2007,1,Australian Grand Prix,Toro Rosso,85,90336,91620.16,88282,0,0
36,12,2007,1,Australian Grand Prix,Spyker,66,91165,93105.32,88687,0,0
36,8,2007,1,Australian Grand Prix,Super Aguri,113,89760,91160.39,88487,0,0
37,1,2007,2,Malaysian Grand Prix,McLaren,112,97964,98994.79,96701,0,1
37,4,2007,2,Malaysian Grand Prix,Renault,112,98941,100067.08,97810,0,0
37,6,2007,2,Malaysian Grand Prix,Ferrari,112,98195,99329.5,97199,0,0
37,11,2007,2,Malaysian Grand Prix,Honda,110,99872,101176.39,98566,0,0
37,2,2007,2,Malaysian Grand Prix,BMW Sauber,111,99251,100612.27,97417,0,0
37,7,2007,2,Malaysian Grand Prix,Toyota,111,99813,100864.3,98016,0,0
37,9,2007,2,Malaysian Grand Prix,Red Bull,92,99586,100680.84,98098,0,0
37,3,2007,2,Malaysian Grand Prix,Williams,98,98838,100331.18,97704,0,0
37,5,2007,2,Malaysian Grand Prix,Toro Rosso,110,100088,101619.3,98447,0,0
37,12,2007,2,Malaysian Grand Prix,Spyker,7,102382,109255.43,101495,0,0
37,8,2007,2,Malaysian Grand Prix,Super Aguri,110,100351,101553.44,98496,0,0
38,1,2007,3,Bahrain Grand Prix,McLaren,114,95223,98524.7,94270,0,1
38,4,2007,3,Bahrain Grand Prix,Renault,114,96633,99878.44,95200,0,0
38,6,2007,3,Bahrain Grand Prix,Ferrari,114,95034,98472.54,94067,0,0
38,11,2007,3,Bahrain Grand Prix,Honda,56,97395,100823.39,95842,0,0
38,2,2007,3,Bahrain Grand Prix,BMW Sauber,114,95530,98898.16,94470,0,0
38,7,2007,3,Bahrain Grand Prix,Toyota,113,96686,100149.29,95153,0,0
38,9,2007,3,Bahrain Grand Prix,Red Bull,77,96576,102032.47,95384,0,0
38,3,2007,3,Bahrain Grand Prix,Williams,113,96653,100144.58,95556,0,0
38,5,2007,3,Bahrain Grand Prix,Toro Rosso,26,98068,110132.38,95723,0,0
38,12,2007,3,Bahrain Grand Prix,Spyker,108,98632,104128.98,96772,0,0
38,8,2007,3,Bahrain Grand Prix,Super Aguri,85,97009,101243.81,96111,0,0
39,1,2007,4,Spanish Grand Prix,McLaren,130,83835,84743.89,82876,0,1
39,4,2007,4,Spanish Grand Prix,Renault,129,84563,85818.06,82980,0,0
39,6,2007,4,Spanish Grand Prix,Ferrari,74,83700,85268.35,82680,0,0
39,11,2007,4,Spanish Grand Prix,Honda,128,85231,86652.05,84186,0,0
39,2,2007,4,Spanish Grand Prix,BMW Sauber,111,84164,85958.13,83129,0,0
39,7,2007,4,Spanish Grand Prix,Toyota,52,84672,87582.42,84003,0,0
39,9,2007,4,Spanish Grand Prix,Red Bull,72,84491,85922.26,83524,0,0
39,3,2007,4,Spanish Grand Prix,Williams,66,84510,86250.12,83693,0,0
39,5,2007,4,Spanish Grand Prix,Toro Rosso,28,86301,89029.82,85207,0,0
39,12,2007,4,Spanish Grand Prix,Spyker,126,86218,87735.44,85191,0,0
39,8,2007,4,Spanish Grand Prix,Super Aguri,128,85196,86312.8,84110,0,0
40,1,2007,5,Monaco Grand Prix,McLaren,156,76704,77325.34,75284,0,1
40,4,2007,5,Monaco Grand Prix,Renault,153,77932,78872.83,76254,0,0
40,6,2007,5,Monaco Grand Prix,Ferrari,155,77691,78545.57,76183,0,0
40,11,2007,5,Monaco Grand Prix,Honda,154,78366,79058.7,76802,0,0
40,2,2007,5,Monaco Grand Prix,BMW Sauber,154,78119,78741.41,76006,0,0
40,7,2007,5,Monaco Grand Prix,Toyota,152,78697,79841.09,77231,0,0
40,9,2007,5,Monaco Grand Prix,Red Bull,93,79274,79692.54,76786,0,0
40,3,2007,5,Monaco Grand Prix,Williams,154,78239,78992.07,76658,0,0
40,5,2007,5,Monaco Grand Prix,Toro Rosso,78,78171,79243.88,76867,0,0
40,12,2007,5,Monaco Grand Prix,Spyker,123,79979,80818.68,77678,0,0
40,8,2007,5,Monaco Grand Prix,Super Aguri,152,78514,79858.47,77183,0,0
41,1,2007,6,Canadian Grand Prix,McLaren,140,78409,89460.86,76367,0,1
41,4,2007,6,Canadian Grand Prix,Renault,121,79935,88661.94,77411,0,0
41,6,2007,6,Canadian Grand Prix,Ferrari,121,78789,88561.62,76849,0,0
41,11,2007,6,Canadian Grand Prix,Honda,70,80330,89739.01,78543,0,0
41,2,2007,6,Canadian Grand Prix,BMW Sauber,96,78633,88178.97,76696,0,0
41,7,2007,6,Canadian Grand Prix,Toyota,128,80791,90002.06,77910,0,0
41,9,2007,6,Canadian Grand Prix,Red Bull,106,80300,90107.76,77618,0,0
41,3,2007,6,Canadian Grand Prix,Williams,140,80464,89513.52,77156,0,0
41,5,2007,6,Canadian Grand Prix,Toro Rosso,62,80473,88209.52,79375,0,0
41,12,2007,6,Canadian Grand Prix,Spyker,68,80840,86297.43,79254,0,0
41,8,2007,6,Canadian Grand Prix,Super Aguri,140,80608,89597.14,78035,0,0
42,1,2007,7,United States Grand Prix,McLaren,146,74217,74941.42,73222,0,1
42,4,2007,7,United States Grand Prix,Renault,145,74990,75969.99,73998,0,0
42,6,2007,7,United States Grand Prix,Ferrari,146,74310,75124.62,73117,0,0
42,11,2007,7,United States Grand Prix,Honda,72,76162,76989.96,74703,0,0
42,2,2007,7,United States Grand Prix,BMW Sauber,128,74725,75800.41,73414,0,0
42,7,2007,7,United States Grand Prix,Toyota,73,75030,75844.77,74016,0,0
42,9,2007,7,United States Grand Prix,Red Bull,73,74959,75853.37,74004,0,0
42,3,2007,7,United States Grand Prix,Williams,140,75729,76365.62,74066,0,0
42,5,2007,7,United States Grand Prix,Toro Rosso,139,76373,77184.98,75092,0,0
42,12,2007,7,United States Grand Prix,Spyker,141,76951,77702.6,74858,0,0
42,8,2007,7,United States Grand Prix,Super Aguri,85,76314,77063.89,74066,0,0
43,1,2007,8,French Grand Prix,McLaren,140,77707,78550.49,76495,0,1
43,4,2007,8,French Grand Prix,Renault,139,78090,79296.2,76703,0,0
43,6,2007,8,French Grand Prix,Ferrari,140,77321,77934.39,76099,0,0
43,11,2007,8,French Grand Prix,Honda,139,78222,79095.74,76770,0,0
43,2,2007,8,French Grand Prix,BMW Sauber,140,77805,78563.77,76875,0,0
43,7,2007,8,French Grand Prix,Toyota,70,78152,79983.3,76966,0,0
43,9,2007,8,French Grand Prix,Red Bull,138,78602,79499.44,77249,0,0
43,3,2007,8,French Grand Prix,Williams,139,78368,79245.3,77011,0,0
43,5,2007,8,French Grand Prix,Toro Rosso,55,78910,80049.11,77934,0,0
43,12,2007,8,French Grand Prix,Spyker,96,79664,80748.73,78091,0,0
43,8,2007,8,French Grand Prix,Super Aguri,69,79233,80761.48,77796,0,0
44,1,2007,9,British Grand Prix,McLaren,118,82498,83457.46,81117,0,1
44,4,2007,9,British Grand Prix,Renault,116,83498,84655.02,82136,0,0
44,6,2007,9,British Grand Prix,Ferrari,118,82456,83561.11,80638,0,0
44,11,2007,9,British Grand Prix,Honda,116,84304,85251.93,83387,0,0
44,2,2007,9,British Grand Prix,BMW Sauber,118,83077,84032.23,81991,0,0
44,7,2007,9,British Grand Prix,Toyota,65,84613,86575.2,82510,0,0
44,9,2007,9,British Grand Prix,Red Bull,66,84126,86028.73,83118,0,0
44,3,2007,9,British Grand Prix,Williams,116,84331,85382.98,82693,0,0
44,5,2007,9,British Grand Prix,Toro Rosso,82,84551,85892.67,83570,0,0
44,12,2007,9,British Grand Prix,Spyker,73,85225,86590.55,84390,0,0
44,8,2007,9,British Grand Prix,Super Aguri,92,85037,92083.66,83413,0,0
45,1,2007,10,European Grand Prix,McLaren,119,94755,127608.21,93231,0,1
45,4,2007,10,European Grand Prix,Renault,118,96450,128789.99,94603,0,0
45,6,2007,10,European Grand Prix,Ferrari,94,94808,134156.97,92853,0,0
45,11,2007,10,European Grand Prix,Honda,61,97643,129635.08,95632,0,0
45,2,2007,10,European Grand Prix,BMW Sauber,120,95925,127795.24,94354,0,0
45,7,2007,10,European Grand Prix,Toyota,77,99106,145554.17,94496,0,0
45,9,2007,10,European Grand Prix,Red Bull,120,95818,127600.38,94316,0,0
45,3,2007,10,European Grand Prix,Williams,62,95953,128342.11,94235,0,0
45,5,2007,10,European Grand Prix,Toro Rosso,4,156307,160998.25,129078,0,0
45,12,2007,10,European Grand Prix,Spyker,15,137898,223770.8,102783,0,0
45,8,2007,10,European Grand Prix,Super Aguri,78,98298,144983.83,95282,0,0
46,1,2007,11,Hungarian Grand Prix,McLaren,140,81714,82506.0,80171,0,1
46,4,2007,11,Hungarian Grand Prix,Renault,139,82437,83446.55,80935,0,0
46,6,2007,11,Hungarian Grand Prix,Ferrari,139,81948,82966.42,80047,0,0
46,11,2007,11,Hungarian Grand Prix,Honda,103,84082,85285.15,82004,0,0
46,2,2007,11,Hungarian Grand Prix,BMW Sauber,140,81616,82833.76,80419,0,0
46,7,2007,11,Hungarian Grand Prix,Toyota,139,82303,83267.3,80961,0,0
46,9,2007,11,Hungarian Grand Prix,Red Bull,139,82441,83463.32,80915,0,0
46,3,2007,11,Hungarian Grand Prix,Williams,139,82237,83390.56,80672,0,0
46,5,2007,11,Hungarian Grand Prix,Toro Rosso,111,83509,84664.61,81915,0,0
46,12,2007,11,Hungarian Grand Prix,Spyker,72,83933,85445.58,82263,0,0
46,8,2007,11,Hungarian Grand Prix,Super Aguri,110,83104,84137.74,80980,0,0
47,1,2007,12,Turkish Grand Prix,McLaren,116,89222,90306.79,87963,0,1
47,4,2007,12,Turkish Grand Prix,Renault,116,89523,90603.29,88603,0,0
47,6,2007,12,Turkish Grand Prix,Ferrari,116,88898,89712.04,87295,0,0
47,11,2007,12,Turkish Grand Prix,Honda,114,90576,91663.34,88873,0,0
47,2,2007,12,Turkish Grand Prix,BMW Sauber,116,89642,90523.3,88319,0,0
47,7,2007,12,Turkish Grand Prix,Toyota,114,90579,91534.62,88924,0,0
47,9,2007,12,Turkish Grand Prix,Red Bull,67,90018,91328.42,89068,0,0
47,3,2007,12,Turkish Grand Prix,Williams,116,89891,90859.72,88536,0,0
47,5,2007,12,Turkish Grand Prix,Toro Rosso,114,90858,92094.26,89563,0,0
47,12,2007,12,Turkish Grand Prix,Spyker,109,92340,95524.34,90617,0,0
47,8,2007,12,Turkish Grand Prix,Super Aguri,114,91022,91915.46,89658,0,0
48,1,2007,13,Italian Grand Prix,McLaren,106,83641,89072.4,82871,0,1
48,4,2007,13,Italian Grand Prix,Renault,105,85291,90514.5,84226,0,0
48,6,2007,13,Italian Grand Prix,Ferrari,63,84670,93346.11,83370,0,0
48,11,2007,13,Italian Grand Prix,Honda,106,85673,90422.06,84532,0,0
48,2,2007,13,Italian Grand Prix,BMW Sauber,106,84811,90120.11,83681,0,0
48,7,2007,13,Italian Grand Prix,Toyota,105,85892,90727.24,84622,0,0
48,9,2007,13,Italian Grand Prix,Red Bull,54,85725,90552.11,84824,0,0
48,3,2007,13,Italian Grand Prix,Williams,105,85669,90565.48,84472,0,0
48,5,2007,13,Italian Grand Prix,Toro Rosso,104,86144,91192.2,85313,0,0
48,12,2007,13,Italian Grand Prix,Spyker,104,86818,92209.01,85377,0,0
48,8,2007,13,Italian Grand Prix,Super Aguri,104,86129,90984.52,84669,0,0
49,1,2007,14,Belgian Grand Prix,McLaren,88,109350,110410.11,108182,0,1
49,4,2007,14,Belgian Grand Prix,Renault,45,111198,112920.69,109600,0,0
49,6,2007,14,Belgian Grand Prix,Ferrari,88,108709,110032.12,108036,0,0
49,11,2007,14,Belgian Grand Prix,Honda,79,112391,113664.25,110678,0,0
49,2,2007,14,Belgian Grand Prix,BMW Sauber,88,110318,111541.73,108663,0,0
49,7,2007,14,Belgian Grand Prix,Toyota,88,111254,112163.17,108990,0,0
49,9,2007,14,Belgian Grand Prix,Red Bull,73,111099,112377.59,110049,0,0
49,3,2007,14,Belgian Grand Prix,Williams,78,111430,113329.91,109769,0,0
49,5,2007,14,Belgian Grand Prix,Toro Rosso,51,112525,114087.08,110730,0,0
49,12,2007,14,Belgian Grand Prix,Spyker,86,112492,113883.69,110902,0,0
49,8,2007,14,Belgian Grand Prix,Super Aguri,86,112715,113715.21,110886,0,0
50,1,2007,15,Japanese Grand Prix,McLaren,108,93793,109482.97,88193,0,1
50,4,2007,15,Japanese Grand Prix,Renault,134,94198,108331.34,89655,0,0
50,6,2007,15,Japanese Grand Prix,Ferrari,134,94042,108415.51,89588,0,0
50,11,2007,15,Japanese Grand Prix,Honda,133,96522,109351.44,91060,0,0
50,2,2007,15,Japanese Grand Prix,BMW Sauber,132,95828,108955.39,89021,0,0
50,7,2007,15,Japanese Grand Prix,Toyota,121,102139,118953.01,90865,0,0
50,9,2007,15,Japanese Grand Prix,Red Bull,112,95216,110239.89,88940,0,0
50,3,2007,15,Japanese Grand Prix,Williams,68,130639,120673.31,89926,0,0
50,5,2007,15,Japanese Grand Prix,Toro Rosso,113,94694,111198.12,89057,0,0
50,12,2007,15,Japanese Grand Prix,Spyker,133,95505,109390.19,91891,0,0
50,8,2007,15,Japanese Grand Prix,Super Aguri,119,99976,111842.12,91507,0,0
51,1,2007,16,Chinese Grand Prix,McLaren,86,105735,106108.5,97991,0,1
51,4,2007,16,Chinese Grand Prix,Renault,112,105692,106470.17,98900,0,0
51,6,2007,16,Chinese Grand Prix,Ferrari,112,104372,105086.44,97454,0,0
51,11,2007,16,Chinese Grand Prix,Honda,111,106258,107392.04,98913,0,0
51,2,2007,16,Chinese Grand Prix,BMW Sauber,89,106797,107216.46,99325,0,0
51,7,2007,16,Chinese Grand Prix,Toyota,80,107883,108540.27,99911,0,0
51,9,2007,16,Chinese Grand Prix,Red Bull,112,105758,106448.44,99371,0,0
51,3,2007,16,Chinese Grand Prix,Williams,109,106323,108143.72,99233,0,0
51,5,2007,16,Chinese Grand Prix,Toro Rosso,112,105652,106106.89,99654,0,0
51,12,2007,16,Chinese Grand Prix,Spyker,77,112202,113073.23,100764,0,0
51,8,2007,16,Chinese Grand Prix,Super Aguri,66,108019,108923.95,100126,0,0
52,1,2007,17,Brazilian Grand Prix,McLaren,141,74409,75543.54,72506,0,1
52,4,2007,17,Brazilian Grand Prix,Renault,37,75946,80364.57,74891,0,0
52,6,2007,17,Brazilian Grand Prix,Ferrari,142,73752,74591.78,72445,0,0
52,11,2007,17,Brazilian Grand Prix,Honda,60,75931,77075.0,74039,0,0
52,2,2007,17,Brazilian Grand Prix,BMW Sauber,142,74611,75583.2,72686,0,0
52,7,2007,17,Brazilian Grand Prix,Toyota,140,74865,76064.04,73361,0,0
52,9,2007,17,Brazilian Grand Prix,Red Bull,84,75254,76174.98,74195,0,0
52,3,2007,17,Brazilian Grand Prix,Williams,141,74856,75844.7,73116,0,0
52,5,2007,17,Brazilian Grand Prix,Toro Rosso,103,76043,77971.37,73643,0,0
52,12,2007,17,Brazilian Grand Prix,Spyker,45,77649,89361.91,75202,0,0
52,8,2007,17,Brazilian Grand Prix,Super Aguri,137,76269,77950.6,74329,0,0
18,6,2008,1,Australian Grand Prix,Ferrari,82,90539,98871.66,87903,0,0
18,2,2008,1,Australian Grand Prix,BMW Sauber,105,89659,98692.94,87739,0,0
18,4,2008,1,Australian Grand Prix,Renault,88,91342,98830.74,88603,0,0
18,3,2008,1,Australian Grand Prix,Williams,115,91093,99160.56,88090,0,0
18,9,2008,1,Australian Grand Prix,Red Bull,25,90391,95462.88,89502,0,0
18,7,2008,1,Australian Grand Prix,Toyota,62,91082,96353.73,89310,0,0
18,5,2008,1,Australian Grand Prix,Toro Rosso,55,91329,98864.38,89534,0,0
18,11,2008,1,Australian Grand Prix,Honda,58,90771,99018.43,88736,0,0
18,8,2008,1,Australian Grand Prix,Super Aguri,32,92372,99014.0,90892,0,0
18,10,2008,1,Australian Grand Prix,Force India,8,93209,105505.88,92021,0,0
18,1,2008,1,Australian Grand Prix,McLaren,116,89018,98269.36,87418,0,1
19,6,2008,2,Malaysian Grand Prix,Ferrari,86,96729,97882.86,95405,0,0
19,2,2008,2,Malaysian Grand Prix,BMW Sauber,112,97220,98451.01,95366,0,0
19,4,2008,2,Malaysian Grand Prix,Renault,112,97850,99279.94,96288,0,0
19,3,2008,2,Malaysian Grand Prix,Williams,109,98934,101085.85,96782,0,0
19,9,2008,2,Malaysian Grand Prix,Red Bull,112,97852,99120.18,96206,0,0
19,7,2008,2,Malaysian Grand Prix,Toyota,57,97408,99915.39,96068,0,0
19,5,2008,2,Malaysian Grand Prix,Toro Rosso,39,98362,99910.1,96870,0,0
19,11,2008,2,Malaysian Grand Prix,Honda,111,98263,99791.33,95715,0,0
19,8,2008,2,Malaysian Grand Prix,Super Aguri,109,99996,101426.26,98171,0,0
19,10,2008,2,Malaysian Grand Prix,Force India,60,98963,100474.15,96962,0,0
19,1,2008,2,Malaysian Grand Prix,McLaren,112,97201,98590.25,95462,0,1
20,6,2008,3,Bahrain Grand Prix,Ferrari,114,94663,95941.04,93600,0,0
20,2,2008,3,Bahrain Grand Prix,BMW Sauber,114,94895,96029.36,93565,0,0
20,4,2008,3,Bahrain Grand Prix,Renault,97,96005,98462.95,95129,0,0
20,3,2008,3,Bahrain Grand Prix,Williams,113,96298,97409.7,94072,0,0
20,9,2008,3,Bahrain Grand Prix,Red Bull,113,96189,97912.47,94305,0,0
20,7,2008,3,Bahrain Grand Prix,Toyota,114,95573,96883.81,94204,0,0
20,5,2008,3,Bahrain Grand Prix,Toro Rosso,56,96586,98134.93,95333,0,0
20,11,2008,3,Bahrain Grand Prix,Honda,76,96198,98853.83,94855,0,0
20,8,2008,3,Bahrain Grand Prix,Super Aguri,112,97557,98890.29,95324,0,0
20,10,2008,3,Bahrain Grand Prix,Force India,111,96433,98828.77,95057,0,0
20,1,2008,3,Bahrain Grand Prix,McLaren,113,95881,97137.55,93193,0,1
21,6,2008,4,Spanish Grand Prix,Ferrari,132,82962,89404.02,81670,0,0
21,2,2008,4,Spanish Grand Prix,BMW Sauber,132,83181,89900.52,82106,0,0
21,4,2008,4,Spanish Grand Prix,Renault,40,84219,96826.75,82683,0,0
21,3,2008,4,Spanish Grand Prix,Williams,107,84380,91454.59,83319,0,0
21,9,2008,4,Spanish Grand Prix,Red Bull,131,84331,90719.31,82564,0,0
21,7,2008,4,Spanish Grand Prix,Toyota,131,84161,90622.44,82758,0,0
21,5,2008,4,Spanish Grand Prix,Toro Rosso,4,122474,116163.5,87449,0,0
21,11,2008,4,Spanish Grand Prix,Honda,100,84708,92127.92,82353,0,0
21,8,2008,4,Spanish Grand Prix,Super Aguri,73,86802,92972.42,84617,0,0
21,10,2008,4,Spanish Grand Prix,Force India,65,85070,90905.32,83439,0,0
21,1,2008,4,Spanish Grand Prix,McLaren,87,83044,89343.64,82017,0,1
22,6,2008,5,Turkish Grand Prix,Ferrari,116,87664,89854.94,86506,0,0
22,2,2008,5,Turkish Grand Prix,BMW Sauber,116,88095,90341.28,86780,0,0
22,4,2008,5,Turkish Grand Prix,Renault,115,88797,91192.01,87280,0,0
22,3,2008,5,Turkish Grand Prix,Williams,59,88705,92080.25,87795,0,0
22,9,2008,5,Turkish Grand Prix,Red Bull,116,88761,91020.7,87630,0,0
22,7,2008,5,Turkish Grand Prix,Toyota,115,89145,91326.07,87926,0,0
22,5,2008,5,Turkish Grand Prix,Toro Rosso,81,89617,93247.3,88180,0,0
22,11,2008,5,Turkish Grand Prix,Honda,114,89510,91520.73,87998,0,0
22,10,2008,5,Turkish Grand Prix,Force India,57,89908,92481.98,88780,0,0
22,1,2008,5,Turkish Grand Prix,McLaren,115,88121,90649.06,86529,0,1
23,6,2008,6,Monaco Grand Prix,Ferrari,152,91538,95553.2,76689,0,0
23,2,2008,6,Monaco Grand Prix,BMW Sauber,148,94478,97982.95,77933,0,0
23,4,2008,6,Monaco Grand Prix,Renault,122,95796,98059.61,77869,0,0
23,3,2008,6,Monaco Grand Prix,Williams,135,94457,96157.17,79910,0,0
23,9,2008,6,Monaco Grand Prix,Red Bull,83,93397,96355.3,79036,0,0
23,7,2008,6,Monaco Grand Prix,Toyota,150,94955,96995.22,79618,0,0
23,5,2008,6,Monaco Grand Prix,Toro Rosso,83,94234,96455.89,78787,0,0
23,11,2008,6,Monaco Grand Prix,Honda,151,94474,96313.41,79574,0,0
23,10,2008,6,Monaco Grand Prix,Force India,103,96047,98911.31,82039,0,0
23,1,2008,6,Monaco Grand Prix,McLaren,152,92249,95517.6,77282,0,1
24,6,2008,7,Canadian Grand Prix,Ferrari,89,79350,83787.67,77387,0,0
24,2,2008,7,Canadian Grand Prix,BMW Sauber,140,79593,82752.78,77430,0,0
24,4,2008,7,Canadian Grand Prix,Renault,83,80574,85171.71,78225,0,0
24,3,2008,7,Canadian Grand Prix,Williams,116,80180,83930.35,77977,0,0
24,9,2008,7,Canadian Grand Prix,Red Bull,140,80131,83310.54,78085,0,0
24,7,2008,7,Canadian Grand Prix,Toyota,140,80421,83280.69,78870,0,0
24,5,2008,7,Canadian Grand Prix,Toro Rosso,139,80836,83753.48,78532,0,0
24,11,2008,7,Canadian Grand Prix,Honda,140,80690,83500.22,78301,0,0
24,10,2008,7,Canadian Grand Prix,Force India,64,81034,85055.36,79066,0,0
24,1,2008,7,Canadian Grand Prix,McLaren,89,80122,83918.91,77506,0,1
25,6,2008,8,French Grand Prix,Ferrari,140,77928,78846.24,76630,0,0
25,2,2008,8,French Grand Prix,BMW Sauber,140,78549,79379.15,77172,0,0
25,4,2008,8,French Grand Prix,Renault,140,78537,79320.68,77641,0,0
25,3,2008,8,French Grand Prix,Williams,138,79296,80134.37,78054,0,0
25,9,2008,8,French Grand Prix,Red Bull,140,78570,79370.47,77507,0,0
25,7,2008,8,French Grand Prix,Toyota,140,78596,79331.99,77567,0,0
25,5,2008,8,French Grand Prix,Toro Rosso,139,78971,79845.93,77760,0,0
25,11,2008,8,French Grand Prix,Honda,85,79374,81253.81,77969,0,0
25,10,2008,8,French Grand Prix,Force India,138,79678,80681.4,78462,0,0
25,1,2008,8,French Grand Prix,McLaren,140,78431,79313.86,77134,0,1
26,6,2008,9,British Grand Prix,Ferrari,117,99354,102064.02,92150,0,0
26,2,2008,9,British Grand Prix,BMW Sauber,99,96738,100249.63,92719,0,0
26,4,2008,9,British Grand Prix,Renault,94,97265,99964.5,93133,0,0
26,3,2008,9,British Grand Prix,Williams,118,98630,101161.76,94277,0,0
26,9,2008,9,British Grand Prix,Red Bull,59,98424,101394.39,92952,0,0
26,7,2008,9,British Grand Prix,Toyota,118,97863,101576.5,93808,0,0
26,5,2008,9,British Grand Prix,Toro Rosso,59,98934,101582.2,93367,0,0
26,11,2008,9,British Grand Prix,Honda,98,97496,100452.97,93376,0,0
26,10,2008,9,British Grand Prix,Force India,36,98574,100333.89,94930,0,0
26,1,2008,9,British Grand Prix,McLaren,119,98379,100103.78,92817,0,1
27,6,2008,10,German Grand Prix,Ferrari,134,77538,81981.87,76342,0,0
27,2,2008,10,German Grand Prix,BMW Sauber,134,77789,82046.09,75987,0,0
27,4,2008,10,German Grand Prix,Renault,134,78252,82134.02,76910,0,0
27,3,2008,10,German Grand Prix,Williams,134,78792,82532.9,77380,0,0
27,9,2008,10,German Grand Prix,Red Bull,107,78470,83108.29,76994,0,0
27,7,2008,10,German Grand Prix,Toyota,102,78192,81235.2,76712,0,0
27,5,2008,10,German Grand Prix,Toro Rosso,134,78240,82344.34,76772,0,0
27,11,2008,10,German Grand Prix,Honda,116,78873,84257.94,77636,0,0
27,10,2008,10,German Grand Prix,Force India,134,79263,82950.22,77889,0,0
27,1,2008,10,German Grand Prix,McLaren,134,77244,81896.71,76039,0,1
28,6,2008,11,Hungarian Grand Prix,Ferrari,137,82773,83613.09,81195,0,0
28,2,2008,11,Hungarian Grand Prix,BMW Sauber,140,83659,84358.31,81941,0,0
28,4,2008,11,Hungarian Grand Prix,Renault,140,83013,83914.61,81537,0,0
28,3,2008,11,Hungarian Grand Prix,Williams,138,84832,85667.01,82397,0,0
28,9,2008,11,Hungarian Grand Prix,Red Bull,140,83461,84452.68,82125,0,0
28,7,2008,11,Hungarian Grand Prix,Toyota,140,82905,83868.89,81638,0,0
28,5,2008,11,Hungarian Grand Prix,Toro Rosso,89,85106,87771.65,83220,0,0
28,11,2008,11,Hungarian Grand Prix,Honda,137,84205,85688.48,82397,0,0
28,10,2008,11,Hungarian Grand Prix,Force India,131,84942,86997.33,82641,0,0
28,1,2008,11,Hungarian Grand Prix,McLaren,140,82549,83694.16,81493,0,1
29,6,2008,12,European Grand Prix,Ferrari,102,99899,101143.32,98708,0,0
29,2,2008,12,European Grand Prix,BMW Sauber,114,100678,101615.86,99330,0,0
29,4,2008,12,European Grand Prix,Renault,57,101165,102193.96,99544,0,0
29,3,2008,12,European Grand Prix,Williams,113,101410,102503.65,99577,0,0
29,9,2008,12,European Grand Prix,Red Bull,112,102208,103304.57,100264,0,0
29,7,2008,12,European Grand Prix,Toyota,114,100746,101608.35,99535,0,0
29,5,2008,12,European Grand Prix,Toro Rosso,114,100842,101816.64,99485,0,0
29,11,2008,12,European Grand Prix,Honda,112,102028,103066.07,100593,0,0
29,10,2008,12,European Grand Prix,Force India,97,102049,103220.44,100353,0,0
29,1,2008,12,European Grand Prix,McLaren,114,100107,100964.84,98884,0,1
30,6,2008,13,Belgian Grand Prix,Ferrari,86,109360,112118.92,107930,0,0
30,2,2008,13,Belgian Grand Prix,BMW Sauber,88,110300,113445.55,108965,0,0
30,4,2008,13,Belgian Grand Prix,Renault,57,110643,113786.81,109238,0,0
30,3,2008,13,Belgian Grand Prix,Williams,86,112052,115643.98,110656,0,0
30,9,2008,13,Belgian Grand Prix,Red Bull,87,111581,114796.07,109515,0,0
30,7,2008,13,Belgian Grand Prix,Toyota,87,112746,115713.2,110255,0,0
30,5,2008,13,Belgian Grand Prix,Toro Rosso,88,110241,113523.85,109002,0,0
30,11,2008,13,Belgian Grand Prix,Honda,62,113241,116128.55,110671,0,0
30,10,2008,13,Belgian Grand Prix,Force India,86,113100,116955.12,110487,0,0
30,1,2008,13,Belgian Grand Prix,McLaren,87,109714,113202.85,108135,0,1
31,6,2008,14,Italian Grand Prix,Ferrari,106,96529,98898.79,88047,0,0
31,2,2008,14,Italian Grand Prix,BMW Sauber,106,96806,98709.5,89807,0,0
31,4,2008,14,Italian Grand Prix,Renault,106,96902,98993.74,89961,0,0
31,3,2008,14,Italian Grand Prix,Williams,106,96916,99487.15,90019,0,0
31,9,2008,14,Italian Grand Prix,Red Bull,105,96552,99704.16,89681,0,0
31,7,2008,14,Italian Grand Prix,Toyota,106,96807,99432.36,89948,0,0
31,5,2008,14,Italian Grand Prix,Toro Rosso,105,95866,99854.8,89258,0,0
31,11,2008,14,Italian Grand Prix,Honda,105,97119,100364.91,89827,0,0
31,10,2008,14,Italian Grand Prix,Force India,62,98088,104368.11,93458,0,0
31,1,2008,14,Italian Grand Prix,McLaren,106,95831,98654.83,89721,0,1
32,6,2008,15,Singapore Grand Prix,Ferrari,118,109618,115961.43,105599,0,0
32,2,2008,15,Singapore Grand Prix,BMW Sauber,122,109264,115669.54,106899,0,0
32,4,2008,15,Singapore Grand Prix,Renault,74,109973,114902.01,105768,0,0
32,3,2008,15,Singapore Grand Prix,Williams,122,109010,115525.03,106454,0,0
32,9,2008,15,Singapore Grand Prix,Red Bull,90,110430,117119.49,107562,0,0
32,7,2008,15,Singapore Grand Prix,Toyota,111,109317,115910.11,106972,0,0
32,5,2008,15,Singapore Grand Prix,Toro Rosso,122,109945,115674.66,107271,0,0
32,11,2008,15,Singapore Grand Prix,Honda,75,110413,115137.07,108128,0,0
32,10,2008,15,Singapore Grand Prix,Force India,110,111171,116041.19,109101,0,0
32,1,2008,15,Singapore Grand Prix,McLaren,122,109313,115618.25,106072,0,1
33,6,2008,16,Japanese Grand Prix,Ferrari,134,80046,81315.99,78426,0,0
33,2,2008,16,Japanese Grand Prix,BMW Sauber,134,80413,81367.07,79292,0,0
33,4,2008,16,Japanese Grand Prix,Renault,134,79953,81077.27,79101,0,0
33,3,2008,16,Japanese Grand Prix,Williams,133,81118,82356.59,79531,0,0
33,9,2008,16,Japanese Grand Prix,Red Bull,67,80755,81682.13,79820,0,0
33,7,2008,16,Japanese Grand Prix,Toyota,73,80254,82169.52,79524,0,0
33,5,2008,16,Japanese Grand Prix,Toro Rosso,134,80331,81657.28,79262,0,0
33,11,2008,16,Japanese Grand Prix,Honda,132,81740,82669.69,80575,0,0
33,10,2008,16,Japanese Grand Prix,Force India,29,83018,83450.72,81189,0,0
33,1,2008,16,Japanese Grand Prix,McLaren,83,80344,81702.99,79258,0,1
34,6,2008,17,Chinese Grand Prix,Ferrari,112,97740,98805.14,96483,0,0
34,2,2008,17,Chinese Grand Prix,BMW Sauber,112,97781,99079.89,96498,0,0
34,4,2008,17,Chinese Grand Prix,Renault,112,98034,99194.83,96659,0,0
34,3,2008,17,Chinese Grand Prix,Williams,111,99211,100250.47,97246,0,0
34,9,2008,17,Chinese Grand Prix,Red Bull,112,98887,100018.48,97680,0,0
34,7,2008,17,Chinese Grand Prix,Toyota,58,98405,101219.59,96727,0,0
34,5,2008,17,Chinese Grand Prix,Toro Rosso,112,98644,99916.09,97212,0,0
34,11,2008,17,Chinese Grand Prix,Honda,111,98889,100224.73,97773,0,0
34,10,2008,17,Chinese Grand Prix,Force India,68,100583,101391.5,98372,0,0
34,1,2008,17,Chinese Grand Prix,McLaren,105,97763,99480.91,96325,0,1
35,6,2008,18,Brazilian Grand Prix,Ferrari,142,74973,79712.01,73736,0,0
35,2,2008,18,Brazilian Grand Prix,BMW Sauber,140,76409,81080.79,74375,0,0
35,4,2008,18,Brazilian Grand Prix,Renault,71,75141,79784.97,74229,0,0
35,3,2008,18,Brazilian Grand Prix,Williams,139,76878,81828.58,74934,0,0
35,9,2008,18,Brazilian Grand Prix,Red Bull,71,76081,80719.73,75033,0,0
35,7,2008,18,Brazilian Grand Prix,Toyota,142,75790,80392.26,74057,0,0
35,5,2008,18,Brazilian Grand Prix,Toro Rosso,141,76034,80814.15,74214,0,0
35,11,2008,18,Brazilian Grand Prix,Honda,140,76345,81588.54,74759,0,0
35,10,2008,18,Brazilian Grand Prix,Force India,138,77392,82468.42,75212,0,0
35,1,2008,18,Brazilian Grand Prix,McLaren,142,75479,80259.51,74159,0,1
1,1,2009,1,Australian Grand Prix,McLaren,58,90830,97563.76,89020,0,1
1,6,2009,1,Australian Grand Prix,Ferrari,100,90518,97044.07,88488,0,0
1,2,2009,1,Australian Grand Prix,BMW Sauber,113,91204,96431.04,87988,0,0
1,4,2009,1,Australian Grand Prix,Renault,82,91124,98817.52,88712,0,0
1,7,2009,1,Australian Grand Prix,Toyota,116,90774,97565.58,88416,0,0
1,5,2009,1,Australian Grand Prix,Toro Rosso,116,91558,97619.57,89230,0,0
1,9,2009,1,Australian Grand Prix,Red Bull,113,91841,97791.35,88140,0,0
1,3,2009,1,Australian Grand Prix,Williams,75,90952,96299.79,87706,0,0
1,10,2009,1,Australian Grand Prix,Force India,116,91268,97631.7,88943,0,0
1,23,2009,1,Australian Grand Prix,Brawn,116,89797,97520.47,88020,0,0
2,1,2009,2,Malaysian Grand Prix,McLaren,31,100617,109398.55,99141,0,1
2,6,2009,2,Malaysian Grand Prix,Ferrari,62,101092,110984.15,98453,0,0
2,2,2009,2,Malaysian Grand Prix,BMW Sauber,32,101171,108627.56,99084,0,0
2,4,2009,2,Malaysian Grand Prix,Renault,62,101063,111086.76,99006,0,0
2,7,2009,2,Malaysian Grand Prix,Toyota,62,100823,108563.39,97591,0,0
2,5,2009,2,Malaysian Grand Prix,Toro Rosso,61,101349,109893.8,98938,0,0
2,9,2009,2,Malaysian Grand Prix,Red Bull,61,100910,108630.48,97672,0,0
2,3,2009,2,Malaysian Grand Prix,Williams,62,100637,110466.94,97598,0,0
2,10,2009,2,Malaysian Grand Prix,Force India,59,102803,111093.07,99407,0,0
2,23,2009,2,Malaysian Grand Prix,Brawn,62,98473,108203.29,96641,0,0
3,1,2009,3,Chinese Grand Prix,McLaren,112,117968,127356.59,114516,0,1
3,6,2009,3,Chinese Grand Prix,Ferrari,76,119125,130897.36,115396,0,0
3,2,2009,3,Chinese Grand Prix,BMW Sauber,112,119658,127943.37,114158,0,0
3,4,2009,3,Chinese Grand Prix,Renault,110,119512,129492.73,114481,0,0
3,7,2009,3,Chinese Grand Prix,Toyota,74,120393,132713.54,112703,0,0
3,5,2009,3,Chinese Grand Prix,Toro Rosso,112,118583,127656.83,113474,0,0
3,9,2009,3,Chinese Grand Prix,Red Bull,112,116217,126231.61,112627,0,0
3,3,2009,3,Chinese Grand Prix,Williams,98,120961,131083.5,114243,0,0
3,10,2009,3,Chinese Grand Prix,Force India,105,120072,128768.6,114777,0,0
3,23,2009,3,Chinese Grand Prix,Brawn,112,117480,127104.01,112592,0,0
4,1,2009,4,Bahrain Grand Prix,McLaren,114,96362,97511.26,94915,0,1
4,6,2009,4,Bahrain Grand Prix,Ferrari,113,96579,97922.62,95065,0,0
4,2,2009,4,Bahrain Grand Prix,BMW Sauber,112,97531,98745.57,95706,0,0
4,4,2009,4,Bahrain Grand Prix,Renault,114,96626,97669.19,95441,0,0
4,7,2009,4,Bahrain Grand Prix,Toyota,114,96082,97091.35,94556,0,0
4,5,2009,4,Bahrain Grand Prix,Toro Rosso,113,97131,98344.19,95410,0,0
4,9,2009,4,Bahrain Grand Prix,Red Bull,114,96173,97291.16,94756,0,0
4,3,2009,4,Bahrain Grand Prix,Williams,105,96942,98247.25,95816,0,0
4,10,2009,4,Bahrain Grand Prix,Force India,112,97431,98627.17,96219,0,0
4,23,2009,4,Bahrain Grand Prix,Brawn,114,95763,96966.17,94588,0,0
5,1,2009,5,Spanish Grand Prix,McLaren,72,85614,93586.26,83839,0,1
5,6,2009,5,Spanish Grand Prix,Ferrari,83,84877,91421.12,83089,0,0
5,2,2009,5,Spanish Grand Prix,BMW Sauber,131,85111,89582.63,83878,0,0
5,4,2009,5,Spanish Grand Prix,Renault,131,84944,89530.34,83420,0,0
5,7,2009,5,Spanish Grand Prix,Toyota,65,85314,89861.38,84134,0,0
5,9,2009,5,Spanish Grand Prix,Red Bull,132,84119,88721.73,83090,0,0
5,3,2009,5,Spanish Grand Prix,Williams,131,85471,89782.64,83621,0,0
5,10,2009,5,Spanish Grand Prix,Force India,65,85365,90319.08,83796,0,0
5,23,2009,5,Spanish Grand Prix,Brawn,132,83927,88571.67,82762,0,0
6,1,2009,6,Monaco Grand Prix,McLaren,128,77264,78690.83,75672,0,1
6,6,2009,6,Monaco Grand Prix,Ferrari,156,76725,77673.82,75154,0,0
6,2,2009,6,Monaco Grand Prix,BMW Sauber,105,78047,79507.35,76268,0,0
6,4,2009,6,Monaco Grand Prix,Renault,88,77216,78394.01,75371,0,0
6,7,2009,6,Monaco Grand Prix,Toyota,154,77684,78927.71,76011,0,0
6,5,2009,6,Monaco Grand Prix,Toro Rosso,88,77888,78683.03,76178,0,0
6,9,2009,6,Monaco Grand Prix,Red Bull,93,76924,78389.76,75321,0,0
6,3,2009,6,Monaco Grand Prix,Williams,154,77068,78281.23,75772,0,0
6,10,2009,6,Monaco Grand Prix,Force India,155,77501,78716.46,76245,0,0
6,23,2009,6,Monaco Grand Prix,Brawn,156,76761,77539.94,75190,0,0
7,1,2009,7,Turkish Grand Prix,McLaren,115,89973,90949.45,88562,0,1
7,6,2009,7,Turkish Grand Prix,Ferrari,116,89069,90171.88,88061,0,0
7,2,2009,7,Turkish Grand Prix,BMW Sauber,116,89358,90347.16,88008,0,0
7,4,2009,7,Turkish Grand Prix,Renault,115,89679,90848.84,88340,0,0
7,7,2009,7,Turkish Grand Prix,Toyota,116,88949,90038.78,87868,0,0
7,5,2009,7,Turkish Grand Prix,Toro Rosso,114,90343,91274.38,88624,0,0
7,9,2009,7,Turkish Grand Prix,Red Bull,116,88463,89516.13,87622,0,0
7,3,2009,7,Turkish Grand Prix,Williams,116,89051,90238.03,87988,0,0
7,10,2009,7,Turkish Grand Prix,Force India,61,90073,91752.62,89192,0,0
7,23,2009,7,Turkish Grand Prix,Brawn,105,89022,90202.96,87579,0,0
8,1,2009,8,British Grand Prix,McLaren,95,84094,85968.88,82418,0,1
8,6,2009,8,British Grand Prix,Ferrari,120,82794,83777.68,81509,0,0
8,2,2009,8,British Grand Prix,BMW Sauber,118,83515,84637.16,81956,0,0
8,4,2009,8,British Grand Prix,Renault,118,83453,84433.51,81852,0,0
8,7,2009,8,British Grand Prix,Toyota,120,82986,83973.22,81671,0,0
8,5,2009,8,British Grand Prix,Toro Rosso,96,84148,86119.57,82466,0,0
8,9,2009,8,British Grand Prix,Red Bull,120,81999,82948.7,80735,0,0
8,3,2009,8,British Grand Prix,Williams,120,82903,83821.62,81054,0,0
8,10,2009,8,British Grand Prix,Force India,119,83753,84657.85,81810,0,0
8,23,2009,8,British Grand Prix,Brawn,120,82668,83550.97,81189,0,0
9,1,2009,9,German Grand Prix,McLaren,119,97024,98733.06,95367,0,1
9,6,2009,9,German Grand Prix,Ferrari,94,96704,97585.07,94458,0,0
9,2,2009,9,German Grand Prix,BMW Sauber,120,97079,97817.5,94537,0,0
9,4,2009,9,German Grand Prix,Renault,120,96903,97498.63,93365,0,0
9,7,2009,9,German Grand Prix,Toyota,120,97008,97992.06,93654,0,0
9,5,2009,9,German Grand Prix,Toro Rosso,78,97500,99105.65,96279,0,0
9,9,2009,9,German Grand Prix,Red Bull,120,95692,96798.93,94003,0,0
9,3,2009,9,German Grand Prix,Williams,120,96717,97421.62,94238,0,0
9,10,2009,9,German Grand Prix,Force India,120,96717,97840.73,95301,0,0
9,23,2009,9,German Grand Prix,Brawn,120,95677,97122.48,94252,0,0
10,1,2009,10,Hungarian Grand Prix,McLaren,140,83751,84586.74,82479,0,1
10,6,2009,10,Hungarian Grand Prix,Ferrari,70,83559,84505.79,82434,0,0
10,2,2009,10,Hungarian Grand Prix,BMW Sauber,140,84334,85374.36,83224,0,0
10,4,2009,10,Hungarian Grand Prix,Renault,85,84436,86504.69,83418,0,0
10,7,2009,10,Hungarian Grand Prix,Toyota,140,84215,85079.72,82506,0,0
10,5,2009,10,Hungarian Grand Prix,Toro Rosso,138,84746,86057.95,82955,0,0
10,9,2009,10,Hungarian Grand Prix,Red Bull,99,84058,85613.87,81931,0,0
10,3,2009,10,Hungarian Grand Prix,Williams,140,84147,85024.95,82468,0,0
10,10,2009,10,Hungarian Grand Prix,Force India,70,84833,85864.36,83174,0,0
10,23,2009,10,Hungarian Grand Prix,Brawn,140,84457,85229.26,82706,0,0
11,1,2009,11,European Grand Prix,McLaren,114,100099,101096.21,99056,0,1
11,6,2009,11,European Grand Prix,Ferrari,113,101282,102659.79,99207,0,0
11,2,2009,11,European Grand Prix,BMW Sauber,114,100709,101649.71,99374,0,0
11,4,2009,11,European Grand Prix,Renault,114,100649,101948.21,99428,0,0
11,7,2009,11,European Grand Prix,Toyota,114,101086,102224.77,98683,0,0
11,5,2009,11,European Grand Prix,Toro Rosso,97,102018,104253.21,100935,0,0
11,9,2009,11,European Grand Prix,Red Bull,80,100821,102168.51,99528,0,0
11,3,2009,11,European Grand Prix,Williams,111,100777,102771.16,99329,0,0
11,10,2009,11,European Grand Prix,Force India,114,101057,101878.31,99622,0,0
11,23,2009,11,European Grand Prix,Brawn,114,100241,101206.06,98874,0,0
12,1,2009,12,Belgian Grand Prix,McLaren,44,109401,115085.41,108348,0,1
12,6,2009,12,Belgian Grand Prix,Ferrari,88,110121,115501.9,107674,0,0
12,2,2009,12,Belgian Grand Prix,BMW Sauber,88,108556,114582.18,107371,0,0
12,4,2009,12,Belgian Grand Prix,Renault,26,109464,120606.12,108634,0,0
12,7,2009,12,Belgian Grand Prix,Toyota,65,110048,117847.55,107736,0,0
12,5,2009,12,Belgian Grand Prix,Toro Rosso,44,109329,115388.66,107763,0,0
12,9,2009,12,Belgian Grand Prix,Red Bull,88,108655,114804.82,107263,0,0
12,3,2009,12,Belgian Grand Prix,Williams,88,109675,115368.62,107766,0,0
12,10,2009,12,Belgian Grand Prix,Force India,88,108897,114835.97,107737,0,0
12,23,2009,12,Belgian Grand Prix,Brawn,44,109562,115146.73,108257,0,0
13,1,2009,13,Italian Grand Prix,McLaren,105,85867,87066.87,84802,0,1
13,6,2009,13,Italian Grand Prix,Ferrari,106,86266,87555.96,84761,0,0
13,2,2009,13,Italian Grand Prix,BMW Sauber,68,86812,88719.28,85488,0,0
13,4,2009,13,Italian Grand Prix,Renault,105,86850,88196.27,85199,0,0
13,7,2009,13,Italian Grand Prix,Toyota,105,87155,88891.2,85700,0,0
13,5,2009,13,Italian Grand Prix,Toro Rosso,19,88393,89625.16,87846,0,0
13,9,2009,13,Italian Grand Prix,Red Bull,105,86846,88052.7,85194,0,0
13,3,2009,13,Italian Grand Prix,Williams,104,87328,90106.13,85901,0,0
13,10,2009,13,Italian Grand Prix,Force India,75,86029,87097.35,84739,0,0
13,23,2009,13,Italian Grand Prix,Brawn,106,85622,86474.32,84935,0,0
14,1,2009,14,Singapore Grand Prix,McLaren,122,109786,114498.61,108345,0,1
14,6,2009,14,Singapore Grand Prix,Ferrari,122,111568,115339.8,108391,0,0
14,2,2009,14,Singapore Grand Prix,BMW Sauber,80,111278,115028.75,108847,0,0
14,4,2009,14,Singapore Grand Prix,Renault,64,109897,115062.62,108240,0,0
14,7,2009,14,Singapore Grand Prix,Toyota,122,111009,114879.65,108396,0,0
14,5,2009,14,Singapore Grand Prix,Toro Rosso,94,113453,118133.65,110636,0,0
14,9,2009,14,Singapore Grand Prix,Red Bull,106,110128,115511.67,108398,0,0
14,3,2009,14,Singapore Grand Prix,Williams,122,110574,115151.68,108352,0,0
14,10,2009,14,Singapore Grand Prix,Force India,84,113580,117815.87,109852,0,0
14,23,2009,14,Singapore Grand Prix,Brawn,122,110157,114709.4,108369,0,0
15,1,2009,15,Japanese Grand Prix,McLaren,106,94687,100198.99,93259,0,1
15,6,2009,15,Japanese Grand Prix,Ferrari,106,94764,100220.96,92999,0,0
15,2,2009,15,Japanese Grand Prix,BMW Sauber,106,94685,100209.17,93334,0,0
15,4,2009,15,Japanese Grand Prix,Renault,105,95871,101269.58,93946,0,0
15,7,2009,15,Japanese Grand Prix,Toyota,53,94006,100100.38,93152,0,0
15,5,2009,15,Japanese Grand Prix,Toro Rosso,54,95546,96672.43,94049,0,0
15,9,2009,15,Japanese Grand Prix,Red Bull,104,94416,102145.43,92569,0,0
15,3,2009,15,Japanese Grand Prix,Williams,106,95102,100260.87,93595,0,0
15,10,2009,15,Japanese Grand Prix,Force India,106,95262,100297.92,93668,0,0
15,23,2009,15,Japanese Grand Prix,Brawn,106,94623,100216.99,93251,0,0
16,1,2009,16,Brazilian Grand Prix,McLaren,142,75212,78722.57,74303,0,1
16,6,2009,16,Brazilian Grand Prix,Ferrari,142,75706,78803.99,74558,0,0
16,2,2009,16,Brazilian Grand Prix,BMW Sauber,92,75042,79963.84,74155,0,0
16,4,2009,16,Brazilian Grand Prix,Renault,70,75730,79213.23,74789,0,0
16,7,2009,16,Brazilian Grand Prix,Toyota,71,75428,78963.45,74676,0,0
16,5,2009,16,Brazilian Grand Prix,Toro Rosso,141,75509,78941.17,74563,0,0
16,9,2009,16,Brazilian Grand Prix,Red Bull,142,74754,78209.96,73733,0,0
16,3,2009,16,Brazilian Grand Prix,Williams,57,75346,83391.35,74370,0,0
16,10,2009,16,Brazilian Grand Prix,Force India,71,75924,79077.03,74990,0,0
16,23,2009,16,Brazilian Grand Prix,Brawn,142,75023,78595.92,73950,0,0
17,1,2009,17,Abu Dhabi Grand Prix,McLaren,75,102438,103580.56,100367,0,1
17,6,2009,17,Abu Dhabi Grand Prix,Ferrari,109,102873,104079.16,100843,0,0
17,2,2009,17,Abu Dhabi Grand Prix,BMW Sauber,110,101825,103284.19,100672,0,0
17,4,2009,17,Abu Dhabi Grand Prix,Renault,109,103220,104261.44,100757,0,0
17,7,2009,17,Abu Dhabi Grand Prix,Toyota,110,101968,103177.61,100723,0,0
17,5,2009,17,Abu Dhabi Grand Prix,Toro Rosso,73,102597,104268.32,100326,0,0
17,9,2009,17,Abu Dhabi Grand Prix,Red Bull,110,101506,102769.86,100279,0,0
17,3,2009,17,Abu Dhabi Grand Prix,Williams,110,102491,103569.16,100754,0,0
17,10,2009,17,Abu Dhabi Grand Prix,Force India,109,103145,104479.73,100904,0,0
17,23,2009,17,Abu Dhabi Grand Prix,Brawn,110,101686,102982.09,100449,0,0
337,1,2010,1,Bahrain Grand Prix,McLaren,98,121289,122339.33,119560,0,1
337,131,2010,1,Bahrain Grand Prix,Mercedes,98,121460,122501.71,120204,0,0
337,9,2010,1,Bahrain Grand Prix,Red Bull,98,121782,122509.7,119487,0,0
337,6,2010,1,Bahrain Grand Prix,Ferrari,98,120989,121805.01,118287,0,0
337,3,2010,1,Bahrain Grand Prix,Williams,97,123829,124347.03,119833,0,0
337,4,2010,1,Bahrain Grand Prix,Renault,62,122323,123636.0,120474,0,0
337,10,2010,1,Bahrain Grand Prix,Force India,98,121768,123028.14,119393,0,0
337,5,2010,1,Bahrain Grand Prix,Toro Rosso,95,122315,123625.66,119964,0,0
337,205,2010,1,Bahrain Grand Prix,Lotus,93,127298,128282.1,122701,0,0
337,164,2010,1,Bahrain Grand Prix,HRT,18,131171,135678.33,129127,0,0
337,15,2010,1,Bahrain Grand Prix,Sauber,39,125236,125464.92,121650,0,0
337,166,2010,1,Bahrain Grand Prix,Virgin,18,127871,130677.89,127062,0,0
338,1,2010,2,Australian Grand Prix,McLaren,116,91747,97094.48,88506,0,1
338,131,2010,2,Australian Grand Prix,Mercedes,116,92008,97578.76,88489,0,0
338,9,2010,2,Australian Grand Prix,Red Bull,83,91948,100037.43,88358,0,0
338,6,2010,2,Australian Grand Prix,Ferrari,116,91418,97102.19,89537,0,0
338,3,2010,2,Australian Grand Prix,Williams,58,92384,97880.47,89210,0,0
338,4,2010,2,Australian Grand Prix,Renault,67,92028,101259.04,89570,0,0
338,10,2010,2,Australian Grand Prix,Force India,67,93126,101597.96,89685,0,0
338,5,2010,2,Australian Grand Prix,Toro Rosso,58,92236,98066.07,89713,0,0
338,205,2010,2,Australian Grand Prix,Lotus,56,96005,101591.77,93638,0,0
338,164,2010,2,Australian Grand Prix,HRT,57,100053,109263.53,95045,0,0
338,15,2010,2,Australian Grand Prix,Sauber,58,93133,98114.05,90587,0,0
338,166,2010,2,Australian Grand Prix,Virgin,67,97976,122036.39,94230,0,0
339,1,2010,3,Malaysian Grand Prix,McLaren,112,100148,101055.47,97745,0,1
339,131,2010,3,Malaysian Grand Prix,Mercedes,65,101295,101140.03,98129,0,0
339,9,2010,3,Malaysian Grand Prix,Red Bull,112,100128,100570.54,97054,0,0
339,6,2010,3,Malaysian Grand Prix,Ferrari,110,100496,101097.46,97231,0,0
339,3,2010,3,Malaysian Grand Prix,Williams,111,101594,102451.51,99124,0,0
339,4,2010,3,Malaysian Grand Prix,Renault,88,101669,101833.64,98074,0,0
339,10,2010,3,Malaysian Grand Prix,Force India,68,100502,103670.44,98160,0,0
339,5,2010,3,Malaysian Grand Prix,Toro Rosso,112,100461,101842.54,97610,0,0
339,205,2010,3,Malaysian Grand Prix,Lotus,95,106303,116607.17,102701,0,0
339,164,2010,3,Malaysian Grand Prix,HRT,105,107279,108373.44,104790,0,0
339,15,2010,3,Malaysian Grand Prix,Sauber,8,103814,104954.12,103340,0,0
339,166,2010,3,Malaysian Grand Prix,Virgin,55,106388,107787.16,103224,0,0
340,1,2010,4,Chinese Grand Prix,McLaren,112,110018,114338.0,102061,0,1
340,131,2010,4,Chinese Grand Prix,Mercedes,112,110962,114960.35,103245,0,0
340,9,2010,4,Chinese Grand Prix,Red Bull,112,111771,115087.57,102358,0,0
340,6,2010,4,Chinese Grand Prix,Ferrari,112,111569,114946.35,104134,0,0
340,3,2010,4,Chinese Grand Prix,Williams,111,112554,116642.93,104549,0,0
340,4,2010,4,Chinese Grand Prix,Renault,112,110831,114947.67,103630,0,0
340,10,2010,4,Chinese Grand Prix,Force India,56,112322,115447.09,104364,0,0
340,5,2010,4,Chinese Grand Prix,Toro Rosso,56,111695,115599.62,103755,0,0
340,205,2010,4,Chinese Grand Prix,Lotus,81,115780,128410.06,107141,0,0
340,164,2010,4,Chinese Grand Prix,HRT,106,117844,122331.98,108216,0,0
340,15,2010,4,Chinese Grand Prix,Sauber,7,116118,125886.14,107739,0,0
340,166,2010,4,Chinese Grand Prix,Virgin,8,119751,235357.88,113185,0,0
341,1,2010,5,Spanish Grand Prix,McLaren,130,87213,87593.08,84357,0,1
341,131,2010,5,Spanish Grand Prix,Mercedes,131,88003,88605.92,85455,0,0
341,9,2010,5,Spanish Grand Prix,Red Bull,132,86897,87420.76,84828,0,0
341,6,2010,5,Spanish Grand Prix,Ferrari,132,87241,87712.38,84846,0,0
341,3,2010,5,Spanish Grand Prix,Williams,129,88365,89216.25,85728,0,0
341,4,2010,5,Spanish Grand Prix,Renault,131,87897,88535.0,85466,0,0
341,10,2010,5,Spanish Grand Prix,Force India,130,88121,88669.12,85845,0,0
341,5,2010,5,Spanish Grand Prix,Toro Rosso,107,88912,89647.87,85655,0,0
341,205,2010,5,Spanish Grand Prix,Lotus,63,91948,92535.13,89564,0,0
341,164,2010,5,Spanish Grand Prix,HRT,27,93384,94140.89,92041,0,0
341,15,2010,5,Spanish Grand Prix,Sauber,83,89150,90634.01,86083,0,0
341,166,2010,5,Spanish Grand Prix,Virgin,125,92375,93214.34,89776,0,0
342,1,2010,6,Monaco Grand Prix,McLaren,80,78721,85631.4,76219,0,1
342,131,2010,6,Monaco Grand Prix,Mercedes,156,78635,84994.06,75580,0,0
342,9,2010,6,Monaco Grand Prix,Red Bull,156,77998,84789.47,75192,0,0
342,6,2010,6,Monaco Grand Prix,Ferrari,156,78618,84844.34,75503,0,0
342,3,2010,6,Monaco Grand Prix,Williams,30,80180,88357.07,79074,0,0
342,4,2010,6,Monaco Grand Prix,Renault,150,78947,84782.47,75353,0,0
342,10,2010,6,Monaco Grand Prix,Force India,156,79324,84878.11,75963,0,0
342,5,2010,6,Monaco Grand Prix,Toro Rosso,156,79768,84897.72,76381,0,0
342,205,2010,6,Monaco Grand Prix,Lotus,125,82069,86892.58,78401,0,0
342,164,2010,6,Monaco Grand Prix,HRT,124,82546,87424.51,79553,0,0
342,15,2010,6,Monaco Grand Prix,Sauber,47,80247,89976.91,78775,0,0
342,166,2010,6,Monaco Grand Prix,Virgin,45,82736,92114.58,80775,0,0
343,1,2010,7,Turkish Grand Prix,McLaren,116,91240,91878.32,89895,0,1
343,131,2010,7,Turkish Grand Prix,Mercedes,116,91851,92401.86,89810,0,0
343,9,2010,7,Turkish Grand Prix,Red Bull,97,91468,92305.22,89195,0,0
343,6,2010,7,Turkish Grand Prix,Ferrari,116,91959,92572.58,89996,0,0
343,3,2010,7,Turkish Grand Prix,Williams,114,93244,94151.11,90620,0,0
343,4,2010,7,Turkish Grand Prix,Renault,115,92151,93273.03,89165,0,0
343,10,2010,7,Turkish Grand Prix,Force India,115,92477,93160.48,89959,0,0
343,5,2010,7,Turkish Grand Prix,Toro Rosso,115,92625,93740.02,89535,0,0
343,205,2010,7,Turkish Grand Prix,Lotus,65,95904,96325.58,94363,0,0
343,164,2010,7,Turkish Grand Prix,HRT,98,97164,98049.7,94247,0,0
343,15,2010,7,Turkish Grand Prix,Sauber,116,92389,92989.95,90421,0,0
343,166,2010,7,Turkish Grand Prix,Virgin,110,96551,97406.98,92265,0,0
344,1,2010,8,Canadian Grand Prix,McLaren,140,79692,80494.04,77806,0,1
344,131,2010,8,Canadian Grand Prix,Mercedes,139,81130,81829.4,77832,0,0
344,9,2010,8,Canadian Grand Prix,Red Bull,140,80301,81028.71,78148,0,0
344,6,2010,8,Canadian Grand Prix,Ferrari,139,80268,81572.96,78207,0,0
344,3,2010,8,Canadian Grand Prix,Williams,138,81099,82434.49,78912,0,0
344,4,2010,8,Canadian Grand Prix,Renault,138,81561,82580.56,76972,0,0
344,10,2010,8,Canadian Grand Prix,Force India,138,81122,82366.85,79349,0,0
344,5,2010,8,Canadian Grand Prix,Toro Rosso,138,81351,82355.58,79784,0,0
344,205,2010,8,Canadian Grand Prix,Lotus,110,83375,85298.32,80654,0,0
344,164,2010,8,Canadian Grand Prix,HRT,79,85094,85823.56,81884,0,0
344,15,2010,8,Canadian Grand Prix,Sauber,31,82462,85174.42,80574,0,0
344,166,2010,8,Canadian Grand Prix,Virgin,115,84241,86395.12,81669,0,0
345,1,2010,9,European Grand Prix,McLaren,114,101438,105937.21,98766,0,1
345,131,2010,9,European Grand Prix,Mercedes,114,102387,106599.56,98968,0,0
345,9,2010,9,European Grand Prix,Red Bull,65,101478,106162.28,99141,0,0
345,6,2010,9,European Grand Prix,Ferrari,114,102313,106478.7,99889,0,0
345,3,2010,9,European Grand Prix,Williams,106,102127,106824.19,99489,0,0
345,4,2010,9,European Grand Prix,Renault,114,102117,106443.43,99542,0,0
345,10,2010,9,European Grand Prix,Force India,114,102170,106492.98,99803,0,0
345,5,2010,9,European Grand Prix,Toro Rosso,114,102254,106523.51,100084,0,0
345,205,2010,9,European Grand Prix,Lotus,61,105507,114292.77,101770,0,0
345,164,2010,9,European Grand Prix,HRT,110,106116,110052.47,102927,0,0
345,15,2010,9,European Grand Prix,Sauber,114,102040,106469.48,99517,0,0
345,166,2010,9,European Grand Prix,Virgin,111,105350,109672.3,102319,0,0
346,1,2010,10,British Grand Prix,McLaren,104,95520,97882.17,92758,0,1
346,131,2010,10,British Grand Prix,Mercedes,104,96230,98262.56,92952,0,0
346,9,2010,10,British Grand Prix,Red Bull,104,95735,98010.9,91967,0,0
346,6,2010,10,British Grand Prix,Ferrari,104,96801,98906.48,90874,0,0
346,3,2010,10,British Grand Prix,Williams,104,96478,98364.12,93615,0,0
346,4,2010,10,British Grand Prix,Renault,71,97412,99358.28,92484,0,0
346,10,2010,10,British Grand Prix,Force India,104,97000,98459.53,94018,0,0
346,5,2010,10,British Grand Prix,Toro Rosso,96,97584,98851.04,92980,0,0
346,205,2010,10,British Grand Prix,Lotus,102,99340,101440.99,96251,0,0
346,164,2010,10,British Grand Prix,HRT,100,101850,102730.95,98309,0,0
346,15,2010,10,British Grand Prix,Sauber,81,96810,99072.27,93558,0,0
346,166,2010,10,British Grand Prix,Virgin,59,99726,102167.71,96415,0,0
347,1,2010,11,German Grand Prix,McLaren,134,78549,78911.24,76451,0,1
347,131,2010,11,German Grand Prix,Mercedes,132,79786,79835.45,76609,0,0
347,9,2010,11,German Grand Prix,Red Bull,134,78644,78854.14,75824,0,0
347,6,2010,11,German Grand Prix,Ferrari,134,78080,78521.82,75880,0,0
347,3,2010,11,German Grand Prix,Williams,132,79821,79975.02,76836,0,0
347,4,2010,11,German Grand Prix,Renault,132,79551,79818.28,77166,0,0
347,10,2010,11,German Grand Prix,Force India,130,80137,81187.38,76596,0,0
347,5,2010,11,German Grand Prix,Toro Rosso,67,79951,80986.27,76971,0,0
347,205,2010,11,German Grand Prix,Lotus,59,82648,90560.78,80664,0,0
347,164,2010,11,German Grand Prix,HRT,82,83735,84605.9,80861,0,0
347,15,2010,11,German Grand Prix,Sauber,132,79902,80146.65,76527,0,0
347,166,2010,11,German Grand Prix,Virgin,114,83001,83684.96,78211,0,0
348,1,2010,12,Hungarian Grand Prix,McLaren,91,86919,88828.26,84205,0,1
348,131,2010,12,Hungarian Grand Prix,Mercedes,84,87439,88518.98,85372,0,0
348,9,2010,12,Hungarian Grand Prix,Red Bull,140,84937,86788.53,82362,0,0
348,6,2010,12,Hungarian Grand Prix,Ferrari,140,85293,86974.55,83195,0,0
348,3,2010,12,Hungarian Grand Prix,Williams,139,86631,87862.82,82811,0,0
348,4,2010,12,Hungarian Grand Prix,Renault,93,86926,90064.14,83799,0,0
348,10,2010,12,Hungarian Grand Prix,Force India,84,87315,88712.0,85358,0,0
348,5,2010,12,Hungarian Grand Prix,Toro Rosso,70,86837,88581.84,85449,0,0
348,205,2010,12,Hungarian Grand Prix,Lotus,134,89500,90568.36,87429,0,0
348,164,2010,12,Hungarian Grand Prix,HRT,133,91033,92315.24,88093,0,0
348,15,2010,12,Hungarian Grand Prix,Sauber,138,86731,87936.69,84282,0,0
348,166,2010,12,Hungarian Grand Prix,Virgin,133,90183,91867.35,87287,0,0
349,1,2010,13,Belgian Grand Prix,McLaren,59,113514,121251.85,109069,0,1
349,131,2010,13,Belgian Grand Prix,Mercedes,88,114689,121777.76,111688,0,0
349,9,2010,13,Belgian Grand Prix,Red Bull,86,113960,122373.2,109395,0,0
349,6,2010,13,Belgian Grand Prix,Ferrari,81,113563,120155.79,110111,0,0
349,3,2010,13,Belgian Grand Prix,Williams,42,114138,122815.95,111864,0,0
349,4,2010,13,Belgian Grand Prix,Renault,88,114312,121771.36,109807,0,0
349,10,2010,13,Belgian Grand Prix,Force India,88,115001,121959.78,110477,0,0
349,5,2010,13,Belgian Grand Prix,Toro Rosso,88,115246,122476.0,111576,0,0
349,205,2010,13,Belgian Grand Prix,Lotus,84,118337,125688.24,115103,0,0
349,164,2010,13,Belgian Grand Prix,HRT,45,120940,129916.09,115484,0,0
349,15,2010,13,Belgian Grand Prix,Sauber,88,114747,122059.47,111749,0,0
349,166,2010,13,Belgian Grand Prix,Virgin,83,118779,125618.41,115268,0,0
350,1,2010,14,Italian Grand Prix,McLaren,53,86186,86556.79,84598,0,1
350,131,2010,14,Italian Grand Prix,Mercedes,106,86810,87207.87,84491,0,0
350,9,2010,14,Italian Grand Prix,Red Bull,106,86728,87062.42,84278,0,0
350,6,2010,14,Italian Grand Prix,Ferrari,106,86132,86541.2,84139,0,0
350,3,2010,14,Italian Grand Prix,Williams,106,87067,87416.69,84576,0,0
350,4,2010,14,Italian Grand Prix,Renault,106,87216,87566.9,84560,0,0
350,10,2010,14,Italian Grand Prix,Force India,105,87294,88120.69,84937,0,0
350,5,2010,14,Italian Grand Prix,Toro Rosso,105,87487,88106.74,85224,0,0
350,205,2010,14,Italian Grand Prix,Lotus,97,89950,90868.98,87822,0,0
350,164,2010,14,Italian Grand Prix,HRT,62,90953,91686.18,88875,0,0
350,15,2010,14,Italian Grand Prix,Sauber,52,87605,88358.0,86325,0,0
350,166,2010,14,Italian Grand Prix,Virgin,101,90023,91001.33,87765,0,0
351,1,2010,15,Singapore Grand Prix,McLaren,96,113163,118041.34,109711,0,1
351,131,2010,15,Singapore Grand Prix,Mercedes,121,113721,117433.77,109680,0,0
351,9,2010,15,Singapore Grand Prix,Red Bull,122,111910,116201.57,108141,0,0
351,6,2010,15,Singapore Grand Prix,Ferrari,122,113291,116888.98,107976,0,0
351,3,2010,15,Singapore Grand Prix,Williams,122,113850,117508.61,110334,0,0
351,4,2010,15,Singapore Grand Prix,Renault,121,113761,117667.41,109255,0,0
351,10,2010,15,Singapore Grand Prix,Force India,62,114171,118293.76,112473,0,0
351,5,2010,15,Singapore Grand Prix,Toro Rosso,120,114258,118089.79,109710,0,0
351,205,2010,15,Singapore Grand Prix,Lotus,85,116836,124209.22,113051,0,0
351,164,2010,15,Singapore Grand Prix,HRT,60,119346,122850.37,117766,0,0
351,15,2010,15,Singapore Grand Prix,Sauber,66,115606,119782.77,112475,0,0
351,166,2010,15,Singapore Grand Prix,Virgin,108,116874,122200.31,112513,0,0
352,1,2010,16,Japanese Grand Prix,McLaren,106,97177,102903.42,93529,0,1
352,131,2010,16,Japanese Grand Prix,Mercedes,100,97790,104000.25,94853,0,0
352,9,2010,16,Japanese Grand Prix,Red Bull,106,96660,102410.86,93474,0,0
352,6,2010,16,Japanese Grand Prix,Ferrari,53,96618,102453.66,93823,0,0
352,3,2010,16,Japanese Grand Prix,Williams,53,97412,103739.04,95597,0,0
352,4,2010,16,Japanese Grand Prix,Renault,2,144370,144370.5,127363,0,0
352,10,2010,16,Japanese Grand Prix,Force India,44,97557,105423.3,96319,0,0
352,5,2010,16,Japanese Grand Prix,Toro Rosso,105,98078,104126.18,94365,0,0
352,205,2010,16,Japanese Grand Prix,Lotus,103,100718,106973.81,97620,0,0
352,164,2010,16,Japanese Grand Prix,HRT,101,103116,108836.83,99806,0,0
352,15,2010,16,Japanese Grand Prix,Sauber,106,97510,103663.51,94486,0,0
352,166,2010,16,Japanese Grand Prix,Virgin,51,102595,108250.43,99813,0,0
353,1,2010,17,Korean Grand Prix,McLaren,110,120738,184605.07,110430,0,1
353,131,2010,17,Korean Grand Prix,Mercedes,73,155400,216656.55,111835,0,0
353,9,2010,17,Korean Grand Prix,Red Bull,63,158577,232597.65,110375,0,0
353,6,2010,17,Korean Grand Prix,Ferrari,110,117456,183931.71,110257,0,0
353,3,2010,17,Korean Grand Prix,Williams,110,122866,185015.71,111564,0,0
353,4,2010,17,Korean Grand Prix,Renault,94,125083,196594.84,111604,0,0
353,10,2010,17,Korean Grand Prix,Force India,101,122965,190998.32,111371,0,0
353,5,2010,17,Korean Grand Prix,Toro Rosso,85,128444,204867.4,111962,0,0
353,205,2010,17,Korean Grand Prix,Lotus,79,148266,214723.08,115018,0,0
353,164,2010,17,Korean Grand Prix,HRT,106,128864,190927.75,118313,0,0
353,15,2010,17,Korean Grand Prix,Sauber,110,123055,185087.42,113086,0,0
353,166,2010,17,Korean Grand Prix,Virgin,56,157770,250117.32,118102,0,0
354,1,2010,18,Brazilian Grand Prix,McLaren,142,76727,78970.65,73851,0,1
354,131,2010,18,Brazilian Grand Prix,Mercedes,142,77683,79312.55,74184,0,0
354,9,2010,18,Brazilian Grand Prix,Red Bull,142,76227,78787.67,74047,0,0
354,6,2010,18,Brazilian Grand Prix,Ferrari,141,77120,79699.59,73855,0,0
354,3,2010,18,Brazilian Grand Prix,Williams,140,77743,80387.76,74985,0,0
354,4,2010,18,Brazilian Grand Prix,Renault,140,77814,80406.26,75161,0,0
354,10,2010,18,Brazilian Grand Prix,Force India,119,77933,79742.9,74997,0,0
354,5,2010,18,Brazilian Grand Prix,Toro Rosso,140,77650,80451.93,75695,0,0
354,205,2010,18,Brazilian Grand Prix,Lotus,138,79794,82000.59,77161,0,0
354,164,2010,18,Brazilian Grand Prix,HRT,134,80354,84569.79,77690,0,0
354,15,2010,18,Brazilian Grand Prix,Sauber,140,77847,80418.56,74748,0,0
354,166,2010,18,Brazilian Grand Prix,Virgin,131,80492,86178.69,76767,0,0
355,1,2010,19,Abu Dhabi Grand Prix,McLaren,110,104610,108862.57,101274,0,1
355,131,2010,19,Abu Dhabi Grand Prix,Mercedes,55,105278,109228.8,101711,0,0
355,9,2010,19,Abu Dhabi Grand Prix,Red Bull,110,105033,109071.97,101739,0,0
355,6,2010,19,Abu Dhabi Grand Prix,Ferrari,110,105231,109530.35,102227,0,0
355,3,2010,19,Abu Dhabi Grand Prix,Williams,110,105284,109782.94,102397,0,0
355,4,2010,19,Abu Dhabi Grand Prix,Renault,110,105213,109420.18,101753,0,0
355,10,2010,19,Abu Dhabi Grand Prix,Force India,55,105439,109730.22,102695,0,0
355,5,2010,19,Abu Dhabi Grand Prix,Toro Rosso,110,105335,109700.48,102573,0,0
355,205,2010,19,Abu Dhabi Grand Prix,Lotus,105,108417,113717.12,105378,0,0
355,164,2010,19,Abu Dhabi Grand Prix,HRT,106,109233,113293.66,106255,0,0
355,15,2010,19,Abu Dhabi Grand Prix,Sauber,110,105026,109679.85,102673,0,0
355,166,2010,19,Abu Dhabi Grand Prix,Virgin,96,109024,113683.49,106126,0,0
917,9,2014,18,Brazilian Grand Prix,Red Bull,110,76109,77463.31,74018,0,0
917,6,2014,18,Brazilian Grand Prix,Ferrari,142,76037,76977.08,74313,0,0
917,1,2014,18,Brazilian Grand Prix,McLaren,142,75930,76928.54,73999,0,1
917,208,2014,18,Brazilian Grand Prix,Lotus F1,133,76603,77652.11,74070,0,0
917,131,2014,18,Brazilian Grand Prix,Mercedes,142,75154,76102.58,73555,0,0
917,15,2014,18,Brazilian Grand Prix,Sauber,140,76354,77621.9,74834,0,0
917,10,2014,18,Brazilian Grand Prix,Force India,141,76198,77275.21,73728,0,0
917,3,2014,18,Brazilian Grand Prix,Williams,141,76036,77001.48,74101,0,0
917,5,2014,18,Brazilian Grand Prix,Toro Rosso,140,76191,77397.81,74144,0,0
950,9,2016,3,Chinese Grand Prix,Red Bull,112,102752,106842.91,101015,0,0
950,131,2016,3,Chinese Grand Prix,Mercedes,112,102473,106660.82,100418,0,0
950,10,2016,3,Chinese Grand Prix,Force India,111,103736,107820.23,99824,0,0
950,5,2016,3,Chinese Grand Prix,Toro Rosso,112,103344,107421.22,100399,0,0
950,3,2016,3,Chinese Grand Prix,Williams,112,103317,107406.12,101558,0,0
950,6,2016,3,Chinese Grand Prix,Ferrari,112,102893,106887.77,100593,0,0
950,1,2016,3,Chinese Grand Prix,McLaren,112,104178,107741.29,100298,0,1
950,15,2016,3,Chinese Grand Prix,Sauber,110,104811,108546.18,100582,0,0
950,4,2016,3,Chinese Grand Prix,Renault,110,104824,108704.96,102232,0,0
950,209,2016,3,Chinese Grand Prix,Manor Marussia,110,104243,108728.89,101489,0,0
950,210,2016,3,Chinese Grand Prix,Haas F1 Team,110,104628,108228.57,99923,0,0
951,131,2016,4,Russian Grand Prix,Mercedes,106,101494,105179.4,99094,0,0
951,6,2016,4,Russian Grand Prix,Ferrari,53,101763,105547.08,100101,0,0
951,3,2016,4,Russian Grand Prix,Williams,106,102320,106119.23,99743,0,0
951,5,2016,4,Russian Grand Prix,Toro Rosso,85,103567,108093.53,102029,0,0
951,1,2016,4,Russian Grand Prix,McLaren,104,103544,107175.79,100347,0,1
951,9,2016,4,Russian Grand Prix,Red Bull,104,104017,107736.27,101179,0,0
951,210,2016,4,Russian Grand Prix,Haas F1 Team,104,103955,107741.76,102026,0,0
951,4,2016,4,Russian Grand Prix,Renault,104,103649,107421.66,101832,0,0
951,15,2016,4,Russian Grand Prix,Sauber,104,104333,107859.59,102050,0,0
951,209,2016,4,Russian Grand Prix,Manor Marussia,51,104653,109791.22,101907,0,0
951,10,2016,4,Russian Grand Prix,Force India,52,103317,107254.17,101897,0,0
952,9,2016,5,Spanish Grand Prix,Red Bull,132,90364,92757.45,88209,0,0
952,5,2016,5,Spanish Grand Prix,Toro Rosso,131,91371,93642.55,86948,0,0
952,6,2016,5,Spanish Grand Prix,Ferrari,132,90324,92471.45,87974,0,0
952,3,2016,5,Spanish Grand Prix,Williams,132,91257,93378.88,89081,0,0
952,10,2016,5,Spanish Grand Prix,Force India,86,91940,94775.08,89801,0,0
952,1,2016,5,Spanish Grand Prix,McLaren,110,92229,94444.65,89750,0,1
952,210,2016,5,Spanish Grand Prix,Haas F1 Team,121,91973,94613.56,88974,0,0
952,4,2016,5,Spanish Grand Prix,Renault,130,92508,94588.26,88716,0,0
952,15,2016,5,Spanish Grand Prix,Sauber,130,92354,94549.32,89715,0,0
952,209,2016,5,Spanish Grand Prix,Manor Marussia,130,92793,95112.32,89402,0,0
953,9,2016,6,Monaco Grand Prix,Red Bull,112,92423,96063.01,78294,0,0
953,131,2016,6,Monaco Grand Prix,Mercedes,156,87087,92509.97,77939,0,0
953,6,2016,6,Monaco Grand Prix,Ferrari,88,91373,96106.52,78005,0,0
953,10,2016,6,Monaco Grand Prix,Force India,156,87132,92596.73,78446,0,0
953,5,2016,6,Monaco Grand Prix,Toro Rosso,95,92301,98557.78,78519,0,0
953,1,2016,6,Monaco Grand Prix,McLaren,155,87589,93176.72,79170,0,1
953,3,2016,6,Monaco Grand Prix,Williams,154,88943,93749.44,79213,0,0
953,210,2016,6,Monaco Grand Prix,Haas F1 Team,153,90385,94729.37,79131,0,0
953,4,2016,6,Monaco Grand Prix,Renault,39,108325,115296.28,89802,0,0
953,15,2016,6,Monaco Grand Prix,Sauber,99,97881,102539.72,81342,0,0
953,209,2016,6,Monaco Grand Prix,Manor Marussia,150,93544,96177.23,79868,0,0
954,6,2016,7,Canadian Grand Prix,Ferrari,140,77712,78561.57,76297,0,0
954,131,2016,7,Canadian Grand Prix,Mercedes,140,77634,78519.18,75599,0,0
954,9,2016,7,Canadian Grand Prix,Red Bull,140,77948,78908.9,76319,0,0
954,3,2016,7,Canadian Grand Prix,Williams,105,78390,79241.9,76938,0,0
954,1,2016,7,Canadian Grand Prix,McLaren,78,79300,80100.5,77307,0,1
954,10,2016,7,Canadian Grand Prix,Force India,138,78788,79467.27,76559,0,0
954,210,2016,7,Canadian Grand Prix,Haas F1 Team,136,79184,80383.38,77281,0,0
954,5,2016,7,Canadian Grand Prix,Toro Rosso,138,78733,79750.35,76578,0,0
954,209,2016,7,Canadian Grand Prix,Manor Marussia,136,79901,81144.48,78282,0,0
954,4,2016,7,Canadian Grand Prix,Renault,84,80165,81111.01,78224,0,0
954,15,2016,7,Canadian Grand Prix,Sauber,136,79481,80753.21,77883,0,0
955,131,2016,8,European Grand Prix,Mercedes,102,109240,109814.38,106485,0,0
955,9,2016,8,European Grand Prix,Red Bull,102,109300,110633.89,106973,0,0
955,6,2016,8,European Grand Prix,Ferrari,102,108647,109701.27,107028,0,0
955,10,2016,8,European Grand Prix,Force India,102,109056,110271.38,106990,0,0
955,3,2016,8,European Grand Prix,Williams,102,109719,110696.01,107604,0,0
955,5,2016,8,European Grand Prix,Toro Rosso,37,111218,114585.49,108804,0,0
955,210,2016,8,European Grand Prix,Haas F1 Team,100,110361,111888.91,107563,0,0
955,1,2016,8,European Grand Prix,McLaren,93,110831,112000.15,107622,0,1
955,15,2016,8,European Grand Prix,Sauber,100,110665,112002.36,107708,0,0
955,209,2016,8,European Grand Prix,Manor Marussia,88,112633,113765.08,110571,0,0
955,4,2016,8,European Grand Prix,Renault,100,110738,111958.51,107583,0,0
956,131,2016,9,Austrian Grand Prix,Mercedes,142,69927,74175.52,68411,0,0
956,1,2016,9,Austrian Grand Prix,McLaren,135,71840,75126.33,70001,0,1
956,6,2016,9,Austrian Grand Prix,Ferrari,97,71481,73611.03,68876,0,0
956,10,2016,9,Austrian Grand Prix,Force India,133,71937,75385.04,70120,0,0
956,9,2016,9,Austrian Grand Prix,Red Bull,142,70565,74316.3,68770,0,0
956,3,2016,9,Austrian Grand Prix,Williams,133,71892,75413.11,69899,0,0
956,5,2016,9,Austrian Grand Prix,Toro Rosso,73,71779,74933.42,70138,0,0
956,209,2016,9,Austrian Grand Prix,Manor Marussia,140,72122,75341.91,70342,0,0
956,210,2016,9,Austrian Grand Prix,Haas F1 Team,141,72136,74889.6,69694,0,0
956,4,2016,9,Austrian Grand Prix,Renault,140,72047,75415.29,70228,0,0
956,15,2016,9,Austrian Grand Prix,Sauber,140,72177,75456.41,70415,0,0
957,131,2016,10,British Grand Prix,Mercedes,104,98201,109601.66,95548,0,0
957,9,2016,10,British Grand Prix,Red Bull,104,98173,109866.57,96013,0,0
957,6,2016,10,British Grand Prix,Ferrari,104,99642,111039.03,96933,0,0
957,3,2016,10,British Grand Prix,Williams,102,100731,112041.13,96141,0,0
957,5,2016,10,British Grand Prix,Toro Rosso,104,99558,111251.15,97401,0,0
957,10,2016,10,British Grand Prix,Force India,104,99657,111022.26,97618,0,0
957,1,2016,10,British Grand Prix,McLaren,102,99701,111918.52,95669,0,1
957,210,2016,10,British Grand Prix,Haas F1 Team,68,111340,118867.65,97713,0,0
957,4,2016,10,British Grand Prix,Renault,86,104860,116850.52,97619,0,0
957,209,2016,10,British Grand Prix,Manor Marussia,30,123821,137201.37,101380,0,0
957,15,2016,10,British Grand Prix,Sauber,62,103947,121029.35,98710,0,0
958,131,2016,11,Hungarian Grand Prix,Mercedes,140,85730,86158.62,83670,0,0
958,9,2016,11,Hungarian Grand Prix,Red Bull,140,85997,86688.77,84608,0,0
958,6,2016,11,Hungarian Grand Prix,Ferrari,140,86042,86696.34,83086,0,0
958,1,2016,11,Hungarian Grand Prix,McLaren,129,87251,88252.11,84958,0,1
958,5,2016,11,Hungarian Grand Prix,Toro Rosso,138,87078,87880.64,84669,0,0
958,3,2016,11,Hungarian Grand Prix,Williams,137,87569,88328.92,85273,0,0
958,10,2016,11,Hungarian Grand Prix,Force India,138,86929,87842.31,85021,0,0
958,210,2016,11,Hungarian Grand Prix,Haas F1 Team,138,87372,88122.51,85955,0,0
958,15,2016,11,Hungarian Grand Prix,Sauber,137,87671,88804.36,85475,0,0
958,4,2016,11,Hungarian Grand Prix,Renault,138,87344,88139.38,85743,0,0
958,209,2016,11,Hungarian Grand Prix,Manor Marussia,136,88813,89539.44,86524,0,0
959,131,2016,12,German Grand Prix,Mercedes,134,80604,81374.96,78746,0,0
959,9,2016,12,German Grand Prix,Red Bull,134,80803,81409.02,78442,0,0
959,6,2016,12,German Grand Prix,Ferrari,134,80769,81776.07,78710,0,0
959,3,2016,12,German Grand Prix,Williams,102,82109,83368.76,80442,0,0
959,10,2016,12,German Grand Prix,Force India,133,81753,82501.86,79606,0,0
959,1,2016,12,German Grand Prix,McLaren,132,81896,82740.72,79781,0,1
959,4,2016,12,German Grand Prix,Renault,131,82751,83700.34,81127,0,0
959,5,2016,12,German Grand Prix,Toro Rosso,132,82299,82986.62,79585,0,0
959,15,2016,12,German Grand Prix,Sauber,122,83193,84202.61,81212,0,0
959,210,2016,12,German Grand Prix,Haas F1 Team,132,82349,82865.3,79883,0,0
959,209,2016,12,German Grand Prix,Manor Marussia,130,83040,84203.81,80710,0,0
960,131,2016,13,Belgian Grand Prix,Mercedes,88,113934,143292.61,111583,0,0
960,10,2016,13,Belgian Grand Prix,Force India,88,114913,143848.67,113414,0,0
960,9,2016,13,Belgian Grand Prix,Red Bull,88,114680,143947.35,112461,0,0
960,3,2016,13,Belgian Grand Prix,Williams,88,115474,144410.68,114120,0,0
960,210,2016,13,Belgian Grand Prix,Haas F1 Team,88,116010,144687.12,113803,0,0
960,5,2016,13,Belgian Grand Prix,Toro Rosso,45,116424,144516.16,112081,0,0
960,4,2016,13,Belgian Grand Prix,Renault,49,116643,142727.82,113251,0,0
960,1,2016,13,Belgian Grand Prix,McLaren,45,115485,144274.71,114484,0,1
960,209,2016,13,Belgian Grand Prix,Manor Marussia,43,117248,146567.0,115734,0,0
960,15,2016,13,Belgian Grand Prix,Sauber,46,116940,146215.13,116152,0,0
960,6,2016,13,Belgian Grand Prix,Ferrari,88,115167,144188.85,112728,0,0
961,131,2016,14,Italian Grand Prix,Mercedes,106,87229,87841.96,86303,0,0
961,6,2016,14,Italian Grand Prix,Ferrari,106,87131,88157.82,86016,0,0
961,3,2016,14,Italian Grand Prix,Williams,106,87864,88800.09,86400,0,0
961,9,2016,14,Italian Grand Prix,Red Bull,106,87664,88638.76,85919,0,0
961,10,2016,14,Italian Grand Prix,Force India,106,88132,89054.6,86920,0,0
961,1,2016,14,Italian Grand Prix,McLaren,104,88506,89720.92,85340,0,1
961,209,2016,14,Italian Grand Prix,Manor Marussia,77,90418,91252.66,88534,0,0
961,210,2016,14,Italian Grand Prix,Haas F1 Team,104,88874,89654.74,87106,0,0
961,5,2016,14,Italian Grand Prix,Toro Rosso,88,89619,90694.55,86751,0,0
961,15,2016,14,Italian Grand Prix,Sauber,58,89897,107457.69,88552,0,0
961,4,2016,14,Italian Grand Prix,Renault,59,90200,92173.75,87618,0,0
962,131,2016,15,Singapore Grand Prix,Mercedes,122,111171,113983.1,107752,0,0
962,9,2016,15,Singapore Grand Prix,Red Bull,122,111620,114504.8,107187,0,0
962,6,2016,15,Singapore Grand Prix,Ferrari,122,111299,114227.98,107345,0,0
962,1,2016,15,Singapore Grand Prix,McLaren,104,113033,116835.62,111249,0,1
962,5,2016,15,Singapore Grand Prix,Toro Rosso,121,113170,116141.02,110532,0,0
962,3,2016,15,Singapore Grand Prix,Williams,95,113320,117805.66,111368,0,0
962,4,2016,15,Singapore Grand Prix,Renault,121,113712,116383.69,110858,0,0
962,15,2016,15,Singapore Grand Prix,Sauber,120,113902,116791.66,110963,0,0
962,10,2016,15,Singapore Grand Prix,Force India,61,113506,115737.9,111517,0,0
962,210,2016,15,Singapore Grand Prix,Haas F1 Team,60,113493,116096.48,111075,0,0
962,209,2016,15,Singapore Grand Prix,Manor Marussia,119,114448,118251.56,111748,0,0
963,131,2016,16,Malaysian Grand Prix,Mercedes,96,100128,103967.33,96424,0,0
963,9,2016,16,Malaysian Grand Prix,Red Bull,112,99956,104178.53,97376,0,0
963,10,2016,16,Malaysian Grand Prix,Force India,112,101502,105387.57,97793,0,0
963,6,2016,16,Malaysian Grand Prix,Ferrari,56,100333,104670.73,97466,0,0
963,1,2016,16,Malaysian Grand Prix,McLaren,112,101761,105469.4,98291,0,1
963,3,2016,16,Malaysian Grand Prix,Williams,111,102153,105933.5,99199,0,0
963,210,2016,16,Malaysian Grand Prix,Haas F1 Team,46,103216,108217.54,101775,0,0
963,209,2016,16,Malaysian Grand Prix,Manor Marussia,110,103116,107489.34,99653,0,0
963,5,2016,16,Malaysian Grand Prix,Toro Rosso,111,102467,106376.68,99243,0,0
963,15,2016,16,Malaysian Grand Prix,Sauber,101,102750,107034.15,99781,0,0
963,4,2016,16,Malaysian Grand Prix,Renault,73,103040,107537.6,99350,0,0
964,131,2016,17,Japanese Grand Prix,Mercedes,106,97215,98230.58,95152,0,0
964,9,2016,17,Japanese Grand Prix,Red Bull,106,97628,98543.25,95511,0,0
964,10,2016,17,Japanese Grand Prix,Force India,106,98308,99276.77,96756,0,0
964,6,2016,17,Japanese Grand Prix,Ferrari,106,97724,98634.95,95118,0,0
964,210,2016,17,Japanese Grand Prix,Haas F1 Team,105,99671,100545.14,97020,0,0
964,5,2016,17,Japanese Grand Prix,Toro Rosso,104,99995,100626.55,97597,0,0
964,3,2016,17,Japanese Grand Prix,Williams,106,99915,100025.96,97785,0,0
964,1,2016,17,Japanese Grand Prix,McLaren,104,99958,100780.79,97177,0,1
964,4,2016,17,Japanese Grand Prix,Renault,104,100290,100532.05,97978,0,0
964,15,2016,17,Japanese Grand Prix,Sauber,104,100632,100844.81,98496,0,0
964,209,2016,17,Japanese Grand Prix,Manor Marussia,104,100083,101282.96,98000,0,0
965,131,2016,18,United States Grand Prix,Mercedes,112,103652,105265.68,101897,0,0
965,9,2016,18,United States Grand Prix,Red Bull,84,104010,105719.39,102424,0,0
965,6,2016,18,United States Grand Prix,Ferrari,94,104030,106260.65,99877,0,0
965,3,2016,18,United States Grand Prix,Williams,110,105738,108043.22,103414,0,0
965,5,2016,18,United States Grand Prix,Toro Rosso,111,105505,107533.19,102832,0,0
965,1,2016,18,United States Grand Prix,McLaren,111,105482,107226.92,103502,0,1
965,210,2016,18,United States Grand Prix,Haas F1 Team,71,106108,108344.52,104335,0,0
965,15,2016,18,United States Grand Prix,Sauber,110,106961,108490.45,104117,0,0
965,4,2016,18,United States Grand Prix,Renault,110,105880,108153.66,102475,0,0
965,10,2016,18,United States Grand Prix,Force India,56,105587,108157.89,103925,0,0
965,209,2016,18,United States Grand Prix,Manor Marussia,109,106804,109204.74,103585,0,0
966,131,2016,19,Mexican Grand Prix,Mercedes,142,83445,85008.15,82596,0,0
966,9,2016,19,Mexican Grand Prix,Red Bull,142,83583,85211.16,81134,0,0
966,10,2016,19,Mexican Grand Prix,Force India,142,84249,85904.88,83288,0,0
966,6,2016,19,Mexican Grand Prix,Ferrari,142,83676,85418.96,82497,0,0
966,3,2016,19,Mexican Grand Prix,Williams,142,84327,85948.04,83540,0,0
966,5,2016,19,Mexican Grand Prix,Toro Rosso,140,85289,87060.98,83618,0,0
966,1,2016,19,Mexican Grand Prix,McLaren,140,85193,86816.86,83668,0,1
966,4,2016,19,Mexican Grand Prix,Renault,140,85431,87063.32,83146,0,0
966,210,2016,19,Mexican Grand Prix,Haas F1 Team,140,85375,87234.79,83278,0,0
966,15,2016,19,Mexican Grand Prix,Sauber,140,85357,86868.82,83657,0,0
966,209,2016,19,Mexican Grand Prix,Manor Marussia,69,85952,87842.36,84964,0,0
967,131,2016,20,Brazilian Grand Prix,Mercedes,142,88732,153057.22,85639,0,0
967,6,2016,20,Brazilian Grand Prix,Ferrari,90,108415,144825.34,86195,0,0
967,9,2016,20,Brazilian Grand Prix,Red Bull,142,93243,153342.51,85305,0,0
967,10,2016,20,Brazilian Grand Prix,Force India,142,91538,153365.09,86728,0,0
967,1,2016,20,Brazilian Grand Prix,McLaren,142,100522,153866.87,86983,0,1
967,3,2016,20,Brazilian Grand Prix,Williams,117,108663,165479.12,86062,0,0
967,210,2016,20,Brazilian Grand Prix,Haas F1 Team,60,111059,166117.82,87805,0,0
967,5,2016,20,Brazilian Grand Prix,Toro Rosso,142,95853,153542.41,87153,0,0
967,4,2016,20,Brazilian Grand Prix,Renault,91,109144,145257.14,86524,0,0
967,209,2016,20,Brazilian Grand Prix,Manor Marussia,142,95291,153725.19,87796,0,0
967,15,2016,20,Brazilian Grand Prix,Sauber,82,103157,148469.13,87547,0,0
968,131,2016,21,Abu Dhabi Grand Prix,Mercedes,110,106223,106986.05,105137,0,0
968,6,2016,21,Abu Dhabi Grand Prix,Ferrari,110,106487,107160.77,103729,0,0
968,9,2016,21,Abu Dhabi Grand Prix,Red Bull,110,106292,107045.69,104889,0,0
968,10,2016,21,Abu Dhabi Grand Prix,Force India,110,107092,107971.96,105249,0,0
968,1,2016,21,Abu Dhabi Grand Prix,McLaren,67,107933,109055.94,104495,0,1
968,3,2016,21,Abu Dhabi Grand Prix,Williams,61,107568,108303.61,105675,0,0
968,4,2016,21,Abu Dhabi Grand Prix,Renault,59,108320,110466.32,105715,0,0
968,5,2016,21,Abu Dhabi Grand Prix,Toro Rosso,55,109150,110637.2,106591,0,0
968,15,2016,21,Abu Dhabi Grand Prix,Sauber,108,109174,109710.31,106216,0,0
968,210,2016,21,Abu Dhabi Grand Prix,Haas F1 Team,110,107738,108544.69,104970,0,0
968,209,2016,21,Abu Dhabi Grand Prix,Manor Marussia,108,108522,109585.68,106145,0,0
969,131,2017,1,Australian Grand Prix,Mercedes,114,88365,88812.01,86593,0,0
969,6,2017,1,Australian Grand Prix,Ferrari,114,88221,88822.25,86538,0,0
969,9,2017,1,Australian Grand Prix,Red Bull,82,89461,92103.66,86964,0,0
969,3,2017,1,Australian Grand Prix,Williams,97,90159,91231.74,88045,0,0
969,210,2017,1,Australian Grand Prix,Haas F1 Team,59,91215,93400.68,87568,0,0
969,5,2017,1,Australian Grand Prix,Toro Rosso,112,89998,90637.13,86711,0,0
969,10,2017,1,Australian Grand Prix,Force India,112,90507,90961.55,88336,0,0
969,1,2017,1,Australian Grand Prix,McLaren,105,91138,92240.25,89440,0,1
969,4,2017,1,Australian Grand Prix,Renault,71,91091,92518.42,88486,0,0
969,15,2017,1,Australian Grand Prix,Sauber,76,92261,92970.2,89052,0,0
970,131,2017,2,Chinese Grand Prix,Mercedes,112,98082,105010.04,95378,0,0
970,6,2017,2,Chinese Grand Prix,Ferrari,112,98577,105059.3,95423,0,0
970,9,2017,2,Chinese Grand Prix,Red Bull,112,98692,105388.78,96722,0,0
970,5,2017,2,Chinese Grand Prix,Toro Rosso,74,99830,109801.5,97398,0,0
970,1,2017,2,Chinese Grand Prix,McLaren,50,102250,116425.26,99496,0,1
970,3,2017,2,Chinese Grand Prix,Williams,55,100345,107716.11,96511,0,0
970,10,2017,2,Chinese Grand Prix,Force India,110,99851,106970.53,96531,0,0
970,4,2017,2,Chinese Grand Prix,Renault,110,100372,107584.99,98015,0,0
970,210,2017,2,Chinese Grand Prix,Haas F1 Team,110,100023,106955.83,97528,0,0
970,15,2017,2,Chinese Grand Prix,Sauber,58,100806,110077.48,99732,0,0
971,131,2017,3,Bahrain Grand Prix,Mercedes,114,95349,99068.46,92798,0,0
971,6,2017,3,Bahrain Grand Prix,Ferrari,114,95471,99028.27,93720,0,0
971,9,2017,3,Bahrain Grand Prix,Red Bull,68,96634,99194.26,93495,0,0
971,3,2017,3,Bahrain Grand Prix,Williams,69,96818,99950.25,94256,0,0
971,4,2017,3,Bahrain Grand Prix,Renault,113,97581,100585.82,95372,0,0
971,210,2017,3,Bahrain Grand Prix,Haas F1 Team,65,97224,100130.4,94948,0,0
971,10,2017,3,Bahrain Grand Prix,Force India,114,97093,100219.87,94609,0,0
971,5,2017,3,Bahrain Grand Prix,Toro Rosso,68,98109,100498.87,94985,0,0
971,1,2017,3,Bahrain Grand Prix,McLaren,54,97884,101404.44,95595,0,1
971,15,2017,3,Bahrain Grand Prix,Sauber,106,98359,101089.86,95086,0,0
972,131,2017,4,Russian Grand Prix,Mercedes,104,98874,102055.83,97367,0,0
972,6,2017,4,Russian Grand Prix,Ferrari,104,98739,101818.3,96844,0,0
972,9,2017,4,Russian Grand Prix,Red Bull,57,99876,105834.72,98429,0,0
972,3,2017,4,Russian Grand Prix,Williams,102,100569,103933.09,98232,0,0
972,10,2017,4,Russian Grand Prix,Force India,104,100384,103454.6,98661,0,0
972,4,2017,4,Russian Grand Prix,Renault,52,100303,103556.37,98418,0,0
972,210,2017,4,Russian Grand Prix,Haas F1 Team,51,101367,104572.47,99566,0,0
972,5,2017,4,Russian Grand Prix,Toro Rosso,102,101026,104101.77,98300,0,0
972,15,2017,4,Russian Grand Prix,Sauber,101,102225,105519.72,99835,0,0
972,1,2017,4,Russian Grand Prix,McLaren,51,101948,105118.94,99790,0,1
973,6,2017,5,Spanish Grand Prix,Ferrari,66,85265,87272.53,83674,0,0
973,131,2017,5,Spanish Grand Prix,Mercedes,104,86168,88060.94,83593,0,0
973,9,2017,5,Spanish Grand Prix,Red Bull,67,87030,89452.48,83686,0,0
973,10,2017,5,Spanish Grand Prix,Force India,130,86965,89098.94,85755,0,0
973,4,2017,5,Spanish Grand Prix,Renault,129,87662,89999.5,84843,0,0
973,210,2017,5,Spanish Grand Prix,Haas F1 Team,129,87863,90158.98,86371,0,0
973,5,2017,5,Spanish Grand Prix,Toro Rosso,130,87828,89741.16,85976,0,0
973,1,2017,5,Spanish Grand Prix,McLaren,96,88621,90321.09,83894,0,1
973,15,2017,5,Spanish Grand Prix,Sauber,129,87947,89850.91,86213,0,0
973,3,2017,5,Spanish Grand Prix,Williams,128,87834,90439.41,86472,0,0
974,6,2017,6,Monaco Grand Prix,Ferrari,156,77023,80588.62,75238,0,0
974,131,2017,6,Monaco Grand Prix,Mercedes,156,77401,80705.12,75825,0,0
974,9,2017,6,Monaco Grand Prix,Red Bull,156,77234,80632.21,75756,0,0
974,5,2017,6,Monaco Grand Prix,Toro Rosso,149,77612,80891.68,76539,0,0
974,10,2017,6,Monaco Grand Prix,Force India,156,78071,80971.12,74820,0,0
974,210,2017,6,Monaco Grand Prix,Haas F1 Team,156,77721,80822.26,76313,0,0
974,4,2017,6,Monaco Grand Prix,Renault,93,78248,80614.46,76614,0,0
974,1,2017,6,Monaco Grand Prix,McLaren,123,78141,80529.52,76665,0,1
974,3,2017,6,Monaco Grand Prix,Williams,149,78280,81112.74,76075,0,0
974,15,2017,6,Monaco Grand Prix,Sauber,120,78550,80514.25,76829,0,0
975,131,2017,7,Canadian Grand Prix,Mercedes,140,76686,79929.22,74551,0,0
975,9,2017,7,Canadian Grand Prix,Red Bull,80,77047,81594.4,76165,0,0
975,6,2017,7,Canadian Grand Prix,Ferrari,140,76941,80463.19,74719,0,0
975,10,2017,7,Canadian Grand Prix,Force India,140,77039,80367.86,76247,0,0
975,4,2017,7,Canadian Grand Prix,Renault,139,77972,81002.38,76136,0,0
975,5,2017,7,Canadian Grand Prix,Toro Rosso,54,78076,83973.65,76713,0,0
975,1,2017,7,Canadian Grand Prix,McLaren,135,78097,81486.24,75853,0,1
975,210,2017,7,Canadian Grand Prix,Haas F1 Team,138,78154,81354.7,76341,0,0
975,3,2017,7,Canadian Grand Prix,Williams,69,77568,81079.72,75979,0,0
975,15,2017,7,Canadian Grand Prix,Sauber,137,78644,81972.94,76995,0,0
976,131,2017,8,Azerbaijan Grand Prix,Mercedes,102,106901,145894.49,103469,0,0
976,6,2017,8,Azerbaijan Grand Prix,Ferrari,97,107430,149634.27,103441,0,0
976,10,2017,8,Azerbaijan Grand Prix,Force India,90,107757,153244.97,105588,0,0
976,9,2017,8,Azerbaijan Grand Prix,Red Bull,63,107469,139245.63,104882,0,0
976,3,2017,8,Azerbaijan Grand Prix,Williams,76,107897,159861.78,105108,0,0
976,4,2017,8,Azerbaijan Grand Prix,Renault,31,114078,175670.55,108536,0,0
976,210,2017,8,Azerbaijan Grand Prix,Haas F1 Team,101,109076,147818.56,106312,0,0
976,5,2017,8,Azerbaijan Grand Prix,Toro Rosso,60,109132,141391.05,105866,0,0
976,15,2017,8,Azerbaijan Grand Prix,Sauber,102,110579,147568.95,107120,0,0
976,1,2017,8,Azerbaijan Grand Prix,McLaren,102,109678,147282.91,105168,0,1
977,131,2017,9,Austrian Grand Prix,Mercedes,142,68994,69186.45,67411,0,0
977,6,2017,9,Austrian Grand Prix,Ferrari,142,69194,69282.21,67486,0,0
977,9,2017,9,Austrian Grand Prix,Red Bull,71,68922,69218.8,67442,0,0
977,210,2017,9,Austrian Grand Prix,Haas F1 Team,100,70362,70739.55,68590,0,0
977,10,2017,9,Austrian Grand Prix,Force India,140,70127,70298.31,68470,0,0
977,5,2017,9,Austrian Grand Prix,Toro Rosso,112,70783,72207.87,68061,0,0
977,3,2017,9,Austrian Grand Prix,Williams,140,70364,70493.36,68419,0,0
977,4,2017,9,Austrian Grand Prix,Renault,140,70433,70814.0,68652,0,0
977,1,2017,9,Austrian Grand Prix,McLaren,71,70378,71213.39,68422,0,1
977,15,2017,9,Austrian Grand Prix,Sauber,139,70907,71247.57,69241,0,0
978,131,2017,10,British Grand Prix,Mercedes,102,92764,95969.83,90621,0,0
978,6,2017,10,British Grand Prix,Ferrari,102,93297,97111.95,91517,0,0
978,9,2017,10,British Grand Prix,Red Bull,102,93847,96989.61,90678,0,0
978,4,2017,10,British Grand Prix,Renault,51,94496,97167.43,92577,0,0
978,10,2017,10,British Grand Prix,Force India,100,94629,97818.42,93504,0,0
978,1,2017,10,British Grand Prix,McLaren,82,95339,99104.09,93464,0,1
978,3,2017,10,British Grand Prix,Williams,100,95381,98401.05,93400,0,0
978,210,2017,10,British Grand Prix,Haas F1 Team,100,95005,98202.21,92290,0,0
978,15,2017,10,British Grand Prix,Sauber,100,95657,98764.3,93119,0,0
978,5,2017,10,British Grand Prix,Toro Rosso,50,95622,98783.8,93594,0,0
979,6,2017,11,Hungarian Grand Prix,Ferrari,140,82452,85530.96,80461,0,0
979,131,2017,11,Hungarian Grand Prix,Mercedes,140,82426,85705.52,80818,0,0
979,9,2017,11,Hungarian Grand Prix,Red Bull,70,82584,85714.13,80490,0,0
979,5,2017,11,Hungarian Grand Prix,Toro Rosso,138,83733,87034.96,81631,0,0
979,1,2017,11,Hungarian Grand Prix,McLaren,139,83509,86796.23,80182,0,1
979,10,2017,11,Hungarian Grand Prix,Force India,138,83647,86982.32,82105,0,0
979,4,2017,11,Hungarian Grand Prix,Renault,136,83733,87365.53,81589,0,0
979,210,2017,11,Hungarian Grand Prix,Haas F1 Team,89,84494,89118.58,82100,0,0
979,3,2017,11,Hungarian Grand Prix,Williams,129,84716,88193.09,82830,0,0
979,15,2017,11,Hungarian Grand Prix,Sauber,136,85243,88538.37,81752,0,0
980,3,2017,12,Belgian Grand Prix,Williams,88,112117,116491.91,109637,0,0
980,10,2017,12,Belgian Grand Prix,Force India,86,112061,116950.91,108300,0,0
980,131,2017,12,Belgian Grand Prix,Mercedes,88,109329,115705.64,106603,0,0
980,4,2017,12,Belgian Grand Prix,Renault,88,111943,116442.8,108922,0,0
980,1,2017,12,Belgian Grand Prix,McLaren,69,113267,116096.26,109907,0,1
980,15,2017,12,Belgian Grand Prix,Sauber,46,113765,117713.91,110775,0,0
980,6,2017,12,Belgian Grand Prix,Ferrari,88,109957,115709.88,106577,0,0
980,9,2017,12,Belgian Grand Prix,Red Bull,51,110993,115234.18,107549,0,0
980,5,2017,12,Belgian Grand Prix,Toro Rosso,88,112814,116534.4,109708,0,0
980,210,2017,12,Belgian Grand Prix,Haas F1 Team,88,111852,116641.53,109087,0,0
981,9,2017,13,Italian Grand Prix,Red Bull,105,85714,86888.81,83361,0,0
981,6,2017,13,Italian Grand Prix,Ferrari,106,85813,86424.75,83897,0,0
981,1,2017,13,Italian Grand Prix,McLaren,83,87491,88407.87,85871,0,1
981,4,2017,13,Italian Grand Prix,Renault,81,87240,88362.37,85752,0,0
981,131,2017,13,Italian Grand Prix,Mercedes,106,85143,85557.5,83488,0,0
981,15,2017,13,Italian Grand Prix,Sauber,100,88427,89525.27,86547,0,0
981,10,2017,13,Italian Grand Prix,Force India,106,86338,86900.26,84968,0,0
981,3,2017,13,Italian Grand Prix,Williams,106,86216,86920.89,85477,0,0
981,5,2017,13,Italian Grand Prix,Toro Rosso,104,86876,87766.55,85894,0,0
981,210,2017,13,Italian Grand Prix,Haas F1 Team,104,86926,88048.97,85020,0,0
982,9,2017,14,Singapore Grand Prix,Red Bull,58,121267,127725.02,105301,0,0
982,1,2017,14,Singapore Grand Prix,McLaren,66,124952,132561.68,106722,0,1
982,4,2017,14,Singapore Grand Prix,Renault,106,123697,130289.04,106722,0,0
982,131,2017,14,Singapore Grand Prix,Mercedes,116,121226,127723.17,105008,0,0
982,15,2017,14,Singapore Grand Prix,Sauber,91,131184,136123.19,109061,0,0
982,10,2017,14,Singapore Grand Prix,Force India,116,122713,128252.09,106731,0,0
982,3,2017,14,Singapore Grand Prix,Williams,116,123233,128407.93,107055,0,0
982,5,2017,14,Singapore Grand Prix,Toro Rosso,68,124213,131988.28,106537,0,0
982,210,2017,14,Singapore Grand Prix,Haas F1 Team,108,124779,130239.2,107585,0,0
983,9,2017,15,Malaysian Grand Prix,Red Bull,112,96350,96652.67,94467,0,0
983,6,2017,15,Malaysian Grand Prix,Ferrari,56,96551,97118.79,94080,0,0
983,1,2017,15,Malaysian Grand Prix,McLaren,110,98274,98777.29,95931,0,1
983,4,2017,15,Malaysian Grand Prix,Renault,110,98392,99299.5,94266,0,0
983,131,2017,15,Malaysian Grand Prix,Mercedes,112,96775,97065.81,94452,0,0
983,15,2017,15,Malaysian Grand Prix,Sauber,109,99453,99774.75,96395,0,0
983,10,2017,15,Malaysian Grand Prix,Force India,111,97825,98445.84,95591,0,0
983,3,2017,15,Malaysian Grand Prix,Williams,110,98227,98690.12,96627,0,0
983,5,2017,15,Malaysian Grand Prix,Toro Rosso,84,98532,99406.71,97170,0,0
983,210,2017,15,Malaysian Grand Prix,Haas F1 Team,110,98553,99156.01,95796,0,0
984,9,2017,16,Japanese Grand Prix,Red Bull,106,95248,99181.87,93694,0,0
984,6,2017,16,Japanese Grand Prix,Ferrari,57,96053,101094.3,93175,0,0
984,1,2017,16,Japanese Grand Prix,McLaren,104,97327,101230.74,93724,0,1
984,4,2017,16,Japanese Grand Prix,Renault,92,97013,100968.78,94095,0,0
984,131,2017,16,Japanese Grand Prix,Mercedes,106,95185,99178.94,93144,0,0
984,15,2017,16,Japanese Grand Prix,Sauber,58,98618,104358.43,96430,0,0
984,10,2017,16,Japanese Grand Prix,Force India,106,96246,100392.45,94744,0,0
984,3,2017,16,Japanese Grand Prix,Williams,97,97027,100873.64,94548,0,0
984,5,2017,16,Japanese Grand Prix,Toro Rosso,52,97171,101134.6,94533,0,0
984,210,2017,16,Japanese Grand Prix,Haas F1 Team,106,96922,100766.26,95338,0,0
985,15,2017,17,United States Grand Prix,Sauber,60,102873,104146.68,101041,0,0
985,9,2017,17,United States Grand Prix,Red Bull,70,100857,101198.81,98060,0,0
985,210,2017,17,United States Grand Prix,Haas F1 Team,110,102486,103370.25,97893,0,0
985,5,2017,17,United States Grand Prix,Toro Rosso,110,102311,102800.49,99979,0,0
985,3,2017,17,United States Grand Prix,Williams,110,102484,102695.28,99666,0,0
985,10,2017,17,United States Grand Prix,Force India,111,101719,102304.14,100499,0,0
985,131,2017,17,United States Grand Prix,Mercedes,112,100276,100865.62,97767,0,0
985,4,2017,17,United States Grand Prix,Renault,59,101648,102480.15,100462,0,0
985,1,2017,17,United States Grand Prix,McLaren,79,102585,103342.67,100349,0,1
985,6,2017,17,United States Grand Prix,Ferrari,112,100269,100784.86,97766,0,0
986,9,2017,18,Mexican Grand Prix,Red Bull,76,80896,82023.16,78892,0,0
986,6,2017,18,Mexican Grand Prix,Ferrari,142,81185,82374.57,78785,0,0
986,1,2017,18,Mexican Grand Prix,McLaren,140,82302,83441.34,80972,0,1
986,4,2017,18,Mexican Grand Prix,Renault,83,82795,84341.19,81360,0,0
986,131,2017,18,Mexican Grand Prix,Mercedes,141,81307,82565.29,79374,0,0
986,15,2017,18,Mexican Grand Prix,Sauber,124,83170,84250.26,81638,0,0
986,10,2017,18,Mexican Grand Prix,Force India,140,81863,82850.81,79929,0,0
986,3,2017,18,Mexican Grand Prix,Williams,140,82119,83154.62,81062,0,0
986,5,2017,18,Mexican Grand Prix,Toro Rosso,100,82994,83799.91,80859,0,0
986,210,2017,18,Mexican Grand Prix,Haas F1 Team,139,82519,83805.26,80345,0,0
987,9,2017,19,Brazilian Grand Prix,Red Bull,142,73933,77846.16,71044,0,0
987,6,2017,19,Brazilian Grand Prix,Ferrari,142,73444,77303.69,72492,0,0
987,1,2017,19,Brazilian Grand Prix,McLaren,71,74448,78248.24,73451,0,1
987,4,2017,19,Brazilian Grand Prix,Renault,140,74700,78673.61,73625,0,0
987,131,2017,19,Brazilian Grand Prix,Mercedes,142,73481,77329.25,71845,0,0
987,15,2017,19,Brazilian Grand Prix,Sauber,140,75620,79271.09,73666,0,0
987,10,2017,19,Brazilian Grand Prix,Force India,71,74658,78250.17,73052,0,0
987,3,2017,19,Brazilian Grand Prix,Williams,140,74908,79196.24,71862,0,0
987,5,2017,19,Brazilian Grand Prix,Toro Rosso,110,75562,80253.97,73323,0,0
987,210,2017,19,Brazilian Grand Prix,Haas F1 Team,69,76036,79812.29,73532,0,0
988,9,2017,20,Abu Dhabi Grand Prix,Red Bull,75,103230,103926.36,102028,0,0
988,6,2017,20,Abu Dhabi Grand Prix,Ferrari,110,103016,103389.45,100770,0,0
988,1,2017,20,Abu Dhabi Grand Prix,McLaren,108,104982,105494.86,101669,0,1
988,4,2017,20,Abu Dhabi Grand Prix,Renault,86,103961,104656.49,102376,0,0
988,131,2017,20,Abu Dhabi Grand Prix,Mercedes,110,102452,102836.57,100650,0,0
988,15,2017,20,Abu Dhabi Grand Prix,Sauber,108,105615,106170.53,103567,0,0
988,10,2017,20,Abu Dhabi Grand Prix,Force India,110,104287,104537.25,102609,0,0
988,3,2017,20,Abu Dhabi Grand Prix,Williams,108,105092,105683.9,102324,0,0
988,5,2017,20,Abu Dhabi Grand Prix,Toro Rosso,108,105641,106166.48,103844,0,0
988,210,2017,20,Abu Dhabi Grand Prix,Haas F1 Team,108,104943,105606.4,102437,0,0
989,5,2018,1,Australian Grand Prix,Toro Rosso,70,91079,94388.71,88176,0,0
989,3,2018,1,Australian Grand Prix,Williams,62,90998,94156.74,88511,0,0
989,15,2018,1,Australian Grand Prix,Sauber,63,90529,94033.94,88759,0,0
989,131,2018,1,Australian Grand Prix,Mercedes,116,88640,92982.25,86444,0,0
989,10,2018,1,Australian Grand Prix,Force India,116,90465,93566.04,87600,0,0
989,1,2018,1,Australian Grand Prix,McLaren,116,89838,93184.25,86958,0,1
989,4,2018,1,Australian Grand Prix,Renault,116,89935,93318.61,87081,0,0
989,9,2018,1,Australian Grand Prix,Red Bull,116,89466,92953.28,85945,0,0
989,210,2018,1,Australian Grand Prix,Haas F1 Team,46,90281,91398.8,88805,0,0
989,6,2018,1,Australian Grand Prix,Ferrari,116,88443,92697.2,86373,0,0
990,10,2018,2,Bahrain Grand Prix,Force India,112,97332,99063.88,95043,0,0
990,3,2018,2,Bahrain Grand Prix,Williams,112,97754,99630.48,94563,0,0
990,1,2018,2,Bahrain Grand Prix,McLaren,112,96771,98720.35,94168,0,1
990,15,2018,2,Bahrain Grand Prix,Sauber,112,97727,99045.81,95058,0,0
990,210,2018,2,Bahrain Grand Prix,Haas F1 Team,113,96599,98725.95,94053,0,0
990,4,2018,2,Bahrain Grand Prix,Renault,113,96952,98860.79,94667,0,0
990,5,2018,2,Bahrain Grand Prix,Toro Rosso,113,96442,98545.76,94689,0,0
990,9,2018,2,Bahrain Grand Prix,Red Bull,4,115883,126889.0,98684,0,0
990,131,2018,2,Bahrain Grand Prix,Mercedes,114,95364,96939.39,93740,0,0
990,6,2018,2,Bahrain Grand Prix,Ferrari,92,95459,97344.23,94337,0,0
991,6,2018,3,Chinese Grand Prix,Ferrari,112,98807,102836.46,96456,0,0
991,131,2018,3,Chinese Grand Prix,Mercedes,112,98507,102666.42,96878,0,0
991,9,2018,3,Chinese Grand Prix,Red Bull,112,98166,102528.54,95785,0,0
991,4,2018,3,Chinese Grand Prix,Renault,112,99620,102942.63,96881,0,0
991,210,2018,3,Chinese Grand Prix,Haas F1 Team,112,99975,103371.88,97410,0,0
991,1,2018,3,Chinese Grand Prix,McLaren,112,100254,103149.75,97234,0,1
991,3,2018,3,Chinese Grand Prix,Williams,112,100928,103450.81,98500,0,0
991,10,2018,3,Chinese Grand Prix,Force India,112,99913,103227.99,97673,0,0
991,5,2018,3,Chinese Grand Prix,Toro Rosso,107,100590,103906.24,98367,0,0
991,15,2018,3,Chinese Grand Prix,Sauber,112,101003,103731.6,98386,0,0
992,6,2018,4,Azerbaijan Grand Prix,Ferrari,102,108007,122121.28,105530,0,0
992,131,2018,4,Azerbaijan Grand Prix,Mercedes,99,107192,122492.27,105149,0,0
992,9,2018,4,Azerbaijan Grand Prix,Red Bull,78,107591,115823.41,105419,0,0
992,4,2018,4,Azerbaijan Grand Prix,Renault,61,109438,124931.98,106856,0,0
992,3,2018,4,Azerbaijan Grand Prix,Williams,51,109422,122290.92,106815,0,0
992,10,2018,4,Azerbaijan Grand Prix,Force India,51,108871,122123.82,106206,0,0
992,5,2018,4,Azerbaijan Grand Prix,Toro Rosso,102,111486,122464.04,108035,0,0
992,15,2018,4,Azerbaijan Grand Prix,Sauber,102,110692,122316.2,107403,0,0
992,1,2018,4,Azerbaijan Grand Prix,McLaren,102,110497,122290.83,107449,0,1
992,210,2018,4,Azerbaijan Grand Prix,Haas F1 Team,93,110193,120641.02,106880,0,0
993,131,2018,5,Spanish Grand Prix,Mercedes,132,81183,86973.77,79133,0,0
993,6,2018,5,Spanish Grand Prix,Ferrari,91,81946,89755.22,79128,0,0
993,9,2018,5,Spanish Grand Prix,Red Bull,132,81564,87400.57,78441,0,0
993,210,2018,5,Spanish Grand Prix,Haas F1 Team,65,82771,88433.92,80246,0,0
993,4,2018,5,Spanish Grand Prix,Renault,65,83520,88999.08,81324,0,0
993,15,2018,5,Spanish Grand Prix,Sauber,128,83905,89766.06,82122,0,0
993,10,2018,5,Spanish Grand Prix,Force India,102,84070,90786.6,81128,0,0
993,1,2018,5,Spanish Grand Prix,McLaren,110,84007,90577.25,80727,0,1
993,3,2018,5,Spanish Grand Prix,Williams,127,84379,90380.91,82095,0,0
993,5,2018,5,Spanish Grand Prix,Toro Rosso,64,83983,89842.5,81439,0,0
994,9,2018,6,Monaco Grand Prix,Red Bull,156,78789,79326.48,74260,0,0
994,6,2018,6,Monaco Grand Prix,Ferrari,156,78674,79327.42,76065,0,0
994,131,2018,6,Monaco Grand Prix,Mercedes,156,78739,79393.9,76270,0,0
994,10,2018,6,Monaco Grand Prix,Force India,156,78894,79767.58,77027,0,0
994,1,2018,6,Monaco Grand Prix,McLaren,129,79162,79990.81,76864,0,1
994,4,2018,6,Monaco Grand Prix,Renault,156,79109,79765.81,76061,0,0
994,5,2018,6,Monaco Grand Prix,Toro Rosso,148,78977,79552.34,77099,0,0
994,3,2018,6,Monaco Grand Prix,Williams,153,79581,81267.62,74944,0,0
994,15,2018,6,Monaco Grand Prix,Sauber,148,79292,79871.1,76936,0,0
994,210,2018,6,Monaco Grand Prix,Haas F1 Team,155,79323,80352.77,74822,0,0
995,6,2018,7,Canadian Grand Prix,Ferrari,136,75363,78308.37,73964,0,0
995,131,2018,7,Canadian Grand Prix,Mercedes,136,75366,78321.24,73992,0,0
995,9,2018,7,Canadian Grand Prix,Red Bull,136,75339,78323.57,73864,0,0
995,10,2018,7,Canadian Grand Prix,Force India,134,76747,79848.39,75100,0,0
995,4,2018,7,Canadian Grand Prix,Renault,134,76708,79645.28,75588,0,0
995,15,2018,7,Canadian Grand Prix,Sauber,133,77301,80240.62,75480,0,0
995,210,2018,7,Canadian Grand Prix,Haas F1 Team,134,77074,79959.42,75401,0,0
995,3,2018,7,Canadian Grand Prix,Williams,66,77833,80886.39,75924,0,0
995,1,2018,7,Canadian Grand Prix,McLaren,106,77414,81207.82,75765,0,1
995,5,2018,7,Canadian Grand Prix,Toro Rosso,67,76836,79929.52,75699,0,0
996,131,2018,8,French Grand Prix,Mercedes,106,97045,102862.28,94225,0,0
996,9,2018,8,French Grand Prix,Red Bull,106,96804,102496.19,94275,0,0
996,4,2018,8,French Grand Prix,Renault,106,98416,103791.92,95638,0,0
996,210,2018,8,French Grand Prix,Haas F1 Team,105,98605,103934.86,95425,0,0
996,15,2018,8,French Grand Prix,Sauber,105,98898,104419.87,95977,0,0
996,6,2018,8,French Grand Prix,Ferrari,106,97028,102930.12,94398,0,0
996,10,2018,8,French Grand Prix,Force India,27,99494,108266.74,98319,0,0
996,1,2018,8,French Grand Prix,McLaren,102,99102,104928.33,95133,0,1
996,5,2018,8,French Grand Prix,Toro Rosso,52,99477,105005.81,96839,0,0
996,3,2018,8,French Grand Prix,Williams,100,99839,105019.1,98300,0,0
997,131,2018,9,Austrian Grand Prix,Mercedes,75,68915,69904.93,67241,0,0
997,9,2018,9,Austrian Grand Prix,Red Bull,124,68611,69679.74,67442,0,0
997,6,2018,9,Austrian Grand Prix,Ferrari,142,68498,69272.77,66957,0,0
997,210,2018,9,Austrian Grand Prix,Haas F1 Team,140,69615,70546.22,68476,0,0
997,4,2018,9,Austrian Grand Prix,Renault,81,70077,71262.65,68766,0,0
997,10,2018,9,Austrian Grand Prix,Force India,140,69770,70724.2,68504,0,0
997,3,2018,9,Austrian Grand Prix,Williams,138,70439,71709.78,68971,0,0
997,15,2018,9,Austrian Grand Prix,Sauber,140,69871,71010.59,68216,0,0
997,5,2018,9,Austrian Grand Prix,Toro Rosso,124,70065,71376.33,69171,0,0
997,1,2018,9,Austrian Grand Prix,McLaren,135,70083,71815.2,68661,0,1
998,6,2018,10,British Grand Prix,Ferrari,104,93357,100992.5,90696,0,0
998,131,2018,10,British Grand Prix,Mercedes,104,93568,101064.57,91245,0,0
998,9,2018,10,British Grand Prix,Red Bull,98,93824,101836.36,91589,0,0
998,4,2018,10,British Grand Prix,Renault,89,95492,101071.43,93405,0,0
998,15,2018,10,British Grand Prix,Sauber,49,95606,96340.31,93675,0,0
998,10,2018,10,British Grand Prix,Force India,104,95332,101578.9,93472,0,0
998,210,2018,10,British Grand Prix,Haas F1 Team,89,95706,101125.08,93604,0,0
998,1,2018,10,British Grand Prix,McLaren,104,95749,101600.55,93482,0,1
998,5,2018,10,British Grand Prix,Toro Rosso,53,95690,102988.4,93465,0,0
998,3,2018,10,British Grand Prix,Williams,104,96912,101786.41,93869,0,0
999,6,2018,11,German Grand Prix,Ferrari,118,78347,81273.47,75990,0,0
999,131,2018,11,German Grand Prix,Mercedes,134,78381,82867.35,75545,0,0
999,9,2018,11,German Grand Prix,Red Bull,94,78826,82174.02,75852,0,0
999,210,2018,11,German Grand Prix,Haas F1 Team,134,79907,83309.55,76716,0,0
999,4,2018,11,German Grand Prix,Renault,134,80009,83278.87,77430,0,0
999,10,2018,11,German Grand Prix,Force India,134,80231,83298.48,77867,0,0
999,15,2018,11,German Grand Prix,Sauber,133,80430,84003.68,77745,0,0
999,1,2018,11,German Grand Prix,McLaren,132,80823,84161.8,77537,0,1
999,3,2018,11,German Grand Prix,Williams,104,80820,83228.61,78861,0,0
999,5,2018,11,German Grand Prix,Toro Rosso,133,80896,84004.0,77681,0,0
1000,131,2018,12,Hungarian Grand Prix,Mercedes,140,82830,83734.67,81107,0,0
1000,6,2018,12,Hungarian Grand Prix,Ferrari,140,82659,83643.41,80056,0,0
1000,9,2018,12,Hungarian Grand Prix,Red Bull,75,82924,84145.4,80012,0,0
1000,5,2018,12,Hungarian Grand Prix,Toro Rosso,139,84061,84907.19,81685,0,0
1000,210,2018,12,Hungarian Grand Prix,Haas F1 Team,138,84229,85017.62,81302,0,0
1000,4,2018,12,Hungarian Grand Prix,Renault,138,84503,85428.59,81261,0,0
1000,1,2018,12,Hungarian Grand Prix,McLaren,118,84242,85356.56,82090,0,1
1000,10,2018,12,Hungarian Grand Prix,Force India,138,84610,85682.2,82876,0,0
1000,3,2018,12,Hungarian Grand Prix,Williams,136,85613,86583.35,82660,0,0
1000,15,2018,12,Hungarian Grand Prix,Sauber,68,85338,86437.13,83671,0,0
1001,6,2018,13,Belgian Grand Prix,Ferrari,52,108665,119379.6,106644,0,0
1001,131,2018,13,Belgian Grand Prix,Mercedes,88,108740,114813.84,106286,0,0
1001,10,2018,13,Belgian Grand Prix,Force India,88,110279,115676.08,108078,0,0
1001,9,2018,13,Belgian Grand Prix,Red Bull,72,109596,119747.43,106946,0,0
1001,210,2018,13,Belgian Grand Prix,Haas F1 Team,88,110730,115938.0,107937,0,0
1001,5,2018,13,Belgian Grand Prix,Toro Rosso,87,111225,116929.72,108588,0,0
1001,15,2018,13,Belgian Grand Prix,Sauber,43,111074,116731.33,108694,0,0
1001,3,2018,13,Belgian Grand Prix,Williams,86,111411,117103.23,109113,0,0
1001,4,2018,13,Belgian Grand Prix,Renault,43,111578,117020.81,108670,0,0
1001,1,2018,13,Belgian Grand Prix,McLaren,43,112198,117645.74,108956,0,1
1002,6,2018,14,Italian Grand Prix,Ferrari,106,84607,87300.23,82505,0,0
1002,131,2018,14,Italian Grand Prix,Mercedes,106,84571,87198.43,82497,0,0
1002,9,2018,14,Italian Grand Prix,Red Bull,76,85152,88641.61,83609,0,0
1002,210,2018,14,Italian Grand Prix,Haas F1 Team,105,86249,89227.87,84243,0,0
1002,4,2018,14,Italian Grand Prix,Renault,105,86329,88866.54,84056,0,0
1002,10,2018,14,Italian Grand Prix,Force India,106,85585,88164.22,83529,0,0
1002,3,2018,14,Italian Grand Prix,Williams,104,86280,88806.55,83768,0,0
1002,1,2018,14,Italian Grand Prix,McLaren,61,86825,91147.93,84772,0,1
1002,5,2018,14,Italian Grand Prix,Toro Rosso,52,86477,89250.63,84767,0,0
1002,15,2018,14,Italian Grand Prix,Sauber,104,86580,89138.42,83768,0,0
1003,131,2018,15,Singapore Grand Prix,Mercedes,122,105813,109796.33,102913,0,0
1003,6,2018,15,Singapore Grand Prix,Ferrari,122,106072,110132.52,104669,0,0
1003,9,2018,15,Singapore Grand Prix,Red Bull,122,105877,109886.6,103120,0,0
1003,10,2018,15,Singapore Grand Prix,Force India,60,108557,112818.18,105389,0,0
1003,210,2018,15,Singapore Grand Prix,Haas F1 Team,119,108915,112867.62,101905,0,0
1003,1,2018,15,Singapore Grand Prix,McLaren,121,107882,111654.8,103164,0,1
1003,4,2018,15,Singapore Grand Prix,Renault,120,107975,111784.45,105211,0,0
1003,5,2018,15,Singapore Grand Prix,Toro Rosso,120,108723,112733.36,104889,0,0
1003,15,2018,15,Singapore Grand Prix,Sauber,120,108368,112017.97,105169,0,0
1003,3,2018,15,Singapore Grand Prix,Williams,119,109329,113428.53,105902,0,0
1004,131,2018,16,Russian Grand Prix,Mercedes,106,98565,98989.69,95861,0,0
1004,6,2018,16,Russian Grand Prix,Ferrari,106,98597,99192.38,95990,0,0
1004,210,2018,16,Russian Grand Prix,Haas F1 Team,104,100824,101358.69,98015,0,0
1004,15,2018,16,Russian Grand Prix,Sauber,105,100627,101409.9,97931,0,0
1004,10,2018,16,Russian Grand Prix,Force India,104,100717,101246.74,98300,0,0
1004,4,2018,16,Russian Grand Prix,Renault,103,101522,102349.65,99108,0,0
1004,9,2018,16,Russian Grand Prix,Red Bull,106,99325,100017.25,96283,0,0
1004,3,2018,16,Russian Grand Prix,Williams,103,101651,102730.26,99435,0,0
1004,1,2018,16,Russian Grand Prix,McLaren,103,101822,102669.96,99590,0,1
1004,5,2018,16,Russian Grand Prix,Toro Rosso,8,111746,120366.12,104071,0,0
1005,131,2018,17,Japanese Grand Prix,Mercedes,106,94715,98934.37,92785,0,0
1005,9,2018,17,Japanese Grand Prix,Red Bull,106,94695,99131.26,93187,0,0
1005,6,2018,17,Japanese Grand Prix,Ferrari,106,95749,99952.78,92318,0,0
1005,210,2018,17,Japanese Grand Prix,Haas F1 Team,61,96916,103917.1,94786,0,0
1005,5,2018,17,Japanese Grand Prix,Toro Rosso,104,97433,101343.84,94133,0,0
1005,10,2018,17,Japanese Grand Prix,Force India,106,96821,100392.06,94073,0,0
1005,4,2018,17,Japanese Grand Prix,Renault,89,97623,101929.08,94197,0,0
1005,15,2018,17,Japanese Grand Prix,Sauber,90,97710,102195.16,94515,0,0
1005,1,2018,17,Japanese Grand Prix,McLaren,104,97593,101568.31,93943,0,1
1005,3,2018,17,Japanese Grand Prix,Williams,104,97626,101667.34,93354,0,0
1006,6,2018,18,United States Grand Prix,Ferrari,112,99723,101209.89,98280,0,0
1006,131,2018,18,United States Grand Prix,Mercedes,112,100056,101289.04,97392,0,0
1006,9,2018,18,United States Grand Prix,Red Bull,64,99950,101137.41,98246,0,0
1006,4,2018,18,United States Grand Prix,Renault,112,101413,102674.02,99548,0,0
1006,10,2018,18,United States Grand Prix,Force India,112,101709,102836.2,99569,0,0
1006,210,2018,18,United States Grand Prix,Haas F1 Team,58,101895,104109.05,98963,0,0
1006,3,2018,18,United States Grand Prix,Williams,109,102800,104666.36,100433,0,0
1006,5,2018,18,United States Grand Prix,Toro Rosso,110,102239,103689.24,99646,0,0
1006,1,2018,18,United States Grand Prix,McLaren,56,102184,104044.25,99240,0,1
1006,15,2018,18,United States Grand Prix,Sauber,86,102897,104465.09,100098,0,0
1007,9,2018,19,Mexican Grand Prix,Red Bull,132,81382,83194.24,79186,0,0
1007,131,2018,19,Mexican Grand Prix,Mercedes,141,82039,84461.27,78741,0,0
1007,6,2018,19,Mexican Grand Prix,Ferrari,142,81593,83696.7,79522,0,0
1007,4,2018,19,Mexican Grand Prix,Renault,97,84158,85855.85,80637,0,0
1007,15,2018,19,Mexican Grand Prix,Sauber,138,84507,86320.56,80537,0,0
1007,10,2018,19,Mexican Grand Prix,Force India,107,84664,86978.46,82629,0,0
1007,1,2018,19,Mexican Grand Prix,McLaren,72,84585,86460.01,81921,0,1
1007,3,2018,19,Mexican Grand Prix,Williams,138,84527,86684.51,82640,0,0
1007,210,2018,19,Mexican Grand Prix,Haas F1 Team,137,85005,86881.64,81370,0,0
1007,5,2018,19,Mexican Grand Prix,Toro Rosso,138,84423,86612.16,82438,0,0
1008,131,2018,20,Brazilian Grand Prix,Mercedes,142,73494,73810.39,70540,0,0
1008,6,2018,20,Brazilian Grand Prix,Ferrari,142,73477,73872.49,70831,0,0
1008,9,2018,20,Brazilian Grand Prix,Red Bull,142,73420,73695.73,71343,0,0
1008,15,2018,20,Brazilian Grand Prix,Sauber,91,74615,75338.81,72082,0,0
1008,210,2018,20,Brazilian Grand Prix,Haas F1 Team,142,74179,74381.82,72206,0,0
1008,5,2018,20,Brazilian Grand Prix,Toro Rosso,140,75021,75580.66,72949,0,0
1008,10,2018,20,Brazilian Grand Prix,Force India,140,74580,75239.55,72352,0,0
1008,4,2018,20,Brazilian Grand Prix,Renault,102,75363,75714.41,72169,0,0
1008,1,2018,20,Brazilian Grand Prix,McLaren,139,75240,75804.27,72643,0,1
1008,3,2018,20,Brazilian Grand Prix,Williams,138,75229,76160.55,71751,0,0
1009,131,2018,21,Abu Dhabi Grand Prix,Mercedes,110,104158,109170.19,100953,0,0
1009,6,2018,21,Abu Dhabi Grand Prix,Ferrari,61,103732,111962.3,100867,0,0
1009,15,2018,21,Abu Dhabi Grand Prix,Sauber,79,106585,112627.57,102876,0,0
1009,9,2018,21,Abu Dhabi Grand Prix,Red Bull,110,103868,108989.54,101249,0,0
1009,210,2018,21,Abu Dhabi Grand Prix,Haas F1 Team,108,107015,111201.99,102822,0,0
1009,10,2018,21,Abu Dhabi Grand Prix,Force India,99,106188,111286.89,102816,0,0
1009,4,2018,21,Abu Dhabi Grand Prix,Renault,55,105334,110053.27,101351,0,0
1009,5,2018,21,Abu Dhabi Grand Prix,Toro Rosso,100,107037,111995.62,103988,0,0
1009,1,2018,21,Abu Dhabi Grand Prix,McLaren,108,107114,111483.44,102393,0,1
1009,3,2018,21,Abu Dhabi Grand Prix,Williams,108,107262,111844.53,103831,0,0
1010,131,2019,1,Australian Grand Prix,Mercedes,116,88119,88582.21,85580,0,0
1010,6,2019,1,Australian Grand Prix,Ferrari,116,88811,89396.46,86926,0,0
1010,9,2019,1,Australian Grand Prix,Red Bull,115,88940,89437.74,86256,0,0
1010,210,2019,1,Australian Grand Prix,Haas F1 Team,87,89368,90510.15,88182,0,0
1010,4,2019,1,Australian Grand Prix,Renault,85,90078,90962.89,88444,0,0
1010,51,2019,1,Australian Grand Prix,Alfa Romeo,114,89310,90627.82,88270,0,0
1010,1,2019,1,Australian Grand Prix,McLaren,66,90782,91063.52,88555,0,1
1010,5,2019,1,Australian Grand Prix,Toro Rosso,114,89756,90453.13,87448,0,0
1010,211,2019,1,Australian Grand Prix,Racing Point,114,89642,90440.79,87568,0,0
1010,3,2019,1,Australian Grand Prix,Williams,111,92137,93299.24,88713,0,0
1011,6,2019,2,Bahrain Grand Prix,Ferrari,114,96913,99691.13,93411,0,0
1011,131,2019,2,Bahrain Grand Prix,Mercedes,114,97023,99347.11,93528,0,0
1011,9,2019,2,Bahrain Grand Prix,Red Bull,114,97637,99886.77,95291,0,0
1011,1,2019,2,Bahrain Grand Prix,McLaren,110,97920,100210.81,95586,0,1
1011,210,2019,2,Bahrain Grand Prix,Haas F1 Team,72,98867,101563.94,95892,0,0
1011,51,2019,2,Bahrain Grand Prix,Alfa Romeo,114,98416,100304.03,95237,0,0
1011,4,2019,2,Bahrain Grand Prix,Renault,106,97964,98682.91,95215,0,0
1011,211,2019,2,Bahrain Grand Prix,Racing Point,113,98381,100942.43,96330,0,0
1011,5,2019,2,Bahrain Grand Prix,Toro Rosso,113,98146,100768.96,94934,0,0
1011,3,2019,2,Bahrain Grand Prix,Williams,111,99886,102550.25,97313,0,0
1012,131,2019,3,Chinese Grand Prix,Mercedes,112,97547,98743.32,94872,0,0
1012,6,2019,3,Chinese Grand Prix,Ferrari,112,97756,99086.79,94836,0,0
1012,9,2019,3,Chinese Grand Prix,Red Bull,112,98590,99728.88,94742,0,0
1012,4,2019,3,Chinese Grand Prix,Renault,71,100385,101539.82,98632,0,0
1012,211,2019,3,Chinese Grand Prix,Racing Point,110,99870,100997.07,96678,0,0
1012,210,2019,3,Chinese Grand Prix,Haas F1 Team,110,100164,101189.55,96873,0,0
1012,51,2019,3,Chinese Grand Prix,Alfa Romeo,110,100094,101183.58,97812,0,0
1012,3,2019,3,Chinese Grand Prix,Williams,108,101914,102942.35,97283,0,0
1012,5,2019,3,Chinese Grand Prix,Toro Rosso,96,100244,101915.94,97975,0,0
1012,1,2019,3,Chinese Grand Prix,McLaren,105,100193,102190.75,97502,0,1
1013,131,2019,4,Azerbaijan Grand Prix,Mercedes,102,106089,108111.84,104024,0,0
1013,6,2019,4,Azerbaijan Grand Prix,Ferrari,102,107040,108889.51,103009,0,0
1013,211,2019,4,Azerbaijan Grand Prix,Racing Point,102,107787,109863.88,105524,0,0
1013,9,2019,4,Azerbaijan Grand Prix,Red Bull,89,106921,108444.53,104794,0,0
1013,1,2019,4,Azerbaijan Grand Prix,McLaren,102,107689,109901.75,105394,0,1
1013,5,2019,4,Azerbaijan Grand Prix,Toro Rosso,83,108689,111113.66,105754,0,0
1013,4,2019,4,Azerbaijan Grand Prix,Renault,81,109033,111917.65,106767,0,0
1013,210,2019,4,Azerbaijan Grand Prix,Haas F1 Team,88,109611,111701.27,106682,0,0
1013,51,2019,4,Azerbaijan Grand Prix,Alfa Romeo,100,108572,110615.92,105969,0,0
1013,3,2019,4,Azerbaijan Grand Prix,Williams,98,111159,113114.82,107251,0,0
1014,131,2019,5,Spanish Grand Prix,Mercedes,132,82182,87158.79,78492,0,0
1014,9,2019,5,Spanish Grand Prix,Red Bull,132,82721,87334.4,79769,0,0
1014,6,2019,5,Spanish Grand Prix,Ferrari,132,82750,87298.59,79820,0,0
1014,210,2019,5,Spanish Grand Prix,Haas F1 Team,132,83780,87603.68,80770,0,0
1014,5,2019,5,Spanish Grand Prix,Toro Rosso,132,83894,87646.87,80726,0,0
1014,1,2019,5,Spanish Grand Prix,McLaren,110,84266,86589.82,80859,0,1
1014,4,2019,5,Spanish Grand Prix,Renault,132,84217,87703.67,80615,0,0
1014,211,2019,5,Spanish Grand Prix,Racing Point,110,84234,86716.64,81859,0,0
1014,51,2019,5,Spanish Grand Prix,Alfa Romeo,132,84713,87805.91,81382,0,0
1014,3,2019,5,Spanish Grand Prix,Williams,130,86310,89444.17,82382,0,0
1015,131,2019,6,Monaco Grand Prix,Mercedes,156,77542,79615.62,75163,0,0
1015,9,2019,6,Monaco Grand Prix,Red Bull,156,77528,79662.54,74279,0,0
1015,6,2019,6,Monaco Grand Prix,Ferrari,94,77696,81504.71,76277,0,0
1015,4,2019,6,Monaco Grand Prix,Renault,155,79198,80575.34,75697,0,0
1015,210,2019,6,Monaco Grand Prix,Haas F1 Team,155,78720,80518.87,76746,0,0
1015,1,2019,6,Monaco Grand Prix,McLaren,156,78582,80366.21,75891,0,1
1015,5,2019,6,Monaco Grand Prix,Toro Rosso,156,78417,80299.03,75607,0,0
1015,211,2019,6,Monaco Grand Prix,Racing Point,154,79342,80899.94,76379,0,0
1015,51,2019,6,Monaco Grand Prix,Alfa Romeo,153,79472,81512.92,76299,0,0
1015,3,2019,6,Monaco Grand Prix,Williams,154,79267,81313.48,77038,0,0
1016,6,2019,7,Canadian Grand Prix,Ferrari,140,75888,76410.87,74356,0,0
1016,131,2019,7,Canadian Grand Prix,Mercedes,140,76290,76751.51,73078,0,0
1016,4,2019,7,Canadian Grand Prix,Renault,138,77031,77541.42,75995,0,0
1016,9,2019,7,Canadian Grand Prix,Red Bull,139,77047,77448.66,74767,0,0
1016,1,2019,7,Canadian Grand Prix,McLaren,77,77569,78311.32,76471,0,1
1016,5,2019,7,Canadian Grand Prix,Toro Rosso,128,77908,78656.27,76198,0,0
1016,211,2019,7,Canadian Grand Prix,Racing Point,138,77370,78051.52,76043,0,0
1016,51,2019,7,Canadian Grand Prix,Alfa Romeo,138,77793,78493.95,75442,0,0
1016,3,2019,7,Canadian Grand Prix,Williams,135,78926,79821.79,77241,0,0
1016,210,2019,7,Canadian Grand Prix,Haas F1 Team,137,78504,79014.62,76245,0,0
1017,131,2019,8,French Grand Prix,Mercedes,106,95013,95853.32,92764,0,0
1017,6,2019,8,French Grand Prix,Ferrari,106,95356,96454.5,92740,0,0
1017,9,2019,8,French Grand Prix,Red Bull,105,96265,97081.19,94162,0,0
1017,1,2019,8,French Grand Prix,McLaren,105,96837,97608.11,94561,0,1
1017,51,2019,8,French Grand Prix,Alfa Romeo,104,97149,98139.54,94950,0,0
1017,4,2019,8,French Grand Prix,Renault,104,96846,97684.79,94754,0,0
1017,211,2019,8,French Grand Prix,Racing Point,104,96790,97955.75,94924,0,0
1017,210,2019,8,French Grand Prix,Haas F1 Team,96,98024,98714.57,95691,0,0
1017,5,2019,8,French Grand Prix,Toro Rosso,104,97220,98236.7,95029,0,0
1017,3,2019,8,French Grand Prix,Williams,102,99186,100179.37,95830,0,0
1018,6,2019,9,Austrian Grand Prix,Ferrari,142,68931,69478.72,67676,0,0
1018,131,2019,9,Austrian Grand Prix,Mercedes,142,69202,69615.56,68050,0,0
1018,51,2019,9,Austrian Grand Prix,Alfa Romeo,140,70186,70609.2,69051,0,0
1018,1,2019,9,Austrian Grand Prix,McLaren,140,70040,70453.52,68117,0,1
1018,9,2019,9,Austrian Grand Prix,Red Bull,141,69410,69864.23,67475,0,0
1018,210,2019,9,Austrian Grand Prix,Haas F1 Team,139,70435,71409.0,68903,0,0
1018,211,2019,9,Austrian Grand Prix,Racing Point,140,70190,70730.47,69061,0,0
1018,4,2019,9,Austrian Grand Prix,Renault,140,70294,70682.14,68019,0,0
1018,3,2019,9,Austrian Grand Prix,Williams,137,71545,72059.81,69926,0,0
1018,5,2019,9,Austrian Grand Prix,Toro Rosso,140,70454,71042.38,68946,0,0
1019,131,2019,10,British Grand Prix,Mercedes,104,89981,93863.77,87369,0,0
1019,6,2019,10,British Grand Prix,Ferrari,103,91084,94985.26,88733,0,0
1019,9,2019,10,British Grand Prix,Red Bull,104,90952,94337.06,89272,0,0
1019,1,2019,10,British Grand Prix,McLaren,104,91675,94854.08,89636,0,1
1019,4,2019,10,British Grand Prix,Renault,104,91704,94846.52,89624,0,0
1019,5,2019,10,British Grand Prix,Toro Rosso,104,91977,94992.7,89910,0,0
1019,51,2019,10,British Grand Prix,Alfa Romeo,70,92733,94639.7,90034,0,0
1019,211,2019,10,British Grand Prix,Racing Point,103,92328,95672.94,89390,0,0
1019,3,2019,10,British Grand Prix,Williams,102,93603,95867.61,91013,0,0
1019,210,2019,10,British Grand Prix,Haas F1 Team,15,96152,107011.93,93425,0,0
1020,131,2019,11,German Grand Prix,Mercedes,120,91538,98578.91,77485,0,0
1020,51,2019,11,German Grand Prix,Alfa Romeo,128,93214,98192.29,77507,0,0
1020,9,2019,11,German Grand Prix,Red Bull,125,92604,98551.58,76645,0,0
1020,4,2019,11,German Grand Prix,Renault,52,93924,101573.21,89576,0,0
1020,6,2019,11,German Grand Prix,Ferrari,91,92824,97591.9,76794,0,0
1020,210,2019,11,German Grand Prix,Haas F1 Team,128,93887,98266.82,78811,0,0
1020,1,2019,11,German Grand Prix,McLaren,89,93521,98430.88,77841,0,1
1020,211,2019,11,German Grand Prix,Racing Point,65,93739,98355.14,77831,0,0
1020,5,2019,11,German Grand Prix,Toro Rosso,128,93303,98132.09,77708,0,0
1020,3,2019,11,German Grand Prix,Williams,128,96660,98390.16,79300,0,0
1021,9,2019,12,Hungarian Grand Prix,Red Bull,139,81844,82403.64,77103,0,0
1021,131,2019,12,Hungarian Grand Prix,Mercedes,139,81685,82300.14,78528,0,0
1021,6,2019,12,Hungarian Grand Prix,Ferrari,140,82240,82387.68,79786,0,0
1021,1,2019,12,Hungarian Grand Prix,McLaren,138,82753,83132.67,81002,0,1
1021,51,2019,12,Hungarian Grand Prix,Alfa Romeo,137,83524,84028.09,80880,0,0
1021,210,2019,12,Hungarian Grand Prix,Haas F1 Team,118,83722,84318.9,81008,0,0
1021,4,2019,12,Hungarian Grand Prix,Renault,138,83434,83804.31,80839,0,0
1021,211,2019,12,Hungarian Grand Prix,Racing Point,137,83648,84298.08,80603,0,0
1021,5,2019,12,Hungarian Grand Prix,Toro Rosso,137,82954,83790.56,80621,0,0
1021,3,2019,12,Hungarian Grand Prix,Williams,135,84235,85020.56,82386,0,0
1022,6,2019,13,Belgian Grand Prix,Ferrari,88,108940,114520.93,106409,0,0
1022,131,2019,13,Belgian Grand Prix,Mercedes,88,109126,114374.84,106465,0,0
1022,1,2019,13,Belgian Grand Prix,McLaren,44,109893,117623.41,108321,0,1
1022,210,2019,13,Belgian Grand Prix,Haas F1 Team,86,111513,117113.93,108677,0,0
1022,211,2019,13,Belgian Grand Prix,Racing Point,88,110354,116428.48,108357,0,0
1022,5,2019,13,Belgian Grand Prix,Toro Rosso,88,110885,116480.06,108143,0,0
1022,51,2019,13,Belgian Grand Prix,Alfa Romeo,85,111913,117320.28,107560,0,0
1022,9,2019,13,Belgian Grand Prix,Red Bull,44,110797,116068.98,107507,0,0
1022,4,2019,13,Belgian Grand Prix,Renault,87,111018,117020.86,108349,0,0
1022,3,2019,13,Belgian Grand Prix,Williams,86,112368,117804.81,108860,0,0
1023,6,2019,14,Italian Grand Prix,Ferrari,105,84900,86596.35,82799,0,0
1023,131,2019,14,Italian Grand Prix,Mercedes,106,84791,85748.72,81779,0,0
1023,4,2019,14,Italian Grand Prix,Renault,106,85503,86386.89,83466,0,0
1023,211,2019,14,Italian Grand Prix,Racing Point,105,85822,87107.13,83770,0,0
1023,1,2019,14,Italian Grand Prix,McLaren,79,86042,86917.86,84044,0,1
1023,9,2019,14,Italian Grand Prix,Red Bull,106,85052,86671.1,83143,0,0
1023,51,2019,14,Italian Grand Prix,Alfa Romeo,104,86116,87706.13,84419,0,0
1023,210,2019,14,Italian Grand Prix,Haas F1 Team,95,86562,88652.13,84443,0,0
1023,5,2019,14,Italian Grand Prix,Toro Rosso,81,86062,87346.93,83885,0,0
1023,3,2019,14,Italian Grand Prix,Williams,103,87134,88557.47,84842,0,0
1024,6,2019,15,Singapore Grand Prix,Ferrari,122,108625,116639.14,104723,0,0
1024,131,2019,15,Singapore Grand Prix,Mercedes,122,109084,116705.42,103534,0,0
1024,9,2019,15,Singapore Grand Prix,Red Bull,122,109058,116744.41,105176,0,0
1024,1,2019,15,Singapore Grand Prix,McLaren,122,109292,117033.42,105716,0,1
1024,51,2019,15,Singapore Grand Prix,Alfa Romeo,110,109413,117393.03,105630,0,0
1024,210,2019,15,Singapore Grand Prix,Haas F1 Team,122,109831,117617.15,102301,0,0
1024,5,2019,15,Singapore Grand Prix,Toro Rosso,122,109379,117057.86,104371,0,0
1024,211,2019,15,Singapore Grand Prix,Racing Point,103,109642,116331.21,104896,0,0
1024,4,2019,15,Singapore Grand Prix,Renault,122,109138,117063.21,105765,0,0
1024,3,2019,15,Singapore Grand Prix,Williams,95,109899,115124.14,106793,0,0
1025,6,2019,16,Russian Grand Prix,Ferrari,79,98769,105740.94,96193,0,0
1025,131,2019,16,Russian Grand Prix,Mercedes,106,98517,106054.84,95761,0,0
1025,1,2019,16,Russian Grand Prix,McLaren,106,100789,106996.43,98020,0,1
1025,211,2019,16,Russian Grand Prix,Racing Point,106,100880,107052.2,98043,0,0
1025,9,2019,16,Russian Grand Prix,Red Bull,106,100285,106514.55,96762,0,0
1025,4,2019,16,Russian Grand Prix,Renault,77,101698,107797.42,98519,0,0
1025,210,2019,16,Russian Grand Prix,Haas F1 Team,53,100821,107033.42,98130,0,0
1025,51,2019,16,Russian Grand Prix,Alfa Romeo,106,101511,107360.75,98589,0,0
1025,5,2019,16,Russian Grand Prix,Toro Rosso,106,101533,107269.4,98228,0,0
1025,3,2019,16,Russian Grand Prix,Williams,55,103360,109823.82,101705,0,0
1026,131,2019,17,Japanese Grand Prix,Mercedes,104,93567,94493.92,90983,0,0
1026,6,2019,17,Japanese Grand Prix,Ferrari,103,94456,95454.65,91611,0,0
1026,1,2019,17,Japanese Grand Prix,McLaren,103,95882,96314.17,93563,0,1
1026,9,2019,17,Japanese Grand Prix,Red Bull,66,94999,96125.94,92775,0,0
1026,5,2019,17,Japanese Grand Prix,Toro Rosso,102,96276,96734.41,93239,0,0
1026,211,2019,17,Japanese Grand Prix,Racing Point,102,96216,96701.62,92621,0,0
1026,4,2019,17,Japanese Grand Prix,Renault,102,96177,96551.35,93481,0,0
1026,51,2019,17,Japanese Grand Prix,Alfa Romeo,102,96837,97456.5,92369,0,0
1026,210,2019,17,Japanese Grand Prix,Haas F1 Team,102,96821,97548.06,91732,0,0
1026,3,2019,17,Japanese Grand Prix,Williams,100,98182,98958.16,95458,0,0
1027,6,2019,18,Mexican Grand Prix,Ferrari,142,80974,81872.83,79232,0,0
1027,9,2019,18,Mexican Grand Prix,Red Bull,142,81089,82450.8,79325,0,0
1027,1,2019,18,Mexican Grand Prix,McLaren,118,82607,84839.18,80311,0,1
1027,131,2019,18,Mexican Grand Prix,Mercedes,142,80981,81840.57,79461,0,0
1027,5,2019,18,Mexican Grand Prix,Toro Rosso,140,82048,83295.09,79530,0,0
1027,211,2019,18,Mexican Grand Prix,Racing Point,141,82087,83148.5,80485,0,0
1027,4,2019,18,Mexican Grand Prix,Renault,141,82017,83123.0,80146,0,0
1027,51,2019,18,Mexican Grand Prix,Alfa Romeo,128,82407,84065.95,80082,0,0
1027,210,2019,18,Mexican Grand Prix,Haas F1 Team,138,83718,84574.53,81581,0,0
1027,3,2019,18,Mexican Grand Prix,Williams,138,83858,84972.39,80696,0,0
1028,131,2019,19,United States Grand Prix,Mercedes,112,100311,100673.7,96957,0,0
1028,9,2019,19,United States Grand Prix,Red Bull,112,100387,101378.09,98029,0,0
1028,6,2019,19,United States Grand Prix,Ferrari,63,100952,101762.25,96169,0,0
1028,1,2019,19,United States Grand Prix,McLaren,111,101685,102438.0,98074,0,1
1028,4,2019,19,United States Grand Prix,Renault,111,101784,102469.68,98437,0,0
1028,5,2019,19,United States Grand Prix,Toro Rosso,109,102313,103151.37,98969,0,0
1028,210,2019,19,United States Grand Prix,Haas F1 Team,107,102931,103745.85,100347,0,0
1028,51,2019,19,United States Grand Prix,Alfa Romeo,110,102009,103133.85,99608,0,0
1028,211,2019,19,United States Grand Prix,Racing Point,110,102356,103017.55,100165,0,0
1028,3,2019,19,United States Grand Prix,Williams,85,104492,105343.84,101239,0,0
1029,3,2019,20,Brazilian Grand Prix,Williams,141,76555,79581.18,73752,0,0
1029,1,2019,20,Brazilian Grand Prix,McLaren,142,75114,78939.83,72328,0,1
1029,5,2019,20,Brazilian Grand Prix,Toro Rosso,142,74904,78925.1,72385,0,0
1029,4,2019,20,Brazilian Grand Prix,Renault,142,75107,78964.48,72733,0,0
1029,211,2019,20,Brazilian Grand Prix,Racing Point,136,75139,78164.84,72603,0,0
1029,6,2019,20,Brazilian Grand Prix,Ferrari,130,73846,77008.83,71384,0,0
1029,51,2019,20,Brazilian Grand Prix,Alfa Romeo,142,74779,78936.68,73020,0,0
1029,210,2019,20,Brazilian Grand Prix,Haas F1 Team,142,75273,78988.27,73262,0,0
1029,9,2019,20,Brazilian Grand Prix,Red Bull,142,73488,78903.4,70862,0,0
1029,131,2019,20,Brazilian Grand Prix,Mercedes,122,73590,77057.34,70698,0,0
1030,131,2019,21,Abu Dhabi Grand Prix,Mercedes,110,102510,103052.81,99283,0,0
1030,6,2019,21,Abu Dhabi Grand Prix,Ferrari,110,103004,103629.29,100128,0,0
1030,9,2019,21,Abu Dhabi Grand Prix,Red Bull,110,103058,103430.97,101119,0,0
1030,1,2019,21,Abu Dhabi Grand Prix,McLaren,108,104474,105081.62,101294,0,1
1030,4,2019,21,Abu Dhabi Grand Prix,Renault,108,104604,105155.84,101190,0,0
1030,210,2019,21,Abu Dhabi Grand Prix,Haas F1 Team,108,105193,105758.91,103666,0,0
1030,211,2019,21,Abu Dhabi Grand Prix,Racing Point,99,104890,105894.41,102639,0,0
1030,51,2019,21,Abu Dhabi Grand Prix,Alfa Romeo,108,105104,105731.27,103142,0,0
1030,5,2019,21,Abu Dhabi Grand Prix,Toro Rosso,107,104720,105890.07,102222,0,0
1030,3,2019,21,Abu Dhabi Grand Prix,Williams,107,106488,106663.29,103074,0,0
1031,131,2020,1,Austrian Grand Prix,Mercedes,142,69184,76846.25,67657,0,0
1031,9,2020,1,Austrian Grand Prix,Red Bull,78,69901,77444.42,68432,0,0
1031,1,2020,1,Austrian Grand Prix,McLaren,142,70105,76942.76,67475,0,1
1031,211,2020,1,Austrian Grand Prix,Racing Point,91,70326,75901.73,68305,0,0
1031,6,2020,1,Austrian Grand Prix,Ferrari,142,70444,77033.26,67901,0,0
1031,4,2020,1,Austrian Grand Prix,Renault,88,70905,76301.41,68912,0,0
1031,213,2020,1,Austrian Grand Prix,AlphaTauri,140,70805,77266.65,69025,0,0
1031,210,2020,1,Austrian Grand Prix,Haas F1 Team,73,71463,74213.44,70228,0,0
1031,51,2020,1,Austrian Grand Prix,Alfa Romeo,124,71061,76272.1,68796,0,0
1031,3,2020,1,Austrian Grand Prix,Williams,120,71575,75963.92,69317,0,0
1032,131,2020,2,Styrian Grand Prix,Mercedes,142,68356,70106.23,66719,0,0
1032,9,2020,2,Styrian Grand Prix,Red Bull,142,68629,70559.61,66145,0,0
1032,1,2020,2,Styrian Grand Prix,McLaren,141,69236,71077.16,65619,0,1
1032,4,2020,2,Styrian Grand Prix,Renault,96,69450,71804.46,67832,0,0
1032,213,2020,2,Styrian Grand Prix,AlphaTauri,140,69856,71643.6,67827,0,0
1032,6,2020,2,Styrian Grand Prix,Ferrari,5,95379,103627.8,92548,0,0
1032,211,2020,2,Styrian Grand Prix,Racing Point,142,69091,70888.77,67188,0,0
1032,3,2020,2,Styrian Grand Prix,Williams,138,70472,72096.41,68601,0,0
1032,210,2020,2,Styrian Grand Prix,Haas F1 Team,140,69855,71562.08,68009,0,0
1032,51,2020,2,Styrian Grand Prix,Alfa Romeo,140,69898,71594.11,68382,0,0
1033,131,2020,3,Hungarian Grand Prix,Mercedes,140,81379,82531.41,76627,0,0
1033,211,2020,3,Hungarian Grand Prix,Racing Point,139,81914,83519.07,78973,0,0
1033,9,2020,3,Hungarian Grand Prix,Red Bull,140,81732,83085.46,79184,0,0
1033,6,2020,3,Hungarian Grand Prix,Ferrari,138,82357,83992.2,80363,0,0
1033,1,2020,3,Hungarian Grand Prix,McLaren,138,82670,84152.38,79457,0,1
1033,4,2020,3,Hungarian Grand Prix,Renault,138,82495,84054.25,79532,0,0
1033,3,2020,3,Hungarian Grand Prix,Williams,134,84177,87093.77,79984,0,0
1033,213,2020,3,Hungarian Grand Prix,AlphaTauri,84,82489,85572.56,80946,0,0
1033,51,2020,3,Hungarian Grand Prix,Alfa Romeo,138,82593,84585.41,80096,0,0
1033,210,2020,3,Hungarian Grand Prix,Haas F1 Team,138,83152,84183.28,80477,0,0
1034,131,2020,4,British Grand Prix,Mercedes,104,90291,101968.59,89238,0,0
1034,9,2020,4,British Grand Prix,Red Bull,104,91119,101933.58,87097,0,0
1034,6,2020,4,British Grand Prix,Ferrari,104,91918,102143.24,89813,0,0
1034,1,2020,4,British Grand Prix,McLaren,104,91950,102290.51,89948,0,1
1034,4,2020,4,British Grand Prix,Renault,104,91997,102011.09,89482,0,0
1034,211,2020,4,British Grand Prix,Racing Point,52,92179,102280.65,90475,0,0
1034,213,2020,4,British Grand Prix,AlphaTauri,63,92586,103890.03,89603,0,0
1034,51,2020,4,British Grand Prix,Alfa Romeo,103,92691,103405.37,89973,0,0
1034,210,2020,4,British Grand Prix,Haas F1 Team,53,92632,102643.15,89782,0,0
1034,3,2020,4,British Grand Prix,Williams,104,92501,102587.68,90501,0,0
1035,131,2020,5,70th Anniversary Grand Prix,Mercedes,104,91622,92255.22,88451,0,0
1035,9,2020,5,70th Anniversary Grand Prix,Red Bull,104,91641,92337.81,89465,0,0
1035,211,2020,5,70th Anniversary Grand Prix,Racing Point,104,91988,92908.41,90087,0,0
1035,4,2020,5,70th Anniversary Grand Prix,Renault,103,92621,93547.67,90575,0,0
1035,213,2020,5,70th Anniversary Grand Prix,AlphaTauri,104,92401,93310.55,90092,0,0
1035,1,2020,5,70th Anniversary Grand Prix,McLaren,104,92382,93303.85,90556,0,1
1035,6,2020,5,70th Anniversary Grand Prix,Ferrari,104,91852,92948.51,90552,0,0
1035,210,2020,5,70th Anniversary Grand Prix,Haas F1 Team,94,93438,94708.2,90793,0,0
1035,51,2020,5,70th Anniversary Grand Prix,Alfa Romeo,102,93587,94294.55,91756,0,0
1035,3,2020,5,70th Anniversary Grand Prix,Williams,102,93100,94395.93,89950,0,0
1036,131,2020,6,Spanish Grand Prix,Mercedes,132,83245,83752.35,78183,0,0
1036,9,2020,6,Spanish Grand Prix,Red Bull,131,83775,84537.89,81477,0,0
1036,211,2020,6,Spanish Grand Prix,Racing Point,130,84689,85009.14,82024,0,0
1036,1,2020,6,Spanish Grand Prix,McLaren,130,84897,85209.22,81771,0,1
1036,213,2020,6,Spanish Grand Prix,AlphaTauri,130,84864,85335.35,82336,0,0
1036,6,2020,6,Spanish Grand Prix,Ferrari,103,85228,86169.41,82707,0,0
1036,4,2020,6,Spanish Grand Prix,Renault,130,85284,85448.86,82174,0,0
1036,210,2020,6,Spanish Grand Prix,Haas F1 Team,129,85702,86118.74,80409,0,0
1036,51,2020,6,Spanish Grand Prix,Alfa Romeo,130,85110,85705.78,81801,0,0
1036,3,2020,6,Spanish Grand Prix,Williams,129,85234,85984.13,82030,0,0
1037,131,2020,7,Belgian Grand Prix,Mercedes,88,108885,114840.57,107758,0,0
1037,9,2020,7,Belgian Grand Prix,Red Bull,88,110099,115405.56,108305,0,0
1037,4,2020,7,Belgian Grand Prix,Renault,88,110063,115421.01,107483,0,0
1037,211,2020,7,Belgian Grand Prix,Racing Point,88,110477,115946.64,108389,0,0
1037,6,2020,7,Belgian Grand Prix,Ferrari,88,111119,116424.27,107840,0,0
1037,213,2020,7,Belgian Grand Prix,AlphaTauri,88,110893,116080.6,107839,0,0
1037,1,2020,7,Belgian Grand Prix,McLaren,44,110378,115739.43,108552,0,1
1037,51,2020,7,Belgian Grand Prix,Alfa Romeo,53,111710,115921.08,109822,0,0
1037,210,2020,7,Belgian Grand Prix,Haas F1 Team,88,111326,116589.26,108083,0,0
1037,3,2020,7,Belgian Grand Prix,Williams,53,112160,116081.77,108048,0,0
1038,131,2020,8,Italian Grand Prix,Mercedes,106,85000,121476.08,82746,0,0
1038,1,2020,8,Italian Grand Prix,McLaren,106,85676,121306.86,83882,0,1
1038,211,2020,8,Italian Grand Prix,Racing Point,106,85778,121497.11,83897,0,0
1038,4,2020,8,Italian Grand Prix,Renault,106,85979,121501.83,83898,0,0
1038,9,2020,8,Italian Grand Prix,Red Bull,83,86382,132084.39,84888,0,0
1038,213,2020,8,Italian Grand Prix,AlphaTauri,106,86158,121455.85,84037,0,0
1038,51,2020,8,Italian Grand Prix,Alfa Romeo,106,86411,122109.65,84835,0,0
1038,6,2020,8,Italian Grand Prix,Ferrari,29,86925,93673.38,86026,0,0
1038,210,2020,8,Italian Grand Prix,Haas F1 Team,70,86282,113958.17,84785,0,0
1038,3,2020,8,Italian Grand Prix,Williams,106,86481,121901.71,84421,0,0
1039,131,2020,9,Tuscan Grand Prix,Mercedes,118,83124,141991.53,78833,0,0
1039,6,2020,9,Tuscan Grand Prix,Ferrari,118,84592,142444.47,81202,0,0
1039,9,2020,9,Tuscan Grand Prix,Red Bull,59,83899,142086.85,80039,0,0
1039,211,2020,9,Tuscan Grand Prix,Racing Point,101,84070,137459.98,80632,0,0
1039,4,2020,9,Tuscan Grand Prix,Renault,66,83761,141281.18,80426,0,0
1039,1,2020,9,Tuscan Grand Prix,McLaren,64,84437,141771.83,81198,0,1
1039,213,2020,9,Tuscan Grand Prix,AlphaTauri,59,84453,142318.92,81458,0,0
1039,3,2020,9,Tuscan Grand Prix,Williams,65,85099,141791.31,81645,0,0
1039,210,2020,9,Tuscan Grand Prix,Haas F1 Team,64,85897,142088.58,82263,0,0
1039,51,2020,9,Tuscan Grand Prix,Alfa Romeo,64,85358,141849.62,81164,0,0
1040,131,2020,10,Russian Grand Prix,Mercedes,106,99686,106636.39,97030,0,0
1040,9,2020,10,Russian Grand Prix,Red Bull,106,100537,107370.92,97332,0,0
1040,4,2020,10,Russian Grand Prix,Renault,106,100977,107507.54,97886,0,0
1040,211,2020,10,Russian Grand Prix,Racing Point,53,99976,106998.53,98141,0,0
1040,213,2020,10,Russian Grand Prix,AlphaTauri,106,101193,107917.3,97231,0,0
1040,6,2020,10,Russian Grand Prix,Ferrari,105,101554,108171.59,99053,0,0
1040,210,2020,10,Russian Grand Prix,Haas F1 Team,104,101751,109128.14,99614,0,0
1040,51,2020,10,Russian Grand Prix,Alfa Romeo,104,101710,108738.92,98858,0,0
1040,3,2020,10,Russian Grand Prix,Williams,104,102086,109769.83,97352,0,0
1040,1,2020,10,Russian Grand Prix,McLaren,52,101752,108964.92,97377,0,1
1041,131,2020,11,Eifel Grand Prix,Mercedes,78,91663,96018.18,88145,0,0
1041,9,2020,11,Eifel Grand Prix,Red Bull,83,91938,95911.4,88139,0,0
1041,6,2020,11,Eifel Grand Prix,Ferrari,120,93255,96424.22,90408,0,0
1041,4,2020,11,Eifel Grand Prix,Renault,82,93191,96031.65,89584,0,0
1041,1,2020,11,Eifel Grand Prix,McLaren,102,93370,95559.77,90129,0,1
1041,211,2020,11,Eifel Grand Prix,Racing Point,120,93394,96232.9,89700,0,0
1041,51,2020,11,Eifel Grand Prix,Alfa Romeo,120,93397,96506.61,90512,0,0
1041,213,2020,11,Eifel Grand Prix,AlphaTauri,120,93614,96480.3,90110,0,0
1041,210,2020,11,Eifel Grand Prix,Haas F1 Team,120,93653,96566.23,90456,0,0
1041,3,2020,11,Eifel Grand Prix,Williams,72,94726,96965.88,91377,0,0
1042,131,2020,12,Portuguese Grand Prix,Mercedes,132,81237,81964.0,78750,0,0
1042,1,2020,12,Portuguese Grand Prix,McLaren,130,82661,83559.37,79360,0,1
1042,9,2020,12,Portuguese Grand Prix,Red Bull,131,81977,82934.24,79854,0,0
1042,6,2020,12,Portuguese Grand Prix,Ferrari,131,82062,83071.99,80408,0,0
1042,51,2020,12,Portuguese Grand Prix,Alfa Romeo,130,82867,83803.32,81058,0,0
1042,4,2020,12,Portuguese Grand Prix,Renault,130,82531,83366.22,80859,0,0
1042,213,2020,12,Portuguese Grand Prix,AlphaTauri,129,82838,84046.77,80449,0,0
1042,211,2020,12,Portuguese Grand Prix,Racing Point,116,82700,84236.04,80802,0,0
1042,3,2020,12,Portuguese Grand Prix,Williams,129,83340,84155.96,80882,0,0
1042,210,2020,12,Portuguese Grand Prix,Haas F1 Team,130,83406,84148.82,81460,0,0
1043,131,2020,13,Emilia Romagna Grand Prix,Mercedes,126,78900,84370.18,75484,0,0
1043,9,2020,13,Emilia Romagna Grand Prix,Red Bull,113,79324,82773.12,76177,0,0
1043,4,2020,13,Emilia Romagna Grand Prix,Renault,90,80241,83836.07,77552,0,0
1043,213,2020,13,Emilia Romagna Grand Prix,AlphaTauri,71,79921,84286.73,77666,0,0
1043,6,2020,13,Emilia Romagna Grand Prix,Ferrari,126,79930,84701.78,77767,0,0
1043,1,2020,13,Emilia Romagna Grand Prix,McLaren,126,79978,84652.55,78069,0,1
1043,211,2020,13,Emilia Romagna Grand Prix,Racing Point,126,79973,84711.71,78084,0,0
1043,3,2020,13,Emilia Romagna Grand Prix,Williams,114,80329,83541.35,78719,0,0
1043,51,2020,13,Emilia Romagna Grand Prix,Alfa Romeo,126,80091,84710.17,78088,0,0
1043,210,2020,13,Emilia Romagna Grand Prix,Haas F1 Team,110,80227,83593.96,78822,0,0
1044,211,2020,14,Turkish Grand Prix,Racing Point,116,104283,106746.66,99921,0,0
1044,6,2020,14,Turkish Grand Prix,Ferrari,116,102960,106417.62,99662,0,0
1044,9,2020,14,Turkish Grand Prix,Red Bull,116,103316,106637.78,98431,0,0
1044,131,2020,14,Turkish Grand Prix,Mercedes,115,103780,107224.7,98193,0,0
1044,4,2020,14,Turkish Grand Prix,Renault,115,104575,107635.0,100677,0,0
1044,51,2020,14,Turkish Grand Prix,Alfa Romeo,68,107325,111100.31,99743,0,0
1044,1,2020,14,Turkish Grand Prix,McLaren,116,103553,106674.55,96806,0,1
1044,210,2020,14,Turkish Grand Prix,Haas F1 Team,104,106039,111383.63,100948,0,0
1044,213,2020,14,Turkish Grand Prix,AlphaTauri,114,104353,107945.75,99586,0,0
1044,3,2020,14,Turkish Grand Prix,Williams,96,107320,112264.75,100814,0,0
1045,131,2020,15,Bahrain Grand Prix,Mercedes,114,94831,126269.39,92864,0,0
1045,9,2020,15,Bahrain Grand Prix,Red Bull,114,95078,126177.97,92014,0,0
1045,211,2020,15,Bahrain Grand Prix,Racing Point,55,95087,149343.27,93629,0,0
1045,4,2020,15,Bahrain Grand Prix,Renault,114,96453,126466.68,92827,0,0
1045,213,2020,15,Bahrain Grand Prix,AlphaTauri,113,96858,127335.15,94141,0,0
1045,1,2020,15,Bahrain Grand Prix,McLaren,114,95815,126299.6,93411,0,1
1045,6,2020,15,Bahrain Grand Prix,Ferrari,112,97091,128402.76,93625,0,0
1045,51,2020,15,Bahrain Grand Prix,Alfa Romeo,112,97839,128521.27,93573,0,0
1045,210,2020,15,Bahrain Grand Prix,Haas F1 Team,56,98410,128745.93,95241,0,0
1045,3,2020,15,Bahrain Grand Prix,Williams,112,97672,128420.02,94591,0,0
1046,131,2020,16,Sakhir Grand Prix,Mercedes,174,58189,63127.43,55404,0,0
1046,1,2020,16,Sakhir Grand Prix,McLaren,174,58610,63116.95,57165,0,1
1046,4,2020,16,Sakhir Grand Prix,Renault,174,58630,63069.4,56979,0,0
1046,213,2020,16,Sakhir Grand Prix,AlphaTauri,174,58439,63133.84,57001,0,0
1046,211,2020,16,Sakhir Grand Prix,Racing Point,174,58652,63000.56,56789,0,0
1046,6,2020,16,Sakhir Grand Prix,Ferrari,87,58720,63192.24,56905,0,0
1046,210,2020,16,Sakhir Grand Prix,Haas F1 Team,174,59670,63330.21,57516,0,0
1046,9,2020,16,Sakhir Grand Prix,Red Bull,87,58745,63091.45,57056,0,0
1046,51,2020,16,Sakhir Grand Prix,Alfa Romeo,174,58890,63221.22,56887,0,0
1046,3,2020,16,Sakhir Grand Prix,Williams,139,59351,63226.14,57392,0,0
1047,9,2020,17,Abu Dhabi Grand Prix,Red Bull,110,101806,105429.79,100958,0,0
1047,131,2020,17,Abu Dhabi Grand Prix,Mercedes,110,101943,105560.74,101131,0,0
1047,1,2020,17,Abu Dhabi Grand Prix,McLaren,110,103049,106397.1,101947,0,1
1047,213,2020,17,Abu Dhabi Grand Prix,AlphaTauri,109,103677,107062.46,102474,0,0
1047,211,2020,17,Abu Dhabi Grand Prix,Racing Point,63,104281,107054.25,101866,0,0
1047,4,2020,17,Abu Dhabi Grand Prix,Renault,110,103387,106837.34,100926,0,0
1047,6,2020,17,Abu Dhabi Grand Prix,Ferrari,108,104206,107542.56,101475,0,0
1047,51,2020,17,Abu Dhabi Grand Prix,Alfa Romeo,108,104523,107560.69,101675,0,0
1047,3,2020,17,Abu Dhabi Grand Prix,Williams,108,105031,107894.37,102497,0,0
1047,210,2020,17,Abu Dhabi Grand Prix,Haas F1 Team,107,105978,109153.04,101707,0,0
1052,9,2021,1,Bahrain Grand Prix,Red Bull,112,95717,99112.38,93228,0,0
1052,131,2021,1,Bahrain Grand Prix,Mercedes,112,95122,98974.79,92090,0,0
1052,6,2021,1,Bahrain Grand Prix,Ferrari,112,96453,99767.71,94509,0,0
1052,213,2021,1,Bahrain Grand Prix,AlphaTauri,108,96745,100661.62,94090,0,0
1052,1,2021,1,Bahrain Grand Prix,McLaren,112,96396,99645.21,94396,0,1
1052,214,2021,1,Bahrain Grand Prix,Alpine F1 Team,87,97447,101857.8,95250,0,0
1052,117,2021,1,Bahrain Grand Prix,Aston Martin,111,97090,100568.01,94865,0,0
1052,51,2021,1,Bahrain Grand Prix,Alfa Romeo,111,96923,100378.88,95122,0,0
1052,3,2021,1,Bahrain Grand Prix,Williams,106,97802,101625.88,95036,0,0
1052,210,2021,1,Bahrain Grand Prix,Haas F1 Team,55,98144,101830.98,96134,0,0
1053,9,2021,2,Emilia Romagna Grand Prix,Red Bull,126,86601,117272.6,77524,0,0
1053,131,2021,2,Emilia Romagna Grand Prix,Mercedes,93,88724,112210.14,76702,0,0
1053,6,2021,2,Emilia Romagna Grand Prix,Ferrari,126,86920,117157.23,78379,0,0
1053,1,2021,2,Emilia Romagna Grand Prix,McLaren,126,87260,117334.27,78259,0,1
1053,213,2021,2,Emilia Romagna Grand Prix,AlphaTauri,126,88732,117699.98,78353,0,0
1053,117,2021,2,Emilia Romagna Grand Prix,Aston Martin,124,88524,118431.86,78994,0,0
1053,3,2021,2,Emilia Romagna Grand Prix,Williams,30,91800,101981.57,86543,0,0
1053,51,2021,2,Emilia Romagna Grand Prix,Alfa Romeo,125,89089,118289.55,79422,0,0
1053,214,2021,2,Emilia Romagna Grand Prix,Alpine F1 Team,126,89108,117789.37,79396,0,0
1053,210,2021,2,Emilia Romagna Grand Prix,Haas F1 Team,122,90175,121159.84,79193,0,0
1054,131,2021,3,Portuguese Grand Prix,Mercedes,132,82252,86184.64,79865,0,0
1054,9,2021,3,Portuguese Grand Prix,Red Bull,132,82469,86452.46,79849,0,0
1054,6,2021,3,Portuguese Grand Prix,Ferrari,132,83187,86951.35,81496,0,0
1054,1,2021,3,Portuguese Grand Prix,McLaren,132,83046,86890.76,81696,0,1
1054,214,2021,3,Portuguese Grand Prix,Alpine F1 Team,132,82957,86904.54,81032,0,0
1054,213,2021,3,Portuguese Grand Prix,AlphaTauri,131,83479,87361.99,82014,0,0
1054,117,2021,3,Portuguese Grand Prix,Aston Martin,130,83441,87384.34,81970,0,0
1054,3,2021,3,Portuguese Grand Prix,Williams,129,84858,88537.09,82654,0,0
1054,51,2021,3,Portuguese Grand Prix,Alfa Romeo,66,83241,87394.48,82167,0,0
1054,210,2021,3,Portuguese Grand Prix,Haas F1 Team,128,85230,89220.35,82755,0,0
1055,9,2021,4,Spanish Grand Prix,Red Bull,132,83035,85264.18,78149,0,0
1055,131,2021,4,Spanish Grand Prix,Mercedes,132,82621,84863.41,79430,0,0
1055,6,2021,4,Spanish Grand Prix,Ferrari,132,83719,85641.26,80459,0,0
1055,1,2021,4,Spanish Grand Prix,McLaren,131,84212,86058.88,81279,0,1
1055,214,2021,4,Spanish Grand Prix,Alpine F1 Team,130,84859,86803.35,81182,0,0
1055,117,2021,4,Spanish Grand Prix,Aston Martin,130,84642,86682.41,82607,0,0
1055,213,2021,4,Spanish Grand Prix,AlphaTauri,71,84341,86698.73,81375,0,0
1055,51,2021,4,Spanish Grand Prix,Alfa Romeo,130,85035,86776.86,82802,0,0
1055,210,2021,4,Spanish Grand Prix,Haas F1 Team,128,86054,87755.05,82637,0,0
1055,3,2021,4,Spanish Grand Prix,Williams,130,85236,86956.34,82905,0,0
1056,9,2021,5,Monaco Grand Prix,Red Bull,156,75774,76244.42,74552,0,0
1056,131,2021,5,Monaco Grand Prix,Mercedes,107,76485,76935.03,72909,0,0
1056,6,2021,5,Monaco Grand Prix,Ferrari,78,75755,76228.05,74621,0,0
1056,1,2021,5,Monaco Grand Prix,McLaren,155,76352,77026.26,74578,0,1
1056,213,2021,5,Monaco Grand Prix,AlphaTauri,155,76708,77426.97,74037,0,0
1056,117,2021,5,Monaco Grand Prix,Aston Martin,155,76298,76976.83,74674,0,0
1056,51,2021,5,Monaco Grand Prix,Alfa Romeo,154,77065,77662.31,74971,0,0
1056,214,2021,5,Monaco Grand Prix,Alpine F1 Team,154,77165,77676.74,75026,0,0
1056,3,2021,5,Monaco Grand Prix,Williams,154,77343,78041.08,75539,0,0
1056,210,2021,5,Monaco Grand Prix,Haas F1 Team,150,78684,79674.55,76425,0,0
1057,6,2021,6,Azerbaijan Grand Prix,Ferrari,102,107631,157297.62,105382,0,0
1057,131,2021,6,Azerbaijan Grand Prix,Mercedes,102,107376,157468.16,104769,0,0
1057,9,2021,6,Azerbaijan Grand Prix,Red Bull,96,106157,136999.73,104481,0,0
1057,213,2021,6,Azerbaijan Grand Prix,AlphaTauri,102,107192,157276.53,104939,0,0
1057,214,2021,6,Azerbaijan Grand Prix,Alpine F1 Team,54,108434,155268.46,105624,0,0
1057,117,2021,6,Azerbaijan Grand Prix,Aston Martin,80,107009,139413.21,104890,0,0
1057,1,2021,6,Azerbaijan Grand Prix,McLaren,102,107399,157318.12,105326,0,1
1057,51,2021,6,Azerbaijan Grand Prix,Alfa Romeo,102,108250,157378.92,105575,0,0
1057,3,2021,6,Azerbaijan Grand Prix,Williams,99,108684,137686.82,105959,0,0
1057,210,2021,6,Azerbaijan Grand Prix,Haas F1 Team,102,109715,157464.47,107624,0,0
1059,131,2021,7,French Grand Prix,Mercedes,106,98647,99142.09,96960,0,0
1059,9,2021,7,French Grand Prix,Red Bull,106,98080,99059.92,96404,0,0
1059,6,2021,7,French Grand Prix,Ferrari,105,100295,101064.3,97681,0,0
1059,213,2021,7,French Grand Prix,AlphaTauri,105,100019,100766.73,98103,0,0
1059,214,2021,7,French Grand Prix,Alpine F1 Team,105,100018,100784.3,97646,0,0
1059,1,2021,7,French Grand Prix,McLaren,106,99470,100296.5,97425,0,1
1059,117,2021,7,French Grand Prix,Aston Martin,106,100333,100595.77,97138,0,0
1059,51,2021,7,French Grand Prix,Alfa Romeo,104,100961,101267.5,97992,0,0
1059,3,2021,7,French Grand Prix,Williams,104,100474,101183.08,98313,0,0
1059,210,2021,7,French Grand Prix,Haas F1 Team,104,101278,102056.82,98847,0,0
1058,9,2021,8,Styrian Grand Prix,Red Bull,142,69292,69896.37,67894,0,0
1058,131,2021,8,Styrian Grand Prix,Mercedes,142,69664,70144.37,67058,0,0
1058,1,2021,8,Styrian Grand Prix,McLaren,140,70778,70955.62,68903,0,1
1058,117,2021,8,Styrian Grand Prix,Aston Martin,140,70495,71195.22,69787,0,0
1058,214,2021,8,Styrian Grand Prix,Alpine F1 Team,140,70864,71221.84,69576,0,0
1058,3,2021,8,Styrian Grand Prix,Williams,104,71494,73152.73,70104,0,0
1058,213,2021,8,Styrian Grand Prix,AlphaTauri,71,70478,71893.45,69650,0,0
1058,6,2021,8,Styrian Grand Prix,Ferrari,140,70308,70821.43,68609,0,0
1058,51,2021,8,Styrian Grand Prix,Alfa Romeo,140,70731,71293.96,69128,0,0
1058,210,2021,8,Styrian Grand Prix,Haas F1 Team,137,72220,72501.31,70005,0,0
1060,9,2021,9,Austrian Grand Prix,Red Bull,142,69218,71246.49,66200,0,0
1060,1,2021,9,Austrian Grand Prix,McLaren,142,69542,71475.35,68471,0,1
1060,131,2021,9,Austrian Grand Prix,Mercedes,142,69424,71362.75,68126,0,0
1060,213,2021,9,Austrian Grand Prix,AlphaTauri,141,70005,72009.57,68146,0,0
1060,117,2021,9,Austrian Grand Prix,Aston Martin,139,70277,72271.27,68420,0,0
1060,6,2021,9,Austrian Grand Prix,Ferrari,142,69984,71742.43,67762,0,0
1060,51,2021,9,Austrian Grand Prix,Alfa Romeo,140,70319,72507.14,68520,0,0
1060,3,2021,9,Austrian Grand Prix,Williams,140,70505,72350.45,68874,0,0
1060,214,2021,9,Austrian Grand Prix,Alpine F1 Team,70,70303,72079.81,68405,0,0
1060,210,2021,9,Austrian Grand Prix,Haas F1 Team,138,71536,73420.9,69394,0,0
1061,6,2021,10,British Grand Prix,Ferrari,104,92296,137056.66,90569,0,0
1061,131,2021,10,British Grand Prix,Mercedes,104,92190,136708.59,89699,0,0
1061,1,2021,10,British Grand Prix,McLaren,104,92590,137286.2,91284,0,1
1061,117,2021,10,British Grand Prix,Aston Martin,92,93571,144269.1,91992,0,0
1061,214,2021,10,British Grand Prix,Alpine F1 Team,104,93256,138027.14,91698,0,0
1061,51,2021,10,British Grand Prix,Alfa Romeo,102,93745,139399.72,91895,0,0
1061,213,2021,10,British Grand Prix,AlphaTauri,104,93284,138211.15,90266,0,0
1061,3,2021,10,British Grand Prix,Williams,102,93572,139345.7,92049,0,0
1061,210,2021,10,British Grand Prix,Haas F1 Team,102,95630,140600.16,92862,0,0
1061,9,2021,10,British Grand Prix,Red Bull,51,93373,139523.06,88617,0,0
1062,131,2021,11,Hungarian Grand Prix,Mercedes,70,81854,106941.93,78715,0,0
1062,214,2021,11,Hungarian Grand Prix,Alpine F1 Team,140,82761,107014.64,80359,0,0
1062,117,2021,11,Hungarian Grand Prix,Aston Martin,70,82995,106929.4,81459,0,0
1062,6,2021,11,Hungarian Grand Prix,Ferrari,70,82326,107117.39,81423,0,0
1062,213,2021,11,Hungarian Grand Prix,AlphaTauri,140,83173,107898.68,78394,0,0
1062,3,2021,11,Hungarian Grand Prix,Williams,140,83607,108024.3,82112,0,0
1062,9,2021,11,Hungarian Grand Prix,Red Bull,70,83642,108049.19,80945,0,0
1062,51,2021,11,Hungarian Grand Prix,Alfa Romeo,138,83528,108862.96,81518,0,0
1062,210,2021,11,Hungarian Grand Prix,Haas F1 Team,72,84660,130800.92,82711,0,0
1062,1,2021,11,Hungarian Grand Prix,McLaren,71,84341,110439.3,82802,0,1
1063,9,2021,12,Belgian Grand Prix,Red Bull,2,226173,226173.5,207071,0,0
1063,3,2021,12,Belgian Grand Prix,Williams,2,215811,215811.0,209066,0,0
1063,131,2021,12,Belgian Grand Prix,Mercedes,2,219578,219578.5,209672,0,0
1063,1,2021,12,Belgian Grand Prix,McLaren,2,222874,222874.0,211567,0,1
1063,117,2021,12,Belgian Grand Prix,Aston Martin,2,227864,227864.5,214550,0,0
1063,213,2021,12,Belgian Grand Prix,AlphaTauri,2,226324,226324.0,217248,0,0
1063,214,2021,12,Belgian Grand Prix,Alpine F1 Team,2,223155,223155.5,218650,0,0
1063,6,2021,12,Belgian Grand Prix,Ferrari,2,221458,221458.0,219679,0,0
1063,51,2021,12,Belgian Grand Prix,Alfa Romeo,2,237179,237179.5,231234,0,0
1063,210,2021,12,Belgian Grand Prix,Haas F1 Team,2,237821,237821.0,236578,0,0
1064,9,2021,13,Dutch Grand Prix,Red Bull,143,75108,75936.18,73275,0,0
1064,131,2021,13,Dutch Grand Prix,Mercedes,144,74924,75612.38,71097,0,0
1064,213,2021,13,Dutch Grand Prix,AlphaTauri,119,76438,77091.27,74818,0,0
1064,6,2021,13,Dutch Grand Prix,Ferrari,142,76256,76585.01,74780,0,0
1064,214,2021,13,Dutch Grand Prix,Alpine F1 Team,142,76498,76798.09,74323,0,0
1064,1,2021,13,Dutch Grand Prix,McLaren,142,76660,76958.08,74236,0,1
1064,51,2021,13,Dutch Grand Prix,Alfa Romeo,140,77435,77850.18,75125,0,0
1064,3,2021,13,Dutch Grand Prix,Williams,139,77186,78151.04,75628,0,0
1064,117,2021,13,Dutch Grand Prix,Aston Martin,140,76886,77483.27,73958,0,0
1064,210,2021,13,Dutch Grand Prix,Haas F1 Team,110,78120,79232.25,75927,0,0
1065,1,2021,14,Italian Grand Prix,McLaren,106,86515,92740.35,84812,0,1
1065,9,2021,14,Italian Grand Prix,Red Bull,78,86721,91433.79,85156,0,0
1065,131,2021,14,Italian Grand Prix,Mercedes,78,86684,91173.35,84827,0,0
1065,6,2021,14,Italian Grand Prix,Ferrari,106,86889,92892.21,85319,0,0
1065,117,2021,14,Italian Grand Prix,Aston Martin,106,87450,93105.24,85853,0,0
1065,214,2021,14,Italian Grand Prix,Alpine F1 Team,106,87467,93083.01,85472,0,0
1065,3,2021,14,Italian Grand Prix,Williams,106,87596,93134.1,85835,0,0
1065,51,2021,14,Italian Grand Prix,Alfa Romeo,106,87323,93261.46,85718,0,0
1065,210,2021,14,Italian Grand Prix,Haas F1 Team,94,88809,94676.29,86707,0,0
1065,213,2021,14,Italian Grand Prix,AlphaTauri,3,109173,106783.0,89005,0,0
1066,6,2021,15,Russian Grand Prix,Ferrari,105,101332,104782.25,98994,0,0
1066,1,2021,15,Russian Grand Prix,McLaren,106,101466,104102.2,97423,0,1
1066,3,2021,15,Russian Grand Prix,Williams,100,101623,104029.66,100000,0,0
1066,117,2021,15,Russian Grand Prix,Aston Martin,105,101574,104661.48,99251,0,0
1066,214,2021,15,Russian Grand Prix,Alpine F1 Team,105,101502,104886.34,98686,0,0
1066,131,2021,15,Russian Grand Prix,Mercedes,106,101793,103297.5,97575,0,0
1066,9,2021,15,Russian Grand Prix,Red Bull,106,101585,104012.73,98396,0,0
1066,51,2021,15,Russian Grand Prix,Alfa Romeo,105,102113,105271.13,99058,0,0
1066,210,2021,15,Russian Grand Prix,Haas F1 Team,83,103647,106014.45,100276,0,0
1066,213,2021,15,Russian Grand Prix,AlphaTauri,104,101733,105964.49,98279,0,0
1067,131,2021,16,Turkish Grand Prix,Mercedes,116,94130,94569.12,90432,0,0
1067,9,2021,16,Turkish Grand Prix,Red Bull,116,94334,94622.94,92459,0,0
1067,6,2021,16,Turkish Grand Prix,Ferrari,116,94475,94978.84,91921,0,0
1067,213,2021,16,Turkish Grand Prix,AlphaTauri,115,95167,95625.43,92814,0,0
1067,1,2021,16,Turkish Grand Prix,McLaren,115,94948,95604.26,92446,0,1
1067,117,2021,16,Turkish Grand Prix,Aston Martin,115,95174,96227.02,92608,0,0
1067,214,2021,16,Turkish Grand Prix,Alpine F1 Team,114,95650,96223.2,93252,0,0
1067,51,2021,16,Turkish Grand Prix,Alfa Romeo,114,95588,96107.17,92586,0,0
1067,3,2021,16,Turkish Grand Prix,Williams,114,95640,96424.02,93399,0,0
1067,210,2021,16,Turkish Grand Prix,Haas F1 Team,112,97387,98133.21,94209,0,0
1069,131,2021,17,United States Grand Prix,Mercedes,112,101104,102094.33,98485,0,0
1069,9,2021,17,United States Grand Prix,Red Bull,112,100869,101743.99,99096,0,0
1069,6,2021,17,United States Grand Prix,Ferrari,112,101539,102579.42,99303,0,0
1069,1,2021,17,United States Grand Prix,McLaren,112,101817,102806.72,100228,0,1
1069,213,2021,17,United States Grand Prix,AlphaTauri,69,103167,104885.84,101151,0,0
1069,51,2021,17,United States Grand Prix,Alfa Romeo,110,103161,104189.15,100792,0,0
1069,214,2021,17,United States Grand Prix,Alpine F1 Team,89,103500,105122.98,100067,0,0
1069,3,2021,17,United States Grand Prix,Williams,110,103721,104684.19,101120,0,0
1069,117,2021,17,United States Grand Prix,Aston Martin,110,103091,104071.93,100481,0,0
1069,210,2021,17,United States Grand Prix,Haas F1 Team,108,104811,106035.45,101395,0,0
1070,9,2021,18,Mexico City Grand Prix,Red Bull,142,81084,83492.42,78999,0,0
1070,131,2021,18,Mexico City Grand Prix,Mercedes,140,81623,84911.86,77774,0,0
1070,213,2021,18,Mexico City Grand Prix,AlphaTauri,71,81561,84266.63,80510,0,0
1070,6,2021,18,Mexico City Grand Prix,Ferrari,141,81941,84550.63,80081,0,0
1070,51,2021,18,Mexico City Grand Prix,Alfa Romeo,140,82406,85102.36,80713,0,0
1070,117,2021,18,Mexico City Grand Prix,Aston Martin,139,82356,85296.27,80460,0,0
1070,3,2021,18,Mexico City Grand Prix,Williams,138,83481,86451.19,81546,0,0
1070,210,2021,18,Mexico City Grand Prix,Haas F1 Team,68,84717,87741.22,81402,0,0
1070,214,2021,18,Mexico City Grand Prix,Alpine F1 Team,140,82576,85251.67,80711,0,0
1070,1,2021,18,Mexico City Grand Prix,McLaren,140,82362,85187.76,80617,0,1
1071,9,2021,19,São Paulo Grand Prix,Red Bull,142,74176,78423.51,71010,0,0
1071,131,2021,19,São Paulo Grand Prix,Mercedes,142,73612,78163.93,71982,0,0
1071,6,2021,19,São Paulo Grand Prix,Ferrari,142,74790,78781.96,72710,0,0
1071,117,2021,19,São Paulo Grand Prix,Aston Martin,117,76146,80597.23,73634,0,0
1071,213,2021,19,São Paulo Grand Prix,AlphaTauri,140,75758,79676.39,73227,0,0
1071,1,2021,19,São Paulo Grand Prix,McLaren,119,75817,80288.83,73761,0,1
1071,214,2021,19,São Paulo Grand Prix,Alpine F1 Team,140,75768,79480.21,73922,0,0
1071,51,2021,19,São Paulo Grand Prix,Alfa Romeo,140,75930,79838.23,72621,0,0
1071,210,2021,19,São Paulo Grand Prix,Haas F1 Team,138,77039,81112.28,73793,0,0
1071,3,2021,19,São Paulo Grand Prix,Williams,140,76314,80090.01,74355,0,0
1051,131,2021,20,Qatar Grand Prix,Mercedes,105,87991,89797.23,85084,0,0
1051,214,2021,20,Qatar Grand Prix,Alpine F1 Team,114,88888,90148.85,86682,0,0
1051,213,2021,20,Qatar Grand Prix,AlphaTauri,112,89123,90911.22,87019,0,0
1051,9,2021,20,Qatar Grand Prix,Red Bull,114,88018,89692.9,83196,0,0
1051,1,2021,20,Qatar Grand Prix,McLaren,112,89826,90814.79,85746,0,1
1051,6,2021,20,Qatar Grand Prix,Ferrari,114,89794,90368.24,86555,0,0
1051,117,2021,20,Qatar Grand Prix,Aston Martin,113,89334,90476.21,86434,0,0
1051,51,2021,20,Qatar Grand Prix,Alfa Romeo,112,89641,91382.32,86358,0,0
1051,3,2021,20,Qatar Grand Prix,Williams,105,90142,91869.9,85768,0,0
1051,210,2021,20,Qatar Grand Prix,Haas F1 Team,111,91465,92252.68,87340,0,0
1072,131,2021,21,Saudi Arabian Grand Prix,Mercedes,100,93713,151777.67,90734,0,0
1072,9,2021,21,Saudi Arabian Grand Prix,Red Bull,64,94347,160693.0,91488,0,0
1072,6,2021,21,Saudi Arabian Grand Prix,Ferrari,100,94857,152413.17,91601,0,0
1072,1,2021,21,Saudi Arabian Grand Prix,McLaren,100,95364,152517.15,91914,0,1
1072,214,2021,21,Saudi Arabian Grand Prix,Alpine F1 Team,99,95655,153550.0,91633,0,0
1072,213,2021,21,Saudi Arabian Grand Prix,AlphaTauri,99,95720,153688.18,92297,0,0
1072,51,2021,21,Saudi Arabian Grand Prix,Alfa Romeo,99,95811,154011.12,92778,0,0
1072,117,2021,21,Saudi Arabian Grand Prix,Aston Martin,94,95956,157150.19,92804,0,0
1072,3,2021,21,Saudi Arabian Grand Prix,Williams,64,97387,162296.98,92751,0,0
1072,210,2021,21,Saudi Arabian Grand Prix,Haas F1 Team,22,98289,159700.55,96043,0,0
1073,131,2021,22,Abu Dhabi Grand Prix,Mercedes,116,88703,93486.28,86615,0,0
1073,9,2021,22,Abu Dhabi Grand Prix,Red Bull,113,88492,92654.12,86103,0,0
1073,6,2021,22,Abu Dhabi Grand Prix,Ferrari,116,89625,94016.55,87618,0,0
1073,1,2021,22,Abu Dhabi Grand Prix,McLaren,115,89996,94760.62,86762,0,1
1073,213,2021,22,Abu Dhabi Grand Prix,AlphaTauri,116,89798,93507.87,87342,0,0
1073,214,2021,22,Abu Dhabi Grand Prix,Alpine F1 Team,116,89886,94486.41,87607,0,0
1073,51,2021,22,Abu Dhabi Grand Prix,Alfa Romeo,58,90860,92826.02,89442,0,0
1073,117,2021,22,Abu Dhabi Grand Prix,Aston Martin,115,90563,94871.3,88303,0,0
1073,3,2021,22,Abu Dhabi Grand Prix,Williams,76,91170,93241.39,89293,0,0
1073,210,2021,22,Abu Dhabi Grand Prix,Haas F1 Team,57,90884,95192.05,89457,0,0
1074,6,2022,1,Bahrain Grand Prix,Ferrari,114,98321,102743.56,94570,0,0
1074,9,2022,1,Bahrain Grand Prix,Red Bull,110,98719,103302.01,95440,0,0
1074,131,2022,1,Bahrain Grand Prix,Mercedes,114,99058,102877.67,96228,0,0
1074,210,2022,1,Bahrain Grand Prix,Haas F1 Team,114,100394,103109.61,96623,0,0
1074,213,2022,1,Bahrain Grand Prix,AlphaTauri,101,99800,102062.72,97104,0,0
1074,214,2022,1,Bahrain Grand Prix,Alpine F1 Team,114,100017,103061.24,96733,0,0
1074,3,2022,1,Bahrain Grand Prix,Williams,114,101143,103709.61,97355,0,0
1074,51,2022,1,Bahrain Grand Prix,Alfa Romeo,114,99917,103038.17,96599,0,0
1074,117,2022,1,Bahrain Grand Prix,Aston Martin,114,100852,103656.75,97146,0,0
1074,1,2022,1,Bahrain Grand Prix,McLaren,114,101540,103670.86,96988,0,1
1075,9,2022,2,Saudi Arabian Grand Prix,Red Bull,100,94460,101293.86,91772,0,0
1075,6,2022,2,Saudi Arabian Grand Prix,Ferrari,100,94432,101272.32,91634,0,0
1075,214,2022,2,Saudi Arabian Grand Prix,Alpine F1 Team,85,96315,102727.75,93103,0,0
1075,131,2022,2,Saudi Arabian Grand Prix,Mercedes,100,95550,102252.66,92821,0,0
1075,51,2022,2,Saudi Arabian Grand Prix,Alfa Romeo,86,96556,103483.51,93924,0,0
1075,210,2022,2,Saudi Arabian Grand Prix,Haas F1 Team,50,95926,102472.02,92779,0,0
1075,213,2022,2,Saudi Arabian Grand Prix,AlphaTauri,50,96385,102444.78,93468,0,0
1075,1,2022,2,Saudi Arabian Grand Prix,McLaren,85,96292,102833.49,92753,0,1
1075,117,2022,2,Saudi Arabian Grand Prix,Aston Martin,99,96966,103281.78,93651,0,0
1075,3,2022,2,Saudi Arabian Grand Prix,Williams,61,98018,102255.23,94368,0,0
1076,6,2022,3,Australian Grand Prix,Ferrari,59,83356,90941.97,80260,0,0
1076,9,2022,3,Australian Grand Prix,Red Bull,96,84377,92633.44,81094,0,0
1076,131,2022,3,Australian Grand Prix,Mercedes,116,84485,91269.24,81495,0,0
1076,1,2022,3,Australian Grand Prix,McLaren,116,85006,91725.31,82248,0,1
1076,214,2022,3,Australian Grand Prix,Alpine F1 Team,115,85239,92393.91,80846,0,0
1076,213,2022,3,Australian Grand Prix,AlphaTauri,115,85399,92309.81,82731,0,0
1076,51,2022,3,Australian Grand Prix,Alfa Romeo,116,85311,92096.81,81651,0,0
1076,210,2022,3,Australian Grand Prix,Haas F1 Team,114,85326,92449.89,83006,0,0
1076,117,2022,3,Australian Grand Prix,Aston Martin,80,85621,92918.62,83592,0,0
1076,3,2022,3,Australian Grand Prix,Williams,115,85491,92373.57,82589,0,0
1077,9,2022,4,Emilia Romagna Grand Prix,Red Bull,126,81225,87876.98,78446,0,0
1077,1,2022,4,Emilia Romagna Grand Prix,McLaren,125,82801,89227.7,80903,0,1
1077,6,2022,4,Emilia Romagna Grand Prix,Ferrari,63,81589,88635.84,78574,0,0
1077,210,2022,4,Emilia Romagna Grand Prix,Haas F1 Team,125,82306,89401.22,78999,0,0
1077,131,2022,4,Emilia Romagna Grand Prix,Mercedes,125,82356,88910.06,80962,0,0
1077,51,2022,4,Emilia Romagna Grand Prix,Alfa Romeo,125,82123,88980.25,80758,0,0
1077,214,2022,4,Emilia Romagna Grand Prix,Alpine F1 Team,68,83233,92430.29,81887,0,0
1077,117,2022,4,Emilia Romagna Grand Prix,Aston Martin,125,82438,89089.25,81211,0,0
1077,213,2022,4,Emilia Romagna Grand Prix,AlphaTauri,125,82346,89053.28,80544,0,0
1077,3,2022,4,Emilia Romagna Grand Prix,Williams,124,82771,89483.73,81338,0,0
1078,6,2022,5,Miami Grand Prix,Ferrari,114,93866,99478.34,91488,1,0
1078,9,2022,5,Miami Grand Prix,Red Bull,114,93932,99466.26,91361,1,0
1078,51,2022,5,Miami Grand Prix,Alfa Romeo,63,95047,100037.52,93184,1,0
1078,213,2022,5,Miami Grand Prix,AlphaTauri,102,95593,100893.57,93035,1,0
1078,214,2022,5,Miami Grand Prix,Alpine F1 Team,114,95174,99859.91,93163,1,0
1078,131,2022,5,Miami Grand Prix,Mercedes,114,94842,99723.39,92195,1,0
1078,1,2022,5,Miami Grand Prix,McLaren,96,95606,98433.35,93265,1,1
1078,210,2022,5,Miami Grand Prix,Haas F1 Team,113,95320,100410.85,92528,1,0
1078,3,2022,5,Miami Grand Prix,Williams,114,96133,100094.89,93447,1,0
1078,117,2022,5,Miami Grand Prix,Aston Martin,111,95631,100362.18,93312,1,0
1079,6,2022,6,Spanish Grand Prix,Ferrari,93,88192,89326.25,85985,0,0
1079,9,2022,6,Spanish Grand Prix,Red Bull,132,87609,88591.08,84108,0,0
1079,131,2022,6,Spanish Grand Prix,Mercedes,132,88076,89154.63,84253,0,0
1079,210,2022,6,Spanish Grand Prix,Haas F1 Team,129,89835,90984.88,87447,0,0
1079,51,2022,6,Spanish Grand Prix,Alfa Romeo,94,89070,90170.45,86395,0,0
1079,1,2022,6,Spanish Grand Prix,McLaren,131,89298,90105.82,85619,0,1
1079,214,2022,6,Spanish Grand Prix,Alpine F1 Team,131,89026,89795.37,85935,0,0
1079,213,2022,6,Spanish Grand Prix,AlphaTauri,130,89417,90250.32,86828,0,0
1079,117,2022,6,Spanish Grand Prix,Aston Martin,130,89365,90537.72,86876,0,0
1079,3,2022,6,Spanish Grand Prix,Williams,128,90495,91685.42,87246,0,0
1080,6,2022,7,Monaco Grand Prix,Ferrari,128,82932,109254.73,76249,0,0
1080,9,2022,7,Monaco Grand Prix,Red Bull,128,82819,109234.54,76028,0,0
1080,1,2022,7,Monaco Grand Prix,McLaren,128,83700,109768.72,74693,0,1
1080,131,2022,7,Monaco Grand Prix,Mercedes,128,82878,109710.05,76830,0,0
1080,214,2022,7,Monaco Grand Prix,Alpine F1 Team,128,84818,109980.72,75882,0,0
1080,117,2022,7,Monaco Grand Prix,Aston Martin,128,84560,110116.16,77558,0,0
1080,213,2022,7,Monaco Grand Prix,AlphaTauri,127,84996,110768.32,75334,0,0
1080,51,2022,7,Monaco Grand Prix,Alfa Romeo,127,84257,110579.17,77600,0,0
1080,210,2022,7,Monaco Grand Prix,Haas F1 Team,43,98281,104252.51,84778,0,0
1080,3,2022,7,Monaco Grand Prix,Williams,111,92971,115351.32,78023,0,0
1081,9,2022,8,Azerbaijan Grand Prix,Red Bull,102,108061,110908.87,106046,0,0
1081,6,2022,8,Azerbaijan Grand Prix,Ferrari,29,108841,113050.31,107531,0,0
1081,131,2022,8,Azerbaijan Grand Prix,Mercedes,102,109274,111858.39,107044,0,0
1081,213,2022,8,Azerbaijan Grand Prix,AlphaTauri,101,109909,112653.93,107523,0,0
1081,117,2022,8,Azerbaijan Grand Prix,Aston Martin,97,110496,113275.92,108038,0,0
1081,214,2022,8,Azerbaijan Grand Prix,Alpine F1 Team,102,110446,112633.94,107989,0,0
1081,1,2022,8,Azerbaijan Grand Prix,McLaren,102,110247,112516.13,107997,0,1
1081,51,2022,8,Azerbaijan Grand Prix,Alfa Romeo,73,110701,113456.62,108179,0,0
1081,3,2022,8,Azerbaijan Grand Prix,Williams,100,110840,113995.88,107966,0,0
1081,210,2022,8,Azerbaijan Grand Prix,Haas F1 Team,81,110683,113391.33,108410,0,0
1082,9,2022,9,Canadian Grand Prix,Red Bull,77,77695,82484.66,75839,0,0
1082,214,2022,9,Canadian Grand Prix,Alpine F1 Team,140,78692,82945.35,77010,0,0
1082,6,2022,9,Canadian Grand Prix,Ferrari,140,77991,82711.96,75749,0,0
1082,131,2022,9,Canadian Grand Prix,Mercedes,140,77961,82734.52,76167,0,0
1082,210,2022,9,Canadian Grand Prix,Haas F1 Team,88,79589,83426.67,78046,0,0
1082,1,2022,9,Canadian Grand Prix,McLaren,140,79323,83240.76,77495,0,1
1082,51,2022,9,Canadian Grand Prix,Alfa Romeo,140,79170,82969.38,76578,0,0
1082,3,2022,9,Canadian Grand Prix,Williams,140,79770,83345.61,77951,0,0
1082,117,2022,9,Canadian Grand Prix,Aston Martin,140,79175,83185.58,77421,0,0
1082,213,2022,9,Canadian Grand Prix,AlphaTauri,117,79348,82701.56,77810,0,0
1083,9,2022,10,British Grand Prix,Red Bull,104,93784,159261.33,90937,0,0
1083,6,2022,10,British Grand Prix,Ferrari,104,93050,159126.62,90813,0,0
1083,131,2022,10,British Grand Prix,Mercedes,52,92807,159164.15,90510,0,0
1083,214,2022,10,British Grand Prix,Alpine F1 Team,89,94363,168782.76,91609,0,0
1083,1,2022,10,British Grand Prix,McLaren,104,94485,159474.83,91645,0,1
1083,3,2022,10,British Grand Prix,Williams,52,95248,159669.65,93286,0,0
1083,51,2022,10,British Grand Prix,Alfa Romeo,20,95575,256319.25,95103,0,0
1083,213,2022,10,British Grand Prix,AlphaTauri,78,95540,179816.26,93832,0,0
1083,210,2022,10,British Grand Prix,Haas F1 Team,104,95002,159463.53,92109,0,0
1083,117,2022,10,British Grand Prix,Aston Martin,104,94709,159510.82,92379,0,0
1084,9,2022,11,Austrian Grand Prix,Red Bull,95,70460,72448.0,67275,0,0
1084,6,2022,11,Austrian Grand Prix,Ferrari,127,70441,71254.31,67583,0,0
1084,131,2022,11,Austrian Grand Prix,Mercedes,142,70846,72033.89,69000,0,0
1084,214,2022,11,Austrian Grand Prix,Alpine F1 Team,141,71350,72450.25,68558,0,0
1084,210,2022,11,Austrian Grand Prix,Haas F1 Team,140,71361,72468.14,69625,0,0
1084,1,2022,11,Austrian Grand Prix,McLaren,140,71544,72522.68,69304,0,1
1084,117,2022,11,Austrian Grand Prix,Aston Martin,140,71691,72820.95,70000,0,0
1084,213,2022,11,Austrian Grand Prix,AlphaTauri,140,71776,72872.64,70023,0,0
1084,3,2022,11,Austrian Grand Prix,Williams,118,71954,73013.48,69669,0,0
1084,51,2022,11,Austrian Grand Prix,Alfa Romeo,140,71556,72712.84,69266,0,0
1085,6,2022,12,French Grand Prix,Ferrari,70,98855,101656.09,95781,0,0
1085,9,2022,12,French Grand Prix,Red Bull,106,98447,102089.94,97491,0,0
1085,131,2022,12,French Grand Prix,Mercedes,106,98735,102182.13,97548,0,0
1085,214,2022,12,French Grand Prix,Alpine F1 Team,106,99826,102868.51,98160,0,0
1085,1,2022,12,French Grand Prix,McLaren,106,99912,102987.0,98985,0,1
1085,117,2022,12,French Grand Prix,Aston Martin,106,100090,103125.16,99044,0,0
1085,3,2022,12,French Grand Prix,Williams,93,100621,103936.08,99199,0,0
1085,210,2022,12,French Grand Prix,Haas F1 Team,90,100204,103663.6,99068,0,0
1085,213,2022,12,French Grand Prix,AlphaTauri,70,100751,103461.24,98786,0,0
1085,51,2022,12,French Grand Prix,Alfa Romeo,100,100472,103898.43,97963,0,0
1086,131,2022,13,Hungarian Grand Prix,Mercedes,140,83876,85514.25,81386,0,0
1086,6,2022,13,Hungarian Grand Prix,Ferrari,140,83963,85588.93,81622,0,0
1086,1,2022,13,Hungarian Grand Prix,McLaren,139,84924,86809.79,83043,0,1
1086,214,2022,13,Hungarian Grand Prix,Alpine F1 Team,138,85240,86747.29,83979,0,0
1086,9,2022,13,Hungarian Grand Prix,Red Bull,140,83751,85482.23,81940,0,0
1086,210,2022,13,Hungarian Grand Prix,Haas F1 Team,138,85721,87357.61,83151,0,0
1086,51,2022,13,Hungarian Grand Prix,Alfa Romeo,134,85402,86823.68,82029,0,0
1086,117,2022,13,Hungarian Grand Prix,Aston Martin,138,85159,86825.34,82437,0,0
1086,3,2022,13,Hungarian Grand Prix,Williams,138,85502,87664.46,82478,0,0
1086,213,2022,13,Hungarian Grand Prix,AlphaTauri,137,85493,87857.25,83199,0,0
1087,6,2022,14,Belgian Grand Prix,Ferrari,88,113872,118211.48,109984,0,0
1087,9,2022,14,Belgian Grand Prix,Red Bull,88,112746,117313.97,109354,0,0
1087,131,2022,14,Belgian Grand Prix,Mercedes,44,113453,117773.5,110793,0,0
1087,214,2022,14,Belgian Grand Prix,Alpine F1 Team,88,114637,118803.23,111717,0,0
1087,117,2022,14,Belgian Grand Prix,Aston Martin,88,114693,119170.15,112515,0,0
1087,1,2022,14,Belgian Grand Prix,McLaren,88,115424,119519.2,111678,0,1
1087,3,2022,14,Belgian Grand Prix,Williams,87,115429,119753.86,112256,0,0
1087,210,2022,14,Belgian Grand Prix,Haas F1 Team,86,115514,119877.72,112212,0,0
1087,51,2022,14,Belgian Grand Prix,Alfa Romeo,45,115378,119662.16,112317,0,0
1087,213,2022,14,Belgian Grand Prix,AlphaTauri,88,114559,119354.39,112436,0,0
1088,9,2022,15,Dutch Grand Prix,Red Bull,144,76362,80720.24,73652,0,0
1088,6,2022,15,Dutch Grand Prix,Ferrari,144,76635,80780.49,74413,0,0
1088,131,2022,15,Dutch Grand Prix,Mercedes,144,76675,80712.73,73671,0,0
1088,1,2022,15,Dutch Grand Prix,McLaren,144,77287,80990.39,74706,0,1
1088,117,2022,15,Dutch Grand Prix,Aston Martin,144,77393,80965.36,74862,0,0
1088,214,2022,15,Dutch Grand Prix,Alpine F1 Team,144,76979,80870.95,74144,0,0
1088,210,2022,15,Dutch Grand Prix,Haas F1 Team,144,77725,81079.24,75233,0,0
1088,213,2022,15,Dutch Grand Prix,AlphaTauri,115,77623,81195.85,75165,0,0
1088,51,2022,15,Dutch Grand Prix,Alfa Romeo,125,77863,80644.55,75940,0,0
1088,3,2022,15,Dutch Grand Prix,Williams,143,78194,81664.43,75534,0,0
1089,6,2022,16,Italian Grand Prix,Ferrari,106,86066,91155.93,84336,0,0
1089,131,2022,16,Italian Grand Prix,Mercedes,106,86718,91167.99,84434,0,0
1089,1,2022,16,Italian Grand Prix,McLaren,98,87297,89956.14,84718,0,1
1089,9,2022,16,Italian Grand Prix,Red Bull,106,86090,91142.58,84030,0,0
1089,213,2022,16,Italian Grand Prix,AlphaTauri,105,87469,92026.46,86718,0,0
1089,214,2022,16,Italian Grand Prix,Alpine F1 Team,84,87648,90335.15,86593,0,0
1089,3,2022,16,Italian Grand Prix,Williams,105,87459,92047.01,86624,0,0
1089,51,2022,16,Italian Grand Prix,Alfa Romeo,105,87611,92031.9,85706,0,0
1089,117,2022,16,Italian Grand Prix,Aston Martin,49,87928,89354.65,87467,0,0
1089,210,2022,16,Italian Grand Prix,Haas F1 Team,105,87918,92078.26,85298,0,0
1091,9,2022,17,Singapore Grand Prix,Red Bull,118,119634,124866.96,108165,0,0
1091,6,2022,17,Singapore Grand Prix,Ferrari,118,119524,124520.14,108414,0,0
1091,131,2022,17,Singapore Grand Prix,Mercedes,116,122135,127055.83,106458,0,0
1091,1,2022,17,Singapore Grand Prix,McLaren,118,120868,125041.45,109212,0,1
1091,214,2022,17,Singapore Grand Prix,Alpine F1 Team,46,122896,128924.24,120463,0,0
1091,213,2022,17,Singapore Grand Prix,AlphaTauri,93,122801,127341.24,110569,0,0
1091,117,2022,17,Singapore Grand Prix,Aston Martin,118,121396,125396.93,110283,0,0
1091,210,2022,17,Singapore Grand Prix,Haas F1 Team,117,122455,126928.43,110290,0,0
1091,51,2022,17,Singapore Grand Prix,Alfa Romeo,65,122810,126287.42,111864,0,0
1091,3,2022,17,Singapore Grand Prix,Williams,32,126044,133391.44,122121,0,0
1092,9,2022,18,Japanese Grand Prix,Red Bull,56,108058,132769.18,104911,0,0
1092,6,2022,18,Japanese Grand Prix,Ferrari,28,108922,133241.68,104489,0,0
1092,214,2022,18,Japanese Grand Prix,Alpine F1 Team,56,109106,133822.54,104412,0,0
1092,131,2022,18,Japanese Grand Prix,Mercedes,56,108944,133857.05,105530,0,0
1092,1,2022,18,Japanese Grand Prix,McLaren,56,110043,134851.2,107843,0,1
1092,213,2022,18,Japanese Grand Prix,AlphaTauri,56,110125,135208.89,105387,0,0
1092,210,2022,18,Japanese Grand Prix,Haas F1 Team,56,110599,135474.05,106545,0,0
1092,117,2022,18,Japanese Grand Prix,Aston Martin,56,109323,134433.39,105205,0,0
1092,51,2022,18,Japanese Grand Prix,Alfa Romeo,56,110768,135384.77,104411,0,0
1092,3,2022,18,Japanese Grand Prix,Williams,28,110079,134790.96,108371,0,0
1093,9,2022,19,United States Grand Prix,Red Bull,112,101899,109568.46,99541,0,0
1093,131,2022,19,United States Grand Prix,Mercedes,112,102185,109939.39,98788,0,0
1093,117,2022,19,United States Grand Prix,Aston Martin,77,103660,111197.04,101538,0,0
1093,1,2022,19,United States Grand Prix,McLaren,112,104011,110782.55,101322,0,1
1093,213,2022,19,United States Grand Prix,AlphaTauri,112,103531,110768.36,101674,0,0
1093,3,2022,19,United States Grand Prix,Williams,112,104498,111044.81,102471,0,0
1093,6,2022,19,United States Grand Prix,Ferrari,57,102279,109722.88,99731,0,0
1093,51,2022,19,United States Grand Prix,Alfa Romeo,72,104252,109724.36,102394,0,0
1093,214,2022,19,United States Grand Prix,Alpine F1 Team,112,104024,110636.85,101243,0,0
1093,210,2022,19,United States Grand Prix,Haas F1 Team,112,104068,110791.95,102320,0,0
1094,9,2022,20,Mexico City Grand Prix,Red Bull,142,82789,83461.65,81775,0,0
1094,131,2022,20,Mexico City Grand Prix,Mercedes,142,83081,83789.26,80153,0,0
1094,6,2022,20,Mexico City Grand Prix,Ferrari,142,83548,84227.85,82199,0,0
1094,214,2022,20,Mexico City Grand Prix,Alpine F1 Team,133,84440,84973.85,82866,0,0
1094,51,2022,20,Mexico City Grand Prix,Alfa Romeo,140,84592,85227.64,82260,0,0
1094,1,2022,20,Mexico City Grand Prix,McLaren,140,84532,84964.21,82022,0,1
1094,213,2022,20,Mexico City Grand Prix,AlphaTauri,120,84747,85342.36,82277,0,0
1094,117,2022,20,Mexico City Grand Prix,Aston Martin,140,84695,85449.35,82463,0,0
1094,210,2022,20,Mexico City Grand Prix,Haas F1 Team,140,85013,85662.56,83300,0,0
1094,3,2022,20,Mexico City Grand Prix,Williams,139,85108,85850.96,82914,0,0
1095,131,2022,21,São Paulo Grand Prix,Mercedes,142,76212,83307.16,73785,0,0
1095,9,2022,21,São Paulo Grand Prix,Red Bull,142,76370,83466.37,74195,0,0
1095,1,2022,21,São Paulo Grand Prix,McLaren,50,77428,82711.64,75855,0,1
1095,6,2022,21,São Paulo Grand Prix,Ferrari,142,76452,83384.37,73953,0,0
1095,117,2022,21,São Paulo Grand Prix,Aston Martin,142,77391,83646.64,74831,0,0
1095,213,2022,21,São Paulo Grand Prix,AlphaTauri,141,77593,84306.78,75327,0,0
1095,210,2022,21,São Paulo Grand Prix,Haas F1 Team,71,77494,83717.51,75251,0,0
1095,51,2022,21,São Paulo Grand Prix,Alfa Romeo,142,77342,83661.73,75511,0,0
1095,214,2022,21,São Paulo Grand Prix,Alpine F1 Team,142,77082,83495.35,74164,0,0
1095,3,2022,21,São Paulo Grand Prix,Williams,142,77966,83810.86,75327,0,0
1096,9,2022,22,Abu Dhabi Grand Prix,Red Bull,116,90264,90878.63,88972,0,0
1096,6,2022,22,Abu Dhabi Grand Prix,Ferrari,116,90419,91081.82,88879,0,0
1096,131,2022,22,Abu Dhabi Grand Prix,Mercedes,113,90502,91670.7,88836,0,0
1096,1,2022,22,Abu Dhabi Grand Prix,McLaren,116,91202,91994.22,88391,0,1
1096,214,2022,22,Abu Dhabi Grand Prix,Alpine F1 Team,85,91273,92196.58,89333,0,0
1096,117,2022,22,Abu Dhabi Grand Prix,Aston Martin,116,91389,92178.08,89620,0,0
1096,213,2022,22,Abu Dhabi Grand Prix,AlphaTauri,115,91712,92536.94,89489,0,0
1096,210,2022,22,Abu Dhabi Grand Prix,Haas F1 Team,114,92559,93172.16,89833,0,0
1096,51,2022,22,Abu Dhabi Grand Prix,Alfa Romeo,114,92169,92812.11,89600,0,0
1096,3,2022,22,Abu Dhabi Grand Prix,Williams,112,92084,93587.79,89939,0,0
1098,9,2023,1,Bahrain Grand Prix,Red Bull,114,97651,98995.25,96236,0,0
1098,6,2023,1,Bahrain Grand Prix,Ferrari,96,98440,99696.94,97130,0,0
1098,131,2023,1,Bahrain Grand Prix,Mercedes,114,98382,99827.39,96546,0,0
1098,117,2023,1,Bahrain Grand Prix,Aston Martin,114,98139,99707.11,96156,0,0
1098,51,2023,1,Bahrain Grand Prix,Alfa Romeo,113,99287,100759.01,93996,0,0
1098,1,2023,1,Bahrain Grand Prix,McLaren,68,99837,102734.66,95257,0,1
1098,214,2023,1,Bahrain Grand Prix,Alpine F1 Team,98,99028,101327.09,95068,0,0
1098,3,2023,1,Bahrain Grand Prix,Williams,113,99094,100569.75,96037,0,0
1098,210,2023,1,Bahrain Grand Prix,Haas F1 Team,112,99055,101019.11,96471,0,0
1098,213,2023,1,Bahrain Grand Prix,AlphaTauri,113,99143,100768.72,96637,0,0
1099,117,2023,2,Saudi Arabian Grand Prix,Aston Martin,66,94754,97769.79,92240,0,0
1099,9,2023,2,Saudi Arabian Grand Prix,Red Bull,100,93452,97551.43,91906,0,0
1099,131,2023,2,Saudi Arabian Grand Prix,Mercedes,100,94391,98067.19,92433,0,0
1099,6,2023,2,Saudi Arabian Grand Prix,Ferrari,100,94752,98288.26,92822,0,0
1099,214,2023,2,Saudi Arabian Grand Prix,Alpine F1 Team,100,95052,98573.67,93222,0,0
1099,51,2023,2,Saudi Arabian Grand Prix,Alfa Romeo,99,96218,99549.82,93894,0,0
1099,210,2023,2,Saudi Arabian Grand Prix,Haas F1 Team,100,95562,98852.02,93374,0,0
1099,213,2023,2,Saudi Arabian Grand Prix,AlphaTauri,100,95762,98947.6,93609,0,0
1099,3,2023,2,Saudi Arabian Grand Prix,Williams,77,96434,101131.6,94469,0,0
1099,1,2023,2,Saudi Arabian Grand Prix,McLaren,100,95683,99212.54,94122,0,1
1100,131,2023,3,Australian Grand Prix,Mercedes,75,82998,158070.13,80613,0,0
1100,9,2023,3,Australian Grand Prix,Red Bull,116,82189,157931.57,80235,0,0
1100,6,2023,3,Australian Grand Prix,Ferrari,58,82418,157930.43,80467,0,0
1100,117,2023,3,Australian Grand Prix,Aston Martin,116,82405,157936.15,80476,0,0
1100,3,2023,3,Australian Grand Prix,Williams,62,84225,122964.05,81456,0,0
1100,214,2023,3,Australian Grand Prix,Alpine F1 Team,112,82514,125073.1,80995,0,0
1100,210,2023,3,Australian Grand Prix,Haas F1 Team,110,83139,134526.55,81124,0,0
1100,213,2023,3,Australian Grand Prix,AlphaTauri,114,84144,141843.3,81183,0,0
1100,1,2023,3,Australian Grand Prix,McLaren,116,82841,157981.25,81173,0,1
1100,51,2023,3,Australian Grand Prix,Alfa Romeo,116,83632,158008.34,81819,0,0
1101,6,2023,4,Azerbaijan Grand Prix,Ferrari,102,106577,109721.37,104561,0,0
1101,9,2023,4,Azerbaijan Grand Prix,Red Bull,102,105530,109088.32,104232,0,0
1101,131,2023,4,Azerbaijan Grand Prix,Mercedes,102,106819,110247.62,103370,0,0
1101,117,2023,4,Azerbaijan Grand Prix,Aston Martin,102,106600,109789.34,104241,0,0
1101,1,2023,4,Azerbaijan Grand Prix,McLaren,102,107699,110703.42,105631,0,1
1101,213,2023,4,Azerbaijan Grand Prix,AlphaTauri,60,107901,110699.02,105727,0,0
1101,3,2023,4,Azerbaijan Grand Prix,Williams,102,107971,110925.86,105925,0,0
1101,210,2023,4,Azerbaijan Grand Prix,Haas F1 Team,101,107765,111134.04,105850,0,0
1101,214,2023,4,Azerbaijan Grand Prix,Alpine F1 Team,102,107644,110921.55,105540,0,0
1101,51,2023,4,Azerbaijan Grand Prix,Alfa Romeo,86,108384,112138.84,106304,0,0
1102,9,2023,5,Miami Grand Prix,Red Bull,114,91787,92297.07,89708,1,0
1102,117,2023,5,Miami Grand Prix,Aston Martin,114,92605,93048.61,90519,1,0
1102,6,2023,5,Miami Grand Prix,Ferrari,114,92580,93043.69,91362,1,0
1102,214,2023,5,Miami Grand Prix,Alpine F1 Team,114,92838,93248.03,91143,1,0
1102,131,2023,5,Miami Grand Prix,Mercedes,114,92620,92990.88,90669,1,0
1102,210,2023,5,Miami Grand Prix,Haas F1 Team,114,93007,93459.45,90901,1,0
1102,51,2023,5,Miami Grand Prix,Alfa Romeo,114,92959,93566.31,91736,1,0
1102,3,2023,5,Miami Grand Prix,Williams,113,93361,94015.32,91852,1,0
1102,1,2023,5,Miami Grand Prix,McLaren,113,93315,94023.97,92006,1,1
1102,213,2023,5,Miami Grand Prix,AlphaTauri,114,92968,93594.21,91038,1,0
1104,9,2023,6,Monaco Grand Prix,Red Bull,154,79010,85149.25,76269,0,0
1104,117,2023,6,Monaco Grand Prix,Aston Martin,131,78776,82758.56,76674,0,0
1104,214,2023,6,Monaco Grand Prix,Alpine F1 Team,156,78573,84380.21,75831,0,0
1104,6,2023,6,Monaco Grand Prix,Ferrari,156,78422,84546.42,75773,0,0
1104,131,2023,6,Monaco Grand Prix,Mercedes,156,78492,84322.47,75650,0,0
1104,213,2023,6,Monaco Grand Prix,AlphaTauri,153,79419,85809.29,77561,0,0
1104,1,2023,6,Monaco Grand Prix,McLaren,154,79283,84947.92,77513,0,1
1104,3,2023,6,Monaco Grand Prix,Williams,153,80597,86380.08,76672,0,0
1104,51,2023,6,Monaco Grand Prix,Alfa Romeo,154,80207,85485.55,76926,0,0
1104,210,2023,6,Monaco Grand Prix,Haas F1 Team,146,79929,87241.68,76991,0,0
1105,9,2023,7,Spanish Grand Prix,Red Bull,132,79460,80240.09,76330,0,0
1105,6,2023,7,Spanish Grand Prix,Ferrari,132,80305,80878.77,78357,0,0
1105,117,2023,7,Spanish Grand Prix,Aston Martin,132,80371,80934.3,78083,0,0
1105,131,2023,7,Spanish Grand Prix,Mercedes,132,79602,80396.66,76676,0,0
1105,214,2023,7,Spanish Grand Prix,Alpine F1 Team,132,80383,81050.39,78375,0,0
1105,210,2023,7,Spanish Grand Prix,Haas F1 Team,130,80310,81625.05,78069,0,0
1105,51,2023,7,Spanish Grand Prix,Alfa Romeo,131,80782,81509.17,78242,0,0
1105,1,2023,7,Spanish Grand Prix,McLaren,130,80483,81465.73,77182,0,1
1105,213,2023,7,Spanish Grand Prix,AlphaTauri,131,80410,81157.43,78594,0,0
1105,3,2023,7,Spanish Grand Prix,Williams,130,80926,81809.73,79133,0,0
1106,9,2023,8,Canadian Grand Prix,Red Bull,140,76983,80912.31,74481,0,0
1106,131,2023,8,Canadian Grand Prix,Mercedes,123,77619,81628.57,75396,0,0
1106,117,2023,8,Canadian Grand Prix,Aston Martin,140,77228,81076.2,75779,0,0
1106,214,2023,8,Canadian Grand Prix,Alpine F1 Team,140,77825,81454.55,76425,0,0
1106,210,2023,8,Canadian Grand Prix,Haas F1 Team,138,78487,82347.09,76126,0,0
1106,1,2023,8,Canadian Grand Prix,McLaren,140,78010,81465.43,76374,0,1
1106,6,2023,8,Canadian Grand Prix,Ferrari,140,77211,80834.89,75907,0,0
1106,3,2023,8,Canadian Grand Prix,Williams,76,78124,81437.28,76917,0,0
1106,51,2023,8,Canadian Grand Prix,Alfa Romeo,139,78055,81715.86,76625,0,0
1106,213,2023,8,Canadian Grand Prix,AlphaTauri,139,78352,82194.86,76656,0,0
1107,9,2023,9,Austrian Grand Prix,Red Bull,142,69617,72425.37,67012,0,0
1107,6,2023,9,Austrian Grand Prix,Ferrari,142,70043,72491.17,68820,0,0
1107,131,2023,9,Austrian Grand Prix,Mercedes,142,70588,72921.22,69160,0,0
1107,1,2023,9,Austrian Grand Prix,McLaren,141,70641,73334.11,68739,0,1
1107,117,2023,9,Austrian Grand Prix,Aston Martin,142,70414,72933.62,68463,0,0
1107,210,2023,9,Austrian Grand Prix,Haas F1 Team,82,72009,75241.89,70176,0,0
1107,214,2023,9,Austrian Grand Prix,Alpine F1 Team,141,70919,73312.21,69046,0,0
1107,3,2023,9,Austrian Grand Prix,Williams,141,71097,73428.12,69560,0,0
1107,51,2023,9,Austrian Grand Prix,Alfa Romeo,140,71099,73818.74,69786,0,0
1107,213,2023,9,Austrian Grand Prix,AlphaTauri,140,71377,73869.93,69620,0,0
1108,1,2023,10,British Grand Prix,McLaren,104,92782,98513.94,90543,0,1
1108,9,2023,10,British Grand Prix,Red Bull,104,92706,98526.52,90275,0,0
1108,6,2023,10,British Grand Prix,Ferrari,104,93081,98769.36,91255,0,0
1108,131,2023,10,British Grand Prix,Mercedes,104,93067,98575.62,90545,0,0
1108,117,2023,10,British Grand Prix,Aston Martin,104,93434,98784.15,91338,0,0
1108,214,2023,10,British Grand Prix,Alpine F1 Team,55,93769,100217.09,91539,0,0
1108,3,2023,10,British Grand Prix,Williams,104,93594,98801.79,91273,0,0
1108,213,2023,10,British Grand Prix,AlphaTauri,104,93647,99021.43,92084,0,0
1108,210,2023,10,British Grand Prix,Haas F1 Team,83,93966,97343.45,91776,0,0
1108,51,2023,10,British Grand Prix,Alfa Romeo,104,93768,98937.75,91769,0,0
1109,9,2023,11,Hungarian Grand Prix,Red Bull,140,83739,84391.94,80504,0,0
1109,1,2023,11,Hungarian Grand Prix,McLaren,140,84434,84811.22,82178,0,1
1109,131,2023,11,Hungarian Grand Prix,Mercedes,140,84248,84873.05,81601,0,0
1109,6,2023,11,Hungarian Grand Prix,Ferrari,140,84553,85097.56,82469,0,0
1109,117,2023,11,Hungarian Grand Prix,Aston Martin,139,84757,85378.36,82745,0,0
1109,210,2023,11,Hungarian Grand Prix,Haas F1 Team,138,85815,86310.99,83573,0,0
1109,213,2023,11,Hungarian Grand Prix,AlphaTauri,138,85412,85978.75,83269,0,0
1109,51,2023,11,Hungarian Grand Prix,Alfa Romeo,138,85269,85998.83,83651,0,0
1109,3,2023,11,Hungarian Grand Prix,Williams,136,85199,86080.48,83496,0,0
1109,214,2023,11,Hungarian Grand Prix,Alpine F1 Team,3,106965,111042.33,101181,0,0
1110,9,2023,12,Belgian Grand Prix,Red Bull,88,112141,112763.69,108922,0,0
1110,6,2023,12,Belgian Grand Prix,Ferrari,67,113559,114575.43,110436,0,0
1110,131,2023,12,Belgian Grand Prix,Mercedes,88,112480,113791.73,107305,0,0
1110,117,2023,12,Belgian Grand Prix,Aston Martin,88,112885,114050.27,110938,0,0
1110,1,2023,12,Belgian Grand Prix,McLaren,44,112773,114185.66,111682,0,1
1110,213,2023,12,Belgian Grand Prix,AlphaTauri,88,113424,114593.09,110994,0,0
1110,3,2023,12,Belgian Grand Prix,Williams,88,114147,114790.45,109841,0,0
1110,51,2023,12,Belgian Grand Prix,Alfa Romeo,88,113624,114562.86,110188,0,0
1110,214,2023,12,Belgian Grand Prix,Alpine F1 Team,88,113409,114303.44,110439,0,0
1110,210,2023,12,Belgian Grand Prix,Haas F1 Team,88,114174,114921.64,109907,0,0
1111,9,2023,13,Dutch Grand Prix,Red Bull,144,76663,120096.46,73889,0,0
1111,1,2023,13,Dutch Grand Prix,McLaren,144,77381,120268.29,74299,0,1
1111,117,2023,13,Dutch Grand Prix,Aston Martin,144,77666,120226.76,73837,0,0
1111,131,2023,13,Dutch Grand Prix,Mercedes,144,77641,120540.17,73904,0,0
1111,3,2023,13,Dutch Grand Prix,Williams,86,78255,115837.14,74468,0,0
1111,6,2023,13,Dutch Grand Prix,Ferrari,113,78149,108303.51,74934,0,0
1111,51,2023,13,Dutch Grand Prix,Alfa Romeo,134,78009,103680.14,74698,0,0
1111,210,2023,13,Dutch Grand Prix,Haas F1 Team,144,78069,120389.39,74472,0,0
1111,214,2023,13,Dutch Grand Prix,Alpine F1 Team,144,77123,120237.68,74441,0,0
1111,213,2023,13,Dutch Grand Prix,AlphaTauri,144,78244,120415.71,74820,0,0
1112,6,2023,14,Italian Grand Prix,Ferrari,102,86439,86910.35,85501,0,0
1112,9,2023,14,Italian Grand Prix,Red Bull,102,86180,86748.53,85240,0,0
1112,131,2023,14,Italian Grand Prix,Mercedes,102,86624,87235.23,85582,0,0
1112,1,2023,14,Italian Grand Prix,McLaren,102,86966,87802.05,85072,0,1
1112,3,2023,14,Italian Grand Prix,Williams,102,87188,87852.44,86389,0,0
1112,210,2023,14,Italian Grand Prix,Haas F1 Team,100,87441,88570.03,85894,0,0
1112,117,2023,14,Italian Grand Prix,Aston Martin,102,87175,87998.49,86105,0,0
1112,213,2023,14,Italian Grand Prix,AlphaTauri,51,87130,88074.14,85842,0,0
1112,51,2023,14,Italian Grand Prix,Alfa Romeo,102,87215,88103.0,85983,0,0
1112,214,2023,14,Italian Grand Prix,Alpine F1 Team,90,87379,88651.44,85758,0,0
1113,6,2023,15,Singapore Grand Prix,Ferrari,124,99895,103354.94,97666,0,0
1113,131,2023,15,Singapore Grand Prix,Mercedes,123,99860,103232.67,95867,0,0
1113,1,2023,15,Singapore Grand Prix,McLaren,124,100257,103525.22,98046,0,1
1113,117,2023,15,Singapore Grand Prix,Aston Martin,62,100460,104597.11,96456,0,0
1113,214,2023,15,Singapore Grand Prix,Alpine F1 Team,104,100683,104048.05,98277,0,0
1113,210,2023,15,Singapore Grand Prix,Haas F1 Team,124,100994,104460.91,98107,0,0
1113,9,2023,15,Singapore Grand Prix,Red Bull,124,100519,103796.86,96575,0,0
1113,213,2023,15,Singapore Grand Prix,AlphaTauri,62,101050,104247.35,99028,0,0
1113,3,2023,15,Singapore Grand Prix,Williams,124,100700,104476.95,97342,0,0
1113,51,2023,15,Singapore Grand Prix,Alfa Romeo,113,101230,104976.82,98075,0,0
1114,9,2023,16,Japanese Grand Prix,Red Bull,68,97911,144798.74,94183,0,0
1114,1,2023,16,Japanese Grand Prix,McLaren,106,98383,103516.25,95247,0,1
1114,6,2023,16,Japanese Grand Prix,Ferrari,106,98671,103877.93,96187,0,0
1114,117,2023,16,Japanese Grand Prix,Aston Martin,73,99551,106937.66,97203,0,0
1114,131,2023,16,Japanese Grand Prix,Mercedes,106,98754,103998.84,95611,0,0
1114,213,2023,16,Japanese Grand Prix,AlphaTauri,104,99839,105037.55,97768,0,0
1114,210,2023,16,Japanese Grand Prix,Haas F1 Team,104,99438,105346.25,97250,0,0
1114,214,2023,16,Japanese Grand Prix,Alpine F1 Team,106,99336,104525.24,96371,0,0
1114,3,2023,16,Japanese Grand Prix,Williams,48,100983,113763.54,98848,0,0
1114,51,2023,16,Japanese Grand Prix,Alfa Romeo,59,100134,109971.08,97791,0,0
1115,9,2023,17,Qatar Grand Prix,Red Bull,114,88016,92925.59,84319,0,0
1115,1,2023,17,Qatar Grand Prix,McLaren,114,87829,92360.86,84842,0,1
1115,117,2023,17,Qatar Grand Prix,Aston Martin,114,88570,93324.74,86045,0,0
1115,6,2023,17,Qatar Grand Prix,Ferrari,57,88149,92949.89,84992,0,0
1115,214,2023,17,Qatar Grand Prix,Alpine F1 Team,114,88789,93447.6,85793,0,0
1115,213,2023,17,Qatar Grand Prix,AlphaTauri,112,89606,94235.73,87113,0,0
1115,51,2023,17,Qatar Grand Prix,Alfa Romeo,114,88616,93517.77,86323,0,0
1115,210,2023,17,Qatar Grand Prix,Haas F1 Team,112,88953,94059.53,86444,0,0
1115,3,2023,17,Qatar Grand Prix,Williams,97,89407,94931.84,86666,0,0
1115,131,2023,17,Qatar Grand Prix,Mercedes,57,88419,92864.68,85770,0,0
1116,1,2023,18,United States Grand Prix,McLaren,66,102114,102903.88,99985,0,1
1116,6,2023,18,United States Grand Prix,Ferrari,112,101847,102522.5,100034,0,0
1116,131,2023,18,United States Grand Prix,Mercedes,112,101936,102410.25,99393,0,0
1116,9,2023,18,United States Grand Prix,Red Bull,112,101388,102332.0,99737,0,0
1116,214,2023,18,United States Grand Prix,Alpine F1 Team,62,102372,103513.02,100412,0,0
1116,51,2023,18,United States Grand Prix,Alfa Romeo,111,103069,104008.12,101879,0,0
1116,213,2023,18,United States Grand Prix,AlphaTauri,111,103154,103837.49,98139,0,0
1116,3,2023,18,United States Grand Prix,Williams,112,102957,103682.46,101238,0,0
1116,210,2023,18,United States Grand Prix,Haas F1 Team,111,102918,103970.27,100925,0,0
1116,117,2023,18,United States Grand Prix,Aston Martin,105,102034,103317.0,99908,0,0
1117,9,2023,19,Mexico City Grand Prix,Red Bull,72,82632,103531.39,81644,0,0
1117,6,2023,19,Mexico City Grand Prix,Ferrari,142,83465,103886.66,82332,0,0
1117,213,2023,19,Mexico City Grand Prix,AlphaTauri,142,83919,104381.55,82501,0,0
1117,131,2023,19,Mexico City Grand Prix,Mercedes,142,83458,103919.18,81334,0,0
1117,1,2023,19,Mexico City Grand Prix,McLaren,142,83520,104070.41,81944,0,1
1117,210,2023,19,Mexico City Grand Prix,Haas F1 Team,102,84806,99187.61,83146,0,0
1117,214,2023,19,Mexico City Grand Prix,Alpine F1 Team,142,84486,104441.65,82976,0,0
1117,51,2023,19,Mexico City Grand Prix,Alfa Romeo,142,84588,104675.36,83166,0,0
1117,3,2023,19,Mexico City Grand Prix,Williams,141,84508,104547.96,82773,0,0
1117,117,2023,19,Mexico City Grand Prix,Aston Martin,113,85088,110117.08,83257,0,0
1118,9,2023,20,São Paulo Grand Prix,Red Bull,142,75768,98957.72,73422,0,0
1118,1,2023,20,São Paulo Grand Prix,McLaren,140,76187,100212.15,72486,0,1
1118,131,2023,20,São Paulo Grand Prix,Mercedes,128,76556,102544.15,74739,0,0
1118,117,2023,20,São Paulo Grand Prix,Aston Martin,142,76064,99244.99,74007,0,0
1118,6,2023,20,São Paulo Grand Prix,Ferrari,71,76167,99423.69,74406,0,0
1118,214,2023,20,São Paulo Grand Prix,Alpine F1 Team,141,76437,99884.55,74206,0,0
1118,213,2023,20,São Paulo Grand Prix,AlphaTauri,141,76275,100408.72,73866,0,0
1118,51,2023,20,São Paulo Grand Prix,Alfa Romeo,61,77239,131167.48,75731,0,0
1118,3,2023,20,São Paulo Grand Prix,Williams,70,76800,100501.46,75738,0,0
1118,210,2023,20,São Paulo Grand Prix,Haas F1 Team,70,76839,100555.06,75036,0,0
1119,9,2023,21,Las Vegas Grand Prix,Red Bull,100,98341,106988.19,95614,0,0
1119,6,2023,21,Las Vegas Grand Prix,Ferrari,100,98899,107194.82,95669,0,0
1119,131,2023,21,Las Vegas Grand Prix,Mercedes,100,98781,107364.24,95716,0,0
1119,214,2023,21,Las Vegas Grand Prix,Alpine F1 Team,100,99046,107495.13,96637,0,0
1119,3,2023,21,Las Vegas Grand Prix,Williams,100,99359,107908.58,97357,0,0
1119,210,2023,21,Las Vegas Grand Prix,Haas F1 Team,95,99805,108388.46,97455,0,0
1119,117,2023,21,Las Vegas Grand Prix,Aston Martin,100,99167,107426.09,96559,0,0
1119,213,2023,21,Las Vegas Grand Prix,AlphaTauri,96,100363,108497.34,97108,0,0
1119,1,2023,21,Las Vegas Grand Prix,McLaren,52,98931,108220.65,95490,0,1
1119,51,2023,21,Las Vegas Grand Prix,Alfa Romeo,100,100793,108320.9,97375,0,0
1120,9,2023,22,Abu Dhabi Grand Prix,Red Bull,116,89291,90187.08,86993,0,0
1120,6,2023,22,Abu Dhabi Grand Prix,Ferrari,115,89977,90882.96,88199,0,0
1120,1,2023,22,Abu Dhabi Grand Prix,McLaren,116,89844,90526.03,88138,0,1
1120,131,2023,22,Abu Dhabi Grand Prix,Mercedes,116,89751,90603.45,88187,0,0
1120,213,2023,22,Abu Dhabi Grand Prix,AlphaTauri,116,90364,90901.42,88571,0,0
1120,117,2023,22,Abu Dhabi Grand Prix,Aston Martin,116,90217,90865.45,88050,0,0
1120,214,2023,22,Abu Dhabi Grand Prix,Alpine F1 Team,116,90460,91223.97,89016,0,0
1120,210,2023,22,Abu Dhabi Grand Prix,Haas F1 Team,115,90636,91685.39,89217,0,0
1120,51,2023,22,Abu Dhabi Grand Prix,Alfa Romeo,115,90973,91713.75,88746,0,0
1120,3,2023,22,Abu Dhabi Grand Prix,Williams,116,90589,91432.96,87845,0,0
1121,9,2024,1,Bahrain Grand Prix,Red Bull,114,96037,96771.41,92608,0,0
1121,6,2024,1,Bahrain Grand Prix,Ferrari,114,96483,97142.66,94090,0,0
1121,131,2024,1,Bahrain Grand Prix,Mercedes,114,96693,97426.28,94722,0,0
1121,117,2024,1,Bahrain Grand Prix,Aston Martin,114,97260,98049.01,94199,0,0
1121,1,2024,1,Bahrain Grand Prix,McLaren,114,96688,97491.44,94476,0,1
1121,215,2024,1,Bahrain Grand Prix,RB F1 Team,112,97766,98463.61,95163,0,0
1121,3,2024,1,Bahrain Grand Prix,Williams,111,97879,99478.96,94735,0,0
1121,210,2024,1,Bahrain Grand Prix,Haas F1 Team,112,97529,98530.64,94834,0,0
1121,15,2024,1,Bahrain Grand Prix,Sauber,112,97690,99102.44,95458,0,0
1121,214,2024,1,Bahrain Grand Prix,Alpine F1 Team,112,97992,98869.21,94805,0,0
1122,9,2024,2,Saudi Arabian Grand Prix,Red Bull,100,92950,96951.89,91773,0,0
1122,6,2024,2,Saudi Arabian Grand Prix,Ferrari,100,93620,97478.64,91632,0,0
1122,117,2024,2,Saudi Arabian Grand Prix,Aston Martin,55,94033,97538.91,92387,0,0
1122,1,2024,2,Saudi Arabian Grand Prix,McLaren,100,93793,97642.61,91944,0,1
1122,131,2024,2,Saudi Arabian Grand Prix,Mercedes,100,94021,97738.73,91746,0,0
1122,215,2024,2,Saudi Arabian Grand Prix,RB F1 Team,98,95658,99110.14,93323,0,0
1122,210,2024,2,Saudi Arabian Grand Prix,Haas F1 Team,100,95163,98492.79,92338,0,0
1122,3,2024,2,Saudi Arabian Grand Prix,Williams,99,95590,98804.9,92307,0,0
1122,214,2024,2,Saudi Arabian Grand Prix,Alpine F1 Team,50,95572,99374.54,93481,0,0
1122,15,2024,2,Saudi Arabian Grand Prix,Sauber,98,95403,99379.73,92208,0,0
1123,9,2024,3,Australian Grand Prix,Red Bull,61,82180,84226.62,80388,0,0
1123,6,2024,3,Australian Grand Prix,Ferrari,116,81816,83241.83,79813,0,0
1123,1,2024,3,Australian Grand Prix,McLaren,116,81964,83580.69,79915,0,1
1123,131,2024,3,Australian Grand Prix,Mercedes,71,82838,83988.17,80284,0,0
1123,117,2024,3,Australian Grand Prix,Aston Martin,116,82904,84723.28,80493,0,0
1123,215,2024,3,Australian Grand Prix,RB F1 Team,115,83075,84876.48,81134,0,0
1123,15,2024,3,Australian Grand Prix,Sauber,114,83109,85441.27,81327,0,0
1123,210,2024,3,Australian Grand Prix,Haas F1 Team,115,83189,84889.74,81082,0,0
1123,3,2024,3,Australian Grand Prix,Williams,57,83066,84769.33,81618,0,0
1123,214,2024,3,Australian Grand Prix,Alpine F1 Team,114,83068,85470.33,81090,0,0
1124,9,2024,4,Japanese Grand Prix,Red Bull,106,96613,129619.5,93706,0,0
1124,1,2024,4,Japanese Grand Prix,McLaren,106,96834,130229.78,94802,0,1
1124,6,2024,4,Japanese Grand Prix,Ferrari,106,97039,129948.3,93841,0,0
1124,117,2024,4,Japanese Grand Prix,Aston Martin,105,97532,131263.21,94726,0,0
1124,131,2024,4,Japanese Grand Prix,Mercedes,106,97369,130393.48,93952,0,0
1124,210,2024,4,Japanese Grand Prix,Haas F1 Team,104,98682,132232.88,95325,0,0
1124,15,2024,4,Japanese Grand Prix,Sauber,64,98532,153929.39,96608,0,0
1124,215,2024,4,Japanese Grand Prix,RB F1 Team,52,97651,132022.46,96342,0,0
1124,214,2024,4,Japanese Grand Prix,Alpine F1 Team,104,98950,132916.83,96232,0,0
1124,3,2024,4,Japanese Grand Prix,Williams,52,99092,133390.98,94900,0,0
1125,9,2024,5,Chinese Grand Prix,Red Bull,112,100240,108252.39,98406,0,0
1125,117,2024,5,Chinese Grand Prix,Aston Martin,112,101609,109208.11,97810,0,0
1125,1,2024,5,Chinese Grand Prix,McLaren,112,101672,108706.06,98751,0,1
1125,131,2024,5,Chinese Grand Prix,Mercedes,112,101708,108944.8,100112,0,0
1125,6,2024,5,Chinese Grand Prix,Ferrari,112,101959,108595.66,99384,0,0
1125,210,2024,5,Chinese Grand Prix,Haas F1 Team,112,102486,109313.54,100815,0,0
1125,15,2024,5,Chinese Grand Prix,Sauber,75,102768,108036.84,98633,0,0
1125,214,2024,5,Chinese Grand Prix,Alpine F1 Team,112,102109,109260.21,99198,0,0
1125,3,2024,5,Chinese Grand Prix,Williams,112,102764,109426.11,100790,0,0
1125,215,2024,5,Chinese Grand Prix,RB F1 Team,59,103669,113292.95,100994,0,0
1126,9,2024,6,Miami Grand Prix,Red Bull,114,92708,95807.14,90855,1,0
1126,6,2024,6,Miami Grand Prix,Ferrari,114,92640,95798.94,90928,1,0
1126,1,2024,6,Miami Grand Prix,McLaren,114,92643,96048.32,90634,1,1
1126,131,2024,6,Miami Grand Prix,Mercedes,114,93391,96062.51,91233,1,0
1126,210,2024,6,Miami Grand Prix,Haas F1 Team,114,93584,96449.33,91774,1,0
1126,215,2024,6,Miami Grand Prix,RB F1 Team,114,93713,96288.54,91682,1,0
1126,117,2024,6,Miami Grand Prix,Aston Martin,114,93719,96333.61,91588,1,0
1126,214,2024,6,Miami Grand Prix,Alpine F1 Team,114,93626,96354.88,92037,1,0
1126,3,2024,6,Miami Grand Prix,Williams,84,93905,96541.75,90849,1,0
1126,15,2024,6,Miami Grand Prix,Sauber,114,93695,96509.54,91991,1,0
1127,9,2024,7,Emilia Romagna Grand Prix,Red Bull,126,80933,81787.94,79686,0,0
1127,1,2024,7,Emilia Romagna Grand Prix,McLaren,126,80911,81471.12,79907,0,1
1127,6,2024,7,Emilia Romagna Grand Prix,Ferrari,126,81034,81593.21,79935,0,0
1127,131,2024,7,Emilia Romagna Grand Prix,Mercedes,126,81383,82006.05,78589,0,0
1127,210,2024,7,Emilia Romagna Grand Prix,Haas F1 Team,124,82554,83082.38,81009,0,0
1127,215,2024,7,Emilia Romagna Grand Prix,RB F1 Team,124,82305,83032.43,80936,0,0
1127,214,2024,7,Emilia Romagna Grand Prix,Alpine F1 Team,124,82580,83420.37,81304,0,0
1127,117,2024,7,Emilia Romagna Grand Prix,Aston Martin,125,82550,83241.47,79004,0,0
1127,3,2024,7,Emilia Romagna Grand Prix,Williams,113,82579,84637.45,81229,0,0
1127,15,2024,7,Emilia Romagna Grand Prix,Sauber,124,82827,83482.1,81016,0,0
1128,6,2024,8,Monaco Grand Prix,Ferrari,156,78539,110248.03,74726,0,0
1128,1,2024,8,Monaco Grand Prix,McLaren,156,78521,110300.71,75742,0,1
1128,131,2024,8,Monaco Grand Prix,Mercedes,156,78621,110380.29,74165,0,0
1128,9,2024,8,Monaco Grand Prix,Red Bull,78,78628,110377.01,74569,0,0
1128,215,2024,8,Monaco Grand Prix,RB F1 Team,153,80394,112646.14,74720,0,0
1128,3,2024,8,Monaco Grand Prix,Williams,153,80591,112772.46,75525,0,0
1128,214,2024,8,Monaco Grand Prix,Alpine F1 Team,77,80237,112412.92,75625,0,0
1128,117,2024,8,Monaco Grand Prix,Aston Martin,152,80429,113164.01,76710,0,0
1128,15,2024,8,Monaco Grand Prix,Sauber,152,80812,113492.47,74718,0,0
1129,131,2024,9,Canadian Grand Prix,Mercedes,140,87291,90750.61,74856,0,0
1129,9,2024,9,Canadian Grand Prix,Red Bull,121,88527,91394.17,75569,0,0
1129,1,2024,9,Canadian Grand Prix,McLaren,140,86482,90785.23,75558,0,1
1129,117,2024,9,Canadian Grand Prix,Aston Martin,140,87630,90978.49,76303,0,0
1129,215,2024,9,Canadian Grand Prix,RB F1 Team,140,88412,91265.86,77076,0,0
1129,210,2024,9,Canadian Grand Prix,Haas F1 Team,140,88401,91128.08,76499,0,0
1129,6,2024,9,Canadian Grand Prix,Ferrari,92,90229,93823.7,78957,0,0
1129,3,2024,9,Canadian Grand Prix,Williams,75,89832,92714.12,79359,0,0
1129,214,2024,9,Canadian Grand Prix,Alpine F1 Team,140,88322,91115.63,77012,0,0
1129,15,2024,9,Canadian Grand Prix,Sauber,139,89086,92013.45,77250,0,0
1130,131,2024,10,Spanish Grand Prix,Mercedes,132,79997,80610.33,77809,0,0
1130,9,2024,10,Spanish Grand Prix,Red Bull,132,79841,80757.41,77776,0,0
1130,1,2024,10,Spanish Grand Prix,McLaren,132,79855,80579.04,77115,0,1
1130,6,2024,10,Spanish Grand Prix,Ferrari,132,79990,80713.57,77897,0,0
1130,214,2024,10,Spanish Grand Prix,Alpine F1 Team,132,80649,81320.97,78982,0,0
1130,210,2024,10,Spanish Grand Prix,Haas F1 Team,131,81131,81904.25,78609,0,0
1130,117,2024,10,Spanish Grand Prix,Aston Martin,130,81228,81809.25,78334,0,0
1130,15,2024,10,Spanish Grand Prix,Sauber,130,81380,82071.1,78771,0,0
1130,215,2024,10,Spanish Grand Prix,RB F1 Team,130,81517,82372.37,79447,0,0
1130,3,2024,10,Spanish Grand Prix,Williams,129,81939,82662.55,79132,0,0
1131,9,2024,11,Austrian Grand Prix,Red Bull,142,70733,71883.95,67719,0,0
1131,1,2024,11,Austrian Grand Prix,McLaren,135,70512,71524.13,68016,0,1
1131,131,2024,11,Austrian Grand Prix,Mercedes,142,70621,71469.99,69164,0,0
1131,6,2024,11,Austrian Grand Prix,Ferrari,142,70582,71811.16,69282,0,0
1131,214,2024,11,Austrian Grand Prix,Alpine F1 Team,142,71405,72223.15,69609,0,0
1131,210,2024,11,Austrian Grand Prix,Haas F1 Team,142,71222,72112.95,70125,0,0
1131,215,2024,11,Austrian Grand Prix,RB F1 Team,141,71406,72339.79,70318,0,0
1131,117,2024,11,Austrian Grand Prix,Aston Martin,140,71539,72739.21,67694,0,0
1131,3,2024,11,Austrian Grand Prix,Williams,139,71872,72969.58,70364,0,0
1131,15,2024,11,Austrian Grand Prix,Sauber,140,71764,72784.66,70449,0,0
1132,131,2024,12,British Grand Prix,Mercedes,85,91746,95514.54,89438,0,0
1132,9,2024,12,British Grand Prix,Red Bull,102,92981,97192.04,88952,0,0
1132,1,2024,12,British Grand Prix,McLaren,104,91951,95327.83,88748,0,1
1132,6,2024,12,British Grand Prix,Ferrari,103,92734,96911.74,88293,0,0
1132,117,2024,12,British Grand Prix,Aston Martin,104,92869,96291.0,89710,0,0
1132,210,2024,12,British Grand Prix,Haas F1 Team,104,93152,96538.39,89836,0,0
1132,215,2024,12,British Grand Prix,RB F1 Team,103,93263,96925.81,90229,0,0
1132,3,2024,12,British Grand Prix,Williams,104,93124,96648.7,89718,0,0
1132,15,2024,12,British Grand Prix,Sauber,101,95202,98915.0,91014,0,0
1132,214,2024,12,British Grand Prix,Alpine F1 Team,50,95709,99154.82,90875,0,0
1133,1,2024,13,Hungarian Grand Prix,McLaren,140,83711,84043.71,81712,0,1
1133,9,2024,13,Hungarian Grand Prix,Red Bull,140,83903,84465.14,80908,0,0
1133,131,2024,13,Hungarian Grand Prix,Mercedes,140,83496,84437.33,80305,0,0
1133,6,2024,13,Hungarian Grand Prix,Ferrari,140,83687,84333.84,81441,0,0
1133,117,2024,13,Hungarian Grand Prix,Aston Martin,140,84597,85174.39,82338,0,0
1133,3,2024,13,Hungarian Grand Prix,Williams,138,85072,85893.75,80561,0,0
1133,210,2024,13,Hungarian Grand Prix,Haas F1 Team,138,85243,85814.96,83461,0,0
1133,215,2024,13,Hungarian Grand Prix,RB F1 Team,139,84695,85317.71,82640,0,0
1133,15,2024,13,Hungarian Grand Prix,Sauber,138,85461,86036.12,82792,0,0
1133,214,2024,13,Hungarian Grand Prix,Alpine F1 Team,102,85536,86295.81,81610,0,0
1134,6,2024,14,Belgian Grand Prix,Ferrari,88,108355,109345.73,106364,0,0
1134,131,2024,14,Belgian Grand Prix,Mercedes,88,108082,109029.61,106653,0,0
1134,9,2024,14,Belgian Grand Prix,Red Bull,88,108439,109619.33,104701,0,0
1134,1,2024,14,Belgian Grand Prix,McLaren,88,108177,109148.9,105563,0,1
1134,117,2024,14,Belgian Grand Prix,Aston Martin,88,109599,110307.43,108051,0,0
1134,3,2024,14,Belgian Grand Prix,Williams,88,109923,110724.86,107490,0,0
1134,214,2024,14,Belgian Grand Prix,Alpine F1 Team,88,109594,110352.24,106957,0,0
1134,15,2024,14,Belgian Grand Prix,Sauber,49,109947,112816.92,107019,0,0
1134,215,2024,14,Belgian Grand Prix,RB F1 Team,88,109558,110519.81,107435,0,0
1134,210,2024,14,Belgian Grand Prix,Haas F1 Team,88,109859,110790.27,107848,0,0
1135,9,2024,15,Dutch Grand Prix,Red Bull,144,75306,76065.81,74587,0,0
1135,1,2024,15,Dutch Grand Prix,McLaren,144,75107,75822.05,73817,0,1
1135,131,2024,15,Dutch Grand Prix,Mercedes,144,75524,76286.49,73878,0,0
1135,6,2024,15,Dutch Grand Prix,Ferrari,144,75272,76032.04,74117,0,0
1135,214,2024,15,Dutch Grand Prix,Alpine F1 Team,142,76746,77088.17,74855,0,0
1135,117,2024,15,Dutch Grand Prix,Aston Martin,142,76570,76938.61,74758,0,0
1135,210,2024,15,Dutch Grand Prix,Haas F1 Team,142,76662,77295.49,74954,0,0
1135,215,2024,15,Dutch Grand Prix,RB F1 Team,142,76789,77304.58,75222,0,0
1135,15,2024,15,Dutch Grand Prix,Sauber,140,77229,78073.61,75724,0,0
1135,3,2024,15,Dutch Grand Prix,Williams,142,76632,77438.65,74434,0,0
1136,1,2024,16,Italian Grand Prix,McLaren,106,83656,84625.2,81432,0,1
1136,6,2024,16,Italian Grand Prix,Ferrari,106,83832,84689.39,83219,0,0
1136,131,2024,16,Italian Grand Prix,Mercedes,106,84533,85131.97,81512,0,0
1136,9,2024,16,Italian Grand Prix,Red Bull,106,84595,85410.7,81745,0,0
1136,3,2024,16,Italian Grand Prix,Williams,106,85130,85945.45,83728,0,0
1136,117,2024,16,Italian Grand Prix,Aston Martin,105,85083,86413.88,82232,0,0
1136,215,2024,16,Italian Grand Prix,RB F1 Team,60,85088,86597.47,84219,0,0
1136,210,2024,16,Italian Grand Prix,Haas F1 Team,105,85142,86196.44,83275,0,0
1136,214,2024,16,Italian Grand Prix,Alpine F1 Team,104,85805,86465.93,83755,0,0
1136,15,2024,16,Italian Grand Prix,Sauber,104,86216,86814.62,83609,0,0
1137,6,2024,17,Azerbaijan Grand Prix,Ferrari,100,107939,109106.85,106866,0,0
1137,1,2024,17,Azerbaijan Grand Prix,McLaren,102,108356,109727.03,105255,0,1
1137,9,2024,17,Azerbaijan Grand Prix,Red Bull,100,108284,109763.03,106798,0,0
1137,131,2024,17,Azerbaijan Grand Prix,Mercedes,102,108545,110585.72,106628,0,0
1137,117,2024,17,Azerbaijan Grand Prix,Aston Martin,96,109230,111089.11,107057,0,0
1137,3,2024,17,Azerbaijan Grand Prix,Williams,102,109189,111107.36,106947,0,0
1137,210,2024,17,Azerbaijan Grand Prix,Haas F1 Team,102,108834,111202.02,107048,0,0
1137,215,2024,17,Azerbaijan Grand Prix,RB F1 Team,65,110531,113039.46,108380,0,0
1137,214,2024,17,Azerbaijan Grand Prix,Alpine F1 Team,101,109879,111827.2,108018,0,0
1137,15,2024,17,Azerbaijan Grand Prix,Sauber,101,109911,112180.69,107644,0,0
1138,1,2024,18,Singapore Grand Prix,McLaren,124,97275,97959.4,94925,0,1
1138,9,2024,18,Singapore Grand Prix,Red Bull,123,98057,98623.67,95967,0,0
1138,131,2024,18,Singapore Grand Prix,Mercedes,124,98290,98801.85,97047,0,0
1138,210,2024,18,Singapore Grand Prix,Haas F1 Team,118,98798,100573.03,94754,0,0
1138,117,2024,18,Singapore Grand Prix,Aston Martin,122,98780,99619.56,97741,0,0
1138,6,2024,18,Singapore Grand Prix,Ferrari,124,98570,98900.09,95371,0,0
1138,3,2024,18,Singapore Grand Prix,Williams,76,98940,100257.34,96888,0,0
1138,215,2024,18,Singapore Grand Prix,RB F1 Team,122,99209,100030.57,94486,0,0
1138,214,2024,18,Singapore Grand Prix,Alpine F1 Team,122,99329,100067.26,96927,0,0
1138,15,2024,18,Singapore Grand Prix,Sauber,122,99825,100165.5,97461,0,0
1139,6,2024,19,United States Grand Prix,Ferrari,112,99090,102034.29,97763,0,0
1139,9,2024,19,United States Grand Prix,Red Bull,112,99791,102658.59,98117,0,0
1139,1,2024,19,United States Grand Prix,McLaren,112,99578,102290.65,97679,0,1
1139,214,2024,19,United States Grand Prix,Alpine F1 Team,111,101046,104026.56,97330,0,0
1139,210,2024,19,United States Grand Prix,Haas F1 Team,112,100451,103232.29,98210,0,0
1139,215,2024,19,United States Grand Prix,RB F1 Team,111,100922,103541.02,98091,0,0
1139,117,2024,19,United States Grand Prix,Aston Martin,110,101457,103981.7,99214,0,0
1139,131,2024,19,United States Grand Prix,Mercedes,57,100019,103052.6,97656,0,0
1139,15,2024,19,United States Grand Prix,Sauber,110,101375,104571.37,99272,0,0
1139,3,2024,19,United States Grand Prix,Williams,111,101297,103687.83,97611,0,0
1140,9,2024,20,Mexico City Grand Prix,Red Bull,141,82109,86840.01,79209,0,0
1140,6,2024,20,Mexico City Grand Prix,Ferrari,142,81163,85535.12,78336,0,0
1140,1,2024,20,Mexico City Grand Prix,McLaren,142,81844,85783.33,79691,0,1
1140,131,2024,20,Mexico City Grand Prix,Mercedes,142,81662,85950.11,80371,0,0
1140,210,2024,20,Mexico City Grand Prix,Haas F1 Team,141,82173,86368.52,80637,0,0
1140,214,2024,20,Mexico City Grand Prix,Alpine F1 Team,140,83060,86927.5,80659,0,0
1140,215,2024,20,Mexico City Grand Prix,RB F1 Team,70,83109,87432.37,79502,0,0
1140,117,2024,20,Mexico City Grand Prix,Aston Martin,85,83045,89495.42,81311,0,0
1140,3,2024,20,Mexico City Grand Prix,Williams,70,83061,86904.24,80090,0,0
1140,15,2024,20,Mexico City Grand Prix,Sauber,140,83468,87253.92,81085,0,0
1141,131,2024,21,São Paulo Grand Prix,Mercedes,138,84573,110890.42,81645,0,0
1141,1,2024,21,São Paulo Grand Prix,McLaren,138,84671,110834.6,81517,0,1
1141,215,2024,21,São Paulo Grand Prix,RB F1 Team,138,84829,111024.41,81828,0,0
1141,214,2024,21,São Paulo Grand Prix,Alpine F1 Team,138,84559,110658.47,81645,0,0
1141,6,2024,21,São Paulo Grand Prix,Ferrari,107,85301,117652.39,81631,0,0
1141,117,2024,21,São Paulo Grand Prix,Aston Martin,69,84707,111485.2,82293,0,0
1141,9,2024,21,São Paulo Grand Prix,Red Bull,138,84663,110727.47,80472,0,0
1141,3,2024,21,São Paulo Grand Prix,Williams,30,85798,90275.37,84296,0,0
1141,210,2024,21,São Paulo Grand Prix,Haas F1 Team,99,85084,107367.52,82494,0,0
1141,15,2024,21,São Paulo Grand Prix,Sauber,138,85853,111392.01,82877,0,0
1142,131,2024,22,Las Vegas Grand Prix,Mercedes,100,97615,98592.51,95480,0,0
1142,6,2024,22,Las Vegas Grand Prix,Ferrari,100,97920,98781.27,95674,0,0
1142,214,2024,22,Las Vegas Grand Prix,Alpine F1 Team,64,99542,101015.66,96511,0,0
1142,9,2024,22,Las Vegas Grand Prix,Red Bull,100,98077,99316.34,96248,0,0
1142,1,2024,22,Las Vegas Grand Prix,McLaren,100,98328,99466.88,94876,0,1
1142,215,2024,22,Las Vegas Grand Prix,RB F1 Team,100,99102,100057.51,96957,0,0
1142,210,2024,22,Las Vegas Grand Prix,Haas F1 Team,100,98705,99815.49,96557,0,0
1142,15,2024,22,Las Vegas Grand Prix,Sauber,99,99399,100376.85,96324,0,0
1142,117,2024,22,Las Vegas Grand Prix,Aston Martin,100,98613,100052.35,96553,0,0
1142,3,2024,22,Las Vegas Grand Prix,Williams,75,99066,100442.16,96867,0,0
1143,9,2024,23,Qatar Grand Prix,Red Bull,95,85812,96373.68,82905,0,0
1143,1,2024,23,Qatar Grand Prix,McLaren,114,85442,96256.38,82384,0,1
1143,131,2024,23,Qatar Grand Prix,Mercedes,114,86227,96455.02,83355,0,0
1143,6,2024,23,Qatar Grand Prix,Ferrari,114,85527,96089.06,83242,0,0
1143,117,2024,23,Qatar Grand Prix,Aston Martin,65,86855,99334.65,83667,0,0
1143,215,2024,23,Qatar Grand Prix,RB F1 Team,114,87587,96968.44,86076,0,0
1143,210,2024,23,Qatar Grand Prix,Haas F1 Team,96,87324,97208.42,84259,0,0
1143,214,2024,23,Qatar Grand Prix,Alpine F1 Team,57,86514,96177.28,83705,0,0
1143,15,2024,23,Qatar Grand Prix,Sauber,114,87206,96546.04,83889,0,0
1143,3,2024,23,Qatar Grand Prix,Williams,56,87578,97826.64,85559,0,0
1144,1,2024,24,Abu Dhabi Grand Prix,McLaren,116,89017,90262.09,87438,0,1
1144,6,2024,24,Abu Dhabi Grand Prix,Ferrari,116,88590,89865.02,87765,0,0
1144,214,2024,24,Abu Dhabi Grand Prix,Alpine F1 Team,115,89998,91179.97,89121,0,0
1144,131,2024,24,Abu Dhabi Grand Prix,Mercedes,116,89604,90177.61,87278,0,0
1144,210,2024,24,Abu Dhabi Grand Prix,Haas F1 Team,115,89968,91649.85,85637,0,0
1144,117,2024,24,Abu Dhabi Grand Prix,Aston Martin,115,89847,91151.55,87948,0,0
1144,215,2024,24,Abu Dhabi Grand Prix,RB F1 Team,112,89908,91830.16,88751,0,0
1144,9,2024,24,Abu Dhabi Grand Prix,Red Bull,58,89428,90398.93,87765,0,0
1144,15,2024,24,Abu Dhabi Grand Prix,Sauber,87,90046,92619.25,87982,0,0
1144,3,2024,24,Abu Dhabi Grand Prix,Williams,83,90183,92469.54,89411,0,0
1145,1,2025,1,Australian Grand Prix,McLaren,114,91793,107658.39,82167,0,1
1145,9,2025,1,Australian Grand Prix,Red Bull,103,93617,107355.82,82970,0,0
1145,131,2025,1,Australian Grand Prix,Mercedes,114,93642,107642.32,84901,0,0
1145,6,2025,1,Australian Grand Prix,Ferrari,114,93150,107850.06,84218,0,0
1145,215,2025,1,Australian Grand Prix,RB F1 Team,57,94136,108003.3,84194,0,0
1145,3,2025,1,Australian Grand Prix,Williams,57,93713,107703.11,84597,0,0
1145,214,2025,1,Australian Grand Prix,Alpine F1 Team,57,94227,107943.96,85020,0,0
1145,117,2025,1,Australian Grand Prix,Aston Martin,89,93515,106608.76,85538,0,0
1145,15,2025,1,Australian Grand Prix,Sauber,102,94705,107846.66,84192,0,0
1145,210,2025,1,Australian Grand Prix,Haas F1 Team,114,94837,108123.86,86764,0,0
1146,1,2025,2,Chinese Grand Prix,McLaren,112,96961,97498.21,95454,0,1
1146,131,2025,2,Chinese Grand Prix,Mercedes,112,97504,97990.15,95816,0,0
1146,6,2025,2,Chinese Grand Prix,Ferrari,112,97299,97845.04,95069,0,0
1146,9,2025,2,Chinese Grand Prix,Red Bull,112,97364,98284.42,95488,0,0
1146,215,2025,2,Chinese Grand Prix,RB F1 Team,111,97995,99211.15,95868,0,0
1146,210,2025,2,Chinese Grand Prix,Haas F1 Team,112,97856,98404.68,95740,0,0
1146,3,2025,2,Chinese Grand Prix,Williams,112,97999,98596.07,96254,0,0
1146,117,2025,2,Chinese Grand Prix,Aston Martin,60,98716,99513.4,96044,0,0
1146,214,2025,2,Chinese Grand Prix,Alpine F1 Team,112,98247,98711.14,96424,0,0
1146,15,2025,2,Chinese Grand Prix,Sauber,110,98613,99463.95,95874,0,0
1147,9,2025,3,Japanese Grand Prix,Red Bull,106,92814,93512.9,91041,0,0
1147,1,2025,3,Japanese Grand Prix,McLaren,106,92270,92995.45,91039,0,1
1147,6,2025,3,Japanese Grand Prix,Ferrari,106,93138,93389.1,91406,0,0
1147,131,2025,3,Japanese Grand Prix,Mercedes,106,93078,93301.88,90965,0,0
1147,215,2025,3,Japanese Grand Prix,RB F1 Team,106,93916,94092.77,91317,0,0
1147,3,2025,3,Japanese Grand Prix,Williams,106,93997,94042.09,91106,0,0
1147,210,2025,3,Japanese Grand Prix,Haas F1 Team,106,94020,94263.52,91967,0,0
1147,117,2025,3,Japanese Grand Prix,Aston Martin,105,94057,94516.46,91770,0,0
1147,214,2025,3,Japanese Grand Prix,Alpine F1 Team,106,93410,94315.11,91820,0,0
1147,15,2025,3,Japanese Grand Prix,Sauber,106,93883,94526.6,92034,0,0
1148,1,2025,4,Bahrain Grand Prix,McLaren,114,97734,100834.59,95140,0,1
1148,131,2025,4,Bahrain Grand Prix,Mercedes,114,98174,101248.99,95518,0,0
1148,6,2025,4,Bahrain Grand Prix,Ferrari,114,98011,101110.02,96132,0,0
1148,214,2025,4,Bahrain Grand Prix,Alpine F1 Team,114,98553,101470.86,96531,0,0
1148,3,2025,4,Bahrain Grand Prix,Williams,102,99039,102400.17,96954,0,0
1148,9,2025,4,Bahrain Grand Prix,Red Bull,114,98530,101388.82,96167,0,0
1148,117,2025,4,Bahrain Grand Prix,Aston Martin,114,99118,101795.61,97906,0,0
1148,210,2025,4,Bahrain Grand Prix,Haas F1 Team,114,98596,101497.44,97098,0,0
1148,215,2025,4,Bahrain Grand Prix,RB F1 Team,114,99023,101619.46,96952,0,0
1148,15,2025,4,Bahrain Grand Prix,Sauber,114,99263,101747.49,97338,0,0
1149,9,2025,5,Saudi Arabian Grand Prix,Red Bull,51,93182,98730.65,92280,0,0
1149,1,2025,5,Saudi Arabian Grand Prix,McLaren,100,93347,97427.12,91778,0,1
1149,131,2025,5,Saudi Arabian Grand Prix,Mercedes,100,93887,97954.4,92396,0,0
1149,6,2025,5,Saudi Arabian Grand Prix,Ferrari,100,93875,97806.93,92192,0,0
1149,3,2025,5,Saudi Arabian Grand Prix,Williams,100,94636,98646.61,92466,0,0
1149,117,2025,5,Saudi Arabian Grand Prix,Aston Martin,99,95284,99141.01,92745,0,0
1149,215,2025,5,Saudi Arabian Grand Prix,RB F1 Team,100,94982,98690.58,92998,0,0
1149,210,2025,5,Saudi Arabian Grand Prix,Haas F1 Team,100,95350,99124.33,93238,0,0
1149,15,2025,5,Saudi Arabian Grand Prix,Sauber,98,95855,99565.62,93446,0,0
1149,214,2025,5,Saudi Arabian Grand Prix,Alpine F1 Team,49,95967,99714.73,93150,0,0
1150,9,2025,6,Miami Grand Prix,Red Bull,114,92254,94496.18,90466,1,0
1150,131,2025,6,Miami Grand Prix,Mercedes,114,92395,94353.68,90318,1,0
1150,1,2025,6,Miami Grand Prix,McLaren,114,91471,93577.23,89746,1,1
1150,3,2025,6,Miami Grand Prix,Williams,114,92393,94489.63,90482,1,0
1150,6,2025,6,Miami Grand Prix,Ferrari,114,92506,94564.88,90461,1,0
1150,210,2025,6,Miami Grand Prix,Haas F1 Team,84,93169,95290.07,91122,1,0
1150,215,2025,6,Miami Grand Prix,RB F1 Team,93,93342,96265.59,90971,1,0
1150,15,2025,6,Miami Grand Prix,Sauber,86,93346,96234.9,91015,1,0
1150,117,2025,6,Miami Grand Prix,Aston Martin,112,93148,95618.88,91287,1,0
1150,214,2025,6,Miami Grand Prix,Alpine F1 Team,57,92874,95123.37,91159,1,0
1151,9,2025,7,Emilia Romagna Grand Prix,Red Bull,126,81418,87403.52,77988,0,0
1151,1,2025,7,Emilia Romagna Grand Prix,McLaren,126,81174,87344.94,78311,0,1
1151,131,2025,7,Emilia Romagna Grand Prix,Mercedes,107,81727,86027.82,79733,0,0
1151,117,2025,7,Emilia Romagna Grand Prix,Aston Martin,126,82315,87671.75,79894,0,0
1151,3,2025,7,Emilia Romagna Grand Prix,Williams,126,81758,87517.79,78289,0,0
1151,214,2025,7,Emilia Romagna Grand Prix,Alpine F1 Team,126,82280,87708.2,80345,0,0
1151,6,2025,7,Emilia Romagna Grand Prix,Ferrari,126,81573,87472.44,78265,0,0
1151,215,2025,7,Emilia Romagna Grand Prix,RB F1 Team,126,82110,87638.85,79473,0,0
1151,15,2025,7,Emilia Romagna Grand Prix,Sauber,126,82286,87740.21,80401,0,0
1151,210,2025,7,Emilia Romagna Grand Prix,Haas F1 Team,90,82401,86548.24,79521,0,0
1152,1,2025,8,Monaco Grand Prix,McLaren,156,75355,77380.41,73221,0,1
1152,6,2025,8,Monaco Grand Prix,Ferrari,156,75723,77706.44,74055,0,0
1152,9,2025,8,Monaco Grand Prix,Red Bull,154,77742,78961.73,74230,0,0
1152,215,2025,8,Monaco Grand Prix,RB F1 Team,154,77238,79217.62,75321,0,0
1152,117,2025,8,Monaco Grand Prix,Aston Martin,112,78597,80458.39,74877,0,0
1152,210,2025,8,Monaco Grand Prix,Haas F1 Team,153,77921,79662.8,74855,0,0
1152,3,2025,8,Monaco Grand Prix,Williams,152,78094,79570.97,73988,0,0
1152,15,2025,8,Monaco Grand Prix,Sauber,152,78494,80313.51,74884,0,0
1152,131,2025,8,Monaco Grand Prix,Mercedes,151,79056,80198.27,73405,0,0
1152,214,2025,8,Monaco Grand Prix,Alpine F1 Team,83,78687,81308.02,75298,0,0
1153,1,2025,9,Spanish Grand Prix,McLaren,132,80232,84524.4,75743,0,1
1153,9,2025,9,Spanish Grand Prix,Red Bull,132,80814,84813.62,77019,0,0
1153,6,2025,9,Spanish Grand Prix,Ferrari,132,80673,84702.37,77259,0,0
1153,131,2025,9,Spanish Grand Prix,Mercedes,119,80888,83518.2,77244,0,0
1153,214,2025,9,Spanish Grand Prix,Alpine F1 Team,132,82308,84878.89,77896,0,0
1153,215,2025,9,Spanish Grand Prix,RB F1 Team,132,81491,84820.48,77770,0,0
1153,117,2025,9,Spanish Grand Prix,Aston Martin,66,81722,84832.41,78128,0,0
1153,15,2025,9,Spanish Grand Prix,Sauber,132,81746,84806.02,77575,0,0
1153,3,2025,9,Spanish Grand Prix,Williams,93,81894,85051.96,79317,0,0
1153,210,2025,9,Spanish Grand Prix,Haas F1 Team,132,82110,84954.64,78624,0,0
1154,131,2025,10,Canadian Grand Prix,Mercedes,140,75656,78759.93,74119,0,0
1154,9,2025,10,Canadian Grand Prix,Red Bull,139,76861,79360.14,74287,0,0
1154,1,2025,10,Canadian Grand Prix,McLaren,136,75705,77590.2,74229,0,1
1154,6,2025,10,Canadian Grand Prix,Ferrari,140,76176,78853.79,74261,0,0
1154,117,2025,10,Canadian Grand Prix,Aston Martin,139,76958,79463.39,74902,0,0
1154,15,2025,10,Canadian Grand Prix,Sauber,139,77416,79486.47,75372,0,0
1154,214,2025,10,Canadian Grand Prix,Alpine F1 Team,138,77571,80002.49,74993,0,0
1154,215,2025,10,Canadian Grand Prix,RB F1 Team,122,77568,79325.39,76292,0,0
1154,3,2025,10,Canadian Grand Prix,Williams,115,77298,79283.95,74389,0,0
1154,210,2025,10,Canadian Grand Prix,Haas F1 Team,138,77277,79931.64,74593,0,0
1155,1,2025,11,Austrian Grand Prix,McLaren,140,69718,71843.44,67924,0,1
1155,6,2025,11,Austrian Grand Prix,Ferrari,140,70078,72173.04,68628,0,0
1155,131,2025,11,Austrian Grand Prix,Mercedes,70,70659,72715.56,69372,0,0
1155,214,2025,11,Austrian Grand Prix,Alpine F1 Team,138,71202,73377.78,69621,0,0
1155,3,2025,11,Austrian Grand Prix,Williams,15,71541,80015.2,70641,0,0
1155,15,2025,11,Austrian Grand Prix,Sauber,138,70887,72935.2,69247,0,0
1155,215,2025,11,Austrian Grand Prix,RB F1 Team,139,71264,73029.47,69977,0,0
1155,117,2025,11,Austrian Grand Prix,Aston Martin,138,71134,73125.25,69214,0,0
1155,210,2025,11,Austrian Grand Prix,Haas F1 Team,138,70932,73117.58,69550,0,0
1155,9,2025,11,Austrian Grand Prix,Red Bull,68,70986,73980.47,69802,0,0
1156,9,2025,12,British Grand Prix,Red Bull,103,105467,114179.62,90179,0,0
1156,1,2025,12,British Grand Prix,McLaren,104,102393,112291.17,89337,0,1
1156,6,2025,12,British Grand Prix,Ferrari,104,104491,113420.76,90016,0,0
1156,214,2025,12,British Grand Prix,Alpine F1 Team,52,105015,113376.77,90751,0,0
1156,117,2025,12,British Grand Prix,Aston Martin,104,104606,113441.64,90353,0,0
1156,3,2025,12,British Grand Prix,Williams,104,105116,113578.82,90047,0,0
1156,131,2025,12,British Grand Prix,Mercedes,75,110251,118740.44,90869,0,0
1156,15,2025,12,British Grand Prix,Sauber,55,103946,114174.18,90933,0,0
1156,210,2025,12,British Grand Prix,Haas F1 Team,104,104555,113662.17,90818,0,0
1156,215,2025,12,British Grand Prix,RB F1 Team,17,129977,127258.06,101705,0,0
1157,1,2025,13,Belgian Grand Prix,McLaren,88,106620,116461.56,105257,0,1
1157,6,2025,13,Belgian Grand Prix,Ferrari,88,107207,117114.39,106174,0,0
1157,9,2025,13,Belgian Grand Prix,Red Bull,88,107899,117526.45,106096,0,0
1157,3,2025,13,Belgian Grand Prix,Williams,88,107694,117922.18,106073,0,0
1157,131,2025,13,Belgian Grand Prix,Mercedes,88,107797,117804.39,104861,0,0
1157,215,2025,13,Belgian Grand Prix,RB F1 Team,87,108402,118507.78,106649,0,0
1157,15,2025,13,Belgian Grand Prix,Sauber,88,108180,117900.73,105068,0,0
1157,210,2025,13,Belgian Grand Prix,Haas F1 Team,88,108152,118231.93,106709,0,0
1157,214,2025,13,Belgian Grand Prix,Alpine F1 Team,88,108792,118331.43,106104,0,0
1157,117,2025,13,Belgian Grand Prix,Aston Martin,88,108361,118329.06,105849,0,0
1158,6,2025,14,Hungarian Grand Prix,Ferrari,139,81978,82661.03,80022,0,0
1158,1,2025,14,Hungarian Grand Prix,McLaren,140,81141,81736.86,79412,0,1
1158,131,2025,14,Hungarian Grand Prix,Mercedes,139,81722,82532.57,79409,0,0
1158,117,2025,14,Hungarian Grand Prix,Aston Martin,140,82673,82640.54,80113,0,0
1158,15,2025,14,Hungarian Grand Prix,Sauber,139,82715,83020.86,80013,0,0
1158,215,2025,14,Hungarian Grand Prix,RB F1 Team,139,83053,82880.67,80457,0,0
1158,9,2025,14,Hungarian Grand Prix,Red Bull,139,82355,83180.22,79576,0,0
1158,210,2025,14,Hungarian Grand Prix,Haas F1 Team,117,83464,83814.0,81916,0,0
1158,3,2025,14,Hungarian Grand Prix,Williams,138,82795,83434.05,79790,0,0
1158,214,2025,14,Hungarian Grand Prix,Alpine F1 Team,138,82821,83595.48,80827,0,0
1159,1,2025,15,Dutch Grand Prix,McLaren,136,75008,81458.35,72271,0,1
1159,9,2025,15,Dutch Grand Prix,Red Bull,144,76399,82184.49,72921,0,0
1159,215,2025,15,Dutch Grand Prix,RB F1 Team,144,76070,82222.18,73327,0,0
1159,6,2025,15,Dutch Grand Prix,Ferrari,74,76160,78141.84,74557,0,0
1159,131,2025,15,Dutch Grand Prix,Mercedes,144,76170,82169.31,73480,0,0
1159,3,2025,15,Dutch Grand Prix,Williams,144,76538,82245.84,73687,0,0
1159,117,2025,15,Dutch Grand Prix,Aston Martin,144,76535,82228.5,73719,0,0
1159,214,2025,15,Dutch Grand Prix,Alpine F1 Team,144,76818,82346.1,73049,0,0
1159,210,2025,15,Dutch Grand Prix,Haas F1 Team,144,76954,82241.7,73950,0,0
1159,15,2025,15,Dutch Grand Prix,Sauber,144,77167,82367.97,74307,0,0
1160,9,2025,16,Italian Grand Prix,Red Bull,106,83187,83861.8,81003,0,0
1160,1,2025,16,Italian Grand Prix,McLaren,106,82982,83483.09,80901,0,1
1160,6,2025,16,Italian Grand Prix,Ferrari,106,83407,83695.5,81294,0,0
1160,131,2025,16,Italian Grand Prix,Mercedes,106,83578,83927.29,81800,0,0
1160,117,2025,16,Italian Grand Prix,Aston Martin,76,84238,85462.21,82164,0,0
1160,15,2025,16,Italian Grand Prix,Sauber,53,83717,84203.94,82139,0,0
1160,210,2025,16,Italian Grand Prix,Haas F1 Team,105,83916,84572.12,81820,0,0
1160,3,2025,16,Italian Grand Prix,Williams,106,83814,84185.43,81368,0,0
1160,215,2025,16,Italian Grand Prix,RB F1 Team,106,83863,84480.11,82133,0,0
1160,214,2025,16,Italian Grand Prix,Alpine F1 Team,104,84306,84826.3,82185,0,0
1161,9,2025,17,Azerbaijan Grand Prix,Red Bull,102,105553,110261.02,103388,0,0
1161,3,2025,17,Azerbaijan Grand Prix,Williams,102,105832,110734.17,103972,0,0
1161,215,2025,17,Azerbaijan Grand Prix,RB F1 Team,102,106137,110638.12,103884,0,0
1161,131,2025,17,Azerbaijan Grand Prix,Mercedes,102,105390,110286.13,103754,0,0
1161,1,2025,17,Azerbaijan Grand Prix,McLaren,51,105614,110600.69,104155,0,1
1161,6,2025,17,Azerbaijan Grand Prix,Ferrari,102,105990,110646.08,103977,0,0
1161,117,2025,17,Azerbaijan Grand Prix,Aston Martin,102,106982,111646.23,105002,0,0
1161,15,2025,17,Azerbaijan Grand Prix,Sauber,102,106933,111379.01,104370,0,0
1161,214,2025,17,Azerbaijan Grand Prix,Alpine F1 Team,100,107188,112230.06,105492,0,0
1161,210,2025,17,Azerbaijan Grand Prix,Haas F1 Team,102,107077,111359.39,104288,0,0
1162,131,2025,18,Singapore Grand Prix,Mercedes,124,96764,97406.57,95303,0,0
1162,9,2025,18,Singapore Grand Prix,Red Bull,123,97318,98125.47,95649,0,0
1162,1,2025,18,Singapore Grand Prix,McLaren,124,96767,97249.56,95408,0,1
1162,6,2025,18,Singapore Grand Prix,Ferrari,124,97321,98153.07,93808,0,0
1162,215,2025,18,Singapore Grand Prix,RB F1 Team,122,98522,99091.92,95641,0,0
1162,117,2025,18,Singapore Grand Prix,Aston Martin,123,98292,98779.6,95851,0,0
1162,210,2025,18,Singapore Grand Prix,Haas F1 Team,123,98526,99068.24,96201,0,0
1162,15,2025,18,Singapore Grand Prix,Sauber,122,98588,99512.52,95404,0,0
1162,214,2025,18,Singapore Grand Prix,Alpine F1 Team,122,98674,99467.91,94573,0,0
1162,3,2025,18,Singapore Grand Prix,Williams,122,98489,99023.02,94963,0,0
1163,9,2025,19,United States Grand Prix,Red Bull,112,99765,101187.82,97991,0,0
1163,6,2025,19,United States Grand Prix,Ferrari,112,99711,101109.21,98231,0,0
1163,1,2025,19,United States Grand Prix,McLaren,112,99779,101053.21,97620,0,1
1163,131,2025,19,United States Grand Prix,Mercedes,112,100155,101692.18,97577,0,0
1163,210,2025,19,United States Grand Prix,Haas F1 Team,112,100499,102036.49,99119,0,0
1163,3,2025,19,United States Grand Prix,Williams,61,100398,102124.61,98328,0,0
1163,15,2025,19,United States Grand Prix,Sauber,111,100522,102172.32,98275,0,0
1163,117,2025,19,United States Grand Prix,Aston Martin,112,100646,102009.83,98789,0,0
1163,215,2025,19,United States Grand Prix,RB F1 Team,112,100894,102199.45,98724,0,0
1163,214,2025,19,United States Grand Prix,Alpine F1 Team,110,101232,102625.31,99173,0,0
1164,1,2025,20,Mexico City Grand Prix,McLaren,142,82333,83093.05,80422,0,1
1164,6,2025,20,Mexico City Grand Prix,Ferrari,142,82453,83407.87,80601,0,0
1164,9,2025,20,Mexico City Grand Prix,Red Bull,142,83091,83572.15,81108,0,0
1164,131,2025,20,Mexico City Grand Prix,Mercedes,142,82548,83487.83,80052,0,0
1164,210,2025,20,Mexico City Grand Prix,Haas F1 Team,142,82672,83616.67,80705,0,0
1164,215,2025,20,Mexico City Grand Prix,RB F1 Team,75,83781,84895.36,81714,0,0
1164,3,2025,20,Mexico City Grand Prix,Williams,137,83332,83906.25,80098,0,0
1164,15,2025,20,Mexico City Grand Prix,Sauber,96,83873,84172.61,81121,0,0
1164,214,2025,20,Mexico City Grand Prix,Alpine F1 Team,140,84319,84611.46,81342,0,0
1164,117,2025,20,Mexico City Grand Prix,Aston Martin,104,83184,84349.15,80593,0,0
1165,1,2025,21,São Paulo Grand Prix,McLaren,142,74472,77879.87,72742,0,1
1165,131,2025,21,São Paulo Grand Prix,Mercedes,142,74517,77949.63,73097,0,0
1165,6,2025,21,São Paulo Grand Prix,Ferrari,42,76094,85493.07,73844,0,0
1165,215,2025,21,São Paulo Grand Prix,RB F1 Team,142,75223,78512.02,73694,0,0
1165,214,2025,21,São Paulo Grand Prix,Alpine F1 Team,142,74996,78555.51,72816,0,0
1165,210,2025,21,São Paulo Grand Prix,Haas F1 Team,142,75078,78362.8,73481,0,0
1165,117,2025,21,São Paulo Grand Prix,Aston Martin,142,75021,78571.87,73094,0,0
1165,3,2025,21,São Paulo Grand Prix,Williams,142,75222,78540.82,72400,0,0
1165,15,2025,21,São Paulo Grand Prix,Sauber,71,75474,78520.0,73474,0,0
1165,9,2025,21,São Paulo Grand Prix,Red Bull,142,74897,78331.82,72447,0,0
1166,9,2025,22,Las Vegas Grand Prix,Red Bull,100,95876,98238.32,93365,0,0
1166,131,2025,22,Las Vegas Grand Prix,Mercedes,100,95688,97858.92,93998,0,0
1166,1,2025,22,Las Vegas Grand Prix,McLaren,100,95719,97852.49,93965,0,1
1166,3,2025,22,Las Vegas Grand Prix,Williams,85,96431,99662.99,94496,0,0
1166,215,2025,22,Las Vegas Grand Prix,RB F1 Team,99,96820,98842.48,94620,0,0
1166,210,2025,22,Las Vegas Grand Prix,Haas F1 Team,100,96685,98680.42,94519,0,0
1166,6,2025,22,Las Vegas Grand Prix,Ferrari,100,96082,98269.05,94304,0,0
1166,117,2025,22,Las Vegas Grand Prix,Aston Martin,50,97106,99074.74,95629,0,0
1166,15,2025,22,Las Vegas Grand Prix,Sauber,52,96348,100223.38,94592,0,0
1166,214,2025,22,Las Vegas Grand Prix,Alpine F1 Team,99,97104,99384.03,95674,0,0
1167,1,2025,23,Qatar Grand Prix,McLaren,114,85548,89366.6,82996,0,1
1167,9,2025,23,Qatar Grand Prix,Red Bull,114,85828,89633.79,83498,0,0
1167,131,2025,23,Qatar Grand Prix,Mercedes,114,86629,89766.65,83198,0,0
1167,3,2025,23,Qatar Grand Prix,Williams,114,86696,89877.88,83859,0,0
1167,117,2025,23,Qatar Grand Prix,Aston Martin,112,87252,90602.58,83484,0,0
1167,215,2025,23,Qatar Grand Prix,RB F1 Team,112,87252,90809.27,83971,0,0
1167,214,2025,23,Qatar Grand Prix,Alpine F1 Team,112,87472,90756.3,85376,0,0
1167,6,2025,23,Qatar Grand Prix,Ferrari,114,87260,90271.9,84432,0,0
1167,15,2025,23,Qatar Grand Prix,Sauber,63,87682,90468.9,85233,0,0
1167,210,2025,23,Qatar Grand Prix,Haas F1 Team,97,87573,91921.51,84930,0,0
1168,9,2025,24,Abu Dhabi Grand Prix,Red Bull,116,89469,89816.66,87625,0,0
1168,1,2025,24,Abu Dhabi Grand Prix,McLaren,116,89112,89345.72,86765,0,1
1168,6,2025,24,Abu Dhabi Grand Prix,Ferrari,116,89120,89921.44,86725,0,0
1168,117,2025,24,Abu Dhabi Grand Prix,Aston Martin,116,89986,90319.16,87626,0,0
1168,131,2025,24,Abu Dhabi Grand Prix,Mercedes,116,89698,90240.52,88029,0,0
1168,15,2025,24,Abu Dhabi Grand Prix,Sauber,116,90037,90474.09,87050,0,0
1168,215,2025,24,Abu Dhabi Grand Prix,RB F1 Team,114,90078,90709.86,88886,0,0
1168,210,2025,24,Abu Dhabi Grand Prix,Haas F1 Team,116,89775,90353.28,88655,0,0
1168,3,2025,24,Abu Dhabi Grand Prix,Williams,116,89856,90538.13,88367,0,0
1168,214,2025,24,Abu Dhabi Grand Prix,Alpine F1 Team,114,89913,90840.78,87710,0,0
1169,6,2026,1,Australian Grand Prix,Ferrari,116,83414,86252.28,82423,0,0
1169,131,2026,1,Australian Grand Prix,Mercedes,116,83114,86004.97,82417,0,0
1169,9,2026,1,Australian Grand Prix,Red Bull,68,84032,86866.81,82091,0,0
1169,215,2026,1,Australian Grand Prix,RB F1 Team,114,85221,88092.9,83783,0,0
1169,1,2026,1,Australian Grand Prix,McLaren,58,83904,86871.41,82358,0,1
1169,210,2026,1,Australian Grand Prix,Haas F1 Team,114,85190,87789.87,84020,0,0
1169,214,2026,1,Australian Grand Prix,Alpine F1 Team,113,85678,88593.95,82926,0,0
1169,117,2026,1,Australian Grand Prix,Aston Martin,64,88011,124587.86,85410,0,0
1169,217,2026,1,Australian Grand Prix,Audi,57,84830,87711.86,83257,0,0
1169,3,2026,1,Australian Grand Prix,Williams,113,85734,89084.63,83590,0,0
1169,216,2026,1,Australian Grand Prix,Cadillac,70,88094,92379.46,86070,0,0
1170,6,2026,2,Chinese Grand Prix,Ferrari,112,96923,100405.13,96011,0,0
1170,131,2026,2,Chinese Grand Prix,Mercedes,112,96513,99970.79,95275,0,0
1170,214,2026,2,Chinese Grand Prix,Alpine F1 Team,111,98238,101470.85,96505,0,0
1170,215,2026,2,Chinese Grand Prix,RB F1 Team,111,98543,101753.42,96099,0,0
1170,210,2026,2,Chinese Grand Prix,Haas F1 Team,111,98197,101934.58,95964,0,0
1170,117,2026,2,Chinese Grand Prix,Aston Martin,41,101174,105353.95,99721,0,0
1170,3,2026,2,Chinese Grand Prix,Williams,55,98763,101950.55,97981,0,0
1170,9,2026,2,Chinese Grand Prix,Red Bull,101,98147,102268.82,97046,0,0
1170,216,2026,2,Chinese Grand Prix,Cadillac,110,100008,102927.39,98393,0,0
1170,217,2026,2,Chinese Grand Prix,Audi,55,98588,102122.11,96180,0,0
1171,1,2026,3,Japanese Grand Prix,McLaren,106,94513,100037.8,92996,0,1
1171,6,2026,3,Japanese Grand Prix,Ferrari,106,94901,100067.1,92634,0,0
1171,131,2026,3,Japanese Grand Prix,Mercedes,106,94292,99835.47,92432,0,0
1171,214,2026,3,Japanese Grand Prix,Alpine F1 Team,106,95663,100612.44,93691,0,0
1171,9,2026,3,Japanese Grand Prix,Red Bull,106,95646,100524.88,93552,0,0
1171,215,2026,3,Japanese Grand Prix,RB F1 Team,106,96177,100724.85,94230,0,0
1171,210,2026,3,Japanese Grand Prix,Haas F1 Team,73,96430,99986.15,94256,0,0
1171,217,2026,3,Japanese Grand Prix,Audi,106,96091,100737.4,93732,0,0
1171,3,2026,3,Japanese Grand Prix,Williams,104,96761,102277.7,93427,0,0
1171,216,2026,3,Japanese Grand Prix,Cadillac,105,97910,101922.67,95637,0,0
1171,117,2026,3,Japanese Grand Prix,Aston Martin,82,98426,103407.09,96221,0,0
